file,evidence_id,flash_specific_category,flash_topic,flash_summary,text,views,cluster_first_match
tt_direct,tiktok_video:local_a91d0c8c3b0c6a13d4a3bbc5fdfc245ca66fd71daadd0f3737457190f0b22a43,vintage bangles; costume jewelry,unboxing; item showcase,The creator unboxes and shows off a stack of 1990s lucite gemstone bangles bought on eBay.,"1990s lucite gemstone bangle stack!! #vintagejewelry #ebayfinds  [{'id': '1616944762144774', 'name': 'vintagejewelry', 'title': None, 'cover': None}, {'id': '1653141458191365', 'name': 'ebayfinds', 'title': None, 'cover': None}]",1373.0,Jewelry and body jewelry
tt_direct,tiktok_video:local_46d21a0edd3391fdd49106b83e9b60fdf39d73b3d956abb121c5011f003d6466,gemstone jewelry,haul; item showcase,The creator shares a gemstone jewellery haul acquired from eBay.,"My absolute stunning little gemstone jewellery haul from EBay. I love a gorgeous little find 💎
#gemstonejewelry #gemstoneslovers #jewellery #ebay #jewelry  [{'id': '63006396', 'name': 'gemstonejewelry', 'title': None, 'cover': None}, {'id': '1618006019449862', 'name': 'gemstoneslovers', 'title': None, 'cover': None}, {'id': '673000', 'name': 'jewellery', 'title': None, 'cover': None}, {'id': '186688', 'name': 'ebay', 'title': None, 'cover': None}, {'id': '21519', 'name': 'jewelry', 'title': None, 'cover': None}]",647.0,Jewelry and body jewelry
tt_direct,tiktok_video:local_ba86334b3779eb02bd9dd0d456e8f49b84948b0897e4e2b762e1354dacf0aa46,vintage costume jewelry; jewelry lots,sourcing tips; unboxing,The creator offers advice on sourcing vintage jewelry lots on eBay and previews an unboxing.,"This brings me so much joy follow for an unboxing! Using @Gem for search. Got this one off @ebay #unboxing #vintagejewelry #jewelrylots #vintage #monet #avon #ebay #onlineshopping #cheapthrills #howto  [{'id': '460811', 'name': 'unboxing', 'title': 'What are you #Unboxing?', 'cover': None}, {'id': '1616944762144774', 'name': 'vintagejewelry', 'title': None, 'cover': None}, {'id': '7033597270255730694', 'name': 'jewelrylots', 'title': None, 'cover': None}, {'id': '21743', 'name': 'vintage', 'title': None, 'cover': None}, {'id': '139650', 'name': 'monet', 'title': None, 'cover': None}, {'id': '342688', 'name': 'avon', 'title': None, 'cover': None}, {'id': '186688', 'name': 'ebay', 'title': None, 'cover': None}, {'id': '1377018', 'name': 'onlineshopping', 'title': ""Whether you're waiting for packages, or just stocking up for the holidays, show us what you're buying online."", 'cover': None}, {'id': '271348', 'name': 'cheapthrills', 'title': None, 'cover': None}, {'id': '5394', 'name': 'howto', 'title': ""Whether it's a tutorial or a step by step process, here is #HowTo"", 'cover': 'https://p19-common-sign.tiktokcdn-us.com/tiktok-obj/4be3c8b12716006ed0485b81c3f972bf.png~tplv-tiktokx-origin.image?dr=9627&x-expires=1790283600&x-signature=jW3HotkOUSl5yN8%2BFM%2FI7LJyIOs%3D&t=4d5b0474&ps=13740610&shp=81f88b70&shcp=9b759fb9&idc=useast5'}]",109900.0,Jewelry and body jewelry
tt_direct,tiktok_video:local_ae88b4846925f57aeaaaa8c0bc7f2496cb6f0e7e7fa2b38416af0c1c635e2191,opals; gemstones and minerals,ebay live event promotion; seller advertising,A seller promotes their upcoming eBay Live events offering unique global opals and gemstones.,"Join our insane live ebay events. 

We have super unique gems all over the world💎✨️✨️✨️

https://www.ebay.com.au/ebaylive/sellers/kg1yrd6wqey

#opal #gem #fyp #australianopal #gemstone  [{'id': '32651', 'name': 'opal', 'title': None, 'cover': None}, {'id': '6101', 'name': 'gem', 'title': None, 'cover': None}, {'id': '229207', 'name': 'fyp', 'title': None, 'cover': None}, {'id': '1628566309754885', 'name': 'australianopal', 'title': None, 'cover': None}, {'id': '198789', 'name': 'gemstone', 'title': None, 'cover': None}]",129.0,Jewelry and body jewelry
tt_direct,tiktok_video:local_2b019453748bb495b79255e75bdf2c31b8246497465f1638e56f3dce86d2190a,vintage anime t-shirt,thrift flipping; price checking,A reseller finds a Saiyuki anime t-shirt at a charity shop and checks eBay comps for resale value.,"I never find ANYTHING on the t-shirt racks but today I found this gem! How much do you think i'll get for it? #anime #charityshop #reseller #ebay #vinted [{'id': '5917', 'name': 'anime', 'title': 'Love #Anime? Welcome to the club.', 'cover': 'https://p19-common-sign.tiktokcdn-us.com/musically-maliva-obj/90843f2eda9d880abb4055263d6c14b8.png~tplv-tiktokx-origin.image?dr=9627&x-expires=1790283600&x-signature=vAI%2Bbr7kRNeeJ5h3yeRZqkNHM2s%3D&t=4d5b0474&ps=13740610&shp=81f88b70&shcp=9b759fb9&idc=useast5'}, {'id': '44591041', 'name': 'charityshop', 'title': None, 'cover': None}, {'id': '89286981', 'name': 'reseller', 'title': None, 'cover': None}, {'id': '186688', 'name': 'ebay', 'title': None, 'cover': None}, {'id': '16399512', 'name': 'vinted', 'title': None, 'cover': None}]",786.0,Vintage and secondhand clothing / thrift
tt_direct,tiktok_video:local_379cfc9c1d9ce12ac295aa982cf16821d20b53330cd7a2e6bb86cf24e5f46afa,vintage fashion; accessories,sponsored haul; vintage finds,"In a sponsored post, a creator showcases vintage clothing and accessory finds purchased on eBay UK.","I pride myself in finding the best gems on @eBay UK it’s always a go to place to find unique vintage pieces  #eBayFindsUK AD [{'id': None, 'name': 'ebayfindsuk', 'title': None, 'cover': None}]",972800.0,Unassigned (mixed/other)
tt_direct,tiktok_video:local_1139ad6366cfa59c2fa7f32afb7a665f76b1f8932dbbc6cc14244e39da8befbc,vintage purse; Betty Boop merchandise,unboxing; first-time buyer,A first-time eBay buyer unboxes a vintage Betty Boop patchwork purse and matching wallet.,"First time buying off eBay Success 💞💞🙂‍↕️#viral #trending #vintage #haul #bettyboop  [{'id': '20884', 'name': 'viral', 'title': '¡descubre las canciones en tendencia! 🔥➡️ https://bit.ly/TendenciasTikTok_LATAM', 'cover': 'https://p19-common-sign.tiktokcdn-us.com/musically-maliva-obj/8e4d8102460a60717c89acc2d6367a16.png~tplv-tiktokx-origin.image?dr=9627&x-expires=1790283600&x-signature=IZzj7coSzW8QIrwD22sj5IQCBKk%3D&t=4d5b0474&ps=13740610&shp=81f88b70&shcp=9b759fb9&idc=useast5'}, {'id': '20105', 'name': 'trending', 'title': 'Discover the top viral trends, sounds and effects of the week! 🔥', 'cover': None}, {'id': '21743', 'name': 'vintage', 'title': None, 'cover': None}, {'id': '81497', 'name': 'haul', 'title': 'Any excuse for a fashion haul...', 'cover': 'https://p16-common-sign.tiktokcdn-us.com/musically-maliva-obj/4105cc54bccf7c4a633c49218dbf5ea8~tplv-tiktokx-origin.image?dr=9627&x-expires=1790283600&x-signature=Cmy%2FPEJ%2B%2FiO2Z8j8jXFSlGTSGVQ%3D&t=4d5b0474&ps=13740610&shp=81f88b70&shcp=9b759fb9&idc=useast5'}, {'id': '201738', 'name': 'bettyboop', 'title': None, 'cover': None}]",2382.0,Unassigned (mixed/other)
tt_direct,tiktok_video:local_e14e1fa98736f36148267753f18b9d3fe5ecc558e66f33c966a28f4a7cbdf50e,CD; physical media,unexpected contents; unboxing,A creator unboxes a Catherine Wheel CD purchased from eBay containing unexpected blotter paper inside.,"might js be blotter paper tho (quick flex at the beginning btw) #cdcollection #rarefinds #fypシ゚viral #alternative #physicalmedia  [{'id': '15818638', 'name': 'cdcollection', 'title': None, 'cover': None}, {'id': '33947996', 'name': 'rarefinds', 'title': None, 'cover': None}, {'id': '1664119477821441', 'name': 'fypシ゚viral', 'title': None, 'cover': None}, {'id': '6500', 'name': 'alternative', 'title': None, 'cover': None}, {'id': '63903213', 'name': 'physicalmedia', 'title': None, 'cover': None}]",4200000.0,Physical media (Blu-ray/DVD/steelbook/VHS/CD/vinyl/books)
tt_direct,tiktok_video:local_8459de44190ad122e439d6a0707c479c0304fce60bdc5e22d9d485d7008f1748,activity book; Totally Spies merchandise,unboxing; item showcase,The creator unboxes a sealed 2007 Totally Spies! activity book purchased from eBay.,"Found on ebay and bought instantly. This a @Totally Spies! activity book, from 2007 😍

#TotallySpies #y2k #90s #cartoons #2000s

totallyspies - samtotallyspies - alextotallyspies - clovertotallyspies - totallyspiesfans - totallyspiessam - totallyspiesalex - totallyspiesclover - animation - cartoon - animatedseries - gadgets - y2k - 2000s - 90s [{'id': '3963882', 'name': 'totallyspies', 'title': None, 'cover': None}, {'id': '438217', 'name': 'y2k', 'title': None, 'cover': 'https://p16-common-sign.tiktokcdn-us.com/musically-maliva-obj/d73680beda62c4e005f39ae651680420~tplv-tiktokx-origin.image?dr=9627&x-expires=1790283600&x-signature=epg1hoM3V%2Fqfhoz9oS7EruGIaT4%3D&t=4d5b0474&ps=13740610&shp=81f88b70&shcp=9b759fb9&idc=useast5'}, {'id': '13449', 'name': '90s', 'title': None, 'cover': None}, {'id': '1138', 'name': 'cartoons', 'title': None, 'cover': None}, {'id': '204050', 'name': '2000s', 'title': 'Pois pode separar o seu V3, a sua calça de cintura baixa e o seu piercing no umbigo: entra no carro amiga, nós vamos pros anos 2000!', 'cover': None}]",2115.0,Physical media (Blu-ray/DVD/steelbook/VHS/CD/vinyl/books)
tt_direct,tiktok_video:local_5e719ce2e503c2e12d8aac67bcb6552dfd52cbfcdfb29a1972a0b0ade116186e,picture frame; Disney collectibles,DIY project; collection display,A creator plans to convert a vintage Disney Princess frame bought on eBay into a pin display board.,"Found this vintage Princess frame on eBay and knew I wanted to make it my next pin board 👑 inspired by my vintage castle frame from @Ash Wilbo 

#vintagedisney #disneyfinds #disneypins #ebayfinds #disneycollector [{'id': '29245343', 'name': 'vintagedisney', 'title': None, 'cover': None}, {'id': '1628843491372038', 'name': 'disneyfinds', 'title': None, 'cover': None}, {'id': '16469392', 'name': 'disneypins', 'title': None, 'cover': None}, {'id': '1653141458191365', 'name': 'ebayfinds', 'title': None, 'cover': None}, {'id': '12263646', 'name': 'disneycollector', 'title': None, 'cover': None}]",1368.0,Unassigned (mixed/other)
tt_direct,tiktok_video:local_aee4c4e2c13d8cbbe406395f4a340e093ec1a20b351b23d34db86bda778e5adb,sterling silver jewelry; locket,item showcase; pop culture reference,The creator showcases a sterling silver heart locket found on eBay that reminds them of Ella Enchanted.,"I found this locket on eBay, it reminds me of the Ella Enchanted one so much 💕 #sterlingsilver #ellaenchanted #jewlery #jewelrytiktok #fypシ  [{'id': '6224936', 'name': 'sterlingsilver', 'title': None, 'cover': None}, {'id': '98160', 'name': 'ellaenchanted', 'title': None, 'cover': None}, {'id': '33184', 'name': 'jewlery', 'title': None, 'cover': None}, {'id': '1666428791203845', 'name': 'jewelrytiktok', 'title': None, 'cover': None}, {'id': '1637342470396934', 'name': 'fypシ', 'title': None, 'cover': None}]",797.0,Jewelry and body jewelry
tt_direct,tiktok_video:local_b2910dde3615b978ad2b8cd572d455c0e9015f8987f774d1197de1d089fb37dd,video game manuals; PlayStation 3,collection completion; item showcase,The creator shows an X-Men Origins Wolverine manual bought on eBay to complete their PS3 game copy.,Found me a rare copy of X-MEN ORIGINS WOLVERINE manual on eBay . Now my copy is complete  [],467.0,Video games and retro gaming
tt_direct,tiktok_video:local_9348b5b3731bd5eaed6b0cb712977061f8b92b9f3204a9fbd4ac009665b1847d,vintage menswear; clothing,buying advice; discount tips,A vintage clothing buyer shares tips on favoriting items to receive seller discounts on eBay.,"Vintage collecting isn’t just about finding great pieces. It’s about knowing when to wait and when to buy.

#vintagemenswear #menswear #vintageralphlauren #mensstyle #vintageclothing [{'id': '1659350005914629', 'name': 'vintagemenswear', 'title': None, 'cover': None}, {'id': '870345', 'name': 'menswear', 'title': None, 'cover': None}, {'id': '1652125321818118', 'name': 'vintageralphlauren', 'title': None, 'cover': None}, {'id': '8653783', 'name': 'mensstyle', 'title': None, 'cover': None}, {'id': '15243156', 'name': 'vintageclothing', 'title': None, 'cover': None}]",9828.0,Unassigned (mixed/other)
tt_direct,tiktok_video:local_0474b1922c45991bcc8a7c67d8289186886c37f2ba93bec25672ff78c62fbc34,vintage dresses; secondhand clothing,shopping tips; brand recommendations,The creator recommends specific vintage dress brands to search for on eBay instead of buying fast fashion.,"Replying to @aymie my fave vintage brands to search up! #ebayhaul #vintagebrandstosearch #bestvintagebrands #silkdressbrands #beadeddressbrands   [{'id': '60438488', 'name': 'ebayhaul', 'title': None, 'cover': None}, {'id': '7636076230617333774', 'name': 'vintagebrandstosearch', 'title': None, 'cover': None}, {'id': '7436723497449357345', 'name': 'bestvintagebrands', 'title': None, 'cover': None}, {'id': '7636075260114108430', 'name': 'silkdressbrands', 'title': None, 'cover': None}, {'id': '7636075577979437070', 'name': 'beadeddressbrands', 'title': None, 'cover': None}]",23400.0,Vintage and secondhand clothing / thrift
tt_direct,tiktok_video:local_9e9e93ea9aee417eb26a2ad60c6be4490530624c73134b157b8708990a76b968,handbags; vintage accessories,unboxing; haul,The creator unboxes and details a vintage beaded statement handbag bought on eBay for $50.,"quite possibly the best vintage find of my life @ebay #vintage #unboxing #handbag #fashion [{'id': '21743', 'name': 'vintage', 'title': None, 'cover': None}, {'id': '460811', 'name': 'unboxing', 'title': 'What are you #Unboxing?', 'cover': None}, {'id': '997020', 'name': 'handbag', 'title': None, 'cover': None}, {'id': '11885', 'name': 'fashion', 'title': None, 'cover': None}]",6374.0,Unassigned (mixed/other)
tt_direct,tiktok_video:local_24681fe8090a37be1ed013d1e640780e8b79530234fcc7f1ddbb6120c6ed0656,vintage drinkware; collectible glass,sourcing; item authentication,The creator highlights eBay as a source for vintage copper mugs alongside uranium and radium glass.,"Finding real copper cups #copperjewelry #vintage #jewelrytiktok  [{'id': '1637967938140165', 'name': 'copperjewelry', 'title': None, 'cover': None}, {'id': '21743', 'name': 'vintage', 'title': None, 'cover': None}, {'id': '1666428791203845', 'name': 'jewelrytiktok', 'title': None, 'cover': None}]",65400.0,Reselling / seller how-to / marketplace ops
tt_direct,tiktok_video:local_5ce185eea50d2f1645bef969f739540a83bcfec1ab4816fe8a1b7999f4a0d8bb,vintage clothing; y2k fashion,search strategies; buying advice,The creator shares search filter strategies and keyword tips to find undervalued vintage clothing on eBay.,"the masterful techniques behind how i find all my beautiful vintage collection on ebay :) #thrifting #secondhand #thriftfinds #ebay  [{'id': '130314', 'name': 'thrifting', 'title': 'Show us your best #Thrifting finds.', 'cover': 'https://p19-common-sign.tiktokcdn-us.com/musically-maliva-obj/d01345cdb88fac60c964be000a9f8455~tplv-tiktokx-origin.image?dr=9627&x-expires=1790283600&x-signature=5Z41sT6zICF0c%2BnsPPWDIrNlLwQ%3D&t=4d5b0474&ps=13740610&shp=81f88b70&shcp=9b759fb9&idc=useast5'}, {'id': '1618906125570053', 'name': 'secondhand', 'title': None, 'cover': None}, {'id': '45983736', 'name': 'thriftfinds', 'title': None, 'cover': None}, {'id': '186688', 'name': 'ebay', 'title': None, 'cover': None}]",339900.0,Vintage and secondhand clothing / thrift
tt_direct,tiktok_video:local_45681d8b3cf14faaf2218330248675c528c561d10c1de0b759e6dc9b052e5264,digital game items; Pokemon Go,marketplace discussion; digital trading,"A creator questions buying digital Pokémon Go characters on eBay, arguing it removes the fun of trading within the game.","would you buy pokemon on ebay?? im not about pixel scalping tbh #pokemontiktok #pokemongo #pokemoncommunity #greenscreen  [{'id': '1599707271206917', 'name': 'pokemontiktok', 'title': None, 'cover': None}, {'id': '897654', 'name': 'pokemongo', 'title': ""We're celebrating all things Pokémon with #PokemonGO!"", 'cover': 'https://p19-common-sign.tiktokcdn-us.com/musically-maliva-obj/77be2574f49bac3db57039a8f116220d.jpeg~tplv-tiktokx-origin.image?dr=9627&x-expires=1790283600&x-signature=K1jL2jz1gGdgCMWOwRcwjKOZfkY%3D&t=4d5b0474&ps=13740610&shp=81f88b70&shcp=9b759fb9&idc=useast8'}, {'id': '52050753', 'name': 'pokemoncommunity', 'title': None, 'cover': None}, {'id': '801886', 'name': 'greenscreen', 'title': 'Try out the #GreenScreen Creative Effect! Check out the latest trends using #greenscreen for some inspiration. Just pick an image from your camera roll, stand in front of a plain background, and make the next TikTok masterpiece.', 'cover': 'https://p16-common-sign.tiktokcdn-us.com/musically-maliva-obj/e69896f9fc0e263ce07146644fdb1ae4~tplv-tiktokx-origin.image?dr=9627&x-expires=1790283600&x-signature=SQdsih3yTXwiwAsMof8yRd8Erpc%3D&t=4d5b0474&ps=13740610&shp=81f88b70&shcp=9b759fb9&idc=useast8'}]",20900.0,Reselling / seller how-to / marketplace ops
tt_direct,tiktok_video:local_4df73b595f17a0e5dd1f794057d24a7230cdd9400190653f7ba263aa3d24058b,cassette tapes; vintage collectibles,sales recap; order fulfillment,"A reseller outlines $945.21 in sales across nine eBay orders featuring cassettes, books, and vintage items.","What sold on eBay 📦 $945.21 across 9 orders.

1874–78 U.S. Naval Institute books — $225
33 rock cassettes — $153.50
26 rock cassettes — $17.71
40 rock cassettes — $81
WWII-era Navy signal flag — $140
Antique knives & forks — $175
JVC VHS-C camcorder — $69
18 golf hats — $49
43 rock cassettes — $35

The more you know, the more you find. The more you sell, the more you make.

33 tapes brought $153.50. Another 43 brought $35. Would you sell yours individually or auction them in lots?

#ebay #Reseller #packingorders #EstateSaleFinds #entrepreneur  [{'id': '186688', 'name': 'ebay', 'title': None, 'cover': None}, {'id': '89286981', 'name': 'reseller', 'title': None, 'cover': None}, {'id': '1625565031191557', 'name': 'packingorders', 'title': None, 'cover': None}, {'id': '1656738664538117', 'name': 'estatesalefinds', 'title': None, 'cover': None}, {'id': '111385', 'name': 'entrepreneur', 'title': 'Join the #Entrepreneur Post Contest and post videos sharing your tips, Insights and journey. From June 12th until July 10th, sign up and post for a chance to win up to $5000 in cash! Click link for official contest rules and how to enter: https://vt.tiktok.com/ZMSSfG9hA/', 'cover': 'https://p16-common-sign.tiktokcdn-us.com/musically-maliva-obj/c3ecfd60a9ec70e83afa5db970d6ec22.png~tplv-tiktokx-origin.image?dr=9627&x-expires=1790283600&x-signature=xCgmhthrND0oF0rUN4e9E3TiR6g%3D&t=4d5b0474&ps=13740610&shp=81f88b70&shcp=9b759fb9&idc=useast8'}]",204200.0,Unassigned (mixed/other)
tt_direct,tiktok_video:local_14adcb308bbec4aabce1d0138089d1b125e16cb1549d3e1709405df86cd57538,apparel; shirts,unboxing; haul,A creator unboxes an eBay order containing a shirt and asks viewers for their thoughts.,"still sluggish but never swagless #ebayfinds #unboxinghaul #sick [{'id': '1653141458191365', 'name': 'ebayfinds', 'title': None, 'cover': None}, {'id': '1598625978698757', 'name': 'unboxinghaul', 'title': None, 'cover': None}, {'id': '14211', 'name': 'sick', 'title': None, 'cover': None}]",2159.0,Unassigned (mixed/other)
tt_direct,tiktok_video:local_65a59a86fc25514fa3343cf1fd38e9a41be64069cb7c9262f3f0a365b569b8bb,vintage clothing,haul; try-on,A creator presents a vintage eBay haul featuring a black faux fur coat and wide-leg pants.,"@ebay #vintagefashion #sustainablefashion #secondhandfashion #allblackoutfit #ebay  [{'id': '5734410', 'name': 'vintagefashion', 'title': None, 'cover': None}, {'id': '1593271328791558', 'name': 'sustainablefashion', 'title': 'Whether you make your own clothes or are a thrifting expert, we want to see your favourite sustainable style hacks.', 'cover': 'https://p16-common-sign.tiktokcdn-us.com/tiktok-obj/606c62b13f6161cdd591c3786ecc1f1a~tplv-tiktokx-origin.image?dr=9627&x-expires=1790283600&x-signature=Jnc%2FEUcapPLLZF8hi%2FwVJY%2Bbkko%3D&t=4d5b0474&ps=13740610&shp=81f88b70&shcp=9b759fb9&idc=useast5'}, {'id': '1634465818178566', 'name': 'secondhandfashion', 'title': None, 'cover': None}, {'id': '1565508', 'name': 'allblackoutfit', 'title': None, 'cover': None}, {'id': '186688', 'name': 'ebay', 'title': None, 'cover': None}]",695.0,Vintage and secondhand clothing / thrift
tt_direct,tiktok_video:local_5a04c19f8bf4982574f3093b0bdc4d1d976d58fde49a37353f86e449d2b54db8,vintage sweaters,unboxing; try-on,A creator unboxes and tries on two vintage sweaters purchased from eBay.,"I love @ebay #ebayfinds #ebayhaul #vintagefashion #vintage #ralphlauren #petite #petitefashion  [{'id': '1653141458191365', 'name': 'ebayfinds', 'title': None, 'cover': None}, {'id': '60438488', 'name': 'ebayhaul', 'title': None, 'cover': None}, {'id': '5734410', 'name': 'vintagefashion', 'title': None, 'cover': None}, {'id': '21743', 'name': 'vintage', 'title': None, 'cover': None}, {'id': '23103', 'name': 'ralphlauren', 'title': None, 'cover': None}, {'id': '124315', 'name': 'petite', 'title': None, 'cover': None}, {'id': '1644130040793094', 'name': 'petitefashion', 'title': None, 'cover': None}]",40500.0,Unassigned (mixed/other)
tt_direct,tiktok_video:local_1e38c14e484975d235329ddc72994c2a11be5b84fe5aa7ac9edbe50a3a276b50,clothing; jacket,haul; unboxing,A creator shares an eBay haul featuring a brown suede jacket and a sweater.,"Some goodies I scored on @ebay  ❤️❤️❤️ #ebay #haul  [{'id': '186688', 'name': 'ebay', 'title': None, 'cover': None}, {'id': '81497', 'name': 'haul', 'title': 'Any excuse for a fashion haul...', 'cover': 'https://p19-common-sign.tiktokcdn-us.com/musically-maliva-obj/4105cc54bccf7c4a633c49218dbf5ea8~tplv-tiktokx-origin.image?dr=9627&x-expires=1790283600&x-signature=kich6XdVtvvPzg0DRoZGx8bSjM4%3D&t=4d5b0474&ps=13740610&shp=81f88b70&shcp=9b759fb9&idc=useast5'}]",36000.0,Unassigned (mixed/other)
tt_direct,tiktok_video:local_afa827063ba8da038c409eb8efbd74bc3e957851825c37ab6f77cc56ba8ffc76,vintage clothing; Ralph Lauren apparel,haul; vintage fashion,A creator showcases vintage Ralph Lauren fashion items purchased from eBay.,"someone take away my @ebay app fr 

(actually wait plz don’t it’s one of my fave activities)

#ebay #ebayhaul #90sstyle #vintageralphlauren #90sfashion    [{'id': '186688', 'name': 'ebay', 'title': None, 'cover': None}, {'id': '60438488', 'name': 'ebayhaul', 'title': None, 'cover': None}, {'id': '784750', 'name': '90sstyle', 'title': ""We've done 80s Style before, so what about 90s Style😃\nWhich band do you like most at that time? Or if you have any stereotype on 90s🤗"", 'cover': None}, {'id': '1652125321818118', 'name': 'vintageralphlauren', 'title': None, 'cover': None}, {'id': '13528149', 'name': '90sfashion', 'title': None, 'cover': None}]",23000.0,Vintage and secondhand clothing / thrift
tt_direct,tiktok_video:local_d6f3f0f5d5ad0ca2f186c851c9880e682ed5b52116fe43703c55df77110b9483,vinyl records,haul; collecting,A creator unboxes rare vinyl records bought on Discogs and eBay for a birthday haul.,"IT’S MY BIRTHDAY SO I DECIDED TO TREAT MYSELF TO SOME ISOs! 👑🤘🏼😎🍦
biiiiig shoutouts to @Discogs and @ebay for allowing me to find these!!

#vinylhaul #iso #vinylrecords #vinyl #recordcollection  [{'id': '1648593837410309', 'name': 'vinylhaul', 'title': None, 'cover': None}, {'id': '248852', 'name': 'iso', 'title': None, 'cover': None}, {'id': '906110', 'name': 'vinylrecords', 'title': None, 'cover': None}, {'id': '28150', 'name': 'vinyl', 'title': 'Here is to all #Vinyl lovers', 'cover': None}, {'id': '21199379', 'name': 'recordcollection', 'title': None, 'cover': None}]",3810.0,Physical media (Blu-ray/DVD/steelbook/VHS/CD/vinyl/books)
tt_direct,tiktok_video:local_e74400576be7640392b593b2c0fb91d4de32cebee15a55d68b09762416b6e628,tote bag; t-shirt,sponsored; live shopping,"A creator promotes eBay Live while showing items won on stream, including a Dior tote bag.","Live shopping is where it’s at girls!!!!! I find the sickest pieces on eBay Live and it’s like???? fun??? a win win 🫡 @ebay #ebaypartner [{'id': '1672317931590661', 'name': 'ebaypartner', 'title': None, 'cover': None}]",14700.0,Unassigned (mixed/other)
tt_direct,tiktok_video:local_17c7be036369e6b454e1b80a270d63c2c6ea44faf65f8a9c1597922e26965ab9,leather jacket,haul; unboxing,A creator opens a package and displays a black leather jacket purchased from an eBay haul.,ebay haul ebay haul meow meow yayfartyay [],11100.0,Unassigned (mixed/other)
tt_direct,tiktok_video:local_15987c05cc60586a7f1155a2663d28346cbba7827ef23518aabdba604f5c454d,handbags; vintage dresses,haul; bargain hunting,A creator unboxes a haul of Coach bags and vintage dresses obtained through lowball offers.,"the requested ebay lowball haul! this isn’t everything but my brother was getting mad about how many packages showed up so i went ahead and opened these lmao yes i am sick in the head! #ebayfinds #vintagedresses #coachbags  [{'id': '1653141458191365', 'name': 'ebayfinds', 'title': None, 'cover': None}, {'id': '2225157', 'name': 'vintagedresses', 'title': None, 'cover': None}, {'id': '5808938', 'name': 'coachbags', 'title': None, 'cover': None}]",756000.0,Vintage and secondhand clothing / thrift
tt_direct,tiktok_video:local_8011873298cd6847a3f34df44def5bb87ab1a7a659e16c646657e91a3374b513,vintage jacket; shorts,haul; unboxing,A creator unboxes a vintage shearling jacket and Adidas shorts purchased from eBay.,"my @ebay obsession has paid off again 🧑🏻‍🩰 

#vintage #vintagejacket #falljacket #ebayfinds #ebaytips   [{'id': '21743', 'name': 'vintage', 'title': None, 'cover': None}, {'id': '1593516821813253', 'name': 'vintagejacket', 'title': None, 'cover': None}, {'id': '1647407962976258', 'name': 'falljacket', 'title': None, 'cover': None}, {'id': '1653141458191365', 'name': 'ebayfinds', 'title': None, 'cover': None}, {'id': '1651835515902981', 'name': 'ebaytips', 'title': None, 'cover': None}]",9322.0,Vintage and secondhand clothing / thrift
tt_direct,tiktok_video:local_f419dc979e697594cca7a7230443d52d5a6299f7d19f51c9254bbe0d22e5e244,car parts; auto components,item listing; installation service,A seller advertises parts and installation for a 2016 Hyundai Elantra referencing eBay Motors.,"2016 Hyundai Elantra 1.8  for parts at 
2222 w Broadway rd 85041 Phoenix az 
We also offer install ! #carparts #ebaymotors #carsoftiktok  [{'id': '10985727', 'name': 'carparts', 'title': None, 'cover': None}, {'id': '1649515776043013', 'name': 'ebaymotors', 'title': None, 'cover': None}, {'id': '1616029764656133', 'name': 'carsoftiktok', 'title': 'Your pit-stop at the biggest car community on TikTok! Explore and share your passion for everything car-related from car reviews, car transformations, car hacks, &amp; more all on #CarsofTikTok!🏎️🔥', 'cover': 'https://p16-common-sign.tiktokcdn-us.com/tiktok-obj/60e24c5bbcea695cb611ed3a71f4a00c.png~tplv-tiktokx-origin.image?dr=9627&x-expires=1790283600&x-signature=L9bJz%2BbQvcE0Qc%2Btp6nHnw5Qna4%3D&t=4d5b0474&ps=13740610&shp=81f88b70&shcp=9b759fb9&idc=useast5'}]",3994.0,"Automotive: parts, cars, motorcycles"
tt_direct,tiktok_video:local_daced285e1fbec1ec9488db43f80123543157c2d25a55eff7784a0c02313e5a7,motorcycle engine,item review; engine rebuild,A creator shares details about a Harley-Davidson engine purchased on eBay six years prior.,"i bought this motor on ebay 6 years ago, its been great. was told it had 90k miles on it. was able to track down its history to find its a harley remain with 20k miles on it. i look forward to the upgrade. #harleydavidsonlifestyle #harleytwincam #harleycvo #enginerebuild #hotrod  [{'id': '1663524964587526', 'name': 'harleydavidsonlifestyle', 'title': None, 'cover': None}, {'id': '7180330696362164267', 'name': 'harleytwincam', 'title': None, 'cover': None}, {'id': '1669394913219589', 'name': 'harleycvo', 'title': None, 'cover': None}, {'id': '1608135153101829', 'name': 'enginerebuild', 'title': None, 'cover': None}, {'id': '400721', 'name': 'hotrod', 'title': None, 'cover': None}]",4478.0,"Automotive: parts, cars, motorcycles"
tt_direct,tiktok_video:local_def7d4c6c57d4eb9a22c58ab0009d1e28eed9e1758c6c686d8ddebb42b4776d5,car engine,purchase inquiry; mechanic inspection,A creator asks for feedback after purchasing a used Jeep engine on eBay for $2500.,"#Mechanic #Jeep #engine I'm a girl with a 2014 Jeep Wrangler. I just ordered this used engine on ebay for $2500 what did he say? #engineswap  [{'id': '2284342', 'name': 'mechanic', 'title': 'Whether you’re upgrading your ride or just making some much needed repairs, show us your inner #mechanic', 'cover': 'https://p19-common-sign.tiktokcdn-us.com/musically-maliva-obj/e680dd33f0f6befbfa80c8785e370d03~tplv-tiktokx-origin.image?dr=9627&x-expires=1790283600&x-signature=IICz%2FEzntJcI%2FzrLfkdH%2F60D5q8%3D&t=4d5b0474&ps=13740610&shp=81f88b70&shcp=9b759fb9&idc=useast5'}, {'id': '16571', 'name': 'jeep', 'title': None, 'cover': None}, {'id': '220573', 'name': 'engine', 'title': None, 'cover': None}, {'id': '2012521', 'name': 'engineswap', 'title': None, 'cover': None}]",20500.0,"Automotive: parts, cars, motorcycles"
tt_direct,tiktok_video:local_9dc1566b60b9eacf9a708381320bc011ffcc5214740318b5bf6880f9cae69b4e,motorcycle parts; starter motor,product quality; repair,A creator complains about receiving a faulty Harley Davidson starter motor from an eBay seller and having to rebuild an old one.,"#ebay #harleydavison #mechanic #rebuild #doitagain I don’t know if you ever had to change starter on Harley Davidson but sometimes it’s just inconvenient especially when you expect to get a new part. This is what I got from Ebay and this is how it turned out now I get to change it out again thanks Ebay. Some of your sellers suck. [{'id': '186688', 'name': 'ebay', 'title': None, 'cover': None}, {'id': '4498629', 'name': 'harleydavison', 'title': None, 'cover': None}, {'id': '2284342', 'name': 'mechanic', 'title': 'Whether you’re upgrading your ride or just making some much needed repairs, show us your inner #mechanic', 'cover': 'https://p19-common-sign.tiktokcdn-us.com/musically-maliva-obj/e680dd33f0f6befbfa80c8785e370d03~tplv-tiktokx-origin.image?dr=9627&x-expires=1790283600&x-signature=IICz%2FEzntJcI%2FzrLfkdH%2F60D5q8%3D&t=4d5b0474&ps=13740610&shp=81f88b70&shcp=9b759fb9&idc=useast5'}, {'id': '636289', 'name': 'rebuild', 'title': None, 'cover': None}, {'id': '30968', 'name': 'doitagain', 'title': None, 'cover': None}]",266.0,"Automotive: parts, cars, motorcycles"
tt_direct,tiktok_video:local_9b5718e93c0900fe75463e9884450affc00ceceeed9be0352f551f180fd658f4,car parts; automotive,car build; budget project,"Car enthusiasts showcase a Honda Civic Wagon built using parts sourced from eBay for £3,500 total.","#motoraddicts#engineswap#carbuild#ukcarculture#cartok			 [{'id': '1639968659047425', 'name': 'motoraddicts', 'title': None, 'cover': None}, {'id': '2012521', 'name': 'engineswap', 'title': None, 'cover': None}, {'id': '1610329373799430', 'name': 'carbuild', 'title': None, 'cover': None}, {'id': '1624124414816262', 'name': 'ukcarculture', 'title': None, 'cover': None}, {'id': '10133652', 'name': 'cartok', 'title': ""Calling all car lovers, review gurus, modification masters, and DIY enthusiasts! From Mar. 5th to April 3rd, we're thrilled to launch the exciting #CarTok Post Contest. Whether you're an expert at dissecting the latest cars in a review, a wizard at transforming vehicles through modifications, or a pro at sharing insider tips on car usage, this is your chance to shine. Create engaging videos about car reviews, modifications, or useful cars using tips, and don't forget to include the hashtags #CarTok and #TikTokAutoCampaign. By participating, you stand a chance to win up to $5000 in cash! To check out the official rules and learn how to sign up, simply search &quot;CarTok&quot; starting Mar. 5th on TikTok. So, what are you waiting for? Start your engines and let's drive this campaign to new heights!"", 'cover': None}]",4888.0,"Automotive: parts, cars, motorcycles"
tt_direct,tiktok_video:local_6db196f9bc80eba22ca3a25b898d6a77111318708d7703ed1550afa0fd6e40d2,car parts; automotive,car build; budget project,Two men discuss a silver Honda Civic Wagon assembled on a budget using components bought from eBay.,"#motoraddicts#engineswap#carbuild#ukcarculture#cartok			 [{'id': '1639968659047425', 'name': 'motoraddicts', 'title': None, 'cover': None}, {'id': '2012521', 'name': 'engineswap', 'title': None, 'cover': None}, {'id': '1610329373799430', 'name': 'carbuild', 'title': None, 'cover': None}, {'id': '1624124414816262', 'name': 'ukcarculture', 'title': None, 'cover': None}, {'id': '10133652', 'name': 'cartok', 'title': ""Calling all car lovers, review gurus, modification masters, and DIY enthusiasts! From Mar. 5th to April 3rd, we're thrilled to launch the exciting #CarTok Post Contest. Whether you're an expert at dissecting the latest cars in a review, a wizard at transforming vehicles through modifications, or a pro at sharing insider tips on car usage, this is your chance to shine. Create engaging videos about car reviews, modifications, or useful cars using tips, and don't forget to include the hashtags #CarTok and #TikTokAutoCampaign. By participating, you stand a chance to win up to $5000 in cash! To check out the official rules and learn how to sign up, simply search &quot;CarTok&quot; starting Mar. 5th on TikTok. So, what are you waiting for? Start your engines and let's drive this campaign to new heights!"", 'cover': None}]",7122.0,"Automotive: parts, cars, motorcycles"
tt_direct,tiktok_video:local_afcff8d24cc5482a0a8c8c9e7889e8a32b27db0a844f0d8c1d66e7849addeb37,car engine; automotive parts,engine swap; car build,Creators attempt the first engine start on a McLaren after installing an engine bought from eBay.,"#WE INSTALLED THE EBAY ENGINE in the $38,500 MCLAREN (FIRST START!!) [{'id': '6234', 'name': 'we', 'title': None, 'cover': None}]",1131.0,"Automotive: parts, cars, motorcycles"
tt_direct,tiktok_video:local_594c6bda94ae49834e9f10e9180585c364e124f5306bb381c186f2288a742920,boat motor; outboard motor,unboxing; product assembly,"A creator unboxes, assembles, and tests a $300 outboard motor purchased on eBay.","$300 eBay outboard motor  Unboxing, Assembly & Ta-4 []",121.0,Unassigned (mixed/other)
tt_direct,tiktok_video:local_aa97295473b08145c086a284b7dbe2a861c23f696258d01de18443a4f455c542,automotive event; car culture,event promotion; sponsorship,The creator promotes the Toronto Motorama event sponsored by eBay Motors featuring the Rust Bros.,"#rust2026 #rustvalleyrestores #rustbrosrestos #rustbroresturation #rustbrostour2026  [{'id': '7465277312494206998', 'name': 'rust2026', 'title': None, 'cover': None}, {'id': '1674755621092357', 'name': 'rustvalleyrestores', 'title': None, 'cover': None}, {'id': '1687202716367874', 'name': 'rustbrosrestos', 'title': None, 'cover': None}, {'id': '7678049915590836244', 'name': 'rustbroresturation', 'title': None, 'cover': None}, {'id': '7678050238023761941', 'name': 'rustbrostour2026', 'title': None, 'cover': None}]",810.0,"Automotive: parts, cars, motorcycles"
tt_direct,tiktok_video:local_3c02cd08e62595e9faca5c9fe51541a9acf85d2a2fe1f7fdda09ff1f017ce60b,engine parts; mapped ecu,engine damage; product warning,"The creator shows engine damage to their Audi TT, blaming a cheap ECU map bought from eBay.","My Audi TT mk1 missing a few engine parts cheap eBay map blew my engine apart #audi #TT #ebay #race #england  [{'id': '45092', 'name': 'audi', 'title': None, 'cover': None}, {'id': '31876', 'name': 'tt', 'title': None, 'cover': None}, {'id': '186688', 'name': 'ebay', 'title': None, 'cover': None}, {'id': '16676', 'name': 'race', 'title': None, 'cover': None}, {'id': '106519', 'name': 'england', 'title': 'Show your support for England. Share your #England creations backing the team 🏴\U000e0067\U000e0062\U000e0065\U000e006e\U000e0067\U000e007f', 'cover': None}]",132000.0,"Automotive: parts, cars, motorcycles"
tt_direct,tiktok_video:local_7e28c2b1bffe8846e8b73620a5bda63d796d27968c1465b218feecb1181f98ae,motorcycle engine; dirt bike parts,engine replacement; first start,A creator attempts the first start of a Yamaha TTR90e dirt bike after installing a used eBay engine.,"2005 Yamaha TTR90e first start with a used engine off of ebay. #yamaha #ttr90 #eBay #firststartup #burnsoil  [{'id': '103840', 'name': 'yamaha', 'title': None, 'cover': None}, {'id': '29922308', 'name': 'ttr90', 'title': None, 'cover': None}, {'id': '186688', 'name': 'ebay', 'title': None, 'cover': None}, {'id': '1611823515503622', 'name': 'firststartup', 'title': None, 'cover': None}, {'id': '1653030962662405', 'name': 'burnsoil', 'title': None, 'cover': None}]",1115.0,"Automotive: parts, cars, motorcycles"
tt_direct,tiktok_video:local_1657e46b1f826103f70a915d86ac292d378922e4e2f7dbcb63eaf1467f23b9da,car engine; automotive parts,engine swap; car build,A creator works on a McLaren project car to complete the first start following an eBay engine installation.,"#WE INSTALLED THE EBAY ENGINE in the $38,500 MCLAREN (FIRST START!!) [{'id': '6234', 'name': 'we', 'title': None, 'cover': None}]",482.0,"Automotive: parts, cars, motorcycles"
tt_direct,tiktok_video:local_f3b73a8a8c67ccca9a6df956ffc06f103a3195f1241fc3fdac4789fe67b2b9f6,vintage coat; outerwear,unboxing; try-on haul,The creator unboxes and tries on a vintage red coat purchased as an eBay find.,"What vintage coat dreams are made of #ebayfinds #vintagefashion #thrifting #fyp  [{'id': '1653141458191365', 'name': 'ebayfinds', 'title': None, 'cover': None}, {'id': '5734410', 'name': 'vintagefashion', 'title': None, 'cover': None}, {'id': '130314', 'name': 'thrifting', 'title': 'Show us your best #Thrifting finds.', 'cover': 'https://p19-common-sign.tiktokcdn-us.com/musically-maliva-obj/d01345cdb88fac60c964be000a9f8455~tplv-tiktokx-origin.image?dr=9627&x-expires=1790283600&x-signature=5Z41sT6zICF0c%2BnsPPWDIrNlLwQ%3D&t=4d5b0474&ps=13740610&shp=81f88b70&shcp=9b759fb9&idc=useast5'}, {'id': '229207', 'name': 'fyp', 'title': None, 'cover': None}]",13400.0,Unassigned (mixed/other)
tt_direct,tiktok_video:local_4e50f5528c36387a188a37529f68a62301b7c92a9b4409f59b90bbc1b88d40c7,comic books; dolls,collection showcase; finds,The creator displays a Wonder Woman comic book and matching doll found on eBay.,"All they have at Barnes or comic store is tom king ww #wonderwoman #comictok #comicbooks #wonderwomancomic #dccomics  [{'id': '30042', 'name': 'wonderwoman', 'title': None, 'cover': None}, {'id': '1662644060940290', 'name': 'comictok', 'title': None, 'cover': None}, {'id': '425642', 'name': 'comicbooks', 'title': None, 'cover': None}, {'id': '1610685992965126', 'name': 'wonderwomancomic', 'title': None, 'cover': None}, {'id': '80733', 'name': 'dccomics', 'title': None, 'cover': None}]",878.0,Physical media (Blu-ray/DVD/steelbook/VHS/CD/vinyl/books)
tt_direct,tiktok_video:local_ec25ccb545f2f3a29ba0b4c46304d7677f9ecb876ef3fc6cc29bdfc452df9258,crescent bags; nylon bags,resale advice; item valuation,The creator advises viewers to resell a specific Baggu polka dot crescent bag for a high price.,"If you have this @BAGGU polka dot crescent bag you should sell it for A LOT of money!! #baggu #baggupolkadots #baggucrescent #poshmarkfinds #ebayfinds @Poshmark @ebay  [{'id': '10713722', 'name': 'baggu', 'title': None, 'cover': None}, {'id': '7580097668107403278', 'name': 'baggupolkadots', 'title': None, 'cover': None}, {'id': '7039861586562924590', 'name': 'baggucrescent', 'title': None, 'cover': None}, {'id': '1662727723108358', 'name': 'poshmarkfinds', 'title': None, 'cover': None}, {'id': '1653141458191365', 'name': 'ebayfinds', 'title': None, 'cover': None}]",1253.0,Unassigned (mixed/other)
tt_direct,tiktok_video:local_d4c8c52bc85b1e3969d77fbdeb8b42ed24ecfa0b3023992eb76178c4b484cd0a,candle holder; home decor,showcase; thrift haul,The creator showcases a vintage whimsigoth candle holder found on eBay.,"BEST FIND EVER?!? I love these candle holders SO MUCH!! So excited to finally share these! 🕯️✨🌀 #whimsigoth #whimsigothdecor #ebayfinds #90swhimsigoth #vintagefinds  [{'id': '7081046033957912619', 'name': 'whimsigoth', 'title': None, 'cover': None}, {'id': '7088776042743234566', 'name': 'whimsigothdecor', 'title': None, 'cover': None}, {'id': '1653141458191365', 'name': 'ebayfinds', 'title': None, 'cover': None}, {'id': '7139993424937091114', 'name': '90swhimsigoth', 'title': None, 'cover': None}, {'id': '1640868867941382', 'name': 'vintagefinds', 'title': None, 'cover': None}]",8240.0,Vintage and secondhand clothing / thrift
tt_direct,tiktok_video:local_7283b20872b18fe396aff598bddb6403f5e4b1813d738ed086a3599d3cf45df2,vintage Pyrex; kitchenware,replacement purchase; item showcase,The creator showcases finding and buying a replacement vintage Pyrex dish on eBay after a broken dish.,"Dad broke his favorite vintage Pyrex dish so I found one on @ebay #papawdavid #cherisheverymoment #pyrex #vintagepyrex  [{'id': '1700413286326278', 'name': 'papawdavid', 'title': None, 'cover': None}, {'id': '7202277', 'name': 'cherisheverymoment', 'title': None, 'cover': None}, {'id': '1406594', 'name': 'pyrex', 'title': None, 'cover': None}, {'id': '1645398138268678', 'name': 'vintagepyrex', 'title': None, 'cover': None}]",1293.0,"Home, kitchen and decor"
tt_direct,tiktok_video:local_9040e6857853f40a817ef7118cc9a2c814962fa26023ff210b649a4f54191708,vintage goods,inventory sourcing; store promotion,A reseller documents sourcing vintage items from Goodwill bins to list on their eBay store.,"$26 is a lot for me at the bins. Find these fun vintage items and so much more on my eBay store Kuch44cards. Do you have a favorite find?#thrifting #419 #vintage #reseller #Ebay  [{'id': '130314', 'name': 'thrifting', 'title': 'Show us your best #Thrifting finds.', 'cover': 'https://p16-common-sign.tiktokcdn-us.com/musically-maliva-obj/d01345cdb88fac60c964be000a9f8455~tplv-tiktokx-origin.image?dr=9627&x-expires=1790283600&x-signature=zEczsx9wUzk6Dma%2BKYi%2BvOyLfPI%3D&t=4d5b0474&ps=13740610&shp=81f88b70&shcp=9b759fb9&idc=useast5'}, {'id': '1597530011925505', 'name': '419', 'title': None, 'cover': None}, {'id': '21743', 'name': 'vintage', 'title': None, 'cover': None}, {'id': '89286981', 'name': 'reseller', 'title': None, 'cover': None}, {'id': '186688', 'name': 'ebay', 'title': None, 'cover': None}]",1857.0,Reselling / seller how-to / marketplace ops
tt_direct,tiktok_video:local_dbb25cd15f1960af176a11564a238ffd625dd0e46ea6f882d48fa9ad14d8ab66,vintage furniture,inventory sourcing; price research,A reseller researches mid-century modern tables at a thrift store but leaves them behind as the store closes.,"They were about to close so I just left them behind 😅 #mcm #thrift #vintagefurniture #ebay #reseller  [{'id': '3378', 'name': 'mcm', 'title': None, 'cover': None}, {'id': '172545', 'name': 'thrift', 'title': None, 'cover': None}, {'id': '1623223502110726', 'name': 'vintagefurniture', 'title': None, 'cover': None}, {'id': '186688', 'name': 'ebay', 'title': None, 'cover': None}, {'id': '89286981', 'name': 'reseller', 'title': None, 'cover': None}]",14800.0,"Home, kitchen and decor"
tt_direct,tiktok_video:local_7f93fbd1e5451b28f8877fb01e18e5dc18296bb9e1739fc3b2f4d19c24a5c7cd,outerwear; vintage clothing,shopping tutorial; search tips,A creator shares a step-by-step tutorial on searching and shopping for second-hand outerwear on eBay.,"Replying to @jordanprip #greenscreen #fyp #fypシ #ebay #mensfashion #vintagefashion #fashiontiktok #buysecondhand  [{'id': '801886', 'name': 'greenscreen', 'title': 'Try out the #GreenScreen Creative Effect! Check out the latest trends using #greenscreen for some inspiration. Just pick an image from your camera roll, stand in front of a plain background, and make the next TikTok masterpiece.', 'cover': 'https://p19-common-sign.tiktokcdn-us.com/musically-maliva-obj/e69896f9fc0e263ce07146644fdb1ae4~tplv-tiktokx-origin.image?dr=9627&x-expires=1790283600&x-signature=IvYHEuOvvvxTTpcLInAAUhDNE8Y%3D&t=4d5b0474&ps=13740610&shp=81f88b70&shcp=9b759fb9&idc=useast5'}, {'id': '229207', 'name': 'fyp', 'title': None, 'cover': None}, {'id': '1637342470396934', 'name': 'fypシ', 'title': None, 'cover': None}, {'id': '186688', 'name': 'ebay', 'title': None, 'cover': None}, {'id': '336181', 'name': 'mensfashion', 'title': ""Gentlemen, it's your turn!"", 'cover': None}, {'id': '5734410', 'name': 'vintagefashion', 'title': None, 'cover': None}, {'id': '1604791864655873', 'name': 'fashiontiktok', 'title': ""From red carpet reviews to finding your own style, we're here for all things fashion."", 'cover': 'https://p16-common-sign.tiktokcdn-us.com/musically-maliva-obj/2ad7203151f95c29c9dd3a30fa18adb7.png~tplv-tiktokx-origin.image?dr=9627&x-expires=1790283600&x-signature=rODfJ0hr030RrtSHt4wurus9cj4%3D&t=4d5b0474&ps=13740610&shp=81f88b70&shcp=9b759fb9&idc=useast5'}, {'id': '1651782917777413', 'name': 'buysecondhand', 'title': None, 'cover': None}]",67800.0,Vintage and secondhand clothing / thrift
tt_direct,tiktok_video:local_d7fc4b453a7f014a196444c1c0185425f4de1a8ce67052a125e1354d95e6cab0,vintage clothing,sourcing tips,A creator shares personal tips and tricks for sourcing vintage clothing and accessories on eBay.,"Replying to @Rojan @ebay shopping 101 💋 these are my personal tips & tricks on how to approach shopping and sourcing on eBay <3 #ebay #vintageshopping #auction #greenscreen  [{'id': '186688', 'name': 'ebay', 'title': None, 'cover': None}, {'id': '63887206', 'name': 'vintageshopping', 'title': None, 'cover': None}, {'id': '75158', 'name': 'auction', 'title': None, 'cover': None}, {'id': '801886', 'name': 'greenscreen', 'title': 'Try out the #GreenScreen Creative Effect! Check out the latest trends using #greenscreen for some inspiration. Just pick an image from your camera roll, stand in front of a plain background, and make the next TikTok masterpiece.', 'cover': 'https://p19-common-sign.tiktokcdn-us.com/musically-maliva-obj/e69896f9fc0e263ce07146644fdb1ae4~tplv-tiktokx-origin.image?dr=9627&x-expires=1790283600&x-signature=IvYHEuOvvvxTTpcLInAAUhDNE8Y%3D&t=4d5b0474&ps=13740610&shp=81f88b70&shcp=9b759fb9&idc=useast5'}]",16600.0,Vintage and secondhand clothing / thrift
tt_direct,tiktok_video:local_c271a674b3c59287af05ccfe093fdfc3cb1ab923c188b4666f74fba4071ed989,vintage clothing,shopping tips,A creator provides unsponsored advice and strategies for purchasing vintage clothing on eBay.,"Not sponsored, just addicted #vintagefashion #mensfashion #ebay  [{'id': '5734410', 'name': 'vintagefashion', 'title': None, 'cover': None}, {'id': '336181', 'name': 'mensfashion', 'title': ""Gentlemen, it's your turn!"", 'cover': None}, {'id': '186688', 'name': 'ebay', 'title': None, 'cover': None}]",2891.0,Vintage and secondhand clothing / thrift
tt_direct,tiktok_video:local_a72c7e8c99fcde6837849b177435d284bcbd7f3fca56c3a313d472514289eb0c,classic car parts,eBay store promotion,The creator promotes their eBay store offering G-body classic car parts from salvage vehicles.,"Need parts? Check out our eBay store link in bio. Don’t see what you need send us a message on eBay. #gbody #classiccar #smallbusiness #gbodynation #carsoftiktok  [{'id': '16142288', 'name': 'gbody', 'title': None, 'cover': None}, {'id': '1701226', 'name': 'classiccar', 'title': None, 'cover': None}, {'id': '31667995', 'name': 'smallbusiness', 'title': 'Join the #SmallBusiness community', 'cover': None}, {'id': '1612685579552773', 'name': 'gbodynation', 'title': None, 'cover': None}, {'id': '1616029764656133', 'name': 'carsoftiktok', 'title': 'Your pit-stop at the biggest car community on TikTok! Explore and share your passion for everything car-related from car reviews, car transformations, car hacks, &amp; more all on #CarsofTikTok!🏎️🔥', 'cover': 'https://p16-common-sign.tiktokcdn-us.com/tiktok-obj/60e24c5bbcea695cb611ed3a71f4a00c.png~tplv-tiktokx-origin.image?dr=9627&x-expires=1790283600&x-signature=L9bJz%2BbQvcE0Qc%2Btp6nHnw5Qna4%3D&t=4d5b0474&ps=13740610&shp=81f88b70&shcp=9b759fb9&idc=useast8'}]",3712.0,"Automotive: parts, cars, motorcycles"
tt_direct,tiktok_video:local_76ddf17c251cba38995cd584220666c1f6f5536909016420005f7aa2c12a6a10,trucks,listing promotion; financing,"The creator advertises a lifted Ford truck going up for sale on eBay, mentioning vehicle financing.","going on ebay today, don't miss out! did you know ebay does financing for vehicles now

#ford #fordtruck #trucktok #liftedtrucks #obsford #powerstroke #diesel #auction #forsale #obs #trucks [{'id': '8650', 'name': 'ford', 'title': None, 'cover': None}, {'id': '7267175', 'name': 'fordtruck', 'title': None, 'cover': None}, {'id': '1650095170534406', 'name': 'trucktok', 'title': None, 'cover': None}, {'id': '253371', 'name': 'liftedtrucks', 'title': None, 'cover': None}, {'id': '1603576966855685', 'name': 'obsford', 'title': None, 'cover': None}, {'id': '134588', 'name': 'powerstroke', 'title': None, 'cover': None}, {'id': '132007', 'name': 'diesel', 'title': None, 'cover': None}, {'id': '75158', 'name': 'auction', 'title': None, 'cover': None}, {'id': '218123', 'name': 'forsale', 'title': None, 'cover': None}, {'id': '843400', 'name': 'obs', 'title': None, 'cover': None}, {'id': '152536', 'name': 'trucks', 'title': None, 'cover': None}]",60100.0,"Automotive: parts, cars, motorcycles"
tt_direct,tiktok_video:local_7c933f1f391c292c50f221026975af22f93bf92d365fca2c07988e08267fac3b,moped parts,product comparison; reselling,"The creator compares original and Venturi motor parts for a Piaggio Ciao, noting upcoming availability on eBay.","Originale 🤮 vs Venturi🚀 ancora disponibili sui nostri account Vinted e subito e tra poco in arrivo anche su eBay non perdetevi nei prossimi giorni la preparazione di carter del 50 più caliente di 🇮🇹 ancora un po di suspense #viralvideos #motor #piaggiociao #neiperteeee #fy  [{'id': '1549168', 'name': 'viralvideos', 'title': None, 'cover': None}, {'id': '8610', 'name': 'motor', 'title': 'Amante del motor, ¡este es tu hashtag! 🏎🏍🚜🚙🛵 Hacks, tips, tu modelo de coche favorito, todo sobre las competiciones de motor... ¡Dale gas en #Motor!', 'cover': None}, {'id': '1631094420354053', 'name': 'piaggiociao', 'title': None, 'cover': None}, {'id': '1645905732711430', 'name': 'neiperteeee', 'title': None, 'cover': None}, {'id': '153828', 'name': 'fy', 'title': None, 'cover': None}]",23200.0,Reselling / seller how-to / marketplace ops
tt_direct,tiktok_video:local_a4e16fddd020d71eccc316f22ca4279056b2ae7b6e6333574e0564c754c771cc,car parts,salvage sourcing; reseller meme,A meme highlights finding needed car parts from an eBay seller who likely sourced them from salvage auctions.,"😅😅 #cartrader #copart #carsuk #cartok #bca  [{'id': '1658345992558598', 'name': 'cartrader', 'title': None, 'cover': None}, {'id': '48567383', 'name': 'copart', 'title': None, 'cover': None}, {'id': '1649148766067717', 'name': 'carsuk', 'title': None, 'cover': None}, {'id': '10133652', 'name': 'cartok', 'title': ""Calling all car lovers, review gurus, modification masters, and DIY enthusiasts! From Mar. 5th to April 3rd, we're thrilled to launch the exciting #CarTok Post Contest. Whether you're an expert at dissecting the latest cars in a review, a wizard at transforming vehicles through modifications, or a pro at sharing insider tips on car usage, this is your chance to shine. Create engaging videos about car reviews, modifications, or useful cars using tips, and don't forget to include the hashtags #CarTok and #TikTokAutoCampaign. By participating, you stand a chance to win up to $5000 in cash! To check out the official rules and learn how to sign up, simply search &quot;CarTok&quot; starting Mar. 5th on TikTok. So, what are you waiting for? Start your engines and let's drive this campaign to new heights!"", 'cover': None}, {'id': '912764', 'name': 'bca', 'title': None, 'cover': None}]",280000.0,"Automotive: parts, cars, motorcycles"
tt_direct,tiktok_video:local_b64387a3c83c4a35dafb6a7a8d25d861b6c3b960aad3b3b1eb0acd64f5630b86,car engines; auto parts,reselling; parting out,The creator documents pulling an engine from a car to resell on eBay for profit.,"Pulling an Engine to Flip for $$$ on eBay ebayseller #ebayreseller #flippingcars #enginepull #carparts #usedautoparts #resellerlife #resellercommunity #sidehustle #makemoneyonline #carflipping #garagefinds #ebaymotors #autopartsforsale #mechaniclife #wrenchlife #partingoutcars #flipforprofit #diymechanic #junkyardfinds #profitflip #hustlemode #carrestoration #resellertips #carhacks #moneyhack #engineswap #carbuild #reselling #viralvideo #tiktokreseller #fastflip #howtoflipcars #resellerhustle #fromcartocash #flipgame #autohustle #ebaytips [{'id': '1639775441690630', 'name': 'ebayreseller', 'title': None, 'cover': None}, {'id': '1628057885497349', 'name': 'flippingcars', 'title': None, 'cover': None}, {'id': '1610906386576390', 'name': 'enginepull', 'title': None, 'cover': None}, {'id': '10985727', 'name': 'carparts', 'title': None, 'cover': None}, {'id': '1633976646010885', 'name': 'usedautoparts', 'title': None, 'cover': None}, {'id': '1644689627194373', 'name': 'resellerlife', 'title': None, 'cover': None}, {'id': '1599895369880577', 'name': 'resellercommunity', 'title': None, 'cover': None}, {'id': '398693', 'name': 'sidehustle', 'title': 'Participate for a chance to collect cash prizes by joining the #SideHustle Post Contest! Join &amp; Post here:https://vt.tiktok.com/ZMAhEKUfX/', 'cover': 'https://p16-common-sign.tiktokcdn-us.com/musically-maliva-obj/6a23e473a6cec9341415ea510a037c06.png~tplv-tiktokx-origin.image?dr=9627&x-expires=1790283600&x-signature=78j86SdoQuRY4XUK98uoSu9b7qo%3D&t=4d5b0474&ps=13740610&shp=81f88b70&shcp=9b759fb9&idc=useast8'}, {'id': '21647995', 'name': 'makemoneyonline', 'title': None, 'cover': None}, {'id': '16112060', 'name': 'carflipping', 'title': None, 'cover': None}, {'id': '1651120220404742', 'name': 'garagefinds', 'title': None, 'cover': None}, {'id': '1649515776043013', 'name': 'ebaymotors', 'title': None, 'cover': None}, {'id': '7101017222109200389', 'name': 'autopartsforsale', 'title': None, 'cover': None}, {'id': '13863774', 'name': 'mechaniclife', 'title': None, 'cover': None}, {'id': '1603364330514437', 'name': 'wrenchlife', 'title': None, 'cover': None}, {'id': '7419586296353554464', 'name': 'partingoutcars', 'title': None, 'cover': None}, {'id': '1644963735472197', 'name': 'flipforprofit', 'title': None, 'cover': None}, {'id': '1612487007555605', 'name': 'diymechanic', 'title': None, 'cover': None}, {'id': '1630008906088453', 'name': 'junkyardfinds', 'title': None, 'cover': None}, {'id': '7109474336041336859', 'name': 'profitflip', 'title': None, 'cover': None}, {'id': '2515950', 'name': 'hustlemode', 'title': None, 'cover': None}, {'id': '1628390469024773', 'name': 'carrestoration', 'title': None, 'cover': None}, {'id': '1649605967628294', 'name': 'resellertips', 'title': None, 'cover': None}, {'id': '33382133', 'name': 'carhacks', 'title': ""Whether it's the perfect way to defrost a window or a tutorial we all need to know, show us your favorite #CarHacks."", 'cover': None}, {'id': '43758263', 'name': 'moneyhack', 'title': None, 'cover': None}, {'id': '2012521', 'name': 'engineswap', 'title': None, 'cover': None}, {'id': '1610329373799430', 'name': 'carbuild', 'title': None, 'cover': None}, {'id': '14545306', 'name': 'reselling', 'title': None, 'cover': None}, {'id': '85133', 'name': 'viralvideo', 'title': None, 'cover': None}, {'id': '1671810651567110', 'name': 'tiktokreseller', 'title': None, 'cover': None}, {'id': '649193', 'name': 'fastflip', 'title': None, 'cover': None}, {'id': '1690181286776837', 'name': 'howtoflipcars', 'title': None, 'cover': None}, {'id': '1665742202242054', 'name': 'resellerhustle', 'title': None, 'cover': None}, {'id': '7309586785800028203', 'name': 'fromcartocash', 'title': None, 'cover': None}, {'id': '208185', 'name': 'flipgame', 'title': None, 'cover': None}, {'id': '7167809624815452206', 'name': 'autohustle', 'title': None, 'cover': None}, {'id': '1651835515902981', 'name': 'ebaytips', 'title': None, 'cover': None}]",6301.0,"Automotive: parts, cars, motorcycles"
tt_direct,tiktok_video:local_c2f5e551daa067bc67d041cfd662a4fc790a0556063ba9429d76ee3713b82dee,wheel speed sensors; auto parts,auction listing; job lot,The creator advertises an eBay auction starting at 99p for a job lot of wheel speed sensors.,"Listing now live on @eBay UK #joblot #reseller #ebay #carparts #auction  [{'id': '37369107', 'name': 'joblot', 'title': None, 'cover': None}, {'id': '89286981', 'name': 'reseller', 'title': None, 'cover': None}, {'id': '186688', 'name': 'ebay', 'title': None, 'cover': None}, {'id': '10985727', 'name': 'carparts', 'title': None, 'cover': None}, {'id': '75158', 'name': 'auction', 'title': None, 'cover': None}]",669.0,"Automotive: parts, cars, motorcycles"
tt_direct,tiktok_video:local_7ecef8b22e748a537f0b85b8ebbeb27ffcea0af73e8564d74a72a69fe200d3f5,body care,discontinued products; sourcing,The creator shares receiving discontinued EOS body care items that were sourced from eBay.,"@eos Products you can't gatekeep her from me forever!!! #cocoacashmere #peppermintcashmere #eos  [{'id': '7008005280130662406', 'name': 'cocoacashmere', 'title': None, 'cover': None}, {'id': '7426129427420938270', 'name': 'peppermintcashmere', 'title': None, 'cover': None}, {'id': '39115', 'name': 'eos', 'title': None, 'cover': None}]",940.0,Reselling / seller how-to / marketplace ops
tt_direct,tiktok_video:local_ac6403807d1531cf875905b498c96e47b0de2a291374c81bee4448bc124c8e3d,jeans; apparel,outfit try-on; clothing fit,A creator shows a comical struggle putting on a pair of jeans before assembling a casual outfit.,"Valid crash out imo #fyp #jeans #london #fashion   [{'id': '229207', 'name': 'fyp', 'title': None, 'cover': None}, {'id': '43237', 'name': 'jeans', 'title': None, 'cover': None}, {'id': '5609', 'name': 'london', 'title': None, 'cover': None}, {'id': '11885', 'name': 'fashion', 'title': None, 'cover': None}]",892600.0,Unassigned (mixed/other)
tt_direct,tiktok_video:local_9c4a18de8056465ce2ce1d0e095a8d872918ec1261a4efcbe0d836718f81a828,women's dresses; secondhand apparel,haul unboxing; try-on,A creator shares an eBay secondhand haul featuring two dresses after having offers accepted by sellers.,"turning off eBay notifications nneeooww 

#ebayhaul #secondhand #ebay #thrifthauls #clothinghaul  [{'id': '60438488', 'name': 'ebayhaul', 'title': None, 'cover': None}, {'id': '1618906125570053', 'name': 'secondhand', 'title': None, 'cover': None}, {'id': '186688', 'name': 'ebay', 'title': None, 'cover': None}, {'id': '1655404264280069', 'name': 'thrifthauls', 'title': None, 'cover': None}, {'id': '5163637', 'name': 'clothinghaul', 'title': None, 'cover': None}]",2368.0,Vintage and secondhand clothing / thrift
tt_direct,tiktok_video:local_17844b3670683fa12e2f613b841ed248e5b8291a3d615b51635a7311799a56c3,in-game items; digital assets,gaming; purchase showcase,A creator shares gameplay featuring Fortnite sprites purportedly purchased via eBay.,"pt.1 #fortniteclips #fortnite #gaming #viral #fyp 

credits: FlyyFr [{'id': '89630920', 'name': 'fortniteclips', 'title': None, 'cover': None}, {'id': '73924539', 'name': 'fortnite', 'title': 'Join the Fortnite Community on TikTok', 'cover': None}, {'id': '16057', 'name': 'gaming', 'title': ""Stock up on extra lives, because we're celebrating the #Gaming community. Show us what you're playing, where you play, and your top recommendations!"", 'cover': 'https://p16-common-sign.tiktokcdn-us.com/musically-maliva-obj/3a487123fee6293297f60302b2bc9476.png~tplv-tiktokx-origin.image?dr=9627&x-expires=1790283600&x-signature=P693vo%2BbZMdZBIabQTv6dM6W0h8%3D&t=4d5b0474&ps=13740610&shp=81f88b70&shcp=9b759fb9&idc=useast5'}, {'id': '20884', 'name': 'viral', 'title': '¡descubre las canciones en tendencia! 🔥➡️ https://bit.ly/TendenciasTikTok_LATAM', 'cover': 'https://p16-common-sign.tiktokcdn-us.com/musically-maliva-obj/8e4d8102460a60717c89acc2d6367a16.png~tplv-tiktokx-origin.image?dr=9627&x-expires=1790283600&x-signature=wKjpA1vpsu%2FUo2OCthWJOBnjmcE%3D&t=4d5b0474&ps=13740610&shp=81f88b70&shcp=9b759fb9&idc=useast5'}, {'id': '229207', 'name': 'fyp', 'title': None, 'cover': None}]",1600000.0,Unassigned (mixed/other)
tt_direct,tiktok_video:local_f4c7c890097b3770068481050c4fc22a4bde988685b45c7087e38d2761fe9dd6,perfume necklace; vintage jewelry,product showcase; fragrance,A creator demonstrates a vintage necklace from eBay that doubles as a hidden perfume bottle.,"Fragrance of the day is Indult - Tahota #perfumetok #jewelrytok #vintage #ebay #fragrancetok  [{'id': '1673555466991622', 'name': 'perfumetok', 'title': 'Are you a perfume lover? Share your lovely collection! ❤️', 'cover': None}, {'id': '1673647490030613', 'name': 'jewelrytok', 'title': ""Join the sparkle! Whether you're sharing joyful jewelry looks or shopping the trend, TikTok Shop is the place to shine."", 'cover': None}, {'id': '21743', 'name': 'vintage', 'title': None, 'cover': None}, {'id': '186688', 'name': 'ebay', 'title': None, 'cover': None}, {'id': '1673124862701574', 'name': 'fragrancetok', 'title': None, 'cover': None}]",2328.0,Jewelry and body jewelry
tt_direct,tiktok_video:local_58c01b7da3911f98b2619f6aa7cb502585167dcb31c02da603fed8c5655e87f2,clothing; Miss Sixty,fashion haul; ebay finds,A creator presents a collection of clothing items identified as favorite eBay finds.,"ily @ebay xoxo #ebayfinds #ebaytips #misssixty  [{'id': '1653141458191365', 'name': 'ebayfinds', 'title': None, 'cover': None}, {'id': '1651835515902981', 'name': 'ebaytips', 'title': None, 'cover': None}, {'id': '38317290', 'name': 'misssixty', 'title': None, 'cover': None}]",11400.0,Reselling / seller how-to / marketplace ops
tt_direct,tiktok_video:local_d6eaf875d62a9426cc4019f168baa0fad14a013cb51f62faa7297cf7f96ccd3e,vintage cowboy boots; footwear,thrift haul; item showcase,"A creator shows a pair of vintage cowboy boots, calling them her best eBay find ever.","Best eBay find EVER #ebay #vintage #vintagefashion #thrift #cowboyboots  [{'id': '186688', 'name': 'ebay', 'title': None, 'cover': None}, {'id': '21743', 'name': 'vintage', 'title': None, 'cover': None}, {'id': '5734410', 'name': 'vintagefashion', 'title': None, 'cover': None}, {'id': '172545', 'name': 'thrift', 'title': None, 'cover': None}, {'id': '94379', 'name': 'cowboyboots', 'title': None, 'cover': None}]",1105.0,Vintage and secondhand clothing / thrift
tt_direct,tiktok_video:local_66464d04e06008845acaf910aee7430cc77d07faffc795d8a86311df4cd7ce3e,decorative cup; homeware,unboxing; item showcase,A creator unboxes a decorative cup received from an eBay purchase.,"Ya so my win of the day is this thanks @ebay #shopwithme #unboxing #haultok #ebayfinds #grandmillennialstyle  [{'id': '13626194', 'name': 'shopwithme', 'title': 'Head to the store and #ShopWithMe.', 'cover': None}, {'id': '460811', 'name': 'unboxing', 'title': 'What are you #Unboxing?', 'cover': None}, {'id': '1677302203719686', 'name': 'haultok', 'title': None, 'cover': None}, {'id': '1653141458191365', 'name': 'ebayfinds', 'title': None, 'cover': None}, {'id': '1696880622586885', 'name': 'grandmillennialstyle', 'title': None, 'cover': None}]",3897.0,"Home, kitchen and decor"
tt_direct,tiktok_video:local_1dd1a5d8575044db0f91979fd604a3a08348a7c841c96c5ba1a478e2a9decd46,car engine; auto parts,purchase reveal; car rebuild,A creator reveals buying a McLaren engine from eBay to get a car running that week.,"I BOUGHT THE EBAY ENGINE! The $38,500 McLaren is Going to Run This Week! (1) []",210.0,"Automotive: parts, cars, motorcycles"
tt_direct,tiktok_video:local_1e7d0ed04bc566b057a9d26fe12c263f69064ef8faeb260e3841f960bf667e8b,motorcycle,listing reaction; price shock,A video depicts a reaction to the listing price of a BMW motorcycle found on eBay.,"#CapCut  [{'id': '1663935709411330', 'name': 'capcut', 'title': 'CapCut is a new, easy-to-use video editing tool designed for mobile platforms. CapCut provides users with a wide range of video editing functions, filters, audio &amp; visual effects, video templates, while keeping it free of charge and ads-free. Everyone can be a creator by using CapCut.  \n\nStart creating your cool videos today: \nhttps://capcut.onelink.me/XKqI/228cad85', 'cover': None}]",252.0,"Automotive: parts, cars, motorcycles"
tt_direct,tiktok_video:local_b80372eecb87237235a1301f8a15be9de0f2a12aaf73f479a489d223694b1fab,gauge cluster; auto parts,auction strategy; bidding,The creator demonstrates a method to win eBay auctions while buying a Honda Civic gauge cluster.,"This is by far the best ya to win an EBay auction EVERY time🤣 Gonna put This Ek civic cluster in the 90 civic wagon👀🔥#honda #civic #diy #carmodification #fyp  [{'id': '10423', 'name': 'honda', 'title': None, 'cover': None}, {'id': '51563', 'name': 'civic', 'title': None, 'cover': None}, {'id': '18121', 'name': 'diy', 'title': 'What are you working on? Show us your latest #DIY project.', 'cover': 'https://p19-common-sign.tiktokcdn-us.com/musically-maliva-obj/ea9459586d230e8a617280c2e9691de5.jpeg~tplv-tiktokx-origin.image?dr=9627&x-expires=1790283600&x-signature=1UyK4EpbMUh5F87N0MVYtm5naZA%3D&t=4d5b0474&ps=13740610&shp=81f88b70&shcp=9b759fb9&idc=useast8'}, {'id': '1619285691746306', 'name': 'carmodification', 'title': None, 'cover': None}, {'id': '229207', 'name': 'fyp', 'title': None, 'cover': None}]",102900.0,"Automotive: parts, cars, motorcycles"
tt_direct,tiktok_video:local_a47462109371fc7e103fd54051fc3c14b71f33016aebfe921c7c536590043599,car door mirror; auto parts,selling auto parts; eBay Motors,A seller showcases a BMW car side mirror and its listing process on eBay Motors.,"Auto Parts on eBay Motors #ecommerce #ebaymotors #ebay #ebayseller #autowrecking  [{'id': '71078530', 'name': 'ecommerce', 'title': None, 'cover': None}, {'id': '1649515776043013', 'name': 'ebaymotors', 'title': None, 'cover': None}, {'id': '186688', 'name': 'ebay', 'title': None, 'cover': None}, {'id': '68438801', 'name': 'ebayseller', 'title': None, 'cover': None}, {'id': '1633976645982214', 'name': 'autowrecking', 'title': None, 'cover': None}]",3405.0,"Automotive: parts, cars, motorcycles"
tt_direct,tiktok_video:local_7246b295bea5697a772caceb4e0bde9ffe93276e3dc8cb109efec125cb74ce75,car engine; auto parts,unboxing; auto parts purchase,A buyer unwraps and shows a Nissan Rogue engine purchased on eBay.,"Motor de Nissan rogué 2.5 que compramos en eBay, gracias Dios por todas las bendiciones 🙏🙏🙏🔧🧰🚘#motor #mechanictips  [{'id': '8610', 'name': 'motor', 'title': 'Amante del motor, ¡este es tu hashtag! 🏎🏍🚜🚙🛵 Hacks, tips, tu modelo de coche favorito, todo sobre las competiciones de motor... ¡Dale gas en #Motor!', 'cover': None}, {'id': '1657946751246342', 'name': 'mechanictips', 'title': None, 'cover': None}]",1353.0,"Automotive: parts, cars, motorcycles"
tt_direct,tiktok_video:local_fe0afbcf4604177204c3d11455bef9b3a9b19a5ce6acad18bf89fe1262fbf60a,car engine; auto parts,racing; part performance,The creator shares past race footage highlighting the performance of an engine sourced from eBay.,"Last year on this weekend… the ol eBay motor was RIPPING 🤯 #ebaymotors #lowbudget  [{'id': '1649515776043013', 'name': 'ebaymotors', 'title': None, 'cover': None}, {'id': '112077', 'name': 'lowbudget', 'title': None, 'cover': None}]",1249.0,"Automotive: parts, cars, motorcycles"
tt_direct,tiktok_video:local_32dfd6148b46278f1b48587284fff9a23914199d17814587bccdf0d9db3b785e,saxophone; musical instruments,seller discovery; instrument demo,A creator shares video of an eBay saxophone seller playing the instrument with notable skill.,"#fyp #saxophone #jazz #music  [{'id': '229207', 'name': 'fyp', 'title': None, 'cover': None}, {'id': '12716', 'name': 'saxophone', 'title': None, 'cover': None}, {'id': '9040', 'name': 'jazz', 'title': 'Sing or share your fav, Jazz songs.🎵', 'cover': 'https://p19-common-sign.tiktokcdn-us.com/musically-maliva-obj/70747c46515eb513d687023785dfb463.png~tplv-tiktokx-origin.image?dr=9627&x-expires=1790283600&x-signature=0LdCdUTH59G83woxpH6MomkDc9s%3D&t=4d5b0474&ps=13740610&shp=81f88b70&shcp=9b759fb9&idc=useast5'}, {'id': '5636', 'name': 'music', 'title': None, 'cover': None}]",1019.0,Music instruments and audio gear
tt_direct,tiktok_video:local_664e6a8c7090ebd60ef37f5dcb26291ec746e0acd48099c977695c3a98a4391d,vintage handbags; leather bags,haul; thrift finds,A creator showcases two vintage leather handbags acquired from eBay for her personal collection.,"Another day, another handbag or two 🙊 A handbag obsession is the best obsession and no one can tell me otherwise! 

Lucked out with these two beauties from @ebay 

#vintagebags #handbagcollection #leatherbag #baghaul #secondhandfashion  [{'id': '1641383003710465', 'name': 'vintagebags', 'title': None, 'cover': None}, {'id': '1610839471600645', 'name': 'handbagcollection', 'title': None, 'cover': None}, {'id': '31690737', 'name': 'leatherbag', 'title': None, 'cover': None}, {'id': '15074333', 'name': 'baghaul', 'title': None, 'cover': None}, {'id': '1634465818178566', 'name': 'secondhandfashion', 'title': None, 'cover': None}]",201.0,Vintage and secondhand clothing / thrift
tt_direct,tiktok_video:local_5e2e83a87811e484a1d63bc2cbfe80ed0abd956e5674760b1fa63c46c516056a,shirts; clothing,inventory haul; reselling,An eBay merchant unboxes inventory pickups consisting of LL Bean button-up shirts.,"My recent pickups as an eBay merchant pt. 2 #outfitinspo #fit #OOTD #unboxing  [{'id': '3958603', 'name': 'outfitinspo', 'title': 'Show us your #OutfitInspo.', 'cover': None}, {'id': '15675', 'name': 'fit', 'title': None, 'cover': None}, {'id': '13251', 'name': 'ootd', 'title': ""What's your #OOTD?"", 'cover': None}, {'id': '460811', 'name': 'unboxing', 'title': 'What are you #Unboxing?', 'cover': None}]",33900.0,Reselling / seller how-to / marketplace ops
tt_direct,tiktok_video:local_6b76de5e776dbdf85bda3e5e4572c5b63fc4d0116461ed75bbeaf12706af1387,vintage dress,haul; bargain hunting,A creator unboxes a vintage dress purchased on eBay through lowball offers.,"my @ebay lowball haul part two!!! unfortunately i did sort of outdo myself, apologies in advance #clothinghaul #ebay #suewong #vintagedress  [{'id': '5163637', 'name': 'clothinghaul', 'title': None, 'cover': None}, {'id': '186688', 'name': 'ebay', 'title': None, 'cover': None}, {'id': '1595389202992134', 'name': 'suewong', 'title': None, 'cover': None}, {'id': '14376731', 'name': 'vintagedress', 'title': None, 'cover': None}]",80100.0,Vintage and secondhand clothing / thrift
tt_direct,tiktok_video:local_df39aec86a24651298ad4292cbe1be87a1403809779623405d270b4dffe28440,manga; anime figures,haul; unboxing,A creator unboxes an eBay haul featuring Hunter x Hunter manga volumes and shows an anime figure.,"| books were $35ish, fig was $20 | #hxh #mangahaul #fyp #chainsawman #anime  [{'id': '317536', 'name': 'hxh', 'title': None, 'cover': None}, {'id': '56517494', 'name': 'mangahaul', 'title': None, 'cover': None}, {'id': '229207', 'name': 'fyp', 'title': None, 'cover': None}, {'id': '55010688', 'name': 'chainsawman', 'title': None, 'cover': None}, {'id': '5917', 'name': 'anime', 'title': 'Love #Anime? Welcome to the club.', 'cover': 'https://p19-common-sign.tiktokcdn-us.com/musically-maliva-obj/90843f2eda9d880abb4055263d6c14b8.png~tplv-tiktokx-origin.image?dr=9627&x-expires=1790283600&x-signature=vAI%2Bbr7kRNeeJ5h3yeRZqkNHM2s%3D&t=4d5b0474&ps=13740610&shp=81f88b70&shcp=9b759fb9&idc=useast8'}]",2788.0,Physical media (Blu-ray/DVD/steelbook/VHS/CD/vinyl/books)
tt_direct,tiktok_video:local_7730c16f0701a404b0e2914711cd3645446e455a587daa9d6096ab12e9027fa6,vintage clothing; boots,unboxing; haul,"A creator unboxes clothing and boots sourced from eBay, sharing what she plans to keep.","The yellow one is staying with me #ebayunboxing #vintagesourcing #personalshopping  [{'id': '1667274097975302', 'name': 'ebayunboxing', 'title': None, 'cover': None}, {'id': '7020376070268387333', 'name': 'vintagesourcing', 'title': None, 'cover': None}, {'id': '1626902754742278', 'name': 'personalshopping', 'title': None, 'cover': None}]",185600.0,Vintage and secondhand clothing / thrift
tt_direct,tiktok_video:local_cc0dd68d8d9fec9d234972482e87cbc681c65964b80a68c3dc248afbfcd4507c,home decor; novelty lighting,unboxing; secondhand haul,"The creator unboxes secondhand eBay home decor finds, specifically Tetris-shaped stackable lights and a rocket lava lamp.","What do you think of my finds??🤔🤩🚀 Credits to @Penny for showcasing the tetris lamp! - pls go & check out all her insane second hand finds🤩🥳 #ebay #unboxing #secondhandhome #ebayfinds #vintagehomedecor #homedecor #thriftfinds #thrifthaul  [{'id': '186688', 'name': 'ebay', 'title': None, 'cover': None}, {'id': '460811', 'name': 'unboxing', 'title': 'What are you #Unboxing?', 'cover': None}, {'id': '1674320819427333', 'name': 'secondhandhome', 'title': None, 'cover': None}, {'id': '1653141458191365', 'name': 'ebayfinds', 'title': None, 'cover': None}, {'id': '1651194735767558', 'name': 'vintagehomedecor', 'title': None, 'cover': None}, {'id': '9965576', 'name': 'homedecor', 'title': ""Whether you're renovating a room, or perfecting your decorating skills, we're here for all things #HomeDecor 🎨✨"", 'cover': None}, {'id': '45983736', 'name': 'thriftfinds', 'title': None, 'cover': None}, {'id': '74352553', 'name': 'thrifthaul', 'title': 'Show us your #ThriftHaul and what you have brought recently!', 'cover': None}]",86100.0,Vintage and secondhand clothing / thrift
tt_direct,tiktok_video:local_80ec10b570620c96feaae638eee79192f6449cf907606af14d70b17ac6246c7c,lighter cases; apparel,asmr; browsing finds,The creator shares eBay browsing finds on a tablet in an ASMR format while mentioning lighter cases.,"i kinda want those lighter cases #asmr #lowqualityasmr #lofiasmr #asmrtriggers #asmrhaul  [{'id': '1248236', 'name': 'asmr', 'title': 'All the soothing sounds you need to massage your brain.', 'cover': 'https://p19-common-sign.tiktokcdn-us.com/tiktok-obj/7e5cc4fe26be555df44a5e61ce538ed2.png~tplv-tiktokx-origin.image?dr=9627&x-expires=1790283600&x-signature=2lj3cEIcyISiFd2P4iYzRrnBMyE%3D&t=4d5b0474&ps=13740610&shp=81f88b70&shcp=9b759fb9&idc=useast5'}, {'id': '1684878563947522', 'name': 'lowqualityasmr', 'title': None, 'cover': None}, {'id': '1626680631018501', 'name': 'lofiasmr', 'title': None, 'cover': None}, {'id': '44638524', 'name': 'asmrtriggers', 'title': None, 'cover': None}, {'id': '1662829541123077', 'name': 'asmrhaul', 'title': None, 'cover': None}]",124100.0,Unassigned (mixed/other)
tt_direct,tiktok_video:local_e9d6e28573d66e4bc700ab15a13ec59db493075901791b4a200f23675593aac2,wall decor; vintage tennis racket,apartment decorating; home decor,The creator showcases an apartment gallery wall featuring decor items and a vintage tennis racket sourced from eBay.,"adding a shadow box next but a whole new apartment to decorate has been so fun 😋 #apartmentfinds #ebayfinds #gallerywall #homedecor #newapartment [{'id': '1668168055586822', 'name': 'apartmentfinds', 'title': None, 'cover': None}, {'id': '1653141458191365', 'name': 'ebayfinds', 'title': None, 'cover': None}, {'id': '18918028', 'name': 'gallerywall', 'title': None, 'cover': None}, {'id': '9965576', 'name': 'homedecor', 'title': ""Whether you're renovating a room, or perfecting your decorating skills, we're here for all things #HomeDecor 🎨✨"", 'cover': None}, {'id': '570278', 'name': 'newapartment', 'title': None, 'cover': None}]",21700.0,"Home, kitchen and decor"
tt_direct,tiktok_video:local_5566f74946de75f4ba154e2c2eb6b9f26ad6f967d6b3ee19d0530076ab0e3b1a,car steering wheel; apparel,dropshipping; supplier promotion,The creator promotes dropshipping suppliers and shares a reported daily total while displaying clothing and auto parts.,"Authentic drop shipping might be the new wave🔥🔥If you want access to my 1:1 and authentic suppliers just message me📲‼️‼️#ebaydropshipping #blowthisup #resellingtips #ecommerce #sidehustleforbeginners  [{'id': '1648903424254981', 'name': 'ebaydropshipping', 'title': None, 'cover': None}, {'id': '2464977', 'name': 'blowthisup', 'title': None, 'cover': None}, {'id': '1656632898523141', 'name': 'resellingtips', 'title': None, 'cover': None}, {'id': '71078530', 'name': 'ecommerce', 'title': None, 'cover': None}, {'id': '1683372776721414', 'name': 'sidehustleforbeginners', 'title': None, 'cover': None}]",428.0,"Automotive: parts, cars, motorcycles"
tt_direct,tiktok_video:local_d98fe59dfdb28092a5b6ede6bed6f0a2059b0bf5666a6f7f0b6f4414ded39020,food; Georgian food,unboxing; shipping delivery,A creator unboxes Georgian food received after weeks of travel and tags eBay.,"this package had to travel for weeksss 😅🇬🇪🤭 @ebay #georgianfood #putafingerdown #georgian #tastetest #cravingsatisfied  [{'id': '76071969', 'name': 'georgianfood', 'title': None, 'cover': None}, {'id': '1611040093988870', 'name': 'putafingerdown', 'title': None, 'cover': None}, {'id': '1807994', 'name': 'georgian', 'title': None, 'cover': None}, {'id': '1009955', 'name': 'tastetest', 'title': 'Does this even taste good? Put together a mix of flavorful foods and put your taste buds on the line with #TasteTest!', 'cover': 'https://p19-common-sign.tiktokcdn-us.com/musically-maliva-obj/1633665782402053.PNG~tplv-tiktokx-origin.image?dr=9627&x-expires=1790283600&x-signature=zar4kMs3TEbNDpVBPB26prYzeoI%3D&t=4d5b0474&ps=13740610&shp=81f88b70&shcp=9b759fb9&idc=useast5'}, {'id': '38647485', 'name': 'cravingsatisfied', 'title': None, 'cover': None}]",90900.0,Reselling / seller how-to / marketplace ops
tt_direct,tiktok_video:local_3424ab54a597d69128ae8c95a85ed5cba4ca4fbf3ca0f75c8d7bb0ffba81a217,vintage clothing; coats,haul; item review,The creator expresses love for eBay while modeling thrifted vintage clothing items including a coat and sweater.,"I love you, @ebay !

#ebay #ebayfinds #ebayhaul #vintagehaul #vintage  [{'id': '186688', 'name': 'ebay', 'title': None, 'cover': None}, {'id': '1653141458191365', 'name': 'ebayfinds', 'title': None, 'cover': None}, {'id': '60438488', 'name': 'ebayhaul', 'title': None, 'cover': None}, {'id': '1643027649734661', 'name': 'vintagehaul', 'title': None, 'cover': None}, {'id': '21743', 'name': 'vintage', 'title': None, 'cover': None}]",4269.0,Vintage and secondhand clothing / thrift
tt_direct,tiktok_video:local_a4d892642962b0a7d32571bfc1c14d321fd8736103723ac30541948ec7ba5728,car parts; auto dismantling,inventory promotion; spare parts,An Italian post advertises used spare parts available from a dismantled 2012 Chevrolet Aveo.,"‼️Disponibile per ricambi CHEVROLET AVEO 🚘
Anno 2012
1248cc DIESEL
A13DTC sigla motore 

📲3488002618 

#autodemolizione#ebay#ricambiusati#fyyp#chevroletaveo  [{'id': '1619374896617477', 'name': 'autodemolizione', 'title': None, 'cover': None}, {'id': '186688', 'name': 'ebay', 'title': None, 'cover': None}, {'id': '1670685338215429', 'name': 'ricambiusati', 'title': None, 'cover': None}, {'id': '1625483039780869', 'name': 'fyyp', 'title': None, 'cover': None}, {'id': '1632452940228614', 'name': 'chevroletaveo', 'title': None, 'cover': None}]",271.0,"Automotive: parts, cars, motorcycles"
tt_direct,tiktok_video:local_305fb9ba3f2e31ea27b1af0ddbdb3db832379f7c1db88e36889a84866bb8d1a9,auto parts; eBay Motors,return policy; platform discussion,A creator replies to a comment addressing a new return policy for eBay Motors auto parts.,"Replying to @Jon #ebayautoparts #ebaymotors @This-and-that-1  [{'id': '7023147321387352069', 'name': 'ebayautoparts', 'title': None, 'cover': None}, {'id': '1649515776043013', 'name': 'ebaymotors', 'title': None, 'cover': None}]",1147.0,"Automotive: parts, cars, motorcycles"
tt_direct,tiktok_video:local_e9e310c63fc0aae6ef4faac2ab841c00955be78c39ef5656a1838dd432cc9f82,car parts,store promotion; seller experience,A seller shares memes about car salvage and promotes a 30% sale on their eBay auto parts store.,"It never ends 😎 30% sale active ebay link in bio #car #parts #ebay #peugeot #auto  [{'id': '5256', 'name': 'car', 'title': None, 'cover': None}, {'id': '794195', 'name': 'parts', 'title': None, 'cover': None}, {'id': '186688', 'name': 'ebay', 'title': None, 'cover': None}, {'id': '2609074', 'name': 'peugeot', 'title': None, 'cover': None}, {'id': '86458', 'name': 'auto', 'title': None, 'cover': None}]",635.0,"Automotive: parts, cars, motorcycles"
tt_direct,tiktok_video:local_e7e567b98096519e8fc28162f2be1bd51986a62a389a7b758357867202bd8bdc,engine parts; car parts,engine swap; car build,The creator documents replacing an FA20 engine with an FA24 block for a Subaru BRZ build project.,"Out with the old block and in with the new! trading the fa20 out for an fa24. displacement solves most problems, let's solve the rest with a supercharger.
#dashdynamics #build #fypシ #subaru #brz  [{'id': '7307538981669847086', 'name': 'dashdynamics', 'title': None, 'cover': None}, {'id': '155488', 'name': 'build', 'title': None, 'cover': None}, {'id': '1637342470396934', 'name': 'fypシ', 'title': None, 'cover': None}, {'id': '11868', 'name': 'subaru', 'title': None, 'cover': None}, {'id': '351363', 'name': 'brz', 'title': None, 'cover': None}]",406.0,"Automotive: parts, cars, motorcycles"
tt_direct,tiktok_video:local_4a0749e627c5eed7cbc96594ac2eea2b44ae72b57a40b1694882b7608c2d21ea,outboard motor; boat motor,unboxing; product assembly,The creator unboxes and assembles a 300 dollar outboard motor purchased from eBay.,"$300 eBay outboard motor  Unboxing, Assembly & Ta-1 []",837.0,Unassigned (mixed/other)
tt_direct,tiktok_video:local_16c4e8b505dc951945afcd5f77bc1cc32c5d66c7817f5a9fa32c21f4fec15776,electric guitar; musical instruments,item showcase; purchase story,A creator shares the story and specs of a Fender Stratocaster guitar purchased on eBay ten years ago.,My Guitar series: simple story. I wanted HSS USA Strat. Bought it on eBay 10 years ago. Took me a while to get a decent price. Heavier Strat. Used for many shows over the years.  [],69.0,Music instruments and audio gear
tt_direct,tiktok_video:local_57487f72f2813a774e06588c99f2c0f61d6c6b3958554b82291f50b2f9960fc3,t-shirt; band merchandise,product critique; buyer experience,The creator complains about the thick print and scratchy fabric of a band shirt found on eBay.,"Print thick af shirt scratchy af 

#hi [{'id': '7971', 'name': 'hi', 'title': None, 'cover': None}]",283700.0,Unassigned (mixed/other)
tt_direct,tiktok_video:local_5e8e6f936403cfe112eb6bd25fb14a325e206f51a4e232bd65bb4c8c4879c9e4,beanie hat,buying tutorial; checkout process,A screen-recording tutorial demonstrates how to navigate eBay listings and purchase an embroidered beanie hat.,"วิธีซื้อของใน ebay ง่ายๆ
#วิธีซื้อของในebay #ebay #workandtravel #เที่ยว #ท่องเที่ยว #อเมริกา #เปิดการมองเห็น #ขึ้นฟีดเถอะ #ขึ้นฟีดเถอะของร้อง  [{'id': '7510611378781028368', 'name': 'วิธีซื้อของในebay', 'title': None, 'cover': None}, {'id': '186688', 'name': 'ebay', 'title': None, 'cover': None}, {'id': '33482446', 'name': 'workandtravel', 'title': None, 'cover': None}, {'id': '77696754', 'name': 'เที่ยว', 'title': None, 'cover': None}, {'id': '1592564259434498', 'name': 'ท่องเที่ยว', 'title': None, 'cover': None}, {'id': '41908884', 'name': 'อเมริกา', 'title': None, 'cover': None}, {'id': '1654670480670721', 'name': 'เปิดการมองเห็น', 'title': None, 'cover': None}, {'id': '1660283359052802', 'name': 'ขึ้นฟีดเถอะ', 'title': None, 'cover': None}, {'id': '1671640584915969', 'name': 'ขึ้นฟีดเถอะของร้อง', 'title': None, 'cover': None}]",84500.0,Unassigned (mixed/other)
tt_direct,tiktok_video:local_9608cba86bb837b02216d81e8e51438fdf49e182ef9b8ca1406da17fe76634fd,motorcycle parts,customs duties; international shipping,The creator explains international shipping and customs duty procedures using an eBay motorcycle part purchase as an example.,"Respuesta a @GuS 
Cómo comprar en eBay 
#SABAGE #ebay #accesoriosdemoto #biker #comprasenlinea  [{'id': '3524600', 'name': 'sabage', 'title': None, 'cover': None}, {'id': '186688', 'name': 'ebay', 'title': None, 'cover': None}, {'id': '1661735620915206', 'name': 'accesoriosdemoto', 'title': None, 'cover': None}, {'id': '27940', 'name': 'biker', 'title': None, 'cover': None}, {'id': '1658296657934341', 'name': 'comprasenlinea', 'title': None, 'cover': None}]",64100.0,"Automotive: parts, cars, motorcycles"
tt_direct,tiktok_video:local_aaf187ed711a39b080b8e82ef1e620f09785de3a7178048a68a49dcf79a8e207,jackets; outerwear,haul; try-on,The creator shares a try-on haul featuring multiple jackets purchased on eBay.,eBay haul!!  [],218.0,Unassigned (mixed/other)
tt_direct,tiktok_video:local_0ebe364768ef6856f5dce44e9f045e50e7c106473d734fabd592b029c1584a9f,custom keychains; books,haul; memorabilia,The creator showcases a mini haul featuring custom Rocky Horror keychains from eBay and a thrifted biography book.,"Haul prt 2 #rockyhorror #judygarland #michaelyork #fyp #foryoupage  [{'id': '131482', 'name': 'rockyhorror', 'title': None, 'cover': None}, {'id': '6268', 'name': 'judygarland', 'title': None, 'cover': None}, {'id': '1650994538910726', 'name': 'michaelyork', 'title': None, 'cover': None}, {'id': '229207', 'name': 'fyp', 'title': None, 'cover': None}, {'id': '88764338', 'name': 'foryoupage', 'title': None, 'cover': None}]",228.0,Physical media (Blu-ray/DVD/steelbook/VHS/CD/vinyl/books)
tt_direct,tiktok_video:local_44bb41d34236f995d3e569f6dabe07b815e23ca4c0739a1704dda92f489a91dd,fabric; Nintendo DS,haul; low-ball offers,"The creator unboxes packages from a low-ball eBay haul, revealing fabric and referencing a Nintendo DS.","Low-ball eBay haul!!! 🫶🏻🔮💖🌸 What is your fav item from this lovely eBay haul?? #ebay #secondhand #vintagelover #nintendods #thrifting  [{'id': '186688', 'name': 'ebay', 'title': None, 'cover': None}, {'id': '1618906125570053', 'name': 'secondhand', 'title': None, 'cover': None}, {'id': '21027480', 'name': 'vintagelover', 'title': None, 'cover': None}, {'id': '690677', 'name': 'nintendods', 'title': None, 'cover': None}, {'id': '130314', 'name': 'thrifting', 'title': 'Show us your best #Thrifting finds.', 'cover': 'https://p19-common-sign.tiktokcdn-us.com/musically-maliva-obj/d01345cdb88fac60c964be000a9f8455~tplv-tiktokx-origin.image?dr=9627&x-expires=1790283600&x-signature=5Z41sT6zICF0c%2BnsPPWDIrNlLwQ%3D&t=4d5b0474&ps=13740610&shp=81f88b70&shcp=9b759fb9&idc=useast5'}]",643.0,Video games and retro gaming
tt_direct,tiktok_video:local_d9d71cad4507ee384f06597cdfbad55b1cb6c0f325927894dc138ee4e208028e,Halloween decor; vintage collectibles,haul; unboxing,The creator unboxes vintage and secondhand Halloween decor items purchased from eBay.,"Halloween Secondhand/Vintage EBay Haul 👻🎃

#halloween #ebay #vintage #secondhand #fyp  [{'id': '5334', 'name': 'halloween', 'title': 'Happy Halloween!', 'cover': 'https://p19-common-sign.tiktokcdn-us.com/tiktok-obj/f2728fc798bb9a7702f3fdf742abd9f8.jpeg~tplv-tiktokx-origin.image?dr=9627&x-expires=1790283600&x-signature=5ZN%2BCOpQAu3MZ3uWHyDu3EEC6EM%3D&t=4d5b0474&ps=13740610&shp=81f88b70&shcp=9b759fb9&idc=useast5'}, {'id': '186688', 'name': 'ebay', 'title': None, 'cover': None}, {'id': '21743', 'name': 'vintage', 'title': None, 'cover': None}, {'id': '1618906125570053', 'name': 'secondhand', 'title': None, 'cover': None}, {'id': '229207', 'name': 'fyp', 'title': None, 'cover': None}]",293.0,"Home, kitchen and decor"
tt_direct,tiktok_video:local_9b6c9ee1e9a9a1043852242d522c08b99422c8745a1adfe9c1b3f6a35faf9d2e,women's activewear; jacket,haul; try-on,"The creator unboxes and tries on clothing items, including a Lululemon jacket purchased from Depop and eBay.","depop/ebay haul!! #depop #thrift #fyp #foryoupage #trending  [{'id': '6127348', 'name': 'depop', 'title': None, 'cover': None}, {'id': '172545', 'name': 'thrift', 'title': None, 'cover': None}, {'id': '229207', 'name': 'fyp', 'title': None, 'cover': None}, {'id': '88764338', 'name': 'foryoupage', 'title': None, 'cover': None}, {'id': '20105', 'name': 'trending', 'title': 'Discover the top viral trends, sounds and effects of the week! 🔥', 'cover': None}]",390.0,Unassigned (mixed/other)
tt_direct,tiktok_video:local_714e362b6b93a783bb048370192c054431ce9c2f374d775653839d3c72ccfa62,men's fragrance; perfume,unboxing; purchase review,A creator shares an unboxing and implied negative experience after buying an expensive men's fragrance on eBay.,"I bought an expensive men’s fragrance from eBay… this is how it went #fragrancetiktok #perfumetiktok #scent #fyp #fail  [{'id': '1660424295444485', 'name': 'fragrancetiktok', 'title': None, 'cover': None}, {'id': '1652767260510210', 'name': 'perfumetiktok', 'title': None, 'cover': None}, {'id': '148432', 'name': 'scent', 'title': None, 'cover': None}, {'id': '229207', 'name': 'fyp', 'title': None, 'cover': None}, {'id': '5013', 'name': 'fail', 'title': ""It's #Fail time"", 'cover': None}]",19600.0,"Beauty, fragrance and personal care"
tt_direct,tiktok_video:local_413d507466f5a844db78e3d170303b13b4b3ce4c766eab8e7777662694758007,portable DVD player; DVD,haul showcase; product demonstration,A showcase displays recent eBay purchases consisting of a portable DVD player and a movie DVD in use.,[],519.0,Physical media (Blu-ray/DVD/steelbook/VHS/CD/vinyl/books)
tt_direct,tiktok_video:local_4829e7e5ab8ea2da595caf296762567736642ce46adc98cbf4d62212d8b6d90f,video game coordinates; Minecraft server,gaming; unusual purchase,The creator explores locations in Minecraft using 2B2T server coordinates purchased on eBay.,"I Bought 2B2T Coordinates on eBay (fitmc) | #minecraftusa #usaus #unitedstates #mc [{'id': '1661710546102277', 'name': 'minecraftusa', 'title': None, 'cover': None}, {'id': '1618254330659845', 'name': 'usaus', 'title': None, 'cover': None}, {'id': '100417', 'name': 'unitedstates', 'title': None, 'cover': None}, {'id': '6181', 'name': 'mc', 'title': None, 'cover': None}]",113600.0,Video games and retro gaming
tt_direct,tiktok_video:local_c782f692bc978712553acc428d84478c360c37b87d09db49380b52f9c7e7ffe6,vintage clothing; dress,sponsored promotion; live shopping,A partner video promotes shopping for vintage fashion via eBay Live auctions.,"@ebay live is a thrilling and easy way to shop online ✨🫶 ask questions about your pieces, bid what you want, and take home your new favorite piece 💝 #ebaypartner 

check out the link in my bio to tune into eBay Live now, and tell em siranda sent ya 😏✨

#colorfulfashion #transitions #styleinspo #vintagefashion  [{'id': '1672317931590661', 'name': 'ebaypartner', 'title': None, 'cover': None}, {'id': '75971987', 'name': 'colorfulfashion', 'title': None, 'cover': None}, {'id': '104296', 'name': 'transitions', 'title': None, 'cover': None}, {'id': '34858714', 'name': 'styleinspo', 'title': ""Whether it's flipping through magazines, following your favorite creators, or thrifting for a unique look, show us where you get your #StyleInspo."", 'cover': None}, {'id': '5734410', 'name': 'vintagefashion', 'title': None, 'cover': None}]",10300.0,Vintage and secondhand clothing / thrift
tt_direct,tiktok_video:local_62e72dcac18974bda362ad0b4b238173ed04664ab22d90e4970bfb969a05d8ca,home decor; personal care,cross-listing; reselling strategy,A reseller outlines sourcing cheap items and selling across multiple resale platforms including eBay.,"I have my reseller eggs in all the baskets!  #eBay  #vinted #poshmark #mercari [{'id': '186688', 'name': 'ebay', 'title': None, 'cover': None}, {'id': '16399512', 'name': 'vinted', 'title': None, 'cover': None}, {'id': '18994030', 'name': 'poshmark', 'title': None, 'cover': None}, {'id': '4069499', 'name': 'mercari', 'title': None, 'cover': None}]",9878.0,"Home, kitchen and decor"
tt_direct,tiktok_video:local_13ce7f98ff80017955d239f98b5c3d73f64f7ce7a9e842e88eaff3fed5764b52,vintage clothing; denim,seller recommendations; shopping tips,A creator shares favorite eBay seller accounts for shopping vintage clothing and denim.,"finally sharing some of my favs places to shop online for quality vintage #ebayfinds #ebaysearch #personalstyle #vintagefashion #vintagedesigner  [{'id': '1653141458191365', 'name': 'ebayfinds', 'title': None, 'cover': None}, {'id': '1673458373273605', 'name': 'ebaysearch', 'title': None, 'cover': None}, {'id': '21463059', 'name': 'personalstyle', 'title': None, 'cover': None}, {'id': '5734410', 'name': 'vintagefashion', 'title': None, 'cover': None}, {'id': '1643223872531462', 'name': 'vintagedesigner', 'title': None, 'cover': None}]",4165.0,Vintage and secondhand clothing / thrift
tt_direct,tiktok_video:local_6699de5054017da7e2c1453096da428c464f40126f68f680208750cefb1489f6,jacket; vintage menswear,search advice; deal finding,A creator shares search term tips to find better deals on vintage clothing on eBay.,"A small tip for shopping second hand. I love finding good deals 🫡 happy shopping. 

#vintagefashion #ebayfinds #menswear #mensfashion #fashiontiktok  [{'id': '5734410', 'name': 'vintagefashion', 'title': None, 'cover': None}, {'id': '1653141458191365', 'name': 'ebayfinds', 'title': None, 'cover': None}, {'id': '870345', 'name': 'menswear', 'title': None, 'cover': None}, {'id': '336181', 'name': 'mensfashion', 'title': ""Gentlemen, it's your turn!"", 'cover': None}, {'id': '1604791864655873', 'name': 'fashiontiktok', 'title': ""From red carpet reviews to finding your own style, we're here for all things fashion."", 'cover': 'https://p16-common-sign.tiktokcdn-us.com/musically-maliva-obj/2ad7203151f95c29c9dd3a30fa18adb7.png~tplv-tiktokx-origin.image?dr=9627&x-expires=1790283600&x-signature=rODfJ0hr030RrtSHt4wurus9cj4%3D&t=4d5b0474&ps=13740610&shp=81f88b70&shcp=9b759fb9&idc=useast5'}]",55200.0,Unassigned (mixed/other)
tt_direct,tiktok_video:local_7f4d658837f951d606446864f90734f2711867b02eb43665da564bd178ef516a,vintage clothing; jeans,outfit showcase; ebay finds,A creator showcases a vintage outfit featuring Gap jeans and a Coca-Cola top sourced from eBay.,"I find the best vintage clothes on eBay 🤧🥹
#outfitinspo #gapjeans #ebayfinds #ebay  [{'id': '3958603', 'name': 'outfitinspo', 'title': 'Show us your #OutfitInspo.', 'cover': None}, {'id': '48831869', 'name': 'gapjeans', 'title': None, 'cover': None}, {'id': '1653141458191365', 'name': 'ebayfinds', 'title': None, 'cover': None}, {'id': '186688', 'name': 'ebay', 'title': None, 'cover': None}]",2235.0,Vintage and secondhand clothing / thrift
tt_direct,tiktok_video:local_b70e3ea752bd7374fcde9746bd57e656166c130aae2e70cd591ae37152a348ed,Miata car; automobiles,buyer regret; car purchase,A creator shares an experience of purchasing a Miata on eBay and expressing regret.,I Bought A Miata Off Ebay_! (REGRET)-3 [],108.0,"Automotive: parts, cars, motorcycles"
tt_direct,tiktok_video:local_e17aad3e31c1c843c2377c75ef38bd98d88a5e50b2460e8664c0bf1c255fffd2,music CD; promo advance CD,item showcase; purchase haul,A creator reveals and discusses acquiring a rare 1997 Hum promo advance CD for $86 on eBay.,"Face Reveal? I finally got Hum - Downward Is Heavenward
(1997) RCA Promo Advance CD on eBay for 86$ so this album came out (1997) before the actual album (1998) came out I’m soo happy I have found a rare copy! The product is a rare RCA promo advance CD album by the artist Hum, titled ""Downward Is Heavenward."" Released in 1997, this album features a blue jewel case and has a catalog number of RADV 67446-2. With a run time of 52:04, it falls under the rock genre and was produced by Hum and Mark Rubel. This limited edition release is a must-have for fans of 1990s music looking to delve into the unique sound and style of Hum. The cd itself is in excellent condition: Only a couple visible scratches. Jewel case and liner are also in perfect condition! Cd will be wrapped and shipped in a bubble mailer. #fyp #downwardisheavenward #hum #90srock #cdhaul  [{'id': '229207', 'name': 'fyp', 'title': None, 'cover': None}, {'id': '1684078528320517', 'name': 'downwardisheavenward', 'title': None, 'cover': None}, {'id': '70967', 'name': 'hum', 'title': None, 'cover': None}, {'id': '1060985', 'name': '90srock', 'title': None, 'cover': None}, {'id': '1659730326025221', 'name': 'cdhaul', 'title': None, 'cover': None}]",4104.0,Physical media (Blu-ray/DVD/steelbook/VHS/CD/vinyl/books)
tt_direct,tiktok_video:local_f9cd42a074f314da33cbbc7408cd50856c87a814aa8e84e5f42f88d92a5153dd,princess lamp; home decor,unboxing; item showcase,A creator unboxes and showcases an ornate pink princess lamp found on eBay.,"i fear i may have peaked….this is the prettiest princess lamp ive ever seen !!!!!!! :’) ♡ #thrift #princess #coquette #secondhand  [{'id': '172545', 'name': 'thrift', 'title': None, 'cover': None}, {'id': '8939', 'name': 'princess', 'title': None, 'cover': None}, {'id': '5732682', 'name': 'coquette', 'title': None, 'cover': None}, {'id': '1618906125570053', 'name': 'secondhand', 'title': None, 'cover': None}]",22200.0,"Home, kitchen and decor"
tt_direct,tiktok_video:local_171d0d7f7b6b43cd2ecf0958f485881ebdfcd9192cff12a7855f4b86120a7a2c,leather jacket,unboxing; haul,A creator unboxes and tries on a leather jacket purchased on eBay for under $40.,"100% leather and less than $40!! love a good ebay find!!@KatieCasper taught me well @ebay #ebayfinds #vintageleatherjacket #leatherjacket  [{'id': '1653141458191365', 'name': 'ebayfinds', 'title': None, 'cover': None}, {'id': '1650085474423813', 'name': 'vintageleatherjacket', 'title': None, 'cover': None}, {'id': '252424', 'name': 'leatherjacket', 'title': None, 'cover': None}]",974.0,Unassigned (mixed/other)
tt_direct,tiktok_video:local_22332c9ccfec0da51ad4525d12b157c6279f0e70e8af8a7c7c668451ca6b84ea,Manga volumes,Haul unboxing; Collection display,A creator shares an unboxing of Bleach manga volumes purchased from eBay and adds them to a bookshelf.,"Haul #haul #mangaedit  [{'id': '81497', 'name': 'haul', 'title': 'Any excuse for a fashion haul...', 'cover': 'https://p19-common-sign.tiktokcdn-us.com/musically-maliva-obj/4105cc54bccf7c4a633c49218dbf5ea8~tplv-tiktokx-origin.image?dr=9627&x-expires=1790283600&x-signature=kich6XdVtvvPzg0DRoZGx8bSjM4%3D&t=4d5b0474&ps=13740610&shp=81f88b70&shcp=9b759fb9&idc=useast8'}, {'id': '2590134', 'name': 'mangaedit', 'title': None, 'cover': None}]",772.0,Physical media (Blu-ray/DVD/steelbook/VHS/CD/vinyl/books)
tt_direct,tiktok_video:local_d9a882d7d8bd9f7c8d83a56ce675fdc3360083ee2ea5d7b9d22b797abf2b0acb,vintage clothing; vintage accessories,shopping tips; affordable finds,A creator shares tips for finding affordable vintage fashion items across platforms including eBay.,"Spilling more of my vintage shopping secrets, and these are all shockingly cheap too! What vibe should I do next? 

Search @ebay @Etsy @Depop and @Poshmark for all this gorgeous stuff!  []",115700.0,Vintage and secondhand clothing / thrift
tt_direct,tiktok_video:local_2a6b94b378fede69e790c5b469338de3dac9fd350d382b624ce4cd2e3c2700aa,shirts; menswear,thrifting; resale sourcing,A creator shares finding three Poncho shirts at a thrift store for resale on eBay.,"Back to back to back… I thought I was seeing things. 😳

These Poncho shirts are absolutely on fire on eBay right now, and somehow the thrift gods lined up THREE of them in the same section. Paid $5 each… and they should sell for around $60 each. 💰

One good brand can turn an average thrift stop into a huge day fast.

Full YouTube is up… link in profile!

#thriftfinds #ebayreseller #resellercommunity #thrifting #vintageclothing       [{'id': '45983736', 'name': 'thriftfinds', 'title': None, 'cover': None}, {'id': '1639775441690630', 'name': 'ebayreseller', 'title': None, 'cover': None}, {'id': '1599895369880577', 'name': 'resellercommunity', 'title': None, 'cover': None}, {'id': '130314', 'name': 'thrifting', 'title': 'Show us your best #Thrifting finds.', 'cover': 'https://p16-common-sign.tiktokcdn-us.com/musically-maliva-obj/d01345cdb88fac60c964be000a9f8455~tplv-tiktokx-origin.image?dr=9627&x-expires=1790283600&x-signature=zEczsx9wUzk6Dma%2BKYi%2BvOyLfPI%3D&t=4d5b0474&ps=13740610&shp=81f88b70&shcp=9b759fb9&idc=useast8'}, {'id': '15243156', 'name': 'vintageclothing', 'title': None, 'cover': None}]",62600.0,Vintage and secondhand clothing / thrift
tt_direct,tiktok_video:local_fdc55bc1113fb9ced62a14f14b1a1c9d0e7db1fabf9eab4d888f5e14f08f5727,oddities; collectibles,haul; marketplace purchases,"The creator showcases unusual items bought off eBay, including a ventriloquist dummy and vintage phone.",Weird shit Wednesday 🕷️🪦🥀 some of the things I got off EBay!   [],312100.0,Reselling / seller how-to / marketplace ops
tt_direct,tiktok_video:local_f652285ee519e6a4e747b90b5cb580c2f1bb449d890809cca6d0e3d35663ccea,painting; fine art,restoration; purchase showcase,The creator demonstrates cleaning and restoring an old painting bought on eBay for £200.,"I Bought This Painting on Ebay for just £200 - PART 2 #painting #ebay #bought #fyp #trending  [{'id': '14057', 'name': 'painting', 'title': 'Pull out your paint, grab a brush, and start #Painting.', 'cover': None}, {'id': '186688', 'name': 'ebay', 'title': None, 'cover': None}, {'id': '39387', 'name': 'bought', 'title': None, 'cover': None}, {'id': '229207', 'name': 'fyp', 'title': None, 'cover': None}, {'id': '20105', 'name': 'trending', 'title': 'Discover the top viral trends, sounds and effects of the week! 🔥', 'cover': None}]",106.0,Unassigned (mixed/other)
tt_direct,tiktok_video:local_0e67d0e5b0bc99f48d86f4630244423b964afae024cd4416468c921e720d7af3,music memorabilia; photographs,item showcase,"A visual showcase reveals portraits of Elvis Presley, presenting possible memorabilia without explicit marketplace details.",[],20500.0,Sports memorabilia and equipment
tt_direct,tiktok_video:local_474ca521647faf43cf398e5a47a64e68d048b4a7c3901d0b2538796fe22d9386,music memorabilia; scrapbook,unboxing; item showcase,A creator unboxes an Adam Ant scrapbook found on eBay after becoming a fan of his music.,Found this really cool Adam ant scrap book bc I got into his music recently :3 [],322.0,Physical media (Blu-ray/DVD/steelbook/VHS/CD/vinyl/books)
tt_direct,tiktok_video:local_899a81d454bee07d39435cec61a2678b942b4a6f1613803afd62693115e3b528,fabric; handmade bag,crafting; item showcase,A creator showcases a handmade Halloween camera pouch sewn from fabric sourced on eBay.,"the fabric I found on eBay vs what I made with 🎃 first Halloween drop is here :)🧡🐈‍⬛🧡🐈‍⬛ #handmadebag #camerabag #digicamera #sewingtiktok #sewing  [{'id': '77713873', 'name': 'handmadebag', 'title': None, 'cover': None}, {'id': '1596553753145349', 'name': 'camerabag', 'title': None, 'cover': None}, {'id': '1668298533326849', 'name': 'digicamera', 'title': None, 'cover': None}, {'id': '1662175229417477', 'name': 'sewingtiktok', 'title': None, 'cover': None}, {'id': '121821', 'name': 'sewing', 'title': None, 'cover': None}]",533.0,"Sewing, craft and notions"
tt_direct,tiktok_video:local_61176156674c27ea7574e5c4260172cb35f19153d7d97eb6da8052512ca08575,miniature paintings; ACEO,seller promotion; crafting,An artist shares miniature ACEO paintings as their hobby and promotes their availability for sale on eBay.,"Just something I love doing. 

all can be found on ebay
search: artby-umj 

#ACEO #tinyart #originalart #artbyumj #hobby  [{'id': '1484614', 'name': 'aceo', 'title': None, 'cover': None}, {'id': '40431676', 'name': 'tinyart', 'title': 'Show us those microscopic masterpieces.', 'cover': 'https://p19-common-sign.tiktokcdn-us.com/musically-maliva-obj/1636262538103813.PNG~tplv-tiktokx-origin.image?dr=9627&x-expires=1790283600&x-signature=MOh1dWiPW30y8PKrRP5BJOD01EI%3D&t=4d5b0474&ps=13740610&shp=81f88b70&shcp=9b759fb9&idc=useast5'}, {'id': '3966965', 'name': 'originalart', 'title': None, 'cover': None}, {'id': '7679133185736704013', 'name': 'artbyumj', 'title': None, 'cover': None}, {'id': '46827', 'name': 'hobby', 'title': None, 'cover': None}]",173.0,"Sewing, craft and notions"
tt_direct,tiktok_video:local_7b0a77aa3a159980a7f5803c3c87c2d2cb8c7e1b4eb55bcf85016f3a785d60b0,vintage 8mm film; physical media,item showcase; marketplace find,A creator showcases vintage 8mm film footage found on eBay.,"Cool 8mm i found on ebay 

#homemovie #filmtok #nostalgia #nostalgic #8mm #8mmfilm #thrift #memories  [{'id': '293399', 'name': 'homemovie', 'title': None, 'cover': None}, {'id': '1639367069624326', 'name': 'filmtok', 'title': 'Celebrate the world of cinema with TikTok.', 'cover': 'https://p16-common-sign.tiktokcdn-us.com/tiktok-obj/1c879ff9cc10ea2d4a0e5d5445038a4d.png~tplv-tiktokx-origin.image?dr=9627&x-expires=1790283600&x-signature=H1W3RqEfcawpBVZmf4TYpTO7Wsw%3D&t=4d5b0474&ps=13740610&shp=81f88b70&shcp=9b759fb9&idc=useast5'}, {'id': '85252', 'name': 'nostalgia', 'title': 'We are inviting out all Singers, Instrumentalists, and DJs to relive their childhood days by either covering , playing, or even mixing the music of their favorite songs, cartoons, shows or even movies that makes them feel nostalgic.', 'cover': 'https://p19-common-sign.tiktokcdn-us.com/musically-maliva-obj/0a3e12831505fd2e7e1ab4b5380c9bcd.png~tplv-tiktokx-origin.image?dr=9627&x-expires=1790283600&x-signature=uwcgeFLXYSfZDvuoIBJ66WB95Ok%3D&t=4d5b0474&ps=13740610&shp=81f88b70&shcp=9b759fb9&idc=useast5'}, {'id': '39661', 'name': 'nostalgic', 'title': ""Let's get #Nostalgic and share your favorite childhood memories with us! ❤️ 💭"", 'cover': 'https://p19-common-sign.tiktokcdn-us.com/tiktok-obj/e3bd2ebf0fd6fdb8336fb6dcc6e902af.png~tplv-tiktokx-origin.image?dr=9627&x-expires=1790283600&x-signature=PJZFOMZsbdSU1LMN6DR0fGFc%2Fhg%3D&t=4d5b0474&ps=13740610&shp=81f88b70&shcp=9b759fb9&idc=useast5'}, {'id': '27792', 'name': '8mm', 'title': None, 'cover': None}, {'id': '1609923361048582', 'name': '8mmfilm', 'title': None, 'cover': None}, {'id': '172545', 'name': 'thrift', 'title': None, 'cover': None}, {'id': '5263', 'name': 'memories', 'title': ""Sometimes when I'm lonely, I sit and think about these #Memories."", 'cover': None}]",310.0,Physical media (Blu-ray/DVD/steelbook/VHS/CD/vinyl/books)
tt_direct,tiktok_video:local_3a9ead627dd69b9192e955fbf9bd8e4105a35322b8b77ddb227ca3d9b4dd2276,vintage collectibles; vintage books,haul; unboxing,A creator shares an eBay and Depop haul featuring vintage 1960s collectibles and books.,"EBAY AND DEPOP HAUL #1960s #60s #funny #fyp #thebeatles  [{'id': '425077', 'name': '1960s', 'title': None, 'cover': None}, {'id': '38361', 'name': '60s', 'title': None, 'cover': None}, {'id': '5424', 'name': 'funny', 'title': ""What's so #Funny?"", 'cover': None}, {'id': '229207', 'name': 'fyp', 'title': None, 'cover': None}, {'id': '1235', 'name': 'thebeatles', 'title': ""The Beatles are officially on TikTok! Whether you're still celebrating British bands, touring Abbey Road, or just looking Across the Universe, join the community and show your appreciation for one of the greatest bands in history."", 'cover': 'https://p16-common-sign.tiktokcdn-us.com/musically-maliva-obj/e53cc4b68df96694fe98b9474012f839~tplv-tiktokx-origin.image?dr=9627&x-expires=1790283600&x-signature=3T9%2FH47z5hsfqwc8lOxARDqJJOs%3D&t=4d5b0474&ps=13740610&shp=81f88b70&shcp=9b759fb9&idc=useast5'}]",12800.0,Physical media (Blu-ray/DVD/steelbook/VHS/CD/vinyl/books)
tt_direct,tiktok_video:local_bb746165e094097a25aa8f7355ed95356a3fb4f0625fbbc333779679122e02cd,body mist; cosmetics,haul; unboxing,A creator shares a multi-store beauty haul including body mist purchased from eBay.,"#prettylittleliars || hi 🫪🫰🏻 //#spencerhastingseyepencil #haul #cupcake #autumhaul  [{'id': '8167', 'name': 'prettylittleliars', 'title': None, 'cover': None}, {'id': '7686942124407226401', 'name': 'spencerhastingseyepencil', 'title': None, 'cover': None}, {'id': '81497', 'name': 'haul', 'title': 'Any excuse for a fashion haul...', 'cover': 'https://p16-common-sign.tiktokcdn-us.com/musically-maliva-obj/4105cc54bccf7c4a633c49218dbf5ea8~tplv-tiktokx-origin.image?dr=9627&x-expires=1790283600&x-signature=Cmy%2FPEJ%2B%2FiO2Z8j8jXFSlGTSGVQ%3D&t=4d5b0474&ps=13740610&shp=81f88b70&shcp=9b759fb9&idc=useast5'}, {'id': '16831', 'name': 'cupcake', 'title': 'I like you, have a cupcake!', 'cover': None}, {'id': '1612257670779926', 'name': 'autumhaul', 'title': None, 'cover': None}]",423.0,"Beauty, fragrance and personal care"
tt_direct,tiktok_video:local_bdbc0bff0c1ef07abb77430115361cbe594cb2bf28d300be02754471cba8da89,manga; books,haul; buying tips,A creator displays a Blue Lock manga haul bought from eBay and praises search techniques.,"#anime the quality is so bad but I really wanted to show my blue lock manga. EBAY is the move when you know how to search right #bluelockedit #fyp #mangarecommendation #haul  [{'id': '5917', 'name': 'anime', 'title': 'Love #Anime? Welcome to the club.', 'cover': 'https://p16-common-sign.tiktokcdn-us.com/musically-maliva-obj/90843f2eda9d880abb4055263d6c14b8.png~tplv-tiktokx-origin.image?dr=9627&x-expires=1790283600&x-signature=eojpzvLe85YROFqaVNP%2FI1mFaoU%3D&t=4d5b0474&ps=13740610&shp=81f88b70&shcp=9b759fb9&idc=useast5'}, {'id': '1667955520401413', 'name': 'bluelockedit', 'title': None, 'cover': None}, {'id': '229207', 'name': 'fyp', 'title': None, 'cover': None}, {'id': '1646249024957445', 'name': 'mangarecommendation', 'title': None, 'cover': None}, {'id': '81497', 'name': 'haul', 'title': 'Any excuse for a fashion haul...', 'cover': 'https://p19-common-sign.tiktokcdn-us.com/musically-maliva-obj/4105cc54bccf7c4a633c49218dbf5ea8~tplv-tiktokx-origin.image?dr=9627&x-expires=1790283600&x-signature=kich6XdVtvvPzg0DRoZGx8bSjM4%3D&t=4d5b0474&ps=13740610&shp=81f88b70&shcp=9b759fb9&idc=useast5'}]",5097.0,Physical media (Blu-ray/DVD/steelbook/VHS/CD/vinyl/books)
tt_direct,tiktok_video:local_d98c816cfe9daa3f7706d80555ad664bcf37f58bc94c79eb1bbff37a338f200a,retro video games; game discs,unboxing; deal showcase,A creator unboxes a large retro video game collection purchased on eBay at a low price.,"Let's unbox this massive hail of retro games I got from eBay at a stupid price. There are some great games in here! #ebay #gamecollection #gamecollector #retro #retrogames #retrogaming #gaming  [{'id': '186688', 'name': 'ebay', 'title': None, 'cover': None}, {'id': '9856680', 'name': 'gamecollection', 'title': 'Show us your videogame collection; whether you have a few on the shelf or an entire collection, show us your games, consoles, peripherals &amp; more using the hashtag #GameCollection.', 'cover': 'https://p16-common-sign.tiktokcdn-us.com/musically-maliva-obj/1d8af02485efdd5be665658e81b2ecfe~tplv-tiktokx-origin.image?dr=9627&x-expires=1790283600&x-signature=M69NqA0IO2oB0zdLDPlN8ah7Nkc%3D&t=4d5b0474&ps=13740610&shp=81f88b70&shcp=9b759fb9&idc=useast5'}, {'id': '1626291837247494', 'name': 'gamecollector', 'title': None, 'cover': None}, {'id': '2557', 'name': 'retro', 'title': 'Use Retro Effect and see what happens!', 'cover': None}, {'id': '4727894', 'name': 'retrogames', 'title': None, 'cover': None}, {'id': '7991024', 'name': 'retrogaming', 'title': ""Whether you're still living a 8-bit life, or emulating a classic, it's time to celebrate #RetroGaming"", 'cover': None}, {'id': '16057', 'name': 'gaming', 'title': ""Stock up on extra lives, because we're celebrating the #Gaming community. Show us what you're playing, where you play, and your top recommendations!"", 'cover': 'https://p19-common-sign.tiktokcdn-us.com/musically-maliva-obj/3a487123fee6293297f60302b2bc9476.png~tplv-tiktokx-origin.image?dr=9627&x-expires=1790283600&x-signature=hLe2Tkt1DT7ECkpykzOXvDVFVwc%3D&t=4d5b0474&ps=13740610&shp=81f88b70&shcp=9b759fb9&idc=useast5'}]",1017.0,Video games and retro gaming
tt_direct,tiktok_video:local_9e2e03e7838035736aaeb881259befe0dfab461994dc4889af57d021978eea5b,Roblox in-game items; digital items,buying advice; search tutorial,The creator demonstrates searching for Roblox items on eBay and advises against purchasing expensive listings.,"Replying to @(ง'̀-'́)ง Fight me #venomvoice and also do not buy the really really really expensive ones under any circumstances. Because people also sell sonic speed simulator stuff from time to time, but it’s usually like entire inventory’s or different things like that so yeah enjoy!❤️ [{'id': '1608298516589573', 'name': 'venomvoice', 'title': None, 'cover': None}]",1957.0,Unassigned (mixed/other)
tt_direct,tiktok_video:local_bcddb583dd2616e718fd0bac16794dcacf93dc7a8aef026b994b2c47c00afd41,sneakers; vintage clothing,shopping guide; ad sponsorship,The creator shares an ad tutorial demonstrating how to find unique sneakers and vintage clothing on eBay.,"HOW TO COP UNIQUE PIECES ON EBAY #HOWTO #HOWTOGUIDE #AD #EBAY #guide #BARGAIN #FYP #SHOPPING #SNEAKERS #SNEAKERHEAD  [{'id': '5394', 'name': 'howto', 'title': ""Whether it's a tutorial or a step by step process, here is #HowTo"", 'cover': 'https://p19-common-sign.tiktokcdn-us.com/tiktok-obj/4be3c8b12716006ed0485b81c3f972bf.png~tplv-tiktokx-origin.image?dr=9627&x-expires=1790283600&x-signature=jW3HotkOUSl5yN8%2BFM%2FI7LJyIOs%3D&t=4d5b0474&ps=13740610&shp=81f88b70&shcp=9b759fb9&idc=useast5'}, {'id': '1410425', 'name': 'howtoguide', 'title': None, 'cover': None}, {'id': '20898', 'name': 'ad', 'title': None, 'cover': None}, {'id': '186688', 'name': 'ebay', 'title': None, 'cover': None}, {'id': '142114', 'name': 'guide', 'title': None, 'cover': None}, {'id': '4542527', 'name': 'bargain', 'title': None, 'cover': None}, {'id': '229207', 'name': 'fyp', 'title': None, 'cover': None}, {'id': '9593', 'name': 'shopping', 'title': None, 'cover': None}, {'id': '64092', 'name': 'sneakers', 'title': None, 'cover': 'https://p19-common-sign.tiktokcdn-us.com/musically-maliva-obj/31c9ddd23cdfd62c0b91407b5e125518.png~tplv-tiktokx-origin.image?dr=9627&x-expires=1790283600&x-signature=l1Hr%2BSl7iRlnFxy0R8whYmLT7iM%3D&t=4d5b0474&ps=13740610&shp=81f88b70&shcp=9b759fb9&idc=useast5'}, {'id': '47740', 'name': 'sneakerhead', 'title': ""Whether you're searching for your grail, or just wearing out a pair of beaters, here's to each and every #Sneakerhead."", 'cover': 'https://p16-common-sign.tiktokcdn-us.com/musically-maliva-obj/1631822904921094.PNG~tplv-tiktokx-origin.image?dr=9627&x-expires=1790283600&x-signature=Nn3g3j%2BaGrVA%2Bsb05Jpb5SnTF6A%3D&t=4d5b0474&ps=13740610&shp=81f88b70&shcp=9b759fb9&idc=useast5'}]",4893.0,Vintage and secondhand clothing / thrift
tt_direct,tiktok_video:local_91483cf3399b32458895117be0ff91f33fb74f942b651cf44b77089e65bae0b7,vintage handbag,item showcase; haul,The creator showcases a vintage tiger-print handbag acquired from eBay as a top purchase.,"purchase of the year 🤌🏻👏🏻 @ebay #vintagefashion #vintagevibes #ebayfinds  [{'id': '5734410', 'name': 'vintagefashion', 'title': None, 'cover': None}, {'id': '35972196', 'name': 'vintagevibes', 'title': None, 'cover': None}, {'id': '1653141458191365', 'name': 'ebayfinds', 'title': None, 'cover': None}]",1843.0,Unassigned (mixed/other)
tt_direct,tiktok_video:local_0a221bfc55c1bb422d036d9f5073476ed25c7c43121a05f8811ec70794fa24a3,vintage denim; jeans,authentication tips; resale value,"A creator breaks down dating and authentication details for vintage Levi's that reportedly sold on eBay for $3,000.","These just sold on eBay for $3,000 and I’m breaking down the exact details I look for when trying to date and authenticate vintage Levi’s from the late 1950s to early 1960s. Big E tab, hidden rivets, selvedge denim, paper patch details, stitching, zipper/button clues… the tiny stuff is where the money is.

This is why resellers NEED to slow down and inspect every pair of old jeans before tossing them in the “just vintage” pile. Some of these details can literally mean the difference between $40 jeans and mortgage-payment jeans. 😭💸

Vintage denim collectors are absolutely wild about the correct era details, and honestly… I get it now.

#reseller #levis #vintage #denim #ebay  [{'id': '89286981', 'name': 'reseller', 'title': None, 'cover': None}, {'id': '308876', 'name': 'levis', 'title': None, 'cover': None}, {'id': '21743', 'name': 'vintage', 'title': None, 'cover': None}, {'id': '46595', 'name': 'denim', 'title': None, 'cover': None}, {'id': '186688', 'name': 'ebay', 'title': None, 'cover': None}]",870200.0,Vintage and secondhand clothing / thrift
tt_direct,tiktok_video:local_e57e0861149c68648193b8fc95ca643220ffaeb978c5e4d9bea2756b5c82cde6,vintage clothing,unboxing; haul,A woman unboxes a haul of vintage clothing purchased from eBay.,"Lotsa cute guys in this eBay haul #vintagefinds #unboxing #vintagehaul #ebayfinds #70saesthetic  [{'id': '1640868867941382', 'name': 'vintagefinds', 'title': None, 'cover': None}, {'id': '460811', 'name': 'unboxing', 'title': 'What are you #Unboxing?', 'cover': None}, {'id': '1643027649734661', 'name': 'vintagehaul', 'title': None, 'cover': None}, {'id': '1653141458191365', 'name': 'ebayfinds', 'title': None, 'cover': None}, {'id': '33634418', 'name': '70saesthetic', 'title': None, 'cover': None}]",5362.0,Vintage and secondhand clothing / thrift
tt_direct,tiktok_video:local_6ab97c207c35f999b5866f418b8a59932e7599ae116a862e46da3b558e3f6ef4,vintage jewelry,unboxing; mystery lot,A creator unboxes and inspects pieces from an eBay vintage mystery jewelry lot.,"#fyp #unboxing #fashion #vintage #jewelry #collector #vintagejewelry #jewelrytiktok #styling #ebay #ebayfinds #finds  [{'id': '229207', 'name': 'fyp', 'title': None, 'cover': None}, {'id': '460811', 'name': 'unboxing', 'title': 'What are you #Unboxing?', 'cover': None}, {'id': '11885', 'name': 'fashion', 'title': None, 'cover': None}, {'id': '21743', 'name': 'vintage', 'title': None, 'cover': None}, {'id': '21519', 'name': 'jewelry', 'title': None, 'cover': None}, {'id': '5239006', 'name': 'collector', 'title': None, 'cover': None}, {'id': '1616944762144774', 'name': 'vintagejewelry', 'title': None, 'cover': None}, {'id': '1666428791203845', 'name': 'jewelrytiktok', 'title': None, 'cover': None}, {'id': '146048', 'name': 'styling', 'title': ""What's your style?"", 'cover': None}, {'id': '186688', 'name': 'ebay', 'title': None, 'cover': None}, {'id': '1653141458191365', 'name': 'ebayfinds', 'title': None, 'cover': None}, {'id': '561162', 'name': 'finds', 'title': None, 'cover': None}]",18800.0,Jewelry and body jewelry
tt_direct,tiktok_video:local_f64a25b2ee01fa37cd8efb40c4d249d28d711fbbb458d7a0b437887264d5a7fa,vintage puffer jacket; outerwear,unboxing; try-on,A creator unboxes and tries on a vintage dark blue puffer jacket received from eBay.,"just in from @ebay #fyp #mensfashion  [{'id': '229207', 'name': 'fyp', 'title': None, 'cover': None}, {'id': '336181', 'name': 'mensfashion', 'title': ""Gentlemen, it's your turn!"", 'cover': None}]",943.0,Unassigned (mixed/other)
tt_direct,tiktok_video:local_99d5c3f25ba43ff520f119289008d1cb9727c8d9bcf44c1062b0f2110bc1e47f,secondhand clothing,try-on haul,The creator models outfits from a secondhand clothing haul sourced from eBay and Poshmark.,"mini haul 

#secondhandfashion #secondhand   [{'id': '1634465818178566', 'name': 'secondhandfashion', 'title': None, 'cover': None}, {'id': '1618906125570053', 'name': 'secondhand', 'title': None, 'cover': None}]",2133.0,Vintage and secondhand clothing / thrift
tt_direct,tiktok_video:local_c4e41017d0a350120b05e6f3aa10d32bda34738a7f659e27f52c7fb5f9165c3e,jewelry,thrift haul,The creator introduces a thrift haul tagged with jewelry and multiple resale platforms.,"#thrifthaul #poshmark #vinted #ebay #jewelryhaul  [{'id': '74352553', 'name': 'thrifthaul', 'title': 'Show us your #ThriftHaul and what you have brought recently!', 'cover': None}, {'id': '18994030', 'name': 'poshmark', 'title': None, 'cover': None}, {'id': '16399512', 'name': 'vinted', 'title': None, 'cover': None}, {'id': '186688', 'name': 'ebay', 'title': None, 'cover': None}, {'id': '35385242', 'name': 'jewelryhaul', 'title': None, 'cover': None}]",282.0,Vintage and secondhand clothing / thrift
tt_direct,tiktok_video:local_f141e130677c5af35200d12743939a1e8971701ee28337b7af50f3f1a3d45e21,vintage dresses,try-on haul,The creator tries on a haul of vintage dresses purchased on eBay.,"Replying to @༺ marissa ༻🐰ྀི haul try on here!! will likely get half of these taken in but i love them all 😭 successful haul thank god for @ebay #vintagedresses #ebayfinds #tryon  [{'id': '2225157', 'name': 'vintagedresses', 'title': None, 'cover': None}, {'id': '1653141458191365', 'name': 'ebayfinds', 'title': None, 'cover': None}, {'id': '767825', 'name': 'tryon', 'title': None, 'cover': None}]",82300.0,Vintage and secondhand clothing / thrift
tt_direct,tiktok_video:local_e3eff70e99d20684c86df7ce912f2fb5f6a6a35bc70e38a7ad1943518ad91485,vintage clothing,curated recommendations; product showcase,The creator shares curated vintage clothing listings found on eBay.,"Here are my favorite vintage fines from eBay today! #thriftonline #vintageseller #vintageshop #thriftfinds #vintageclothes #onlinethrifting #ebay #greenscreen  [{'id': '1659296778106886', 'name': 'thriftonline', 'title': None, 'cover': None}, {'id': '1625415579317254', 'name': 'vintageseller', 'title': None, 'cover': None}, {'id': '15243155', 'name': 'vintageshop', 'title': None, 'cover': None}, {'id': '45983736', 'name': 'thriftfinds', 'title': None, 'cover': None}, {'id': '29191793', 'name': 'vintageclothes', 'title': None, 'cover': None}, {'id': '1658101627588614', 'name': 'onlinethrifting', 'title': None, 'cover': None}, {'id': '186688', 'name': 'ebay', 'title': None, 'cover': None}, {'id': '801886', 'name': 'greenscreen', 'title': 'Try out the #GreenScreen Creative Effect! Check out the latest trends using #greenscreen for some inspiration. Just pick an image from your camera roll, stand in front of a plain background, and make the next TikTok masterpiece.', 'cover': 'https://p19-common-sign.tiktokcdn-us.com/musically-maliva-obj/e69896f9fc0e263ce07146644fdb1ae4~tplv-tiktokx-origin.image?dr=9627&x-expires=1790283600&x-signature=IvYHEuOvvvxTTpcLInAAUhDNE8Y%3D&t=4d5b0474&ps=13740610&shp=81f88b70&shcp=9b759fb9&idc=useast5'}]",691.0,Vintage and secondhand clothing / thrift
tt_direct,tiktok_video:local_db4809acd5d0539e2ea4bccf0c3bb0b0244e5ad6fbc35283e9f5c9caefa79f72,handbags; second-hand bags,unboxing finds; thrift discovery,A creator explores the unexpected contents discovered inside a second-hand maroon bag.,finds ehrlich so crazy  [],636100.0,Vintage and secondhand clothing / thrift
tt_direct,tiktok_video:local_3d05b8c510f49f5d2f31f3a6534589c15c6866950c170549b6d367d80f75b52a,vintage denim; jeans,clothing haul; eBay find,A creator shares and tries on pairs of vintage jeans purchased from eBay.,"The best Ebay find(s) of my life!!!👖🤩 #vintagejeans #thrifting #fashion #canada #fyp  [{'id': '12865073', 'name': 'vintagejeans', 'title': None, 'cover': None}, {'id': '130314', 'name': 'thrifting', 'title': 'Show us your best #Thrifting finds.', 'cover': 'https://p16-common-sign.tiktokcdn-us.com/musically-maliva-obj/d01345cdb88fac60c964be000a9f8455~tplv-tiktokx-origin.image?dr=9627&x-expires=1790283600&x-signature=zEczsx9wUzk6Dma%2BKYi%2BvOyLfPI%3D&t=4d5b0474&ps=13740610&shp=81f88b70&shcp=9b759fb9&idc=useast8'}, {'id': '11885', 'name': 'fashion', 'title': None, 'cover': None}, {'id': '14848', 'name': 'canada', 'title': None, 'cover': None}, {'id': '229207', 'name': 'fyp', 'title': None, 'cover': None}]",4939.0,Vintage and secondhand clothing / thrift
tt_direct,tiktok_video:local_5595361109c5a26be3d5d7a9c103300b4b63acba702c73b1cf9cf6338c1d99fe,handbags; leather handbags,unboxing; eBay find,A creator unboxes a blue leather handbag acquired via eBay from Japan.,quite possibly my best ebay find of all time and only took one day to arrive god is real [],394.0,Reselling / seller how-to / marketplace ops
tt_direct,tiktok_video:local_4b8a494c496eb70490677f789cb917cbe466eb67750f36601c20aeb49ec19e9a,8mm film; vintage film,archiving; eBay find,A creator showcases vintage mystery 8mm film purchased on eBay and displays its footage.,"A cool find from Japan 🇯🇵 

#CapCut #8mmfilm #kodaksbykaitlyn #fyp #foundfootage #japan #vintage #super8film #kodak #film #archive  [{'id': '1663935709411330', 'name': 'capcut', 'title': 'CapCut is a new, easy-to-use video editing tool designed for mobile platforms. CapCut provides users with a wide range of video editing functions, filters, audio &amp; visual effects, video templates, while keeping it free of charge and ads-free. Everyone can be a creator by using CapCut.  \n\nStart creating your cool videos today: \nhttps://capcut.onelink.me/XKqI/228cad85', 'cover': None}, {'id': '1609923361048582', 'name': '8mmfilm', 'title': None, 'cover': None}, {'id': '7244708730297581614', 'name': 'kodaksbykaitlyn', 'title': None, 'cover': None}, {'id': '229207', 'name': 'fyp', 'title': None, 'cover': None}, {'id': '8897973', 'name': 'foundfootage', 'title': None, 'cover': None}, {'id': '11972', 'name': 'japan', 'title': '🇯🇵musical.ly japan🇯🇵\n@musical.lyjapanをフォローし、最新ハッシュタグ情報をゲットしましょう。❤️\n\nそれと,日本muserは#japanを忘れないように！❤️', 'cover': None}, {'id': '21743', 'name': 'vintage', 'title': None, 'cover': None}, {'id': '1622515444088837', 'name': 'super8film', 'title': None, 'cover': None}, {'id': '25271', 'name': 'kodak', 'title': None, 'cover': None}, {'id': '28707', 'name': 'film', 'title': 'Welchen #Film hast du schon 1000 Mal gesehen und bekommst trotzdem nicht genug? 📽', 'cover': 'https://p16-common-sign.tiktokcdn-us.com/musically-maliva-obj/aba9baf9392c3cc2ae5a0cbac31de281.jpeg~tplv-tiktokx-origin.image?dr=9627&x-expires=1790283600&x-signature=V3nKHqvf%2BIRn1%2BvFijztqDhUdyY%3D&t=4d5b0474&ps=13740610&shp=81f88b70&shcp=9b759fb9&idc=useast8'}, {'id': '7135', 'name': 'archive', 'title': None, 'cover': None}]",2881.0,Reselling / seller how-to / marketplace ops
tt_direct,tiktok_video:local_9be4714a6691a103e922f416a9eb6b86ca30921c3b3a58ddbeec7ee7b5299eda,bicycle,buying tutorial; eBay Kleinanzeigen,A truck driver explains how to buy a bicycle using eBay in Germany.,"Как купить велосипед на EBay в Германии   #fyppp #truck #ebaykleinanzeigen #truckdriver #lkw  [{'id': '1625705313397766', 'name': 'fyppp', 'title': None, 'cover': None}, {'id': '139540', 'name': 'truck', 'title': None, 'cover': None}, {'id': '1599278778311686', 'name': 'ebaykleinanzeigen', 'title': None, 'cover': None}, {'id': '218229', 'name': 'truckdriver', 'title': None, 'cover': None}, {'id': '16419658', 'name': 'lkw', 'title': None, 'cover': None}]",75900.0,Sports memorabilia and equipment
tt_direct,tiktok_video:local_e9181e7cb605b28aad883bf99af81cdde2fcb18e8a4b22d5c5120639f90c2295,bracelets; jewelry,store tutorial; self-promotion,A small business seller demonstrates how to buy bracelets from their eBay store.,"Link in comments! How to purchase bracelet from my store!! #braceletdrop #braceletstacks #goldjewelry #silverjewelry #smallbusiness  [{'id': '44136374', 'name': 'braceletdrop', 'title': None, 'cover': None}, {'id': '56715006', 'name': 'braceletstacks', 'title': None, 'cover': None}, {'id': '19232600', 'name': 'goldjewelry', 'title': None, 'cover': None}, {'id': '87441488', 'name': 'silverjewelry', 'title': None, 'cover': None}, {'id': '31667995', 'name': 'smallbusiness', 'title': 'Join the #SmallBusiness community', 'cover': None}]",243.0,Jewelry and body jewelry
tt_direct,tiktok_video:local_b39cd1f5d230b483d571ff2a144b0b9e32b2fe20253af83cf22a13ce982b7bf8,branded clothing,reselling; sourcing,The creator credits a supplier for their reselling success with branded clothing.,"All tanks to my supplier #entrepreneur #reselling #lockin #online #vinted  [{'id': '111385', 'name': 'entrepreneur', 'title': 'Join the #Entrepreneur Post Contest and post videos sharing your tips, Insights and journey. From June 12th until July 10th, sign up and post for a chance to win up to $5000 in cash! Click link for official contest rules and how to enter: https://vt.tiktok.com/ZMSSfG9hA/', 'cover': 'https://p19-common-sign.tiktokcdn-us.com/musically-maliva-obj/c3ecfd60a9ec70e83afa5db970d6ec22.png~tplv-tiktokx-origin.image?dr=9627&x-expires=1790283600&x-signature=JFsIigUv7FOaP2JFfz16f8snjLk%3D&t=4d5b0474&ps=13740610&shp=81f88b70&shcp=9b759fb9&idc=useast5'}, {'id': '14545306', 'name': 'reselling', 'title': None, 'cover': None}, {'id': '538653', 'name': 'lockin', 'title': None, 'cover': None}, {'id': '187609', 'name': 'online', 'title': None, 'cover': None}, {'id': '16399512', 'name': 'vinted', 'title': None, 'cover': None}]",5308.0,Reselling / seller how-to / marketplace ops
tt_direct,tiktok_video:local_02abda104384254b9b368fd5af9f440a1305b010d06efcd7bdc9ddbbcb251d98,video games,buyer return dispute; seller experience,An eBay seller recounts a buyer claiming an empty box return for a video game using unmatched photo evidence.,"Sold a $49.99 copy of Shin Megami Tensei IV: Apocalypse. Bubble-wrapped it, boxed it, shipped it. Buyer opens a return claiming I sent an empty box.

His proof? A photo of a Kidde smoke and carbon monoxide alarm box.

I've been selling on ebay since 2010. If I were sending empty boxes, my account would be suspended. No 16-year seller is jeopardizing their account for a $50 sale.

Drop your worst ""the buyer's evidence didn't even match the item"" story below. I need to know I'm not the only one living this.

#ebay #ebayseller #ebayscam #onlineshopping [{'id': '186688', 'name': 'ebay', 'title': None, 'cover': None}, {'id': '68438801', 'name': 'ebayseller', 'title': None, 'cover': None}, {'id': '70992931', 'name': 'ebayscam', 'title': None, 'cover': None}, {'id': '1377018', 'name': 'onlineshopping', 'title': ""Whether you're waiting for packages, or just stocking up for the holidays, show us what you're buying online."", 'cover': None}]",73100.0,Video games and retro gaming
tt_direct,tiktok_video:local_7b05199460d36173412d0b9d4511739b52af477bb7aad9ddc4ece5f843116616,custom art cards,custom art; store promotion,A creator displays custom Pokemon-themed art cards arranged in a binder and directs viewers to their shop.,"First Pokémon 30th Anniversary Artwork ✨
Triple Meowth for begin 🎶
More Artwork available on our shop 🔥
Link in bio 📲
#pokemon #pokemontiktok #pokemontcg #pokemoncommunity #pokemonfan  [{'id': '82977192', 'name': 'pokemon', 'title': 'Celebrate #Pokemon together! Show us how you’re getting ready for Pokémon Scarlet and Violet!', 'cover': None}, {'id': '1599707271206917', 'name': 'pokemontiktok', 'title': None, 'cover': None}, {'id': '4992001', 'name': 'pokemontcg', 'title': None, 'cover': None}, {'id': '52050753', 'name': 'pokemoncommunity', 'title': None, 'cover': None}, {'id': '539595', 'name': 'pokemonfan', 'title': None, 'cover': None}]",37900.0,Reselling / seller how-to / marketplace ops
tt_direct,tiktok_video:local_d476374e05fe4c06e04044c440d3bb69f13a83f8a2e1c407ef361d751baf3acc,books,haul; product showcase,Creator showcases an eBay book haul to add to their reading list.,"My TBR is a mile long! 😅 #followme #books #booktokfyp #bookish #readinglist  [{'id': '6856', 'name': 'followme', 'title': None, 'cover': None}, {'id': '17861', 'name': 'books', 'title': None, 'cover': None}, {'id': '1670322054393861', 'name': 'booktokfyp', 'title': None, 'cover': None}, {'id': '3133261', 'name': 'bookish', 'title': ""To celebrate Book Lover's Day, show us some of your #bookish habits  📚💚"", 'cover': 'https://p16-common-sign.tiktokcdn-us.com/musically-maliva-obj/0a7751069010a0e1d5f81974470b035f~tplv-tiktokx-origin.image?dr=9627&x-expires=1790283600&x-signature=h2VcvA4WRjbyakzgHIIPYhPEuBs%3D&t=4d5b0474&ps=13740610&shp=81f88b70&shcp=9b759fb9&idc=useast5'}, {'id': '31814052', 'name': 'readinglist', 'title': ""Whether you're working through the final chapters or just cracking open a book, tell us about what you're reading because it's time for the TikTok #BookClub."", 'cover': 'https://p19-common-sign.tiktokcdn-us.com/musically-maliva-obj/1384a2c05b1549702331bb240fe57869~tplv-tiktokx-origin.image?dr=9627&x-expires=1790283600&x-signature=CehlOdpyyt97SQ1x2gvvSYvtgiY%3D&t=4d5b0474&ps=13740610&shp=81f88b70&shcp=9b759fb9&idc=useast5'}]",423.0,Physical media (Blu-ray/DVD/steelbook/VHS/CD/vinyl/books)
tt_direct,tiktok_video:local_d878f53585bd466605389985047032243c19de7e917edb3d808ce4a7a09eaea5,vintage fashion; footwear,haul; try-on,Creator unboxes and tries on 2000s fashion items and Rocket Dog flip-flops bought on eBay.,"It’s rocket dog summer #2000s  [{'id': '204050', 'name': '2000s', 'title': 'Pois pode separar o seu V3, a sua calça de cintura baixa e o seu piercing no umbigo: entra no carro amiga, nós vamos pros anos 2000!', 'cover': None}]",218700.0,Unassigned (mixed/other)
tt_direct,tiktok_video:local_a4e4e004123d11949bb0e0023f54b80a117c185fcf35f2bf4ca713a5c65ecd90,vintage apparel; sportswear,thrift haul; reselling,Creator shares thrifted clothing pickups intended for potential resale on eBay.,"Recent Grabs

#thrifthaul #reseller #thriftfinds #moneymindset #ebayseller  [{'id': '74352553', 'name': 'thrifthaul', 'title': 'Show us your #ThriftHaul and what you have brought recently!', 'cover': None}, {'id': '89286981', 'name': 'reseller', 'title': None, 'cover': None}, {'id': '45983736', 'name': 'thriftfinds', 'title': None, 'cover': None}, {'id': '64163646', 'name': 'moneymindset', 'title': None, 'cover': None}, {'id': '68438801', 'name': 'ebayseller', 'title': None, 'cover': None}]",268.0,Vintage and secondhand clothing / thrift
tt_direct,tiktok_video:local_9520b23f6c4cda1161c67fdc86b8d503f961445e20d7fe6b093131c9720f33cb,activewear; hoodies,thrift find; reselling,Creator shows thrifted Lululemon hoodies and asks if viewers would buy them for resale on Depop and eBay.,"For Sale on Depop and eBay 🚨
Would you guys pick these up for $10 ea??
#thrifthaul #depop #ebay #lululemonhaul  [{'id': '74352553', 'name': 'thrifthaul', 'title': 'Show us your #ThriftHaul and what you have brought recently!', 'cover': None}, {'id': '6127348', 'name': 'depop', 'title': None, 'cover': None}, {'id': '186688', 'name': 'ebay', 'title': None, 'cover': None}, {'id': '1636879229683717', 'name': 'lululemonhaul', 'title': None, 'cover': None}]",556700.0,Vintage and secondhand clothing / thrift
tt_direct,tiktok_video:local_a226ee3c340428ea6d6f6fc33024973b5d6b2a71c6719f383a26786449700b74,shot glass; drinkware,auction; thrift find,Creator shares an eBay auction link for a thrifted Israel flag smiley face shot glass.,"https://ebay.io/m/M5fJLN YOU GUYS DEMANDED SO HERES THE AUCTION Isreality #verity #thrift #isreal #thrifthaul #rare [{'id': '1079481', 'name': 'verity', 'title': None, 'cover': None}, {'id': '172545', 'name': 'thrift', 'title': None, 'cover': None}, {'id': '476006', 'name': 'isreal', 'title': None, 'cover': None}, {'id': '74352553', 'name': 'thrifthaul', 'title': 'Show us your #ThriftHaul and what you have brought recently!', 'cover': None}, {'id': '88415', 'name': 'rare', 'title': None, 'cover': None}]",7300000.0,Vintage and secondhand clothing / thrift
tt_direct,tiktok_video:local_90b38bbbc907bd120044232c28009ac042f06d978ef9518275f497f2209e4117,backpacks; band merchandise,listing reaction; rare find,Creator reacts with excitement to an eBay listing for a rare vintage Sublime skateboard backpack.,NO WAY NO WAYYY [],359.0,Reselling / seller how-to / marketplace ops
tt_direct,tiktok_video:local_03bf92808684d4ed2a7ffeb76d334106289c4f6d07feb48f1ee3e9071460a7c9,vintage cameras; collectibles,sales results; reselling,"A reseller reports $4,134 in eBay sales from various eclectic items including vintage cameras and collectibles.","$4,134 sold on eBay today.

The weird stuff always wins.

German Slipknot clown mask.
10ft 45-star American flag.
1950s Nikon rangefinder camera.
Vintage SLR camera.
WWII newsletter.
Vintage boombox.
Old broken violin.

Most people walk right past stuff like this because they don’t know what they’re looking at.

What’s the first thing YOU would’ve picked up?

#ebay #reseller #antiques #entrepreneur #packingorders  [{'id': '186688', 'name': 'ebay', 'title': None, 'cover': None}, {'id': '89286981', 'name': 'reseller', 'title': None, 'cover': None}, {'id': '5414827', 'name': 'antiques', 'title': None, 'cover': None}, {'id': '111385', 'name': 'entrepreneur', 'title': 'Join the #Entrepreneur Post Contest and post videos sharing your tips, Insights and journey. From June 12th until July 10th, sign up and post for a chance to win up to $5000 in cash! Click link for official contest rules and how to enter: https://vt.tiktok.com/ZMSSfG9hA/', 'cover': 'https://p16-common-sign.tiktokcdn-us.com/musically-maliva-obj/c3ecfd60a9ec70e83afa5db970d6ec22.png~tplv-tiktokx-origin.image?dr=9627&x-expires=1790283600&x-signature=xCgmhthrND0oF0rUN4e9E3TiR6g%3D&t=4d5b0474&ps=13740610&shp=81f88b70&shcp=9b759fb9&idc=useast8'}, {'id': '1625565031191557', 'name': 'packingorders', 'title': None, 'cover': None}]",1500000.0,Reselling / seller how-to / marketplace ops
tt_direct,tiktok_video:local_cff44bceaac66b8ad165b9518d4c2660432055a5b346144497e50d9f33659d3b,vintage t-shirts,resale value; market research,The creator highlights high eBay sales prices for vintage graphic t-shirts and advises viewers not to discard old clothing.,"¿Tienes camisetas viejas? 👕 No las tires todavía. 😳

Encontré camisetas vintage vendidas en eBay por cantidades increíbles… pero la última 🤯

👇 ¿Qué categoría investigo después?

#eBay #Reventa #CamisetasVintage #Vintage #Reseller [{'id': '186688', 'name': 'ebay', 'title': None, 'cover': None}, {'id': '45664342', 'name': 'reventa', 'title': None, 'cover': None}, {'id': '1693212239173637', 'name': 'camisetasvintage', 'title': None, 'cover': None}, {'id': '21743', 'name': 'vintage', 'title': None, 'cover': None}, {'id': '89286981', 'name': 'reseller', 'title': None, 'cover': None}]",77200.0,Vintage and secondhand clothing / thrift
tt_direct,tiktok_video:local_fd9585f69b56e837edecf99f3bca338f88cbed86bbc3f6fbc238dc1ea51807a9,vintage jewelry; charms,haul; unboxing,The creator presents a haul of vintage jewelry charms recently acquired from eBay.,"Let’s do a haul of all of the things I have recently gotten on EBAY 🩷
#vintagejewelry #jewelrytiktok #ebayhaul #jewelrytour #jewelrytok  [{'id': '1616944762144774', 'name': 'vintagejewelry', 'title': None, 'cover': None}, {'id': '1666428791203845', 'name': 'jewelrytiktok', 'title': None, 'cover': None}, {'id': '60438488', 'name': 'ebayhaul', 'title': None, 'cover': None}, {'id': '1645697803019269', 'name': 'jewelrytour', 'title': None, 'cover': None}, {'id': '1673647490030613', 'name': 'jewelrytok', 'title': ""Join the sparkle! Whether you're sharing joyful jewelry looks or shopping the trend, TikTok Shop is the place to shine."", 'cover': None}]",2215.0,Jewelry and body jewelry
tt_direct,tiktok_video:local_2bcde445ae93679a6f280c94cbfda41e811ecbfcc06697dcc195aad8352d28b0,bag; graphic t-shirt,unboxing; haul,"The creator unboxes two impulse eBay purchases, including a bag and a graphic t-shirt.","2 impulsive purchases that ended up being my favorite buys in a MINUTE #ebay #ebayfinds #firkin #unboxinghaul  [{'id': '186688', 'name': 'ebay', 'title': None, 'cover': None}, {'id': '1653141458191365', 'name': 'ebayfinds', 'title': None, 'cover': None}, {'id': '7078604', 'name': 'firkin', 'title': None, 'cover': None}, {'id': '1598625978698757', 'name': 'unboxinghaul', 'title': None, 'cover': None}]",7879.0,Unassigned (mixed/other)
tt_direct,tiktok_video:local_cabc61bdcf2f7581719a931ad3d8ef0568000307d6bf2bc603ed9531a9a318c2,vintage dresses,haul; fashion showcase,The creator showcases a haul of 1950s-style vintage dresses purchased from eBay.,"eBay Dress Haul #vintage#1950s#fyp [{'id': '21743', 'name': 'vintage', 'title': None, 'cover': None}, {'id': '500290', 'name': '1950s', 'title': None, 'cover': None}, {'id': '229207', 'name': 'fyp', 'title': None, 'cover': None}]",249.0,Vintage and secondhand clothing / thrift
tt_direct,tiktok_video:local_1af7f3b9b2f226d2dfc118b7c2a482f970c087887b59c198e3fa21a131695c14,vintage toys; automotive parts,sales recap; order packaging,"A reseller packages diverse eBay orders totaling $871.89 across categories including vintage toys, military items, and auto parts.","What SOLD on eBay today

Vietnam War M65 Field Jacket — $254.15
1930s Sky Rangers Tin Carousel — $178.50
Vintage Naval Signal Pennant — $149
1940–47 Ford Truck Gauge Cluster — $119
Vintage Structo Airlines Truck — $106.25
1920s Glass Door Knobs — $64.99

$871.89 in sales today.

Military, antique hardware, vintage toys, nautical and automotive—all going out in the same shipment.

The more categories you learn, the more items you recognize when you’re out sourcing.

Which category do you know the least about?

#ebay #reseller #vintage #estatesale #packingorders [{'id': '186688', 'name': 'ebay', 'title': None, 'cover': None}, {'id': '89286981', 'name': 'reseller', 'title': None, 'cover': None}, {'id': '21743', 'name': 'vintage', 'title': None, 'cover': None}, {'id': '70013329', 'name': 'estatesale', 'title': None, 'cover': None}, {'id': '1625565031191557', 'name': 'packingorders', 'title': None, 'cover': None}]",164800.0,"Automotive: parts, cars, motorcycles"
tt_direct,tiktok_video:local_8fb9266a364fe1cd10f86a9627b9f28aa039c74803b805c6dfc5f4d877396fc6,scarf; sandals,haul; unboxing,A creator unboxes a retail therapy haul featuring a scarf and sandals.,"retail therapy is the best therapy #ebayhaul #trrhaul #therealrealfinds #ebayfinds #vintagehaul  [{'id': '60438488', 'name': 'ebayhaul', 'title': None, 'cover': None}, {'id': '7067949017983893550', 'name': 'trrhaul', 'title': None, 'cover': None}, {'id': '7057634231953932335', 'name': 'therealrealfinds', 'title': None, 'cover': None}, {'id': '1653141458191365', 'name': 'ebayfinds', 'title': None, 'cover': None}, {'id': '1643027649734661', 'name': 'vintagehaul', 'title': None, 'cover': None}]",62700.0,Unassigned (mixed/other)
tt_direct,tiktok_video:local_a0eee55f9f9f0a6eef5782730d7d405193f50a9b26795fe3490fffaf0e1a05b2,clothing; accessories,haul; unboxing,A creator unboxes multiple packages from a Vinted clothing haul.,"Big vinted haul unboxing
#vintedhaul #vintedfinds #unboxing #vinted  [{'id': '1666668944058373', 'name': 'vintedhaul', 'title': None, 'cover': None}, {'id': '1676102787119109', 'name': 'vintedfinds', 'title': None, 'cover': None}, {'id': '460811', 'name': 'unboxing', 'title': 'What are you #Unboxing?', 'cover': None}, {'id': '16399512', 'name': 'vinted', 'title': None, 'cover': None}]",22600.0,Unassigned (mixed/other)
tt_direct,tiktok_video:local_d4ba4827e11f09ab4f08e2244da67254447007ec1fb977cff85ef533b147ce59,woven leather loafers; dress shoes,thrift haul; item showcase,A creator showcases a pair of Allen Edmonds black woven leather loafers found on eBay.,"I might be in love @ebay #allenedmonds #ebay #ebayfashion [{'id': '1644114110329861', 'name': 'allenedmonds', 'title': None, 'cover': None}, {'id': '186688', 'name': 'ebay', 'title': None, 'cover': None}, {'id': '78366491', 'name': 'ebayfashion', 'title': None, 'cover': None}]",3681.0,Vintage and secondhand clothing / thrift
tt_direct,tiktok_video:local_4feebc59a3066900757dac81d09e9639358ffb3bca398d5689b3a508f720c087,pressure washer attachment,product sourcing; reseller sales data,"A creator highlights an eBay listing for a pressure washer attachment showing 5,000 units sold for product hunting.","Product hunting 5000 sold 
#ebayfinds #ebay #ebaywintern #ebayseller #ebayreseller  [{'id': '1653141458191365', 'name': 'ebayfinds', 'title': None, 'cover': None}, {'id': '186688', 'name': 'ebay', 'title': None, 'cover': None}, {'id': None, 'name': 'ebaywintern', 'title': None, 'cover': None}, {'id': '68438801', 'name': 'ebayseller', 'title': None, 'cover': None}, {'id': '1639775441690630', 'name': 'ebayreseller', 'title': None, 'cover': None}]",28900.0,Reselling / seller how-to / marketplace ops
tt_direct,tiktok_video:local_97ac8105ac269592c7f9814948dffe941e584cdba119ed39e33f1a616fd769be,clothing,unboxing haul,"A creator unboxes a second-hand clothing haul from Vinted, showing a white long-sleeved top.","erm should i do a pt2 to show off the boots #vinted #clothes #vintage #haul #hollister  [{'id': '16399512', 'name': 'vinted', 'title': None, 'cover': None}, {'id': '28692', 'name': 'clothes', 'title': None, 'cover': None}, {'id': '21743', 'name': 'vintage', 'title': None, 'cover': None}, {'id': '81497', 'name': 'haul', 'title': 'Any excuse for a fashion haul...', 'cover': 'https://p16-common-sign.tiktokcdn-us.com/musically-maliva-obj/4105cc54bccf7c4a633c49218dbf5ea8~tplv-tiktokx-origin.image?dr=9627&x-expires=1790283600&x-signature=Cmy%2FPEJ%2B%2FiO2Z8j8jXFSlGTSGVQ%3D&t=4d5b0474&ps=13740610&shp=81f88b70&shcp=9b759fb9&idc=useast5'}, {'id': '42106', 'name': 'hollister', 'title': None, 'cover': None}]",7214.0,Unassigned (mixed/other)
tt_direct,tiktok_video:local_ad6821fb4c8e954bbee23fccbe0868f5e27293ca9fa5dfa79e341b5c6d42e8de,vintage fashion; handbags,fashion haul,"The creator displays a vintage haul including a Lockheart leather handbag, floral shoes, and knee-high boots.","big bags & ugly shoes is my brand #vintagebags #freakyshoes #vintagehaul #vintagelover #lockheart  [{'id': '1641383003710465', 'name': 'vintagebags', 'title': None, 'cover': None}, {'id': '32762571', 'name': 'freakyshoes', 'title': None, 'cover': None}, {'id': '1643027649734661', 'name': 'vintagehaul', 'title': None, 'cover': None}, {'id': '21027480', 'name': 'vintagelover', 'title': None, 'cover': None}, {'id': '3779505', 'name': 'lockheart', 'title': None, 'cover': None}]",695.0,Unassigned (mixed/other)
tt_direct,tiktok_video:local_ae6a97a6cfc75a6b4a9660cef9de4f6a7ead176106d2884e359898c834d0e07a,vintage denim; apparel haul,haul; product showcase,A creator displays vintage Miss Sixty denim pieces purchased as finds on eBay.,"#misssixty #ebayfinds #vintagehaul  [{'id': '38317290', 'name': 'misssixty', 'title': None, 'cover': None}, {'id': '1653141458191365', 'name': 'ebayfinds', 'title': None, 'cover': None}, {'id': '1643027649734661', 'name': 'vintagehaul', 'title': None, 'cover': None}]",31100.0,Vintage and secondhand clothing / thrift
tt_direct,tiktok_video:local_c56a3dc11d290cc91657968acd21a53df21a60a2c987747b1e393d23fcb5dc0a,clothing; apparel,reseller routine; order fulfillment,A full-time reseller documents picking and packing clothing inventory for Vinted and eBay orders.,"Day in the life of a full time reseller #reselling #reseller #vintedseller #ebayseller  [{'id': '14545306', 'name': 'reselling', 'title': None, 'cover': None}, {'id': '89286981', 'name': 'reseller', 'title': None, 'cover': None}, {'id': '1661930538672149', 'name': 'vintedseller', 'title': None, 'cover': None}, {'id': '68438801', 'name': 'ebayseller', 'title': None, 'cover': None}]",628400.0,Reselling / seller how-to / marketplace ops
tt_direct,tiktok_video:local_ac18eb56d7aae018433f5dec93b18bcd0418a73583670b9e0bc0c7773d110216,collectible dolls; apparel,haul; unboxing,A creator presents a shopping haul featuring dance and fall clothing alongside collectible Monchhichi dolls.,"mostly stuff for contemp dance and a few stuff for fall ☆ #haul #fall #ootd #blythe #fypシ  [{'id': '81497', 'name': 'haul', 'title': 'Any excuse for a fashion haul...', 'cover': 'https://p16-common-sign.tiktokcdn-us.com/musically-maliva-obj/4105cc54bccf7c4a633c49218dbf5ea8~tplv-tiktokx-origin.image?dr=9627&x-expires=1790283600&x-signature=Cmy%2FPEJ%2B%2FiO2Z8j8jXFSlGTSGVQ%3D&t=4d5b0474&ps=13740610&shp=81f88b70&shcp=9b759fb9&idc=useast8'}, {'id': '8244', 'name': 'fall', 'title': None, 'cover': None}, {'id': '13251', 'name': 'ootd', 'title': ""What's your #OOTD?"", 'cover': None}, {'id': '4400149', 'name': 'blythe', 'title': None, 'cover': None}, {'id': '1637342470396934', 'name': 'fypシ', 'title': None, 'cover': None}]",566.0,Unassigned (mixed/other)
tt_direct,tiktok_video:local_50518e7e6f67a58d4b0b369e023051ebe0af66e4ea37743b6613a5107c29603e,luxury fashion; pre-owned clothing,haul; marketplace finds,A creator unboxes pre-owned apparel purchased from The RealReal and Vinted in a haul video.,"in my editing bag clearly 🤓 i have a shopping addiction so more videos soon #shoppinghaul #fallwishlist #therealrealfinds #fypシ  [{'id': '5434609', 'name': 'shoppinghaul', 'title': ""Whether you're balling on a budget or love the finer things in life, show us your latest #ShoppingHaul."", 'cover': 'https://p19-common-sign.tiktokcdn-us.com/musically-maliva-obj/d260600238637e3cb512680ee50b038b~tplv-tiktokx-origin.image?dr=9627&x-expires=1790283600&x-signature=s77mhMEtJZ3hFFyEIlqCAHAKxVo%3D&t=4d5b0474&ps=13740610&shp=81f88b70&shcp=9b759fb9&idc=useast8'}, {'id': '1677677222080517', 'name': 'fallwishlist', 'title': None, 'cover': None}, {'id': '7057634231953932335', 'name': 'therealrealfinds', 'title': None, 'cover': None}, {'id': '1637342470396934', 'name': 'fypシ', 'title': None, 'cover': None}]",351.0,Reselling / seller how-to / marketplace ops
tt_direct,tiktok_video:local_da5a24a709f400a3d6c32e0cef609778aa8f74f4e8122003f836d47824204f46,vintage clothing; denim shirt,haul; budget fashion,A creator shares an unboxing haul of budget vintage clothing items purchased from eBay under $20.,"in my ebay shopping era foreverrrr 

#ebayfinds #ebayhaul #fallfashioninspo #vintagetop  [{'id': '1653141458191365', 'name': 'ebayfinds', 'title': None, 'cover': None}, {'id': '60438488', 'name': 'ebayhaul', 'title': None, 'cover': None}, {'id': '77132338', 'name': 'fallfashioninspo', 'title': None, 'cover': None}, {'id': '1657785062949893', 'name': 'vintagetop', 'title': None, 'cover': None}]",4703.0,Vintage and secondhand clothing / thrift
tt_direct,tiktok_video:local_a65942f765f81b06485efc35dd36421c02f41eddb7b5c94e8a7fbec4628862d8,vintage sunglasses; vintage t-shirt,haul; try on,A creator unboxes and showcases vintage sunglasses and a single-stitch baby tee acquired from eBay.,"Finding some gems #ebay #haul #tryon #vintage #fashion  [{'id': '186688', 'name': 'ebay', 'title': None, 'cover': None}, {'id': '81497', 'name': 'haul', 'title': 'Any excuse for a fashion haul...', 'cover': 'https://p16-common-sign.tiktokcdn-us.com/musically-maliva-obj/4105cc54bccf7c4a633c49218dbf5ea8~tplv-tiktokx-origin.image?dr=9627&x-expires=1790283600&x-signature=Cmy%2FPEJ%2B%2FiO2Z8j8jXFSlGTSGVQ%3D&t=4d5b0474&ps=13740610&shp=81f88b70&shcp=9b759fb9&idc=useast8'}, {'id': '767825', 'name': 'tryon', 'title': None, 'cover': None}, {'id': '21743', 'name': 'vintage', 'title': None, 'cover': None}, {'id': '11885', 'name': 'fashion', 'title': None, 'cover': None}]",2363.0,Vintage and secondhand clothing / thrift
tt_direct,tiktok_video:local_8d1d18a27151a8ee4311282f4cbc20d4a380f8e4f35ad36e8556ef59ef42bc6f,figurines; clothing,thrift haul; reselling,A creator shows an outfit of the day and a thrift haul intended for resale across platforms.,"OOTD and Thrifting haul!!

Follow me on Vinted, Depop and Ebay as projectmom.
Follow me on Poshmark as projectmom681.
#reseller #thriftinghaul #Vinted #depop #poshmark  [{'id': '89286981', 'name': 'reseller', 'title': None, 'cover': None}, {'id': '1638546191734790', 'name': 'thriftinghaul', 'title': None, 'cover': None}, {'id': '16399512', 'name': 'vinted', 'title': None, 'cover': None}, {'id': '6127348', 'name': 'depop', 'title': None, 'cover': None}, {'id': '18994030', 'name': 'poshmark', 'title': None, 'cover': None}]",49.0,Vintage and secondhand clothing / thrift
tt_direct,tiktok_video:local_8ecc6ac81ece1ee81ac8f6b1370c22d6d54150b50bb0a4a555379190e2fccbc8,Secondhand clothing; Dresses,Haul; Try-on,A creator shares a try-on haul of secondhand clothing items purchased from Vinted.,"petit haul Vinted les copains #haul #vinted #midsize #plusize # [{'id': '81497', 'name': 'haul', 'title': 'Any excuse for a fashion haul...', 'cover': 'https://p19-common-sign.tiktokcdn-us.com/musically-maliva-obj/4105cc54bccf7c4a633c49218dbf5ea8~tplv-tiktokx-origin.image?dr=9627&x-expires=1790283600&x-signature=kich6XdVtvvPzg0DRoZGx8bSjM4%3D&t=4d5b0474&ps=13740610&shp=81f88b70&shcp=9b759fb9&idc=useast5'}, {'id': '16399512', 'name': 'vinted', 'title': None, 'cover': None}, {'id': '45844409', 'name': 'midsize', 'title': None, 'cover': None}, {'id': '15822924', 'name': 'plusize', 'title': None, 'cover': None}]",6706.0,Vintage and secondhand clothing / thrift
tt_direct,tiktok_video:local_5b1ef08f2328bf005073f448997396e3e27a4e9c9a53cd4693db17b0634f0a50,Vintage skirts; Vintage apparel,Unboxing; Haul,A creator unboxes and models a vintage green and white striped skirt purchased from eBay.,"I love @ebay and I love skirts #ebayfinds #haul #vintagefashion #fashion  [{'id': '1653141458191365', 'name': 'ebayfinds', 'title': None, 'cover': None}, {'id': '81497', 'name': 'haul', 'title': 'Any excuse for a fashion haul...', 'cover': 'https://p19-common-sign.tiktokcdn-us.com/musically-maliva-obj/4105cc54bccf7c4a633c49218dbf5ea8~tplv-tiktokx-origin.image?dr=9627&x-expires=1790283600&x-signature=kich6XdVtvvPzg0DRoZGx8bSjM4%3D&t=4d5b0474&ps=13740610&shp=81f88b70&shcp=9b759fb9&idc=useast5'}, {'id': '5734410', 'name': 'vintagefashion', 'title': None, 'cover': None}, {'id': '11885', 'name': 'fashion', 'title': None, 'cover': None}]",2550.0,Unassigned (mixed/other)
tt_direct,tiktok_video:local_5ea7aafe8d3f6716d7c540404d5c1eb6a31e1c48eb491dac7e5ded87ff38edd7,Vintage kitchenware; Taxidermy display,Order fulfillment; Reselling,"An eBay seller packs sold items, including a vintage spatula and a butterfly collection, for shipping.","I need to order more poly mailers 😅 #ebayseller #resellertiktok #whatsoldonebay #resellercommunity #shippingorders  [{'id': '68438801', 'name': 'ebayseller', 'title': None, 'cover': None}, {'id': '1676808350835717', 'name': 'resellertiktok', 'title': None, 'cover': None}, {'id': '1665445533736966', 'name': 'whatsoldonebay', 'title': None, 'cover': None}, {'id': '1599895369880577', 'name': 'resellercommunity', 'title': None, 'cover': None}, {'id': '1638283392879621', 'name': 'shippingorders', 'title': None, 'cover': None}]",24000.0,"Home, kitchen and decor"
tt_direct,tiktok_video:local_c3951737a1fe27cf85f9baafd6b1dec76a5d08a788c59c246fb1dacffa01002e,Figurines; Vintage accessories,Haul; Showcase,A creator showcases a vintage lace garter and a pink poodle figurine acquired from eBay.,"Vintage eBay haul #vintagehaul #vintagetiktok #coquette #coquetteaesthetic @ebay  [{'id': '1643027649734661', 'name': 'vintagehaul', 'title': None, 'cover': None}, {'id': '1613127500573701', 'name': 'vintagetiktok', 'title': None, 'cover': None}, {'id': '5732682', 'name': 'coquette', 'title': None, 'cover': None}, {'id': '1694780127000582', 'name': 'coquetteaesthetic', 'title': None, 'cover': None}]",1200.0,Unassigned (mixed/other)
tt_direct,tiktok_video:local_145097e1e6748f5565951f7bc4fd08917fcedd07d8831b5b3806eeeabb5612ce,vintage clothing; menswear,haul; thrifting,A creator shares recent thrifted and eBay clothing pickups for building seasonal wardrobes.,"Some eBay/ thrift pickups: 
recently, I have been really into eBay and thrifting to pick up new pieces. It is a great way to grab affordable pieces to build out seasonal wardrobes. That’s what I have been using it for but here are some of my most recent pick ups. I hope that you enjoy and I hope you have a blessed day. #mensstyle #outfitinspo #styleinspo  [{'id': '8653783', 'name': 'mensstyle', 'title': None, 'cover': None}, {'id': '3958603', 'name': 'outfitinspo', 'title': 'Show us your #OutfitInspo.', 'cover': None}, {'id': '34858714', 'name': 'styleinspo', 'title': ""Whether it's flipping through magazines, following your favorite creators, or thrifting for a unique look, show us where you get your #StyleInspo."", 'cover': None}]",10800.0,Vintage and secondhand clothing / thrift
tt_direct,tiktok_video:local_2159bf0f9d387a6db4012887975cfa1892a772c9cc1f0b5f366d2b0adfa4ad07,clothing; bags,reselling; listing process,"A creator documents day 32 of reselling, showing clothing preparation, photography, and listing for eBay and Vinted.","Giorno 32 nella vita di un reseller #reselling #reseller #vinted #ebay #perte  [{'id': '14545306', 'name': 'reselling', 'title': None, 'cover': None}, {'id': '89286981', 'name': 'reseller', 'title': None, 'cover': None}, {'id': '16399512', 'name': 'vinted', 'title': None, 'cover': None}, {'id': '186688', 'name': 'ebay', 'title': None, 'cover': None}, {'id': '7040286', 'name': 'perte', 'title': None, 'cover': None}]",57400.0,Reselling / seller how-to / marketplace ops
tt_direct,tiktok_video:local_85584029910519406884d8f9456c26ac677c091c386b29c097ec1f9f92e43bf4,vintage clothing; handbags,haul; unboxing,"A creator unboxes affordable Y2K and vintage items purchased on eBay, including a Guess bag.","I scroll eBay like it’s tiktok
.
#y2k #90s #y2kfashion #style #secondhandfinds #vintage #vintagefashion #haul #2000s  #ebay #ebayfinds #guessbag #pennylanecoat [{'id': '438217', 'name': 'y2k', 'title': None, 'cover': 'https://p16-common-sign.tiktokcdn-us.com/musically-maliva-obj/d73680beda62c4e005f39ae651680420~tplv-tiktokx-origin.image?dr=9627&x-expires=1790283600&x-signature=epg1hoM3V%2Fqfhoz9oS7EruGIaT4%3D&t=4d5b0474&ps=13740610&shp=81f88b70&shcp=9b759fb9&idc=useast8'}, {'id': '13449', 'name': '90s', 'title': None, 'cover': None}, {'id': '1638794693972997', 'name': 'y2kfashion', 'title': None, 'cover': None}, {'id': '5152', 'name': 'style', 'title': ""We're excited to introduce #Style in the new Categories section! We wanna see your awesome style !!!"", 'cover': None}, {'id': '1640000692476934', 'name': 'secondhandfinds', 'title': None, 'cover': None}, {'id': '21743', 'name': 'vintage', 'title': None, 'cover': None}, {'id': '5734410', 'name': 'vintagefashion', 'title': None, 'cover': None}, {'id': '81497', 'name': 'haul', 'title': 'Any excuse for a fashion haul...', 'cover': 'https://p19-common-sign.tiktokcdn-us.com/musically-maliva-obj/4105cc54bccf7c4a633c49218dbf5ea8~tplv-tiktokx-origin.image?dr=9627&x-expires=1790283600&x-signature=kich6XdVtvvPzg0DRoZGx8bSjM4%3D&t=4d5b0474&ps=13740610&shp=81f88b70&shcp=9b759fb9&idc=useast8'}, {'id': '204050', 'name': '2000s', 'title': 'Pois pode separar o seu V3, a sua calça de cintura baixa e o seu piercing no umbigo: entra no carro amiga, nós vamos pros anos 2000!', 'cover': None}, {'id': '186688', 'name': 'ebay', 'title': None, 'cover': None}, {'id': '1653141458191365', 'name': 'ebayfinds', 'title': None, 'cover': None}, {'id': '12665879', 'name': 'guessbag', 'title': None, 'cover': None}, {'id': '1686807314611205', 'name': 'pennylanecoat', 'title': None, 'cover': None}]",12400.0,Vintage and secondhand clothing / thrift
tt_direct,tiktok_video:local_46c2d03a4e4d41815c6a611c28fcf903cf7dd5e5ef979c051db2b457d1e28d7c,vintage clothing,unboxing; haul,A creator unboxes a white lace top as part of a vintage eBay secondhand clothing haul.,"I really need to work on my vocabulary and stop saying “cute” and “little” #ebay #ebayhaul #thrifthaul #thriftedhaul #secondhandfashion #secondhandfinds #ebayfinds #haul  [{'id': '186688', 'name': 'ebay', 'title': None, 'cover': None}, {'id': '60438488', 'name': 'ebayhaul', 'title': None, 'cover': None}, {'id': '74352553', 'name': 'thrifthaul', 'title': 'Show us your #ThriftHaul and what you have brought recently!', 'cover': None}, {'id': '1667229502150661', 'name': 'thriftedhaul', 'title': None, 'cover': None}, {'id': '1634465818178566', 'name': 'secondhandfashion', 'title': None, 'cover': None}, {'id': '1640000692476934', 'name': 'secondhandfinds', 'title': None, 'cover': None}, {'id': '1653141458191365', 'name': 'ebayfinds', 'title': None, 'cover': None}, {'id': '81497', 'name': 'haul', 'title': 'Any excuse for a fashion haul...', 'cover': 'https://p16-common-sign.tiktokcdn-us.com/musically-maliva-obj/4105cc54bccf7c4a633c49218dbf5ea8~tplv-tiktokx-origin.image?dr=9627&x-expires=1790283600&x-signature=Cmy%2FPEJ%2B%2FiO2Z8j8jXFSlGTSGVQ%3D&t=4d5b0474&ps=13740610&shp=81f88b70&shcp=9b759fb9&idc=useast8'}]",8638.0,Vintage and secondhand clothing / thrift
tt_direct,tiktok_video:local_6db9f626c792a9c27aae00b7ddc271d831d406c8e25ac4edfbf60ee8992d0676,vintage clothing; shoes,haul,"A creator shows an October eBay clothing haul containing vintage pieces, a dress, trousers, and flats.","october ebay haul! #ebay #vintage #vintagedesigner #clothinghaul #ebayhaul  [{'id': '186688', 'name': 'ebay', 'title': None, 'cover': None}, {'id': '21743', 'name': 'vintage', 'title': None, 'cover': None}, {'id': '1643223872531462', 'name': 'vintagedesigner', 'title': None, 'cover': None}, {'id': '5163637', 'name': 'clothinghaul', 'title': None, 'cover': None}, {'id': '60438488', 'name': 'ebayhaul', 'title': None, 'cover': None}]",15700.0,Vintage and secondhand clothing / thrift
tt_direct,tiktok_video:local_6a5ff5f688a5e777aa4d471e6df8a205f5946db6809b4f2622eedb4294240dab,minerals; agate,product showcase; item listing,A seller displays a polished green moss agate pair with item specifications and an eBay link.,"Description : Mirror Polished Green Moss Agate Pair
Weight : 380 Gram (13,40 Oz) https://ebay.us/m/o475lm []",567.0,Reselling / seller how-to / marketplace ops
tt_direct,tiktok_video:local_9e3d27583f7324fe860a3d4def256b3f5deb7864c9c788d73f60a35783072824,jacket; hockey apparel,haul; fan merchandise,"The creator shows off a San Jose Sharks jacket found after searching, discussing its styling for games.","subjecting you to my hockey merch hauls once again #sanjosesharks #hockey  [{'id': '3636365', 'name': 'sanjosesharks', 'title': None, 'cover': None}, {'id': '18560', 'name': 'hockey', 'title': ""Whether you're hitting the ice or getting ready for the World Juniors, we're celebrating the entire #Hockey community on TikTok."", 'cover': None}]",1709.0,Unassigned (mixed/other)
tt_direct,tiktok_video:local_b12198124ae60b7db8e3f811629b56a3bfde55b6e59ea6b0df30bbea3ae37f5f,denim jacket; jeans,haul; clothing finds,"A creator showcases favorite clothing items acquired from eBay, including a denim jacket and jeans.","A lil look into my eBay collection ⭐️ @ebay love you long time xx #ebayfinds #ebaytips #misssixty  [{'id': '1653141458191365', 'name': 'ebayfinds', 'title': None, 'cover': None}, {'id': '1651835515902981', 'name': 'ebaytips', 'title': None, 'cover': None}, {'id': '38317290', 'name': 'misssixty', 'title': None, 'cover': None}]",20100.0,Unassigned (mixed/other)
tt_direct,tiktok_video:local_6d77cd57e56495687649d3747b61e38ce560609cf4049382a2b20d652e28d65d,belt; sweater,haul; marketplace shopping,The creator displays a belt and sweater acquired from an eBay shopping haul.,"shoutout to my roommates for watching my hauls irl every single day #vintage #haul  [{'id': '21743', 'name': 'vintage', 'title': None, 'cover': None}, {'id': '81497', 'name': 'haul', 'title': 'Any excuse for a fashion haul...', 'cover': 'https://p16-common-sign.tiktokcdn-us.com/musically-maliva-obj/4105cc54bccf7c4a633c49218dbf5ea8~tplv-tiktokx-origin.image?dr=9627&x-expires=1790283600&x-signature=Cmy%2FPEJ%2B%2FiO2Z8j8jXFSlGTSGVQ%3D&t=4d5b0474&ps=13740610&shp=81f88b70&shcp=9b759fb9&idc=useast5'}]",19900.0,Reselling / seller how-to / marketplace ops
tt_direct,tiktok_video:local_16ea11cad149ef8e8ae28ba5264b592890ce9b64f56a28ef6ed885f58262d11a,apparel; accessories,haul; fast fashion,The creator unboxes a large order of clothes and accessories purchased from Shein.,"It’s legit been SOOO long since I’ve ordered and I made this one worthwhile 🤪💸
Try on haul coming soon 👀👀
@SHEIN 

 #shein #shoppingaddict #midsizefashion #pepsimax #melbournecup  [{'id': '17550772', 'name': 'shein', 'title': None, 'cover': None}, {'id': '2669906', 'name': 'shoppingaddict', 'title': None, 'cover': None}, {'id': '1648650959142917', 'name': 'midsizefashion', 'title': None, 'cover': None}, {'id': '1856720', 'name': 'pepsimax', 'title': None, 'cover': None}, {'id': '1674283', 'name': 'melbournecup', 'title': None, 'cover': None}]",619.0,Unassigned (mixed/other)
tt_direct,tiktok_video:local_6debd087657b333848515bce28500cc91178ae02e9e243e2dd35c9d7e1b7fde3,books,reselling debate; price research,"A creator shares finding a $3.99 thrift book listed for $300+ on eBay, prompting a debate about reselling ethics.","I paid $3.99 for this at the thrift store…

And after researching it, I found out it’s selling for $300+ on eBay. 😳

Now here’s where people have VERY different opinions…

Some people think buying something cheap at a thrift store and reselling it for hundreds is WRONG.

Resellers know that finding the item is only part of the job. 👀

You have to know what you’re looking at, research it, photograph it, list it, store it, ship it and sometimes wait for the right buyer.

But I’m curious what YOU think…

👇 $3.99 → $300+

Is that smart reselling… or are resellers taking advantage of thrift stores?

Let’s hear it. 😂🍿

#reselling #ebayreseller #ebayseller #thriftfinds #thrifting [{'id': '14545306', 'name': 'reselling', 'title': None, 'cover': None}, {'id': '1639775441690630', 'name': 'ebayreseller', 'title': None, 'cover': None}, {'id': '68438801', 'name': 'ebayseller', 'title': None, 'cover': None}, {'id': '45983736', 'name': 'thriftfinds', 'title': None, 'cover': None}, {'id': '130314', 'name': 'thrifting', 'title': 'Show us your best #Thrifting finds.', 'cover': 'https://p19-common-sign.tiktokcdn-us.com/musically-maliva-obj/d01345cdb88fac60c964be000a9f8455~tplv-tiktokx-origin.image?dr=9627&x-expires=1790283600&x-signature=5Z41sT6zICF0c%2BnsPPWDIrNlLwQ%3D&t=4d5b0474&ps=13740610&shp=81f88b70&shcp=9b759fb9&idc=useast8'}]",596.0,Physical media (Blu-ray/DVD/steelbook/VHS/CD/vinyl/books)
tt_direct,tiktok_video:local_1e646e56c8e822d699ae090cee9dae03577fb022bdecd016ee3274887b6eedff,car interior trim; automotive parts,installation; unboxing,A creator unboxes and installs a replacement car interior trim piece in an Audi A5.,"First one of seven installed! It looks so good. #audi #b9 #a5 #carinterior #audimods  [{'id': '45092', 'name': 'audi', 'title': None, 'cover': None}, {'id': '7875924', 'name': 'b9', 'title': None, 'cover': None}, {'id': '2197673', 'name': 'a5', 'title': None, 'cover': None}, {'id': '1618518945393669', 'name': 'carinterior', 'title': None, 'cover': None}, {'id': '1691618574801926', 'name': 'audimods', 'title': None, 'cover': None}]",12100.0,"Automotive: parts, cars, motorcycles"
tt_direct,tiktok_video:local_83c76096245d2ec6a7dc005d60363fe384894bb127ffdafeba4f74b4c0c4dbfa,jewelry bundle; gemstones,unboxing; haul,A creator displays various charms and pendants from a 14kg jewelry bundle bought on eBay.,"💎✨️Even more stunnnninggg gems from my 14kg bundle! Part 3 
#jewellerytok #haul #jewellerybundle #ebayfinds #jewelleryuk [{'id': '1675082389127173', 'name': 'jewellerytok', 'title': None, 'cover': None}, {'id': '81497', 'name': 'haul', 'title': 'Any excuse for a fashion haul...', 'cover': 'https://p19-common-sign.tiktokcdn-us.com/musically-maliva-obj/4105cc54bccf7c4a633c49218dbf5ea8~tplv-tiktokx-origin.image?dr=9627&x-expires=1790283600&x-signature=kich6XdVtvvPzg0DRoZGx8bSjM4%3D&t=4d5b0474&ps=13740610&shp=81f88b70&shcp=9b759fb9&idc=useast8'}, {'id': '1674667267148805', 'name': 'jewellerybundle', 'title': None, 'cover': None}, {'id': '1653141458191365', 'name': 'ebayfinds', 'title': None, 'cover': None}, {'id': '1665676138248197', 'name': 'jewelleryuk', 'title': None, 'cover': None}]",314.0,Jewelry and body jewelry
tt_direct,tiktok_video:local_c028972daa11792c74e949bb2305fe38a16aa4495c187c11cf68a50de0f97bdf,crystal rings; gemstone jewelry,store promotion; showcase,A seller showcases natural crystal rings and directs viewers to their eBay shop.,"Handpicked Natural Crystal’s & Jewellery by DivineGems. Full range in our EBay shop. Link below & in bio.

https://ebay.io/m/ZfPhSP
#jewellery #crystalseller #crystallovers #giftforher #fyp [{'id': '673000', 'name': 'jewellery', 'title': None, 'cover': None}, {'id': '1648175309433861', 'name': 'crystalseller', 'title': None, 'cover': None}, {'id': '81293377', 'name': 'crystallovers', 'title': None, 'cover': None}, {'id': '71883789', 'name': 'giftforher', 'title': None, 'cover': None}, {'id': '229207', 'name': 'fyp', 'title': None, 'cover': None}]",677.0,Jewelry and body jewelry
tt_direct,tiktok_video:local_ef97316133dd506a0e663cf2c1d1c294c58cf077e8580508ea7015471420d73f,loose gemstones; color-change fluorite,livestream sale; promotion,A seller promotes loose color-change fluorite gemstones available via eBay Live auctions.,"Discover stunning color-change fluorite at unbeatable prices. We're excited to bring you amazing value on unique gemstones, live on eBay!
#gemstones, #gemstone, #liveauction #ebaylive [{'id': None, 'name': 'gemstones,', 'title': None, 'cover': None}, {'id': None, 'name': 'gemstone,', 'title': None, 'cover': None}, {'id': '63112355', 'name': 'liveauction', 'title': None, 'cover': None}, {'id': '1697012349018117', 'name': 'ebaylive', 'title': None, 'cover': None}]",571.0,Jewelry and body jewelry
tt_direct,tiktok_video:local_dbc3af4d3642fbe765f3fbab9350f50c61b4f72cbe2c0dee673751d28c8d2969,bicycle parts; thrift items,reselling; thrifting,A thrifter finds a bicycle part to purchase for resale on platforms like eBay.,"Вело запчасть! #контейнеры #барахолка #секондхенд #находка #винтаж #антиквариат #деньги #перепродажа #реселлинг #thriftfinds #reselling #flip #sidehustle #ebay #vintage #retro #garagefind #deal #profit #fyp #foryoup [{'id': '22091782', 'name': 'foryoup', 'title': None, 'cover': None}]",249400.0,Vintage and secondhand clothing / thrift
tt_direct,tiktok_video:local_397e94e9fe516a2545e8294482bb7e8707679055fc761117481bd87add2b88ce,rain boots,unboxing; haul,A creator unboxes and expresses excitement over a pair of rain boots purchased on eBay.,i’m wearing these everyday from now on they’re PERFECT ILY EBAY [],23000.0,Unassigned (mixed/other)
tt_direct,tiktok_video:local_e86e1f7d61181bb0eb87458cf25c2924b34b62f01ee5a731e921f19366f94111,vintage clothing; fashion,scam warning; buyer experience,A creator shares an experience of allegedly getting scammed on eBay involving secondhand fashion.,"Got scammed on eBay #ebay #secondhandfashion #vintagefashion #fashiontiktok  [{'id': '186688', 'name': 'ebay', 'title': None, 'cover': None}, {'id': '1634465818178566', 'name': 'secondhandfashion', 'title': None, 'cover': None}, {'id': '5734410', 'name': 'vintagefashion', 'title': None, 'cover': None}, {'id': '1604791864655873', 'name': 'fashiontiktok', 'title': ""From red carpet reviews to finding your own style, we're here for all things fashion."", 'cover': 'https://p16-common-sign.tiktokcdn-us.com/musically-maliva-obj/2ad7203151f95c29c9dd3a30fa18adb7.png~tplv-tiktokx-origin.image?dr=9627&x-expires=1790283600&x-signature=rODfJ0hr030RrtSHt4wurus9cj4%3D&t=4d5b0474&ps=13740610&shp=81f88b70&shcp=9b759fb9&idc=useast5'}]",3530.0,Vintage and secondhand clothing / thrift
tt_direct,tiktok_video:local_ec589456f8542fe689f92b00eb3f3b01a21703852245ce269448ea8cc94414f4,plush toy; thrifted items,thrift haul; goodwill bins,The creator reveals second-hand thrift finds from Goodwill bins including a plush toy and home hardware.,"Part 2 of my goodwill bins haul🛍️ trying to figure out when I’m going next🤣 @Patagonia @target @Swiffer @Jellycat #goodwillbins #binshaul #goodwill #thrifted #thrifters  [{'id': '1646833819453446', 'name': 'goodwillbins', 'title': None, 'cover': None}, {'id': '1678400049786885', 'name': 'binshaul', 'title': None, 'cover': None}, {'id': '153140', 'name': 'goodwill', 'title': None, 'cover': None}, {'id': '20484369', 'name': 'thrifted', 'title': ""Whether you're upcycling fashion, or finding your own style, show us what you've #Thrifted."", 'cover': 'https://p19-common-sign.tiktokcdn-us.com/musically-maliva-obj/c88a8837239943eec2f8af063aec79d4~tplv-tiktokx-origin.image?dr=9627&x-expires=1790283600&x-signature=b8bK4O3puaiKL57GvuulmQ8xvJY%3D&t=4d5b0474&ps=13740610&shp=81f88b70&shcp=9b759fb9&idc=useast8'}, {'id': '1647683369330693', 'name': 'thrifters', 'title': None, 'cover': None}]",173.0,Vintage and secondhand clothing / thrift
tt_direct,tiktok_video:local_ff3495607d6a577ceffe6e757316de79fc8ffec66126925b3a3f88f47e50cb3e,bracelets; beaded bags,ordering tutorial; small business,A seller provides a step-by-step tutorial on how to search and order bracelets on Vinted.,"How to order. This video was requested a lot, so here it is. I hope this helped. Go order now 🛍️ #smallbusiness #vinted #howtoorder #bracelets #xyzbca  [{'id': '31667995', 'name': 'smallbusiness', 'title': 'Join the #SmallBusiness community', 'cover': None}, {'id': '16399512', 'name': 'vinted', 'title': None, 'cover': None}, {'id': '2635996', 'name': 'howtoorder', 'title': None, 'cover': None}, {'id': '373594', 'name': 'bracelets', 'title': None, 'cover': None}, {'id': '1652484531221509', 'name': 'xyzbca', 'title': 'Asla bir sonraki hamleni bilmelerine izin verme! 👀', 'cover': 'https://p16-common-sign.tiktokcdn-us.com/tiktok-obj/14395673ac767c75a2f846113229ea95.png~tplv-tiktokx-origin.image?dr=9627&x-expires=1790283600&x-signature=uXG%2FT16ZHnedUnnr0Du%2FbwXxtDw%3D&t=4d5b0474&ps=13740610&shp=81f88b70&shcp=9b759fb9&idc=useast8'}]",5597.0,"Sewing, craft and notions"
tt_direct,tiktok_video:local_120a451a66029e0c11992b22283b63ade2c9aaf4e09c38593ac9cc44bc0a93b7,plushies; cosmetics,proxy shopping tutorial; taobao,The creator demonstrates how to purchase Taobao items such as plushies and makeup using the CNshopper proxy service.,"How to buy cute trinkets off taobao! Ft cnshopper!🌸🥹

#cnshopper #wonyoungism #kbeauty #makeup #wonyoung @CNshopper  [{'id': '7523124172843647007', 'name': 'cnshopper', 'title': None, 'cover': None}, {'id': '7067537364691714074', 'name': 'wonyoungism', 'title': None, 'cover': None}, {'id': '1589191', 'name': 'kbeauty', 'title': 'The best K-Beauty finds on the internet, tried and tested by the TikTok Community ✨ Share with us what TikTok Made You Try!', 'cover': 'https://p16-common-sign.tiktokcdn-us.com/tiktok-obj/00c6d94d067d0ff0753ea44e49210b1b.png~tplv-tiktokx-origin.image?dr=9627&x-expires=1790283600&x-signature=YqwXYqBToYaXsLjxmvUiP5x4s6M%3D&t=4d5b0474&ps=13740610&shp=81f88b70&shcp=9b759fb9&idc=useast8'}, {'id': '5391', 'name': 'makeup', 'title': 'From everyday looks to all out glamour, show us your makeup skills 💄', 'cover': 'https://p19-common-sign.tiktokcdn-us.com/tiktok-obj/48ec1e3357a3e0da982e2c4d29e02c18.png~tplv-tiktokx-origin.image?dr=9627&x-expires=1790283600&x-signature=wbV95Sr%2BQorQONsJpFElmH0LK3A%3D&t=4d5b0474&ps=13740610&shp=81f88b70&shcp=9b759fb9&idc=useast8'}, {'id': '1612141617005586', 'name': 'wonyoung', 'title': None, 'cover': None}]",3154.0,"Beauty, fragrance and personal care"
tt_direct,tiktok_video:local_079aa37de1e5aa780236dd83d93d347b7e1e2a2ee2c61f4a3fcefad17d4dc661,virtual gaming items,buying tutorial; roblox items,The creator shares a screen recording showing how to locate and buy Roblox Flee the Facility item sets on eBay.,"i will be trying other sellers soon!! 
#fleethefacility #roblox #fleethefacilityroblox #viral #fyp 
@αղղα ☆ @Jajsja  @Chanmi🫧🪼  [{'id': '76141040', 'name': 'fleethefacility', 'title': None, 'cover': None}, {'id': '159721', 'name': 'roblox', 'title': 'Explore and find your own favourite way to play with #Roblox!', 'cover': None}, {'id': '1628152107557893', 'name': 'fleethefacilityroblox', 'title': None, 'cover': None}, {'id': '20884', 'name': 'viral', 'title': '¡descubre las canciones en tendencia! 🔥➡️ https://bit.ly/TendenciasTikTok_LATAM', 'cover': 'https://p16-common-sign.tiktokcdn-us.com/musically-maliva-obj/8e4d8102460a60717c89acc2d6367a16.png~tplv-tiktokx-origin.image?dr=9627&x-expires=1790283600&x-signature=wKjpA1vpsu%2FUo2OCthWJOBnjmcE%3D&t=4d5b0474&ps=13740610&shp=81f88b70&shcp=9b759fb9&idc=useast8'}, {'id': '229207', 'name': 'fyp', 'title': None, 'cover': None}]",65600.0,Unassigned (mixed/other)
tt_direct,tiktok_video:local_d7eb522724cc77dbac34c8c43b7bb0e454ffcab3c6df2d241f7f2ac4a98c6eed,backpack,product showcase; affiliate promotion,The creator presents the features of a JanSport backpack and provides an eBay purchase link.,Buy it here 👇 https://www.ebay.com/itm/357762702966?mkcid=1&mkrid=711-53200-19255-0&siteid=0&campid=5339192733&toolid=80006&mkevt=1&amdata=enc%3AAQALAAAAoGfYFPkwiKCW4ZNSs2u11xD4jg8%2BbcwAteCiKeEkECzCwOON0n8IEqokRXmwlte1vr1rIf9b1gyUxAB5t%2FotKafnpKDmZHMFpY1VhR7DrHEn9dSxJyozTBDEcu7QozoH7hIeds4IgO0Bs9INPx%2BbZK%2FMfuHbE2jKvzPeKS9CjgsS3VkpNuC35SW7VBeBKEnIOWS7ljd02Mpbvny8m5ooqKk%3D [],159.0,Unassigned (mixed/other)
tt_direct,tiktok_video:local_91529d4d78b902788b114636681fbcb324340d31e07db9b65eb24b794e315983,clothing; shorts,order fulfillment; sales update,"A reseller packs clothing items sold across Poshmark, Depop, and eBay while sharing revenue figures.","Ship with me! Here’s what I sold on Poshmark, Depop, and eBay  😃     
      
𝐖𝐇𝐀𝐓 𝐒𝐎𝐋𝐃:      
• Carhartt Shorts | $39.99 | eBay      
• Y2k Coach Sneakers | $50 | Poshmark     
• Marled Denim Dress | $50 | Poshmark      
• ModCloth Rainbow Skirt | $24 | Poshmark     
• 1970s Leather Heels | $37 | Poshmark   
• UO Cargo Jeans | $32 | Depop    
• Tahari Gray Suit | $65 | Depop    
• Tahari Black Suit | $55 | Depop  
    
💰 Total Revenue: $ 352.99 
💎  ASP: $ 44.12 
    
    
#reselling #poshmarkseller #poshmarktips #resellertips #resellingcommunity  [{'id': '14545306', 'name': 'reselling', 'title': None, 'cover': None}, {'id': '1626472501814278', 'name': 'poshmarkseller', 'title': None, 'cover': None}, {'id': '1636103943418886', 'name': 'poshmarktips', 'title': None, 'cover': None}, {'id': '1649605967628294', 'name': 'resellertips', 'title': None, 'cover': None}, {'id': '1624684988206086', 'name': 'resellingcommunity', 'title': None, 'cover': None}]",179.0,Unassigned (mixed/other)
tt_direct,tiktok_video:local_83d89b08bc6cb802c0e1c19bddef79f9ca7bd4a6ba7da3bb212d074a0bd9cb2c,craft buttons; craft supplies,inventory showcase; item listing,A seller displays packaged craft buttons and shares an eBay listing link for purchase.,"#https ://www.ebay.com/itm/376773995677?mkcid=16&mkevt=1&mkrid=711-127632-2357-0&ssspo=vnh5-kvmqbs&sssrc=4429486&ssuid=ysJTbzR9RbC&stype=1&var=&widget_ver=artemis&media=MORE #craftbuttons #reseller #buynow  [{'id': '568741', 'name': 'https', 'title': None, 'cover': None}, {'id': '1698965595133958', 'name': 'craftbuttons', 'title': None, 'cover': None}, {'id': '89286981', 'name': 'reseller', 'title': None, 'cover': None}, {'id': '427082', 'name': 'buynow', 'title': None, 'cover': None}]",105.0,"Patches, pins, buttons and battle jackets"
tt_direct,tiktok_video:local_47abff5e947eade4ddbbf98ce8b1a85ccc4a967c083fdf24d9a7867c69c0dfd3,household accessories; car accessories,dropshipping; item sourcing,The video highlights three suggested items for dropshipping on eBay with purported profit margins.,"TOP 3 Dropshipping Products Viral on Ebay USA 2026 #ebay #ebayseller #dropshipping  [{'id': '186688', 'name': 'ebay', 'title': None, 'cover': None}, {'id': '68438801', 'name': 'ebayseller', 'title': None, 'cover': None}, {'id': '1597139708493830', 'name': 'dropshipping', 'title': None, 'cover': None}]",2185.0,"Automotive: parts, cars, motorcycles"
tt_direct,tiktok_video:local_0ea6d0c21fbcdd7629899c00adea660f4d8b3e0a9364164a9e4cf90d4f326432,sneakers; sports jersey,reselling; thrift haul,"A reseller showcases thrifted items, including Nike shoes and a sports jersey, intended for resale on eBay.","This is what I found this weekend — you’re missing out if you’re not thrifting 👀
#ThriftTok #YardSaleSeason #FlipGame #WeekendHaul #GaryVeeVibes #eBayFinds #ThriftLife #ResellerMindset #SecondhandScore #TreasureHunting #Resellertok [{'id': '1647565208074246', 'name': 'thrifttok', 'title': None, 'cover': None}, {'id': '1663870396016646', 'name': 'yardsaleseason', 'title': None, 'cover': None}, {'id': '208185', 'name': 'flipgame', 'title': None, 'cover': None}, {'id': '66180695', 'name': 'weekendhaul', 'title': None, 'cover': None}, {'id': '7015365788752642053', 'name': 'garyveevibes', 'title': None, 'cover': None}, {'id': '1653141458191365', 'name': 'ebayfinds', 'title': None, 'cover': None}, {'id': '38611468', 'name': 'thriftlife', 'title': None, 'cover': None}, {'id': '1690328616713221', 'name': 'resellermindset', 'title': None, 'cover': None}, {'id': '1672932944408582', 'name': 'secondhandscore', 'title': None, 'cover': None}, {'id': '16753436', 'name': 'treasurehunting', 'title': None, 'cover': None}, {'id': '1683921193517062', 'name': 'resellertok', 'title': None, 'cover': None}]",523.0,Vintage and secondhand clothing / thrift
tt_direct,tiktok_video:local_13745f76e8b76f1e41808b01681db53dd3e29e10c2ec8e6b1d1091111bfaffc2,mini-fridge; branded appliance,thrift haul; resale valuation,A creator discovers a Red Bull mini-fridge at Goodwill and highlights its working condition and estimated resale value.,"I couldn't believe it when I found this lol, such a cool thing to find in a Goodwill!

#goodwillfinds 
#resellercommunity 
#ebay 
#redbull  [{'id': '1613876444332054', 'name': 'goodwillfinds', 'title': None, 'cover': None}, {'id': '1599895369880577', 'name': 'resellercommunity', 'title': None, 'cover': None}, {'id': '186688', 'name': 'ebay', 'title': None, 'cover': None}, {'id': '12573', 'name': 'redbull', 'title': None, 'cover': None}]",202200.0,Vintage and secondhand clothing / thrift
tt_direct,tiktok_video:local_0d2561876382844b501f0d55faa89d71429628b7353a59748f3ae2e04f5d6a25,vintage clothing; vintage books,store promotion; charity retail,An ad promotes Good Sammy's eBay store featuring rescued vintage items that support employment for people with disabilities.,"Good Sammy’s on eBay too 👀💻 Vintage gems, designer steals, quirky finds—all online, all epic. Shop & support jobs for people with disability 💛 #GoodSammy #ThriftTok #SustainableStyle [{'id': '34178614', 'name': 'goodsammy', 'title': None, 'cover': None}, {'id': '1647565208074246', 'name': 'thrifttok', 'title': None, 'cover': None}, {'id': '66082200', 'name': 'sustainablestyle', 'title': None, 'cover': None}]",547.0,Physical media (Blu-ray/DVD/steelbook/VHS/CD/vinyl/books)
tt_direct,tiktok_video:local_ad837cdb9d7e65f9028a9c6f8f7be9d1ff677b1d29a7ac75c70ffb13077acc7a,loose gemstones,store promotion,The creator promotes their Gemiphy eBay storefront offering authentic loose gemstones on sale.,"Ready to shine? Discover unique and authentic gemstones at unbeatable prices! Visit our eBay store now! #GemstoneCollector #eBaySeller #Authentic""#tiktoktraditions #loosegemstone #viral_video #100k #foryou #stone  [{'id': '1668999988948993', 'name': 'gemstonecollector', 'title': None, 'cover': None}, {'id': '68438801', 'name': 'ebayseller', 'title': None, 'cover': None}, {'id': '117873', 'name': 'authentic', 'title': None, 'cover': None}, {'id': '1651867228253190', 'name': 'tiktoktraditions', 'title': ""Whether you're heading home for the holidays or ringing in the season with friends, show us how you're celebrating the holiday season with friends and family and make a difference with #TikTokTraditions. This holiday, TikTok will donate $1.5 million USD to help UNICEF provide humanitarian and developmental aid to families around the world."", 'cover': None}, {'id': '1635226550165510', 'name': 'loosegemstone', 'title': None, 'cover': None}, {'id': '84715653', 'name': 'viral_video', 'title': None, 'cover': None}, {'id': '214209', 'name': '100k', 'title': None, 'cover': None}, {'id': '42164', 'name': 'foryou', 'title': None, 'cover': None}, {'id': '1618846168720390', 'name': 'stone', 'title': None, 'cover': None}]",688.0,Jewelry and body jewelry
tt_direct,tiktok_video:local_70ef767324524aafee7634366ecc3c16d0db5d65280d479fffe2e95657ef4c46,sneakers; car boot finds,sourcing; reselling,"A creator sources items including sneakers at a car boot sale, aiming for £500 in expected eBay sales.","BUYING HIDDEN GEMS at the #carboot £500 Of #ebay SALES! #hiden #gems #the #sales  [{'id': '11976535', 'name': 'carboot', 'title': None, 'cover': None}, {'id': '186688', 'name': 'ebay', 'title': None, 'cover': None}, {'id': '588540', 'name': 'hiden', 'title': None, 'cover': None}, {'id': '1298538', 'name': 'gems', 'title': None, 'cover': None}, {'id': '6673', 'name': 'the', 'title': None, 'cover': None}, {'id': '44539', 'name': 'sales', 'title': None, 'cover': None}]",767.0,"Automotive: parts, cars, motorcycles"
tt_direct,tiktok_video:local_0a5c94e0386b4cb730765584390d100bd7dcfaacd59207f1fd248e51529eb3e5,puffer jackets; secondhand clothing,haul; unboxing,A creator shares an unboxing and try-on haul of puffer jackets purchased on Vinted.,"Vinted Haul💌#vinted #haul  [{'id': '16399512', 'name': 'vinted', 'title': None, 'cover': None}, {'id': '81497', 'name': 'haul', 'title': 'Any excuse for a fashion haul...', 'cover': 'https://p19-common-sign.tiktokcdn-us.com/musically-maliva-obj/4105cc54bccf7c4a633c49218dbf5ea8~tplv-tiktokx-origin.image?dr=9627&x-expires=1790283600&x-signature=kich6XdVtvvPzg0DRoZGx8bSjM4%3D&t=4d5b0474&ps=13740610&shp=81f88b70&shcp=9b759fb9&idc=useast5'}]",11600.0,Vintage and secondhand clothing / thrift
tt_direct,tiktok_video:local_e10662cb365505c390f50fb45a6030f983af4d06c4436c280c6ca095d3c90b62,handbag; room decor,haul,A creator presents an eBay haul featuring a patterned handbag and framed butterfly wall art for room decor.,"Just a few things <33 I worked all night last  on my room it’s finally looking like a room I’m so excited 

#haul #ebayhaul  #fashion #roomdecor #hauls  [{'id': '81497', 'name': 'haul', 'title': 'Any excuse for a fashion haul...', 'cover': 'https://p16-common-sign.tiktokcdn-us.com/musically-maliva-obj/4105cc54bccf7c4a633c49218dbf5ea8~tplv-tiktokx-origin.image?dr=9627&x-expires=1790283600&x-signature=Cmy%2FPEJ%2B%2FiO2Z8j8jXFSlGTSGVQ%3D&t=4d5b0474&ps=13740610&shp=81f88b70&shcp=9b759fb9&idc=useast5'}, {'id': '60438488', 'name': 'ebayhaul', 'title': None, 'cover': None}, {'id': '11885', 'name': 'fashion', 'title': None, 'cover': None}, {'id': '49261', 'name': 'roomdecor', 'title': None, 'cover': None}, {'id': '892052', 'name': 'hauls', 'title': None, 'cover': None}]",36600.0,"Home, kitchen and decor"
tt_direct,tiktok_video:local_a79c0a0770f0066b8509ca943c496c90b28c20483972e0b36c8531def3513a71,vintage boots; vintage cameras,haul,"The creator showcases a vintage haul of sentimental items including boots, clothing, and film cameras acquired cheaply.","lots of sentimental stuff in this lot of clothes, I’m very grateful #fashion #vintage #haul #film #targetaudience  [{'id': '11885', 'name': 'fashion', 'title': None, 'cover': None}, {'id': '21743', 'name': 'vintage', 'title': None, 'cover': None}, {'id': '81497', 'name': 'haul', 'title': 'Any excuse for a fashion haul...', 'cover': 'https://p16-common-sign.tiktokcdn-us.com/musically-maliva-obj/4105cc54bccf7c4a633c49218dbf5ea8~tplv-tiktokx-origin.image?dr=9627&x-expires=1790283600&x-signature=Cmy%2FPEJ%2B%2FiO2Z8j8jXFSlGTSGVQ%3D&t=4d5b0474&ps=13740610&shp=81f88b70&shcp=9b759fb9&idc=useast5'}, {'id': '28707', 'name': 'film', 'title': 'Welchen #Film hast du schon 1000 Mal gesehen und bekommst trotzdem nicht genug? 📽', 'cover': 'https://p16-common-sign.tiktokcdn-us.com/musically-maliva-obj/aba9baf9392c3cc2ae5a0cbac31de281.jpeg~tplv-tiktokx-origin.image?dr=9627&x-expires=1790283600&x-signature=V3nKHqvf%2BIRn1%2BvFijztqDhUdyY%3D&t=4d5b0474&ps=13740610&shp=81f88b70&shcp=9b759fb9&idc=useast5'}, {'id': '11255918', 'name': 'targetaudience', 'title': None, 'cover': None}]",10800.0,Unassigned (mixed/other)
tt_direct,tiktok_video:local_5976de9f849040d8b15aca74f6f57ff219059e31afbfe5c72549ab521faf678d,clothing,clothing haul; try on,A creator shares an unboxing and try-on haul of various clothing items purchased from eBay.,more clothes = less money (sponsor me ebay) [],431200.0,Unassigned (mixed/other)
tt_direct,tiktok_video:local_18c5fa55ad59f8d9439945eda343c000f2f08001fe5337a06c4e36ec90051db0,in-game items; Roblox items,in-game trading; scam prevention,"A player trades in-game Roblox hammers, claiming safe trading and affordable pricing.","highly recommend!! #fleethefacility #roblox #fleethefacilityroblox #fyp #viral  [{'id': '76141040', 'name': 'fleethefacility', 'title': None, 'cover': None}, {'id': '159721', 'name': 'roblox', 'title': 'Explore and find your own favourite way to play with #Roblox!', 'cover': None}, {'id': '1628152107557893', 'name': 'fleethefacilityroblox', 'title': None, 'cover': None}, {'id': '229207', 'name': 'fyp', 'title': None, 'cover': None}, {'id': '20884', 'name': 'viral', 'title': '¡descubre las canciones en tendencia! 🔥➡️ https://bit.ly/TendenciasTikTok_LATAM', 'cover': 'https://p19-common-sign.tiktokcdn-us.com/musically-maliva-obj/8e4d8102460a60717c89acc2d6367a16.png~tplv-tiktokx-origin.image?dr=9627&x-expires=1790283600&x-signature=IZzj7coSzW8QIrwD22sj5IQCBKk%3D&t=4d5b0474&ps=13740610&shp=81f88b70&shcp=9b759fb9&idc=useast5'}]",293900.0,Unassigned (mixed/other)
tt_direct,tiktok_video:local_29c2eb03828297c80bcb0fd9eb117ad36b093b756dc5544eec7e55acda311ec4,headphones; fragrance,reselling tips; dropshipping,"A reseller shares recommendations on items to sell and avoid on eBay, citing cologne and AirPods.","Easy 2k a week 

#money 
#dropshipping 
#ebay 
#rich 
#reselling  [{'id': '6920', 'name': 'money', 'title': None, 'cover': None}, {'id': '1597139708493830', 'name': 'dropshipping', 'title': None, 'cover': None}, {'id': '186688', 'name': 'ebay', 'title': None, 'cover': None}, {'id': '9017', 'name': 'rich', 'title': None, 'cover': None}, {'id': '14545306', 'name': 'reselling', 'title': None, 'cover': None}]",4693.0,"Beauty, fragrance and personal care"
tt_direct,tiktok_video:local_b7c5200cb6d623849a9370b1b5282424230c1bebff5094a78341be5bf1397883,kitchenware; browser extensions,dropshipping; product hunting,The creator introduces browser extensions for eBay dropshipping using a vegetable peeler as an example.,"Episode:9 Top 2 eBay product hunting extensions you should know. 🚀
.
.
#foryou #foryoupage #ebay #dropshipping #trending
.
.
(eBay eBayDropshipping ProductHunting Grabley PopularitySort Dropshipping eBayUK eCommerce OnlineBusiness Episode9) [{'id': '42164', 'name': 'foryou', 'title': None, 'cover': None}, {'id': '88764338', 'name': 'foryoupage', 'title': None, 'cover': None}, {'id': '186688', 'name': 'ebay', 'title': None, 'cover': None}, {'id': '1597139708493830', 'name': 'dropshipping', 'title': None, 'cover': None}, {'id': '20105', 'name': 'trending', 'title': 'Discover the top viral trends, sounds and effects of the week! 🔥', 'cover': None}]",4680.0,"Home, kitchen and decor"
tt_direct,tiktok_video:local_cf80e638aefa409d41b9b3dbc6fffee0b97213f4fc74157bebdefb4859913e41,thrift finds; memorabilia,reselling; thrift haul,"A reseller displays various thrift store finds, including a hat, helmet, and DVD set, intended for resale.","Found some gems today! 💰🔥
#ebay #thriftstorefinds #vintage #reseller #smallbiz  [{'id': '186688', 'name': 'ebay', 'title': None, 'cover': None}, {'id': '40123777', 'name': 'thriftstorefinds', 'title': None, 'cover': None}, {'id': '21743', 'name': 'vintage', 'title': None, 'cover': None}, {'id': '89286981', 'name': 'reseller', 'title': None, 'cover': None}, {'id': '21163060', 'name': 'smallbiz', 'title': 'Show off your #SmallBiz, and how you support small businesses!', 'cover': 'https://p19-common-sign.tiktokcdn-us.com/musically-maliva-obj/5831219f28e1a540bf60f840fae53dde~tplv-tiktokx-origin.image?dr=9627&x-expires=1790283600&x-signature=9mbsBHL9FKx7Aj0eQT0ahMRXODA%3D&t=4d5b0474&ps=13740610&shp=81f88b70&shcp=9b759fb9&idc=useast8'}]",499.0,Vintage and secondhand clothing / thrift
tt_direct,tiktok_video:local_9a0f6fd414a1945bd2f42f544e8b4c4ee8075256a5ae98f0bac49d390af53c22,thrifted clothing; resale items,thrifting; reselling,A duo documents a thrifting trip and announces plans to list their finds across multiple reselling platforms.,"Welcome to Two Girls Thrifting! 🛍️🤎

We’re a mother & daughter-in-law duo who love finding hidden gems at the thrift store! ✨ We’ll be sharing all of our thrifted finds and listing them for you to shop.

We’ll be selling mostly on Vinted, but you can also find us on Poshmark & eBay and Depop. 

Follow along and come thrift with us as we hunt for all the good finds! 🛒♻️ #thrifting #shopourcloset #followalong [{'id': '130314', 'name': 'thrifting', 'title': 'Show us your best #Thrifting finds.', 'cover': 'https://p19-common-sign.tiktokcdn-us.com/musically-maliva-obj/d01345cdb88fac60c964be000a9f8455~tplv-tiktokx-origin.image?dr=9627&x-expires=1790283600&x-signature=5Z41sT6zICF0c%2BnsPPWDIrNlLwQ%3D&t=4d5b0474&ps=13740610&shp=81f88b70&shcp=9b759fb9&idc=useast8'}, {'id': '1688387051712518', 'name': 'shopourcloset', 'title': None, 'cover': None}, {'id': '781659', 'name': 'followalong', 'title': None, 'cover': None}]",987.0,Vintage and secondhand clothing / thrift
tt_direct,tiktok_video:local_fa6b59046d81c91e0d5593b5ed52538392655895af498ef0f7a5651287e0f982,mineral specimens; crystals,product promotion; item listing,"A seller showcases rare epidote and garnet crystals from Afghanistan, linking to an eBay listing.","Rare Epidote & Garnet Crystals from Afghanistan 💎🌍 #MineralMagic #GemHunt #eBay #eBayStore https://ebay.us/m/95AM43 [{'id': '4801867', 'name': 'mineralmagic', 'title': None, 'cover': None}, {'id': '23386571', 'name': 'gemhunt', 'title': None, 'cover': None}, {'id': '186688', 'name': 'ebay', 'title': None, 'cover': None}, {'id': '1641429651917830', 'name': 'ebaystore', 'title': None, 'cover': None}]",119.0,Reselling / seller how-to / marketplace ops
tt_direct,tiktok_video:local_9a8aa38d6eb9cb215fdeee01e6f6c7177ce067e4ac1453105ec9b38bd7a7f214,gemstones; aquamarine crystal,product promotion; item listing,The creator displays an aquamarine crystal specimen while promoting their eBay store listing.,"Shimmer with this aquamarine gem! 💎✨ #CrystalVibes #AquamarineLove #eBay #eBayStore #eBaySeller https://ebay.us/m/SBNIXf [{'id': '10832564', 'name': 'crystalvibes', 'title': None, 'cover': None}, {'id': '1674974706341893', 'name': 'aquamarinelove', 'title': None, 'cover': None}, {'id': '186688', 'name': 'ebay', 'title': None, 'cover': None}, {'id': '1641429651917830', 'name': 'ebaystore', 'title': None, 'cover': None}, {'id': '68438801', 'name': 'ebayseller', 'title': None, 'cover': None}]",104.0,Jewelry and body jewelry
tt_direct,tiktok_video:local_b2281a3f1c7a74b71917ef29919f59fa0d09e3597ee81d0bd03d963de1749850,women's clothing; e-commerce returns,customer returns; seller experience,An eBay seller opens an unexpected customer return containing a small ribbed clothing item.,"Some eBay returns make me laugh #fyp #ecommerce #ebay #ebayreturns  [{'id': '229207', 'name': 'fyp', 'title': None, 'cover': None}, {'id': '71078530', 'name': 'ecommerce', 'title': None, 'cover': None}, {'id': '186688', 'name': 'ebay', 'title': None, 'cover': None}, {'id': '1664236132733957', 'name': 'ebayreturns', 'title': None, 'cover': None}]",10100.0,Reselling / seller how-to / marketplace ops
tt_direct,tiktok_video:local_8154cdd02f0f8bec5f1fbaf9eb2112ca8d08043c2db2f84b5f0171a94658599f,anime magazine; anime collectibles,unboxing; collector haul,A collector unboxes a My Hero Academia magazine bought on Depop after finding it cheaper than eBay.,"#BKDK | I FINALLT GOT IT. AFTER TWO YEARS OH MY GAH I GENUINELY CRIED WHEN IT CAME YOU DONT UJDERSTANDB HOW MYCB THEY MEAN TO ME IM FREAKING OUT AGH I LOVE THEM SO SOBSO SOSOSOSOSNMUCH AGGHSGDHDGSGSHAAHJ
anyways now the normal caption! i got it from depop for like 65 dollars i think? idk i just saw it slightly cheaper than on ebay so i bought it AS SOON as i saw that listing LMAO 
but i redid some of my photos in the back bg i now have NO more room. like at all. for anything more. and i have 5 more figures coming. YAY! gotta love having money 

#katsukibakugou #izukumidoriya #bakudeku #fyp  [{'id': '1596941811891206', 'name': 'bkdk', 'title': None, 'cover': None}, {'id': '17628333', 'name': 'katsukibakugou', 'title': None, 'cover': None}, {'id': '14929310', 'name': 'izukumidoriya', 'title': None, 'cover': None}, {'id': '57295773', 'name': 'bakudeku', 'title': None, 'cover': None}, {'id': '229207', 'name': 'fyp', 'title': None, 'cover': None}]",44800.0,Unassigned (mixed/other)
tt_direct,tiktok_video:local_3048b7b2f816f93b6aabcc1d60f6caeb4ebc858ce880d67753dcd99527059258,motorcycle parts; vehicle accessories,unboxing; store promotion,The creator unboxes a BMW motorcycle part from a mystery package and links to an eBay page.,"Just another reminder, you never know what you’re gonna get. Check out her eBay page, for more interesting products. https://ebay.us/m/vcwgAo ##parlayboxes##unboxtheunexpected##mysterymail##mysterymail [{'id': '7566434299726004238', 'name': 'parlayboxes', 'title': None, 'cover': None}, {'id': '7238508595716259841', 'name': 'unboxtheunexpected', 'title': None, 'cover': None}, {'id': '81568881', 'name': 'mysterymail', 'title': None, 'cover': None}, {'id': '81568881', 'name': 'mysterymail', 'title': None, 'cover': None}]",416.0,"Automotive: parts, cars, motorcycles"
tt_direct,tiktok_video:local_788302e8981c1014aa634dddd05c86a81f00c4ab4977136fcfdff51dbe791b47,secondhand clothing,shopping tips; marketplace advice,"The creator provides shopping tips for various secondhand clothing apps including eBay, Depop, and Mercari.","one shopping tip for each of the major secondhand clothing apps! including ebay, depop, mercari, poshmark, and vinted. don't be intimidated by the world of online resale fashion, it's the most sustainable and affordable alternative to fast fashion out there!

#fashion #depop #resalefashion #secondhandfashion #thrift thrifting, thrifttok, secondhand fashion, shop secondhand first, depop tips, mercari tips, poshmark, vinted   [{'id': '11885', 'name': 'fashion', 'title': None, 'cover': None}, {'id': '6127348', 'name': 'depop', 'title': None, 'cover': None}, {'id': '1668781946108934', 'name': 'resalefashion', 'title': None, 'cover': None}, {'id': '1634465818178566', 'name': 'secondhandfashion', 'title': None, 'cover': None}, {'id': '172545', 'name': 'thrift', 'title': None, 'cover': None}]",46400.0,Vintage and secondhand clothing / thrift
tt_direct,tiktok_video:local_a756fa3639a7b639c4dc6b20137f4175c32003f69d76dde464ec53dd3b67a5b8,import proxy services; watches,proxy buying; promotional code,The creator explains how to import items from Japan using proxy services and provides a referral code.,"the best kept secret in importing from japan 🇯🇵

use my code ‘AUSTINSPACE’ for no fees on first 3 orders 

#buyee #japanthrift #japanproxy 

the best japanese import service proxy site  [{'id': '76818412', 'name': 'buyee', 'title': None, 'cover': None}, {'id': '1670082215871490', 'name': 'japanthrift', 'title': None, 'cover': None}, {'id': '1696020027035650', 'name': 'japanproxy', 'title': None, 'cover': None}]",94700.0,Unassigned (mixed/other)
tt_direct,tiktok_video:local_990a6c55262c576e285e0d97ef1fbb2450c9cfb4d090dc9d55aec01143d6ad40,shoes; beauty products,haul; unboxing,The creator unboxes new purchases including beauty products and shoes during a haul video.,"🛍️ filming hauls brings me so much joy @LUSH #hauls  [{'id': '892052', 'name': 'hauls', 'title': None, 'cover': None}]",1203.0,"Beauty, fragrance and personal care"
tt_direct,tiktok_video:local_87e5965b2510f5a549006648c27f01b5dff9c83735c7ab93f77340ba0bd93b4b,seashell napkin rings; home decor,unboxing; item showcase,The creator unboxes and styles a set of vintage seashell napkin rings bought on eBay for $15.,"$15 ebay vintage gem of the week! 💎

#ebayvintage #vintagegem #homestyling #ebayfinds  [{'id': '1699477910810629', 'name': 'ebayvintage', 'title': None, 'cover': None}, {'id': '1660464063601669', 'name': 'vintagegem', 'title': None, 'cover': None}, {'id': '65180233', 'name': 'homestyling', 'title': None, 'cover': None}, {'id': '1653141458191365', 'name': 'ebayfinds', 'title': None, 'cover': None}]",1265.0,"Home, kitchen and decor"
tt_direct,tiktok_video:local_a84c5d383833d179327bd423e51d058e939bc221d6ec1ad244759a0be9077033,garnet; gemstones,live auction; promotion,A creator showcases garnet gemstones while announcing a live sale event with $10 starting bids.,"#CapCut #crystaltok #crystals #gemstone #ebay 
Garnet 😍 [{'id': '1663935709411330', 'name': 'capcut', 'title': 'CapCut is a new, easy-to-use video editing tool designed for mobile platforms. CapCut provides users with a wide range of video editing functions, filters, audio &amp; visual effects, video templates, while keeping it free of charge and ads-free. Everyone can be a creator by using CapCut.  \n\nStart creating your cool videos today: \nhttps://capcut.onelink.me/XKqI/228cad85', 'cover': None}, {'id': '1645807411614726', 'name': 'crystaltok', 'title': None, 'cover': None}, {'id': '343158', 'name': 'crystals', 'title': 'I have more #Crystals than friends.', 'cover': None}, {'id': '198789', 'name': 'gemstone', 'title': None, 'cover': None}, {'id': '186688', 'name': 'ebay', 'title': None, 'cover': None}]",316.0,Jewelry and body jewelry
tt_direct,tiktok_video:local_d2ef3a9bd6f97c33de7fd759db89a8035eca7f4791ef99de8c84ef4fc7b9b7bd,handbags; velvet coat,haul; item showcase,The creator showcases recent eBay finds including a velvet coat and multiple handbags.,"A few of the gems I found on @ebay recently! Haven’t been very active but I know I will never be disappointed #ebay  [{'id': '186688', 'name': 'ebay', 'title': None, 'cover': None}]",208.0,Unassigned (mixed/other)
tt_direct,tiktok_video:local_060d8b586478af580139ab1e933ba0e661816f3893b9e685b44c33e579e5ba5a,silverware; board games,seller promotion; inventory showcase,"An eBay seller showcases their store inventory of vintage silver, board games, and other items open for haggling.","POV: You found the ultimate stash of vintage gems. 💎
From Sheffield silver to retro board games and designer classics, the hoard is officially open for haggling. Don't let these one-off finds be the ones that got away!
👉 Tap the link in our bio to shop the latest drops on eBay.
https://ebay.us/m/PaLbb4
#AntiqueSalvage #HaggleAndHoard #EbayUK #VintageFinds #silver  [{'id': '7107037639554891822', 'name': 'antiquesalvage', 'title': None, 'cover': None}, {'id': '7584187335672561686', 'name': 'haggleandhoard', 'title': None, 'cover': None}, {'id': '67679020', 'name': 'ebayuk', 'title': None, 'cover': None}, {'id': '1640868867941382', 'name': 'vintagefinds', 'title': None, 'cover': None}, {'id': '81310', 'name': 'silver', 'title': None, 'cover': None}]",272.0,Reselling / seller how-to / marketplace ops
tt_direct,tiktok_video:local_215d94e1129c00f387c4a8605751ca0f4d6ed9dac9c85a19deda0c9d728b0b4c,gemstones,promotion; item showcase,A seller displays a faceted green gemstone offered for sale on their eBay store.,"#gemstonesforsale2 #gemstonesforsale #ebayseller #ebay #ebaystore #gemstones  [{'id': '7464434783378554885', 'name': 'gemstonesforsale2', 'title': None, 'cover': None}, {'id': '1657104598368262', 'name': 'gemstonesforsale', 'title': None, 'cover': None}, {'id': '68438801', 'name': 'ebayseller', 'title': None, 'cover': None}, {'id': '186688', 'name': 'ebay', 'title': None, 'cover': None}, {'id': '1641429651917830', 'name': 'ebaystore', 'title': None, 'cover': None}, {'id': '43249', 'name': 'gemstones', 'title': None, 'cover': None}]",246.0,Jewelry and body jewelry
tt_direct,tiktok_video:local_d7b1cd87e2952ce248fde998d027fe771a1d7b81ebf04a3e9d27c3d1081a7c43,vintage clothing; dresses,haul; styling,A creator showcases second-hand and vintage clothing finds purchased from eBay through quick outfit changes.,"come check out my finds #Ebay #vintage #ootd #fashion #secondhand  [{'id': '186688', 'name': 'ebay', 'title': None, 'cover': None}, {'id': '21743', 'name': 'vintage', 'title': None, 'cover': None}, {'id': '13251', 'name': 'ootd', 'title': ""What's your #OOTD?"", 'cover': None}, {'id': '11885', 'name': 'fashion', 'title': None, 'cover': None}, {'id': '1618906125570053', 'name': 'secondhand', 'title': None, 'cover': None}]",2703.0,Vintage and secondhand clothing / thrift
tt_direct,tiktok_video:local_eaa5b2f66ca0833a6551bf887e16c8efad660ba5cb741de61bddbe3f416f4433,vintage clothing; 70s fashion,haul; try-on,A creator shares a mini haul and try-on of vintage clothing purchased from online vintage sites.,"Mini haul bc I lowkey hit the jackpot last week on the vintage sites 

 

 

#vintage #vintagefashion #70sfashion #70s #70sclothing  [{'id': '21743', 'name': 'vintage', 'title': None, 'cover': None}, {'id': '5734410', 'name': 'vintagefashion', 'title': None, 'cover': None}, {'id': '66409151', 'name': '70sfashion', 'title': None, 'cover': None}, {'id': '149003', 'name': '70s', 'title': None, 'cover': None}, {'id': '1656477693732869', 'name': '70sclothing', 'title': None, 'cover': None}]",16600.0,Vintage and secondhand clothing / thrift
tt_direct,tiktok_video:local_6a4f3ca718d3baace944a39bfd232dc1824201ee1c4be3c71a19148b90e61ac0,vintage clothing; vintage dresses,haul; vintage fashion,"A creator showcases a haul of vintage dresses and accessories, praising the quality of older clothing.","C’est lequel votre morceau préfff je suis curieuse!! C’est fou à quel point les vêtements d’avant étaient de meilleure qualité et ben plus uniques ⭐️@Club 777 Vintage 🐆 #thrifthaul #stylebundle #Haul #vintagemysterybox #2000s  [{'id': '74352553', 'name': 'thrifthaul', 'title': 'Show us your #ThriftHaul and what you have brought recently!', 'cover': None}, {'id': '1658036577225733', 'name': 'stylebundle', 'title': None, 'cover': None}, {'id': '81497', 'name': 'haul', 'title': 'Any excuse for a fashion haul...', 'cover': 'https://p16-common-sign.tiktokcdn-us.com/musically-maliva-obj/4105cc54bccf7c4a633c49218dbf5ea8~tplv-tiktokx-origin.image?dr=9627&x-expires=1790283600&x-signature=Cmy%2FPEJ%2B%2FiO2Z8j8jXFSlGTSGVQ%3D&t=4d5b0474&ps=13740610&shp=81f88b70&shcp=9b759fb9&idc=useast5'}, {'id': '1669138221902869', 'name': 'vintagemysterybox', 'title': None, 'cover': None}, {'id': '204050', 'name': '2000s', 'title': 'Pois pode separar o seu V3, a sua calça de cintura baixa e o seu piercing no umbigo: entra no carro amiga, nós vamos pros anos 2000!', 'cover': None}]",76600.0,Vintage and secondhand clothing / thrift
tt_direct,tiktok_video:local_a861bd040f83cab67bd856b1fc219c45aeb8469dd0e9b5f5f419546eeb66e4a1,thrift clothing; accessories,haul; thrift finds,"A creator presents thrift store fashion finds including a shoulder bag, ballet flats, and sunglasses.","#opshopfinds #vintage  [{'id': '1651893536885765', 'name': 'opshopfinds', 'title': None, 'cover': None}, {'id': '21743', 'name': 'vintage', 'title': None, 'cover': None}]",8028.0,Vintage and secondhand clothing / thrift
tt_direct,tiktok_video:local_901b379900c9f64155103e60674e383a4be5505a971a470a617207cce7ca4069,clothing; vintage clothing,reselling strategy; inventory listing,A reseller prepares clothing for Vinted while planning to list vintage inventory on eBay.,"My eyeballs hurt bc of the lighting  too😵 but remember,  everything will be one dollar!!

Once I'm done with Vinted, I'll move on to Depop, where I have much cooler things😅

My vintage things will be on Ebay
But anyways

#vinted #depop #ebay #reseller #sahm  [{'id': '16399512', 'name': 'vinted', 'title': None, 'cover': None}, {'id': '6127348', 'name': 'depop', 'title': None, 'cover': None}, {'id': '186688', 'name': 'ebay', 'title': None, 'cover': None}, {'id': '89286981', 'name': 'reseller', 'title': None, 'cover': None}, {'id': '3514583', 'name': 'sahm', 'title': None, 'cover': None}]",2713.0,Vintage and secondhand clothing / thrift
tt_direct,tiktok_video:local_840d4b7d57b2ca330fa2b2fdd3e7d330a468d9cb3a81fbb3e58ef942bc9e7c82,mineral specimens; gemstones,seller promotion; item showcase,A creator displays a rare pollucite and green tourmaline mineral specimen available in their eBay store.,"Rare Pollucite & Green Tourmaline Gem! 💎🌿 #GemstoneLover #CrystalMagic #eBay #eBayStore https://ebay.us/m/O9cI6D [{'id': '1629954057722885', 'name': 'gemstonelover', 'title': None, 'cover': None}, {'id': '10209717', 'name': 'crystalmagic', 'title': None, 'cover': None}, {'id': '186688', 'name': 'ebay', 'title': None, 'cover': None}, {'id': '1641429651917830', 'name': 'ebaystore', 'title': None, 'cover': None}]",94.0,Jewelry and body jewelry
tt_direct,tiktok_video:local_629b5cee918cb3f22438c7b94a3ef425e06bcaea354d423fcec8176172656e9f,retro toys; board games,reselling; workspace setup,A reseller displays their storage unit workspace organized for sourcing and listing vintage games and toys.,"🕹️👾 Scoring vintage gems so you don’t have to! 🎮✨ eBay finds, retro toys & rare games — let the nostalgia begin! #VintageReseller #RetroGaming #ToyCollector #eBayFinds #NostalgiaVibes [{'id': '1648804058832901', 'name': 'vintagereseller', 'title': None, 'cover': None}, {'id': '7991024', 'name': 'retrogaming', 'title': ""Whether you're still living a 8-bit life, or emulating a classic, it's time to celebrate #RetroGaming"", 'cover': None}, {'id': '9582655', 'name': 'toycollector', 'title': None, 'cover': None}, {'id': '1653141458191365', 'name': 'ebayfinds', 'title': None, 'cover': None}, {'id': '1623098972266502', 'name': 'nostalgiavibes', 'title': None, 'cover': None}]",2773.0,Reselling / seller how-to / marketplace ops
tt_direct,tiktok_video:local_5ce18e1d97f0aaaab056cce15e21f7a1389fcca5e40a06b40a0e68a6bad6a821,virtual items,pricing discussion; in-game items,The creator discusses Animal Jam Classic virtual headdress listings on eBay and questions spending high sums on them.,"A normal day on AJC eBay. Nothing new.
Would you spend $600 on a piece of cultural appropriation? Ft. @Grace and a bunch of other swagger jammers from the Jam Corner discord. 
#animaljamclassic #animaljam #animaljamcommunity #animaljamtiktok #animaljamclassictiktok #animaljammer  [{'id': '1665233599164421', 'name': 'animaljamclassic', 'title': None, 'cover': None}, {'id': '139045', 'name': 'animaljam', 'title': None, 'cover': None}, {'id': '17961354', 'name': 'animaljamcommunity', 'title': None, 'cover': None}, {'id': '1617384626056198', 'name': 'animaljamtiktok', 'title': None, 'cover': None}, {'id': '1687197859991554', 'name': 'animaljamclassictiktok', 'title': None, 'cover': None}, {'id': '10741713', 'name': 'animaljammer', 'title': None, 'cover': None}]",4035.0,Unassigned (mixed/other)
tt_direct,tiktok_video:local_9703b859300f5c0670a257ac9cb447e20aa9764f48ef916628ba63f793adc442,thrift apparel; boots,inventory haul; crosslisting,A reseller displays a thrift haul of clothing and Doc Martens boots planned for listing across multiple platforms.,"Beautiful haul from today 🛍️💗

Everything going up this week 🧚‍♂️🍂

Shop on Depop, Mercari, EBay, Poshmark, and Etsy 🧺💗

#depop #thrifthaul #haul #thrift  [{'id': '6127348', 'name': 'depop', 'title': None, 'cover': None}, {'id': '74352553', 'name': 'thrifthaul', 'title': 'Show us your #ThriftHaul and what you have brought recently!', 'cover': None}, {'id': '81497', 'name': 'haul', 'title': 'Any excuse for a fashion haul...', 'cover': 'https://p16-common-sign.tiktokcdn-us.com/musically-maliva-obj/4105cc54bccf7c4a633c49218dbf5ea8~tplv-tiktokx-origin.image?dr=9627&x-expires=1790283600&x-signature=Cmy%2FPEJ%2B%2FiO2Z8j8jXFSlGTSGVQ%3D&t=4d5b0474&ps=13740610&shp=81f88b70&shcp=9b759fb9&idc=useast5'}, {'id': '172545', 'name': 'thrift', 'title': None, 'cover': None}]",306.0,Vintage and secondhand clothing / thrift
tt_direct,tiktok_video:local_eb1746f5d26f57e35dda4bdc79b7879038203e91f4d789db8bbfe217d26b99c7,digital goods; vendor lists,dropshipping; income claim,"A seller claims dropshipping digital supplier lists on eBay generated over $16,000 without requiring shipping.","eBay drop shipping made me rich!!!

#ebay 
#dropshipping 
#money 
#30k
#reselling  [{'id': '186688', 'name': 'ebay', 'title': None, 'cover': None}, {'id': '1597139708493830', 'name': 'dropshipping', 'title': None, 'cover': None}, {'id': '6920', 'name': 'money', 'title': None, 'cover': None}, {'id': '470960', 'name': '30k', 'title': None, 'cover': None}, {'id': '14545306', 'name': 'reselling', 'title': None, 'cover': None}]",2207.0,Reselling / seller how-to / marketplace ops
tt_direct,tiktok_video:local_7693d03bd6c04d143d0173c4c9e8fb4b5464f2357d7fb665e292d45da93647eb,motorcycle helmets; racing memorabilia,flea market negotiation; reselling comparison,A creator shares negotiating a vintage Valentino Rossi AGV helmet down to 55 euros at a flea market.,"HO COMPRATO UN CASCO DI VALENTINO ROSSI ANNI 90/2000 🏍️🔥

Questa mattina al mercatino mi sono imbattuto in questo casco AGV di Valentino Rossi di fine anni ’90 / primi 2000 e appena l’ho visto mi ha subito incuriosito.

Il venditore chiedeva 70€, ho provato a partire da 50€ e alla fine siamo riusciti a chiudere a 55€. Direi che questa volta la trattativa è andata decisamente bene. 😅 

Online ne avevo visti alcuni proposti intorno ai 125/150€, quindi per me è stato davvero un bel colpo. 👀

#ValentinoRossi #AGV #Vintage #Mercatini #VintageHunting  [{'id': '4670755', 'name': 'valentinorossi', 'title': None, 'cover': None}, {'id': '3089311', 'name': 'agv', 'title': None, 'cover': None}, {'id': '21743', 'name': 'vintage', 'title': None, 'cover': None}, {'id': '41399481', 'name': 'mercatini', 'title': None, 'cover': None}, {'id': '1595658529666054', 'name': 'vintagehunting', 'title': None, 'cover': None}]",617900.0,"Automotive: parts, cars, motorcycles"
tt_direct,tiktok_video:local_cd6ed8543677989b416a83ff7263f2e9291b6c3763bd35c037103a0d1edb4470,vintage jackets; music posters,valuable collectibles; vintage items,"The video discusses expensive vintage collection items, showing vintage jackets and a music poster.","Какая ваша самая ценная винтажная вещь в коллекции?

#vintage #vintageshop #rarecollection  [{'id': '21743', 'name': 'vintage', 'title': None, 'cover': None}, {'id': '15243155', 'name': 'vintageshop', 'title': None, 'cover': None}, {'id': '56903491', 'name': 'rarecollection', 'title': None, 'cover': None}]",239100.0,Vintage and secondhand clothing / thrift
tt_direct,tiktok_video:local_f37e237fe2886bc219fec18cd36f4f88358f26a9103cf2e0849eb3a7e03fe933,costume jewelry; brooches,flea market haul; vintage sorting,A creator sorts through an assorted pile of vintage brooches and jewelry pieces.,"#брошь #винтаж #vintage #VintageFashion #барахолка  [{'id': '67365363', 'name': 'брошь', 'title': None, 'cover': None}, {'id': '83654798', 'name': 'винтаж', 'title': None, 'cover': None}, {'id': '21743', 'name': 'vintage', 'title': None, 'cover': None}, {'id': '5734410', 'name': 'vintagefashion', 'title': None, 'cover': None}, {'id': '59087978', 'name': 'барахолка', 'title': None, 'cover': None}]",232500.0,Jewelry and body jewelry
tt_direct,tiktok_video:local_576b54ec5cb8eaa7f54842d3bc9b087df4ac7d7bef2aac22fc0f979b12718c2b,vintage clothing; sweatshirts,unboxing; reselling announcement,A creator shares unpacking vintage sweatshirts bought from an eBay seller to resell on Telegram.,"Я БЫЛ В ШОКЕ КОГДА РАСПАКОВАЛ!!!
Продавать буду в ТГК GERMANY MARKET
#ebay #alphaindustries #vintage #casual #авито  [{'id': '186688', 'name': 'ebay', 'title': None, 'cover': None}, {'id': '5935742', 'name': 'alphaindustries', 'title': None, 'cover': None}, {'id': '21743', 'name': 'vintage', 'title': None, 'cover': None}, {'id': '5081', 'name': 'casual', 'title': 'Entre garrafas e maços vazios...🚬🍾', 'cover': None}, {'id': '66601442', 'name': 'авито', 'title': None, 'cover': None}]",3100000.0,Vintage and secondhand clothing / thrift
tt_direct,tiktok_video:local_0fe722d622f7089113cc5bebc1830a61a2c916450e9a7d866b5f56e64eeef81f,curtain tiebacks; home decor,product research; reselling tips,The creator demonstrates product research for eBay reselling using an example listing of curtain tiebacks.,"#eBay #ProductHunting #SmartResearch #HiddenGems #eBayTips
    [{'id': '186688', 'name': 'ebay', 'title': None, 'cover': None}, {'id': '1663035242926086', 'name': 'producthunting', 'title': None, 'cover': None}, {'id': '1676782901006338', 'name': 'smartresearch', 'title': None, 'cover': None}, {'id': '80239529', 'name': 'hiddengems', 'title': 'Share your favorite #HiddenGems', 'cover': None}, {'id': '1651835515902981', 'name': 'ebaytips', 'title': None, 'cover': None}]",93.0,"Home, kitchen and decor"
tt_direct,tiktok_video:local_fd97caa89659ba327d19d50ff9f8e98e106aaeb89cec8c188ab98a78c2cac599,costume jewelry; bulk jewelry,unboxing haul; sourcing,A creator showcases an unboxing of a 17.7-pound bulk jewelry lot purchased on eBay.,"The price was lowkey good too 😉

#luckygirlsyndrome #unboxinghaul #jewelry #jewellerytok #ebayfinds #mysteryjewelry #thrifthaul #fypシ #hacks #fashiontiktok #accessories #viralfinds #ebay  [{'id': '7135913017497092138', 'name': 'luckygirlsyndrome', 'title': None, 'cover': None}, {'id': '1598625978698757', 'name': 'unboxinghaul', 'title': None, 'cover': None}, {'id': '21519', 'name': 'jewelry', 'title': None, 'cover': None}, {'id': '1675082389127173', 'name': 'jewellerytok', 'title': None, 'cover': None}, {'id': '1653141458191365', 'name': 'ebayfinds', 'title': None, 'cover': None}, {'id': '1664277223216133', 'name': 'mysteryjewelry', 'title': None, 'cover': None}, {'id': '74352553', 'name': 'thrifthaul', 'title': 'Show us your #ThriftHaul and what you have brought recently!', 'cover': None}, {'id': '1637342470396934', 'name': 'fypシ', 'title': None, 'cover': None}, {'id': '1139721', 'name': 'hacks', 'title': None, 'cover': None}, {'id': '1604791864655873', 'name': 'fashiontiktok', 'title': ""From red carpet reviews to finding your own style, we're here for all things fashion."", 'cover': 'https://p19-common-sign.tiktokcdn-us.com/musically-maliva-obj/2ad7203151f95c29c9dd3a30fa18adb7.png~tplv-tiktokx-origin.image?dr=9627&x-expires=1790283600&x-signature=gs6YcD6NLAUGEwBQrnMVaDL4jG4%3D&t=4d5b0474&ps=13740610&shp=81f88b70&shcp=9b759fb9&idc=useast5'}, {'id': '273275', 'name': 'accessories', 'title': None, 'cover': None}, {'id': '1666432667929606', 'name': 'viralfinds', 'title': None, 'cover': None}, {'id': '186688', 'name': 'ebay', 'title': None, 'cover': None}]",71200.0,Jewelry and body jewelry
tt_direct,tiktok_video:local_0c283b2293b1c38afe0943e2b2898bf913e60bbbfe32e8a309d8cfc8426d3d0a,vintage jewelry; jewelry lot,unboxing haul; sifting,A creator unboxes and sifts through an 8-pound vintage jewelry lot sourced from eBay.,"8lb jewelry lot from eBay! #vintagejewelry #vintagejewelrycollection #jewelryhaul #unboxing #ebayfinds  [{'id': '1616944762144774', 'name': 'vintagejewelry', 'title': None, 'cover': None}, {'id': '7083915992438407173', 'name': 'vintagejewelrycollection', 'title': None, 'cover': None}, {'id': '35385242', 'name': 'jewelryhaul', 'title': None, 'cover': None}, {'id': '460811', 'name': 'unboxing', 'title': 'What are you #Unboxing?', 'cover': None}, {'id': '1653141458191365', 'name': 'ebayfinds', 'title': None, 'cover': None}]",34100.0,Jewelry and body jewelry
tt_direct,tiktok_video:local_116b0a8adca688a320af22a66549e71f4f842f7ba06f18634a40ba81415a1032,used clothing; womens apparel,reselling haul; inventory review,The creator reviews used clothing items from a haul to identify potential pieces for online resale.,"What’s up everyone, Colton back with Part 2. Not a crazy exciting box but there are a few gems. #resellingcommunity #xyzbca #fyp #ebayseller #clothingreseller @ebay @Depop @Vinted @Poshmark @Mercari  [{'id': '1624684988206086', 'name': 'resellingcommunity', 'title': None, 'cover': None}, {'id': '1652484531221509', 'name': 'xyzbca', 'title': 'Asla bir sonraki hamleni bilmelerine izin verme! 👀', 'cover': 'https://p16-common-sign.tiktokcdn-us.com/tiktok-obj/14395673ac767c75a2f846113229ea95.png~tplv-tiktokx-origin.image?dr=9627&x-expires=1790283600&x-signature=uXG%2FT16ZHnedUnnr0Du%2FbwXxtDw%3D&t=4d5b0474&ps=13740610&shp=81f88b70&shcp=9b759fb9&idc=useast5'}, {'id': '229207', 'name': 'fyp', 'title': None, 'cover': None}, {'id': '68438801', 'name': 'ebayseller', 'title': None, 'cover': None}, {'id': '1666725330906118', 'name': 'clothingreseller', 'title': None, 'cover': None}]",100.0,Vintage and secondhand clothing / thrift
tt_direct,tiktok_video:local_487aac3cd23e69b1576e40007412f718ccf8f40dcdd6e19b746403270771ccbf,folk art plate; vintage pitcher,what sold; reselling,The creator shares recent sales of vintage home items across eBay and Etsy.,"A couple more vintage treasures are officially off to their new homes! 📦✨ This colorful folk art plate sold on eBay, and the classic white pitcher found its buyer on Etsy.

Two completely different styles—and that’s exactly why I love picking vintage. You never know what someone out there is searching for! ❤️

What sold lately in your reseller world?

#prairiepickerks #whatsold #ebay #etsy #VintageReseller  [{'id': '7640865315663904798', 'name': 'prairiepickerks', 'title': None, 'cover': None}, {'id': '64857839', 'name': 'whatsold', 'title': None, 'cover': None}, {'id': '186688', 'name': 'ebay', 'title': None, 'cover': None}, {'id': '3815567', 'name': 'etsy', 'title': None, 'cover': None}, {'id': '1648804058832901', 'name': 'vintagereseller', 'title': None, 'cover': None}]",120.0,Reselling / seller how-to / marketplace ops
tt_direct,tiktok_video:local_e604be28fcc027b3de62f17b45114648f4737ca0e664f6863ef59443061fe767,vintage jewelry; costume jewelry,unboxing; sourcing,"A creator unboxes a collection of vintage and costume jewelry purchased from Avito, tagging eBay in the post.","#ebay #евгениясорока #распаковка #бижутерия #авито #винтаж  [{'id': '186688', 'name': 'ebay', 'title': None, 'cover': None}, {'id': '7651128170120380430', 'name': 'евгениясорока', 'title': None, 'cover': None}, {'id': '83052860', 'name': 'распаковка', 'title': None, 'cover': None}, {'id': '36132345', 'name': 'бижутерия', 'title': None, 'cover': None}, {'id': '66601442', 'name': 'авито', 'title': None, 'cover': None}, {'id': '83654798', 'name': 'винтаж', 'title': None, 'cover': None}]",7517.0,Jewelry and body jewelry
tt_direct,tiktok_video:local_fa9966d6a49948e59b7328ee21dbe6700fc37ee5335444f869f2d22eaf0a75c5,auto parts; perfume,dropshipping; selling strategy,A creator explains how to start an inventory-free eBay dropshipping business using items like auto parts.,"How to PROPERLY sell on eBay #ebayseller #dropshipping #onlinebusiness #reselling #sidehustle  [{'id': '68438801', 'name': 'ebayseller', 'title': None, 'cover': None}, {'id': '1597139708493830', 'name': 'dropshipping', 'title': None, 'cover': None}, {'id': '21917915', 'name': 'onlinebusiness', 'title': None, 'cover': None}, {'id': '14545306', 'name': 'reselling', 'title': None, 'cover': None}, {'id': '398693', 'name': 'sidehustle', 'title': 'Participate for a chance to collect cash prizes by joining the #SideHustle Post Contest! Join &amp; Post here:https://vt.tiktok.com/ZMAhEKUfX/', 'cover': 'https://p16-common-sign.tiktokcdn-us.com/musically-maliva-obj/6a23e473a6cec9341415ea510a037c06.png~tplv-tiktokx-origin.image?dr=9627&x-expires=1790283600&x-signature=78j86SdoQuRY4XUK98uoSu9b7qo%3D&t=4d5b0474&ps=13740610&shp=81f88b70&shcp=9b759fb9&idc=useast5'}]",367.0,"Automotive: parts, cars, motorcycles"
tt_direct,tiktok_video:local_69f798803f36291eca14e2041fbd03c78b00f6da3305e3f13c719072020a0e94,vintage denim,wholesale sourcing; resale prep,A reseller showcases bundles of vintage Y2K denim jeans being prepared for resale.,"Good denim for daysss, resell city discord link in bio📦

Free shipping on all orders for paid members🫡 

Care Packages are coming back October 1st🙌🏼

#vintagewholesale #depopseller #ebayseller #raghouse #vintagefashion  [{'id': '1669496207930374', 'name': 'vintagewholesale', 'title': None, 'cover': None}, {'id': '1617076044217349', 'name': 'depopseller', 'title': None, 'cover': None}, {'id': '68438801', 'name': 'ebayseller', 'title': None, 'cover': None}, {'id': '1652151865399302', 'name': 'raghouse', 'title': None, 'cover': None}, {'id': '5734410', 'name': 'vintagefashion', 'title': None, 'cover': None}]",856.0,Vintage and secondhand clothing / thrift
tt_direct,tiktok_video:local_fe20031e7ebfaa1a4ee2b454053d4ae50349a644131518bdc87819999f346e29,vintage brass tray; home decor,sponsored promotion; resale software,A creator shares an ad demonstrating the SellRaze app to check comps and list a thrifted vintage brass tray.,"Excuse me?! A massive vintage brass tray at the thrift store?! Sign me up 🤩 ad 

So thankful for the @sellraze app that not only gives you real comps on what an item is worth, but it also allows you to post the item for sale on all of the major platforms! The dream app for any thrifter or reseller 🙌🏼  make sure to use my referral code “Breeyashade” when you download it! 

#thrifting #reseller #goodwillfinds #vintageboothreseller #vintagelover  [{'id': '130314', 'name': 'thrifting', 'title': 'Show us your best #Thrifting finds.', 'cover': 'https://p19-common-sign.tiktokcdn-us.com/musically-maliva-obj/d01345cdb88fac60c964be000a9f8455~tplv-tiktokx-origin.image?dr=9627&x-expires=1790283600&x-signature=5Z41sT6zICF0c%2BnsPPWDIrNlLwQ%3D&t=4d5b0474&ps=13740610&shp=81f88b70&shcp=9b759fb9&idc=useast8'}, {'id': '89286981', 'name': 'reseller', 'title': None, 'cover': None}, {'id': '1613876444332054', 'name': 'goodwillfinds', 'title': None, 'cover': None}, {'id': '7100774010413121578', 'name': 'vintageboothreseller', 'title': None, 'cover': None}, {'id': '21027480', 'name': 'vintagelover', 'title': None, 'cover': None}]",10600.0,"Home, kitchen and decor"
tt_direct,tiktok_video:local_b2b161d51ebb57e703477d50f45c3686f61baa66ef8c8ab67750b780ccddf1ca,vintage apparel; NFL apparel,collection showcase; sourcing,The creator displays a collection of vintage Victoria's Secret Pink NFL Chicago Bears apparel sourced from Depop and eBay.,"i found these all on depop and ebay !! #girlblogger #vspink #chicagobears #depopfinds #victoriassecret   [{'id': '7388892', 'name': 'girlblogger', 'title': None, 'cover': None}, {'id': '202129', 'name': 'vspink', 'title': None, 'cover': None}, {'id': '456110', 'name': 'chicagobears', 'title': None, 'cover': None}, {'id': '1663429098029061', 'name': 'depopfinds', 'title': None, 'cover': None}, {'id': '59019', 'name': 'victoriassecret', 'title': 'Ready for tonight? One of the biggest event in November is coming up. Lip-sync to your favorite performers’ songs and rock the runway! Get excited angels~', 'cover': None}]",1409.0,Reselling / seller how-to / marketplace ops
tt_direct,tiktok_video:local_985fb066598337d66ad7de7730f112757bddfc881cd72317d8a556ead60e9fd9,vintage glassware; art pottery,inventory promotion; eBay listings,A seller promotes newly posted eBay listings for various vintage home decor and collectible items.,"Available now. Just posted on eBay. #pastperfectattic #thriftedtreasures #blenko #ortizpottery [{'id': '7640949053613670431', 'name': 'pastperfectattic', 'title': None, 'cover': None}, {'id': '1655209380461573', 'name': 'thriftedtreasures', 'title': None, 'cover': None}, {'id': '1636356972138502', 'name': 'blenko', 'title': None, 'cover': None}, {'id': '7688315606482812958', 'name': 'ortizpottery', 'title': None, 'cover': None}]",124.0,"Home, kitchen and decor"
tt_direct,tiktok_video:local_21db31b4d876ec7617fb822b85f451602ef78be9509bd32d8109bd8834356ecf,ACEO art; original art,creator promotion; eBay listings,An artist promotes an autumn-themed handmade ACEO art piece listed under her name on eBay.,"I fell in love with the texture of okra. It turned into an Autumn love poem. This ACEO can be found by searching my name, Raquel Plank, on eBay and finding all my listings there. #art #smallbusiness #autumn [{'id': '5261', 'name': 'art', 'title': None, 'cover': None}, {'id': '31667995', 'name': 'smallbusiness', 'title': 'Join the #SmallBusiness community', 'cover': None}, {'id': '951', 'name': 'autumn', 'title': 'From fall fashion to comfort food recipes, cosy season is officially here 🍁', 'cover': None}]",89.0,Reselling / seller how-to / marketplace ops
tt_direct,tiktok_video:local_a4df2457039abe0ba6b541d301d6b9992ca8ccf37c70e9b4009826242ac297e3,vintage catalogs; paper ephemera,reselling tips; sold comps,A reseller highlights eBay sold listings for old catalogs to show their potential resale value.,"Those old catalogs in your basement might be worth something.  #Reseller  #thrifting  #eBaySeller  #eBay [{'id': '89286981', 'name': 'reseller', 'title': None, 'cover': None}, {'id': '130314', 'name': 'thrifting', 'title': 'Show us your best #Thrifting finds.', 'cover': 'https://p19-common-sign.tiktokcdn-us.com/musically-maliva-obj/d01345cdb88fac60c964be000a9f8455~tplv-tiktokx-origin.image?dr=9627&x-expires=1790283600&x-signature=5Z41sT6zICF0c%2BnsPPWDIrNlLwQ%3D&t=4d5b0474&ps=13740610&shp=81f88b70&shcp=9b759fb9&idc=useast8'}, {'id': '68438801', 'name': 'ebayseller', 'title': None, 'cover': None}, {'id': '186688', 'name': 'ebay', 'title': None, 'cover': None}]",553.0,Reselling / seller how-to / marketplace ops
tt_direct,tiktok_video:local_43dc3f742c4fca48a55be512fbc647cb122edf2d481045c7d4164d36fbd245e2,cologne; fragrance,listing tutorial; seller tips,"A seller provides a step-by-step tutorial on listing cologne on eBay, demonstrating with a bottle of Dior Sauvage Elixir.","HOW TO LIST COLOGNE ON EBAY SUCCESSFULLY #fyp #reselling #cologne #ebay #tips  [{'id': '229207', 'name': 'fyp', 'title': None, 'cover': None}, {'id': '14545306', 'name': 'reselling', 'title': None, 'cover': None}, {'id': '249728', 'name': 'cologne', 'title': None, 'cover': None}, {'id': '186688', 'name': 'ebay', 'title': None, 'cover': None}, {'id': '79189', 'name': 'tips', 'title': 'Show us your pro #Tips.', 'cover': None}]",26300.0,"Beauty, fragrance and personal care"
tt_direct,tiktok_video:local_b00887ff629ac21b3c06636a3980bfc2a1f8dbc26541a85a8a03164c1a35793f,vintage jackets; vintage clothing,reselling; brand recommendations,"The creator discusses vintage clothing brands to look for, focusing on transitional jackets.","transitional weather means layering and the inbetween jackets #vintage #secondhand #vintagebrandstoknow #springjackets #leatherjacket  [{'id': '21743', 'name': 'vintage', 'title': None, 'cover': None}, {'id': '1618906125570053', 'name': 'secondhand', 'title': None, 'cover': None}, {'id': '7521417278336794654', 'name': 'vintagebrandstoknow', 'title': None, 'cover': None}, {'id': '1664699529808902', 'name': 'springjackets', 'title': None, 'cover': None}, {'id': '252424', 'name': 'leatherjacket', 'title': None, 'cover': None}]",11700.0,Vintage and secondhand clothing / thrift
tt_direct,tiktok_video:local_216f8ee79ef438e6d6735177f9c08c6639814d48e1b4ebf89c212c2081bcb807,vintage clothing; style bundles,inventory sourcing; wholesale promotion,A vintage warehouse promotes wholesale style bundles and curation services for clothing resellers.,"calling all the reseller girlies 💕

come shop at our warehouse for your vintage shop ⭐️

🪄 source wholesale stock for yourself or for your vintage shop

🎀 5-25 piece style bundles (fairycore, boho, y2k, custom)

✨send us your moodboard, sizes & what you want us to curate for your personalised bundle

more details on our website y2kwholesale.com

📍y2kwholesale unit 4, 39 gransden avenue, london fields e8 3qa

#thrifting #london #vintagewholesale #thrifthaul londonvintage
london thrifting london vintage warehouse 2026 outfit ideas 2026 trends where to thrift secondhand fashion shopping experiences, unique thrift store finds, charity shop discoveries, sustainable fashion choices, eco-friendly clothing options, op shopping adventures, fashion tiktok trends, thrifting tips for beginners, exploring secondhand garments, budget-friendly fashion shopping, vintage wholesale supplier [{'id': '130314', 'name': 'thrifting', 'title': 'Show us your best #Thrifting finds.', 'cover': 'https://p16-common-sign.tiktokcdn-us.com/musically-maliva-obj/d01345cdb88fac60c964be000a9f8455~tplv-tiktokx-origin.image?dr=9627&x-expires=1790283600&x-signature=zEczsx9wUzk6Dma%2BKYi%2BvOyLfPI%3D&t=4d5b0474&ps=13740610&shp=81f88b70&shcp=9b759fb9&idc=useast8'}, {'id': '5609', 'name': 'london', 'title': None, 'cover': None}, {'id': '1669496207930374', 'name': 'vintagewholesale', 'title': None, 'cover': None}, {'id': '74352553', 'name': 'thrifthaul', 'title': 'Show us your #ThriftHaul and what you have brought recently!', 'cover': None}]",12800.0,Vintage and secondhand clothing / thrift
tt_direct,tiktok_video:local_30536f959e60d8f6d946a1b5b9efab188e028f0c07c9804145a79b18c1a3097b,vintage jacket; workwear,thrift flip; item valuation,"The creator shares finding a vintage Carhartt jacket, selling it for $300, and asks about its age and worth.","the pics are blurry but it’s all i got #carhartt #truevintage #americanvintage #70s #retro  [{'id': '1946471', 'name': 'carhartt', 'title': None, 'cover': None}, {'id': '1629467959958533', 'name': 'truevintage', 'title': None, 'cover': None}, {'id': '31694854', 'name': 'americanvintage', 'title': None, 'cover': None}, {'id': '149003', 'name': '70s', 'title': None, 'cover': None}, {'id': '2557', 'name': 'retro', 'title': 'Use Retro Effect and see what happens!', 'cover': None}]",97000.0,Vintage and secondhand clothing / thrift
tt_direct,tiktok_video:local_ae911b7038bc263f1a091678f7f682af8f3fcf73967eda168d239b04299d8660,pre-owned clothing; jackets,item showcase; listing promotion,The creator advertises newly listed pre-owned clothing items on their eBay store.,"Today’s Listings on EBay ! 
Come check it out 👇

https://www.ebay.com/itm/267125908136?mkcid=16&mkevt=1&mkrid=711-127632-2357-0&ssspo=TPD1R2OBQQ-&sssrc=4429486&ssuid=TPD1R2OBQQ-&var=&widget_ver=artemis&media=COPY

#ebay #seller #fyp #preloved #resellercommunity #lululemon #northface #northfacepuffer #zara #levi #bananarepublic #shopmycloset  [{'id': '186688', 'name': 'ebay', 'title': None, 'cover': None}, {'id': '395089', 'name': 'seller', 'title': None, 'cover': None}, {'id': '229207', 'name': 'fyp', 'title': None, 'cover': None}, {'id': '44577518', 'name': 'preloved', 'title': None, 'cover': None}, {'id': '1599895369880577', 'name': 'resellercommunity', 'title': None, 'cover': None}, {'id': '192633', 'name': 'lululemon', 'title': None, 'cover': None}, {'id': '119777', 'name': 'northface', 'title': None, 'cover': None}, {'id': '1658554575594501', 'name': 'northfacepuffer', 'title': None, 'cover': None}, {'id': '7557', 'name': 'zara', 'title': None, 'cover': None}, {'id': '19194', 'name': 'levi', 'title': None, 'cover': None}, {'id': '1372920', 'name': 'bananarepublic', 'title': None, 'cover': None}, {'id': '1611702652260357', 'name': 'shopmycloset', 'title': None, 'cover': None}]",192.0,Reselling / seller how-to / marketplace ops
tt_direct,tiktok_video:local_0a4ca172f81e7d0687b38a0632dff2512b41acd63111469e0a95a319deb7d212,clothing; figures,reseller sales; motivation,A seller highlights reselling thrifted items and gifted inventory for profit on eBay.,"POV: you turned thrifting into an income stream 📦💸 There’s something so satisfying about watching things you found at the thrift store turn into SOLD notifications. Keep sourcing, keep listing, KEEP GOING✨ you got this 💪🏻

Also BIG shoutout to my bestfriend @Anitha |A Curmudgeonly📖Critic!! her and her mama have sent me multiple items to resell and I’ve already sold a few of them including the bag in this video!! Your guys support means the world to me 🥹💖🫶🏻 Thank you bunches bestie and drunk 🐘!! 
-
-
-
-
reselling, reseller life, thrift reseller, thrifting for profit, eBay reseller, eBay sales, online reseller, reselling side hustle, thrift finds, what sold on eBay, make money reselling, reseller motivation, side hustle income
-
-
-
-

#ResellerTok
#eBayReseller
#ThriftReseller
#ResellingForProfit
#SideHustle  [{'id': '1683921193517062', 'name': 'resellertok', 'title': None, 'cover': None}, {'id': '1639775441690630', 'name': 'ebayreseller', 'title': None, 'cover': None}, {'id': '1657486980707333', 'name': 'thriftreseller', 'title': None, 'cover': None}, {'id': '1688911260254210', 'name': 'resellingforprofit', 'title': None, 'cover': None}, {'id': '398693', 'name': 'sidehustle', 'title': 'Participate for a chance to collect cash prizes by joining the #SideHustle Post Contest! Join &amp; Post here:https://vt.tiktok.com/ZMAhEKUfX/', 'cover': 'https://p19-common-sign.tiktokcdn-us.com/musically-maliva-obj/6a23e473a6cec9341415ea510a037c06.png~tplv-tiktokx-origin.image?dr=9627&x-expires=1790283600&x-signature=lICuTTz1I%2FQxtSN09pHqO4odPfo%3D&t=4d5b0474&ps=13740610&shp=81f88b70&shcp=9b759fb9&idc=useast5'}]",328.0,Reselling / seller how-to / marketplace ops
tt_direct,tiktok_video:local_94f284f48264fe6d499ff1f5b089d36a55582451410ee33677e7c05ecb6e63d3,hair dye; beauty supplies,order cancellation; customer communication,An eBay seller displays frustration over conflicting cancellation messages from a buyer.,"Cancel this order! #ebayfinds #ebayseller #reseller #resellercommunity #customerservice #badcustomer  [{'id': '1653141458191365', 'name': 'ebayfinds', 'title': None, 'cover': None}, {'id': '68438801', 'name': 'ebayseller', 'title': None, 'cover': None}, {'id': '89286981', 'name': 'reseller', 'title': None, 'cover': None}, {'id': '1599895369880577', 'name': 'resellercommunity', 'title': None, 'cover': None}, {'id': '416788', 'name': 'customerservice', 'title': ""Whether you're working the late shift, have a few stories to tell, or just need some healing tones, tell us your #CustomerService stories."", 'cover': None}, {'id': '17635097', 'name': 'badcustomer', 'title': None, 'cover': None}]",83400.0,"Beauty, fragrance and personal care"
tt_direct,tiktok_video:local_472a4efac7c1ed8b5516b39f877b93a18f9780f1c0d2459cd2cb15b377453e00,sports bras; baby clothing,listing promotion; inventory showcase,"The creator promotes newly listed preloved clothing items, including sports bras and pajamas, on eBay.","Check out todays listings on EBAY ! Check it out 👇

https://www.ebay.com/itm/267122294986?mkcid=16&mkevt=1&mkrid=711-127632-2357-0&ssspo=TPD1R2OBQQ-&sssrc=4429486&ssuid=TPD1R2OBQQ-&var=&widget_ver=artemis&media=COPY

#ebay #seller #resellercommunity #preloved #victoriasecretpink #nike #adidas #michaelkors #valentinesday #valentine #fypシ #foryoupage  [{'id': '186688', 'name': 'ebay', 'title': None, 'cover': None}, {'id': '395089', 'name': 'seller', 'title': None, 'cover': None}, {'id': '1599895369880577', 'name': 'resellercommunity', 'title': None, 'cover': None}, {'id': '44577518', 'name': 'preloved', 'title': None, 'cover': None}, {'id': '2009658', 'name': 'victoriasecretpink', 'title': None, 'cover': None}, {'id': '9789', 'name': 'nike', 'title': 'Find your favourite feel with Nike bras and leggings.', 'cover': None}, {'id': '14488', 'name': 'adidas', 'title': 'Be the Plus One – Empower Through Sport\n\nThis mission inspires individuals to uplift others and make sports more positive, inclusive, and empowering. By being a &quot;Plus One,&quot; they turn pressure into joy, fostering belief in &quot;You Got This&quot; while enhancing their own journey.', 'cover': None}, {'id': '86942', 'name': 'michaelkors', 'title': None, 'cover': None}, {'id': '10313', 'name': 'valentinesday', 'title': 'Post E-commerce Short Videos with #valentinesday during the Campaign Period and top ranked creators by total accumulated Short Video GMV will be eligible to receive up to $100 voucher rewards issued by TikTok Platform between 10th-14th February 2025.', 'cover': 'https://p16-common-sign.tiktokcdn-us.com/musically-maliva-obj/517be5a399cc5e55ab41e4c6aa103146.png~tplv-tiktokx-origin.image?dr=9627&x-expires=1790283600&x-signature=7mjTpArDoa8fJH0Z0%2FojnslM1wQ%3D&t=4d5b0474&ps=13740610&shp=81f88b70&shcp=9b759fb9&idc=useast5'}, {'id': '6419', 'name': 'valentine', 'title': None, 'cover': None}, {'id': '1637342470396934', 'name': 'fypシ', 'title': None, 'cover': None}, {'id': '88764338', 'name': 'foryoupage', 'title': None, 'cover': None}]",397.0,Sports memorabilia and equipment
tt_direct,tiktok_video:local_c59a91be90052be7af5bbe9156ac5e4ff335f03a1964adde90d9df8c4256e0dc,gemstone jewelry; Larimar,cultural pride; store promotion,The creator celebrates Dominican Larimar stone and promotes Larimar jewelry available on their website and eBay.,"Wearing Dominican Pride Every Day Until Nov 22! 🇩🇴🩵                         Please Subscribe to Our Channel 

Visitenos a nuestra pajina web:
Visit our Website at:
weluvorchidstreasures.com

Encuentrenos en eBay en:
Find us on eBay at:
https://www.ebay.com/usr/weluvorchids 

The Gem That Belongs to the Caribbean 🇩🇴 | National Larimar Day Countdown

Larimar is the official national stone of the Dominican Republic, and its story is one of incredible perseverance. The original official request to mine it was submitted on November 22, 1916, by Father Miguel Fuertes Loren. Decades later, it was officially rediscovered in 1974 by Miguel Méndez, who successfully secured the first mining permission and named it ""Larimar.""

Now, we are reclaiming November 22—the date of that very first official recognized interest—as National Larimar Day.

We aren't waiting until November to celebrate. I’m calling on EVERY Dominican—man, woman, and child across the world—to bring our national treasure out into the light. From now until November 22, wear your Larimar with pride—whether you're wearing a casual t-shirt, a dress, a suit, or just your daily attire!

💬 Comment below if you're joining the movement, tag a proud Dominican, and let’s show the world the beauty we were born to share.

#Larimar #NationalLarimarDay #DominicanRepublic #WearYourPride #LarimarJewelry   Too   [{'id': '9174054', 'name': 'larimar', 'title': None, 'cover': None}, {'id': '7575667109326225438', 'name': 'nationallarimarday', 'title': None, 'cover': None}, {'id': '40521', 'name': 'dominicanrepublic', 'title': None, 'cover': None}, {'id': '18980715', 'name': 'wearyourpride', 'title': 'In the spirit of service, Ecosoc Month 63 is proud to present ‘The Pride Project’, an initiative that encourages everyone to radiate love in all its forms. Show your support for this advocacy campaign by posting tiktoks showing the LGBTQ+ pride colors! You may showcase rainbow outfits, artworks, makeup looks, or anything that shows how you #WearYourPride. \n\nTogether, let’s strive towards a better &amp; brighter community.', 'cover': None}, {'id': '1668789575775238', 'name': 'larimarjewelry', 'title': None, 'cover': None}]",341.0,Jewelry and body jewelry
tt_direct,tiktok_video:local_e4ed67a5da92a1ba5e923f6a864b80da5a16631128f5e598b37030914210f178,vintage clothing,price negotiation; marketplace interaction,A creator shares a screen recording of price negotiations and memes during a clothing sale on Vinted.,"Aspoň jsem se zasmála 😂💗
#vinted #fyp #vintage #vintageclothing [{'id': '16399512', 'name': 'vinted', 'title': None, 'cover': None}, {'id': '229207', 'name': 'fyp', 'title': None, 'cover': None}, {'id': '21743', 'name': 'vintage', 'title': None, 'cover': None}, {'id': '15243156', 'name': 'vintageclothing', 'title': None, 'cover': None}]",265000.0,Vintage and secondhand clothing / thrift
tt_direct,tiktok_video:local_68ad1c50fa57664e5bcb47251444f621eadd620ce1844650d90ac6d6bed993fd,vintage clothing,brand identification; reselling tips,"The video highlights three vintage clothing brands, including Pendleton and Harris Tweed, for buyers and resellers to identify.","3 Vintage Brands you should know and look out for! These can date all across the 1900s, and are good quality Vintage staples!

Keep a look out for brands like these on our page @reworn.finds on insta or Vinted! Vintage and Y2K men's and women's in all sizes!

#vintagefashion #vintage #vintagebrands #brandsyoushouldknow #pendleton  [{'id': '5734410', 'name': 'vintagefashion', 'title': None, 'cover': None}, {'id': '21743', 'name': 'vintage', 'title': None, 'cover': None}, {'id': '1689983952588802', 'name': 'vintagebrands', 'title': None, 'cover': None}, {'id': '1705143251891206', 'name': 'brandsyoushouldknow', 'title': None, 'cover': None}, {'id': '1281522', 'name': 'pendleton', 'title': None, 'cover': None}]",1466.0,Vintage and secondhand clothing / thrift
tt_direct,tiktok_video:local_067ee10b3c6e88e888d26e1e1495185ebb097faffd3121be39fc583ce9dda7f5,sneakers; home goods,reselling prices; thrift haul,"A reseller details items found at yard sales and thrifting, sharing cost and intended listing prices on eBay and a booth.","What I found, where I’m listing it and for how much. #reseller #sidehustle #yardsale #thrifting  [{'id': '89286981', 'name': 'reseller', 'title': None, 'cover': None}, {'id': '398693', 'name': 'sidehustle', 'title': 'Participate for a chance to collect cash prizes by joining the #SideHustle Post Contest! Join &amp; Post here:https://vt.tiktok.com/ZMAhEKUfX/', 'cover': 'https://p16-common-sign.tiktokcdn-us.com/musically-maliva-obj/6a23e473a6cec9341415ea510a037c06.png~tplv-tiktokx-origin.image?dr=9627&x-expires=1790283600&x-signature=78j86SdoQuRY4XUK98uoSu9b7qo%3D&t=4d5b0474&ps=13740610&shp=81f88b70&shcp=9b759fb9&idc=useast5'}, {'id': '482621', 'name': 'yardsale', 'title': None, 'cover': None}, {'id': '130314', 'name': 'thrifting', 'title': 'Show us your best #Thrifting finds.', 'cover': 'https://p19-common-sign.tiktokcdn-us.com/musically-maliva-obj/d01345cdb88fac60c964be000a9f8455~tplv-tiktokx-origin.image?dr=9627&x-expires=1790283600&x-signature=5Z41sT6zICF0c%2BnsPPWDIrNlLwQ%3D&t=4d5b0474&ps=13740610&shp=81f88b70&shcp=9b759fb9&idc=useast5'}]",912.0,Vintage and secondhand clothing / thrift
tt_direct,tiktok_video:local_3cd3cd970c8602218038b2d7c97b348b9726c4c38619808f90a0e87a5ef97b41,wool sweaters,thrift sourcing; resale comps,A reseller showcases thrifted J.Crew wool sweaters alongside eBay sold listings demonstrating potential resale value.,"iykyk #ebay #ebayseller #ebayfinds #thriftfinds #thrifting  [{'id': '186688', 'name': 'ebay', 'title': None, 'cover': None}, {'id': '68438801', 'name': 'ebayseller', 'title': None, 'cover': None}, {'id': '1653141458191365', 'name': 'ebayfinds', 'title': None, 'cover': None}, {'id': '45983736', 'name': 'thriftfinds', 'title': None, 'cover': None}, {'id': '130314', 'name': 'thrifting', 'title': 'Show us your best #Thrifting finds.', 'cover': 'https://p19-common-sign.tiktokcdn-us.com/musically-maliva-obj/d01345cdb88fac60c964be000a9f8455~tplv-tiktokx-origin.image?dr=9627&x-expires=1790283600&x-signature=5Z41sT6zICF0c%2BnsPPWDIrNlLwQ%3D&t=4d5b0474&ps=13740610&shp=81f88b70&shcp=9b759fb9&idc=useast5'}]",5005.0,Vintage and secondhand clothing / thrift
tt_direct,tiktok_video:local_5a655d34cb81e77b597862caec7aed323bf8f12db8e00b14a9f130ce95c8bb62,sweater; clothing,thrift haul,A creator shares a thrift shop visit and displays a thrifted grey sweater.,"Vinted: bbebrikk #thrift #thriftinghaul #thriftshop #p #vintage
Thrift shop finds part 54 [{'id': '172545', 'name': 'thrift', 'title': None, 'cover': None}, {'id': '1638546191734790', 'name': 'thriftinghaul', 'title': None, 'cover': None}, {'id': '21406', 'name': 'thriftshop', 'title': 'Show us your best second-hand hauls.', 'cover': None}, {'id': '24649', 'name': 'p', 'title': None, 'cover': None}, {'id': '21743', 'name': 'vintage', 'title': None, 'cover': None}]",3700000.0,Vintage and secondhand clothing / thrift
tt_direct,tiktok_video:local_e43247b15cc82be29f458b466a0c6e70b5e73304faebcab21ed70b0623f35227,storage clipboard; office supplies,product sourcing; price comparison,"The video compares AliExpress and eBay prices for a storage clipboard, recommending it for new eBay seller accounts.","New accounts product best for Start eBay #ebay #ebayseller #onlinebusiness  [{'id': '186688', 'name': 'ebay', 'title': None, 'cover': None}, {'id': '68438801', 'name': 'ebayseller', 'title': None, 'cover': None}, {'id': '21917915', 'name': 'onlinebusiness', 'title': None, 'cover': None}]",289.0,Reselling / seller how-to / marketplace ops
tt_direct,tiktok_video:local_2dd741e78caddab7199123ba4779f8eed7f5226598e29b5279c78222d2585dfc,jewelry jar; costume jewelry,unboxing; product review,"The creator unboxes a $30 mystery jewelry jar purchased from eBay, calling it a steal.","$30 for all of thisss!???? This is a stealll, yall need to go check her out, plus it goes the money to get kitten!!! @LoveLittle Luxuries and @EkoElemental #jewelryjar #fyp  [{'id': None, 'name': 'jewelryjar', 'title': None, 'cover': None}, {'id': None, 'name': 'fyp', 'title': None, 'cover': None}]",1667.0,Jewelry and body jewelry
tt_direct,tiktok_video:local_df9b5208d7f59f5e2b6a59bd573fe2df93d9b349c19996873094b429f07db2e8,cars; vehicles,browsing listings; price reaction,The creator browses and rates several car listings on the eBay Motors app.,"better this time #mg #ebay #peugeot #subaru #car  [{'id': '46289', 'name': 'mg', 'title': None, 'cover': None}, {'id': '186688', 'name': 'ebay', 'title': None, 'cover': None}, {'id': '2609074', 'name': 'peugeot', 'title': None, 'cover': None}, {'id': '11868', 'name': 'subaru', 'title': None, 'cover': None}, {'id': '5256', 'name': 'car', 'title': None, 'cover': None}]",373.0,"Automotive: parts, cars, motorcycles"
tt_direct,tiktok_video:local_6c58a69d0faffcf2ebf6fab8863446d41b743fc2c618ff580275a774827aa78f,auto parts; radiator support,packaging; shipping,A seller demonstrates the process and challenges of packaging a large BMW auto part sold on eBay.,"3 hours, LOOK▶️✅
#bmw #fyp #ebay #ebaymotors  [{'id': '5139', 'name': 'bmw', 'title': None, 'cover': None}, {'id': '229207', 'name': 'fyp', 'title': None, 'cover': None}, {'id': '186688', 'name': 'ebay', 'title': None, 'cover': None}, {'id': '1649515776043013', 'name': 'ebaymotors', 'title': None, 'cover': None}]",514.0,"Automotive: parts, cars, motorcycles"
tt_direct,tiktok_video:local_2d4ba779edebe703cb8b9e134633dd2705615b46153eb7184b510622d758f694,auto parts,sourcing; car build,The creator showcases an eBay cart filled with car engine parts needed for an ongoing project build.,"Slowly but surely she’ll be ready⚖️
#boosted #cartok #b18a1 #gsr #builtmotor  [{'id': '3276655', 'name': 'boosted', 'title': None, 'cover': None}, {'id': '10133652', 'name': 'cartok', 'title': ""Calling all car lovers, review gurus, modification masters, and DIY enthusiasts! From Mar. 5th to April 3rd, we're thrilled to launch the exciting #CarTok Post Contest. Whether you're an expert at dissecting the latest cars in a review, a wizard at transforming vehicles through modifications, or a pro at sharing insider tips on car usage, this is your chance to shine. Create engaging videos about car reviews, modifications, or useful cars using tips, and don't forget to include the hashtags #CarTok and #TikTokAutoCampaign. By participating, you stand a chance to win up to $5000 in cash! To check out the official rules and learn how to sign up, simply search &quot;CarTok&quot; starting Mar. 5th on TikTok. So, what are you waiting for? Start your engines and let's drive this campaign to new heights!"", 'cover': None}, {'id': '1642058571449349', 'name': 'b18a1', 'title': None, 'cover': None}, {'id': '6626800', 'name': 'gsr', 'title': None, 'cover': None}, {'id': '1614435236339717', 'name': 'builtmotor', 'title': None, 'cover': None}]",565.0,"Automotive: parts, cars, motorcycles"
tt_direct,tiktok_video:local_97b9ca83e668d2dc00a03f5f4f5c361370e9500a5dd6d9db1727780c8cb0ba7c,auto parts,reselling earnings; inventory,"A creator shares an eBay app screenshot claiming $93,378 in earnings and displays their auto parts inventory.","Thank the man above 🙏🥲 
#ebay #reseller #autoparts #mechanic #success  [{'id': '186688', 'name': 'ebay', 'title': None, 'cover': None}, {'id': '89286981', 'name': 'reseller', 'title': None, 'cover': None}, {'id': '8333428', 'name': 'autoparts', 'title': None, 'cover': None}, {'id': '2284342', 'name': 'mechanic', 'title': 'Whether you’re upgrading your ride or just making some much needed repairs, show us your inner #mechanic', 'cover': 'https://p16-common-sign.tiktokcdn-us.com/musically-maliva-obj/e680dd33f0f6befbfa80c8785e370d03~tplv-tiktokx-origin.image?dr=9627&x-expires=1790283600&x-signature=VXvvuTc999C5aZmUxJuYsT%2FsuXo%3D&t=4d5b0474&ps=13740610&shp=81f88b70&shcp=9b759fb9&idc=useast5'}, {'id': '14568', 'name': 'success', 'title': None, 'cover': None}]",59600.0,"Automotive: parts, cars, motorcycles"
tt_direct,tiktok_video:local_c7fff6927e9860c7783efb52b788d8aefc11aa4a08470d95cb8644a840bf3515,auto parts dropshipping,business tutorial; dropshipping,The creator explains a three-step guide to starting an auto dropshipping business on eBay.,"3-Steps for #autodropshipping with #aedropshippes #ebaysupplier #ebayautosupplier #ebaywholesale  [{'id': '7272783790567587871', 'name': 'autodropshipping', 'title': None, 'cover': None}, {'id': '7359646934874718240', 'name': 'aedropshippes', 'title': None, 'cover': None}, {'id': '7283054119684669483', 'name': 'ebaysupplier', 'title': None, 'cover': None}, {'id': '7667998341661196311', 'name': 'ebayautosupplier', 'title': None, 'cover': None}, {'id': '7118303327456067627', 'name': 'ebaywholesale', 'title': None, 'cover': None}]",23400.0,"Automotive: parts, cars, motorcycles"
tt_direct,tiktok_video:local_b9dbc2f357924377d68e7355fe7526e81bfa01f1e67827094370bd24d837f985,vintage clothing; novelty sweater,sourcing haul; reselling,The creator displays a vintage novelty sweater haul and highlights a music-themed sweater for reselling.,"Holy Grail Vintage Novelty Sweater 🎷
#reselling #reseller #vintagefinds #vintagehaul #resellercommunity  [{'id': '14545306', 'name': 'reselling', 'title': None, 'cover': None}, {'id': '89286981', 'name': 'reseller', 'title': None, 'cover': None}, {'id': '1640868867941382', 'name': 'vintagefinds', 'title': None, 'cover': None}, {'id': '1643027649734661', 'name': 'vintagehaul', 'title': None, 'cover': None}, {'id': '1599895369880577', 'name': 'resellercommunity', 'title': None, 'cover': None}]",1114.0,Vintage and secondhand clothing / thrift
tt_direct,tiktok_video:local_db9ff8ae30829bd43ace6429616088cad5e5cc82d49bca0b26ba77566578e0d9,vintage t-shirts,sourcing; search tutorial,A creator demonstrates how to search for and identify valuable vintage t-shirts on eBay.,Ask my about my vintage toothpaste shirt when you see me  [],79200.0,Vintage and secondhand clothing / thrift
tt_direct,tiktok_video:local_8e80e676f28c9abd586eb5b8277514e1f16faaebed3de930856f3c31ac1c5c63,vintage clothing,sold listings; resale value,A video highlights eBay sold prices for various vintage clothing items that sell for over one hundred dollars.,"‼️VINTAGE clothing that can SELL FOR HUNDREDS 💰

#fyp #reseller #thrift #thriftflip #bolo     [{'id': '229207', 'name': 'fyp', 'title': None, 'cover': None}, {'id': '89286981', 'name': 'reseller', 'title': None, 'cover': None}, {'id': '172545', 'name': 'thrift', 'title': None, 'cover': None}, {'id': '1623823712105477', 'name': 'thriftflip', 'title': 'Whether you love second-hand shops or searching online, show us your best #ThriftFlip.', 'cover': 'https://p16-common-sign.tiktokcdn-us.com/musically-maliva-obj/3c6856db726d66c205868bb86c5a1816~tplv-tiktokx-origin.image?dr=9627&x-expires=1790283600&x-signature=fqSDSi6VLEsS%2F0AFvVzy6KaSmrQ%3D&t=4d5b0474&ps=13740610&shp=81f88b70&shcp=9b759fb9&idc=useast5'}, {'id': '468428', 'name': 'bolo', 'title': None, 'cover': None}]",5390.0,Vintage and secondhand clothing / thrift
tt_direct,tiktok_video:local_ffcd5f7b476a399ea9b6e2feb90b9f15b81ad5704a49c1c1a2e4551ab66c7b9f,in-game currency; virtual goods,scam allegations; order update,A creator claims they were scammed after ordering virtual game diamonds on eBay.,"𝑰𝒍𝒍 𝒌𝒆𝒆𝒑 𝒚𝒐𝒖 𝒈𝒖𝒆𝒔 𝒖𝒑𝒅𝒂𝒕𝒆𝒅! #Tigerpigdance #foryoupage #foryou #fyp #tiktok #royalhigh #ebay #wating #idk [{'id': None, 'name': 'tigerpigdance', 'title': None, 'cover': None}, {'id': '88764338', 'name': 'foryoupage', 'title': None, 'cover': None}, {'id': '42164', 'name': 'foryou', 'title': None, 'cover': None}, {'id': '229207', 'name': 'fyp', 'title': None, 'cover': None}, {'id': '23428', 'name': 'tiktok', 'title': None, 'cover': None}, {'id': '77455174', 'name': 'royalhigh', 'title': None, 'cover': None}, {'id': '186688', 'name': 'ebay', 'title': None, 'cover': None}, {'id': '443854', 'name': 'wating', 'title': None, 'cover': None}, {'id': '6394', 'name': 'idk', 'title': None, 'cover': None}]",420500.0,Unassigned (mixed/other)
tt_direct,tiktok_video:local_03b36f568e1b635a6094ecb48e27607dc906113c1957d9ce4d59e6161724b033,in-game currency; virtual goods,gameplay; item showcase,A video portrays a friend's excitement and avatar transformation after purchasing virtual game diamonds on eBay.,"Like homie chill out 🥹🥹😭😭
#royalehighfyp #royalehighcontent #royalehighrobloxgame #royalehighvideos #royalehigh  [{'id': '1654397140179974', 'name': 'royalehighfyp', 'title': None, 'cover': None}, {'id': '1665429949317126', 'name': 'royalehighcontent', 'title': None, 'cover': None}, {'id': '1667998568358918', 'name': 'royalehighrobloxgame', 'title': None, 'cover': None}, {'id': '1660435163993094', 'name': 'royalehighvideos', 'title': None, 'cover': None}, {'id': '83991802', 'name': 'royalehigh', 'title': None, 'cover': None}]",1475.0,Unassigned (mixed/other)
tt_direct,tiktok_video:local_470578734b0cca6b2bffbef2981f4260c45d768fdbbcc362f1a2ea64ea90bf3c,automobiles; paintwork,product critique; quality review,A creator criticizes the factory paint quality on a brand-new Leapmotor vehicle.,"Brand New Leap Motor 76 Plate 🤣 get what you pay for i suppose 🤣 awfull factory paintwork #chinesecars #chinesemarketvehicles #leapmotor #factorypaint #brandnew  [{'id': '1665851684356098', 'name': 'chinesecars', 'title': None, 'cover': None}, {'id': '7688274315422203927', 'name': 'chinesemarketvehicles', 'title': None, 'cover': None}, {'id': '7019394937129009158', 'name': 'leapmotor', 'title': None, 'cover': None}, {'id': '1642683306865669', 'name': 'factorypaint', 'title': None, 'cover': None}, {'id': '3452', 'name': 'brandnew', 'title': None, 'cover': None}]",395500.0,"Automotive: parts, cars, motorcycles"
tt_direct,tiktok_video:local_b39b978b085ad051b6bda4e8841dd7348a4a809d7b99d8e1fc5802d0cfbb09ab,Motorcycle exhaust,product showcase; advice seeking,The creator discusses an eBay exhaust on their motorcycle and asks viewers for recommendations on future exhaust upgrades.,"Yes this a eBay exhaust on my 2026 R1 (70th anniversary) let me recover from getting this bike. I’m not gonna lie and pretend I got money like that. I ain’t that big yet. WHAT EXHAUST SHOULD I GET LATER DOWN THE ROAD? #yamaha #yamahar1 #sportbikelife #sportbike #motorcycle  [{'id': '103840', 'name': 'yamaha', 'title': None, 'cover': None}, {'id': '371448', 'name': 'yamahar1', 'title': None, 'cover': None}, {'id': '202093', 'name': 'sportbikelife', 'title': None, 'cover': None}, {'id': '462410', 'name': 'sportbike', 'title': None, 'cover': None}, {'id': '11438', 'name': 'motorcycle', 'title': None, 'cover': None}]",6000.0,"Automotive: parts, cars, motorcycles"
tt_direct,tiktok_video:local_c03642403e661c63c49afa2697d91801825a35c3bb78dfb57424301529144a5b,Vintage clothing; Handbags,haul; thrift finds,The creator showcases an accumulation of vintage fashion finds purchased on Vinted over the past year.,"my best vintage finds 🔎🛍️🛒 an accumulation of everything I got from Vinted over the last year! #vintagefinds #vintedhaul #vintedfinds #vintagedesigner #vintageclothing  [{'id': '1640868867941382', 'name': 'vintagefinds', 'title': None, 'cover': None}, {'id': '1666668944058373', 'name': 'vintedhaul', 'title': None, 'cover': None}, {'id': '1676102787119109', 'name': 'vintedfinds', 'title': None, 'cover': None}, {'id': '1643223872531462', 'name': 'vintagedesigner', 'title': None, 'cover': None}, {'id': '15243156', 'name': 'vintageclothing', 'title': None, 'cover': None}]",10800.0,Vintage and secondhand clothing / thrift
tt_direct,tiktok_video:local_a81d9f5e1da597873f4fdd5cb6a8eda98d9a6a7640f897b58108756ab06805d4,Graphic t-shirts; Ties,thrift haul,A creator shares various graphic t-shirts and ties found while browsing clothing racks at a thrift shop.,"Thrift shop finds part 43 #thrift #thriftshop #thriftinghaul #vintage #fyp [{'id': '172545', 'name': 'thrift', 'title': None, 'cover': None}, {'id': '21406', 'name': 'thriftshop', 'title': 'Show us your best second-hand hauls.', 'cover': None}, {'id': '1638546191734790', 'name': 'thriftinghaul', 'title': None, 'cover': None}, {'id': '21743', 'name': 'vintage', 'title': None, 'cover': None}, {'id': '229207', 'name': 'fyp', 'title': None, 'cover': None}]",1300000.0,Vintage and secondhand clothing / thrift
tt_direct,tiktok_video:local_66c78c62f398066b277f19eb36a0c23568e7b24da88cfb9a8dcce5019cabbefe,Band tees; Vintage t-shirts,reselling; app scan,A creator uses an app while thrifting to scan vintage band t-shirts for value estimates and authenticity checks.,"Huge shoutout to @Bidstitch ❤️‍🔥

DM FOR INQUIRIES 📲 
-
☢️Depop•Instagram•tiktok•eBay @dylann_thrifts🧙🏽
Anything&EverythingVintage👑
Measurements in photos❤️‍🔥
All items may have flaws or imperfections🫣
#singlestitch #vintage #fyp [{'id': '1651074008229893', 'name': 'singlestitch', 'title': None, 'cover': None}, {'id': '21743', 'name': 'vintage', 'title': None, 'cover': None}, {'id': '229207', 'name': 'fyp', 'title': None, 'cover': None}]",2825.0,Vintage and secondhand clothing / thrift
tt_direct,tiktok_video:local_23e6f033b222bec875438381e288184b209e5e6f8ef8c76ede58e265e03fbb08,Vintage clothing; Dresses,item showcase; reseller inventory,A seller showcases vintage clothing pieces available on Vinted while expressing confidence in their curated inventory.,"im sorry but i always eat #vintage #clothing #vinted #y2k #coquette  [{'id': '21743', 'name': 'vintage', 'title': None, 'cover': None}, {'id': '19448', 'name': 'clothing', 'title': None, 'cover': None}, {'id': '16399512', 'name': 'vinted', 'title': None, 'cover': None}, {'id': '438217', 'name': 'y2k', 'title': None, 'cover': 'https://p19-common-sign.tiktokcdn-us.com/musically-maliva-obj/d73680beda62c4e005f39ae651680420~tplv-tiktokx-origin.image?dr=9627&x-expires=1790283600&x-signature=ku6JQGWepKvZQx7amV%2FEUYTTFo0%3D&t=4d5b0474&ps=13740610&shp=81f88b70&shcp=9b759fb9&idc=useast5'}, {'id': '5732682', 'name': 'coquette', 'title': None, 'cover': None}]",15600.0,Vintage and secondhand clothing / thrift
tt_direct,tiktok_video:local_2b5d0d7cb3a6e506e5bfe0dea03e991508be9398576cb4f9968f58be87813ac5,Vintage tops; Used clothing,haul; pricing,"A creator presents a haul of second-hand tops purchased from Vinted, displaying the individual prices paid.","vinted haul 🧁 (prices are without shipping) #thrifting #2000s #haul #fyp #vintage  [{'id': '130314', 'name': 'thrifting', 'title': 'Show us your best #Thrifting finds.', 'cover': 'https://p19-common-sign.tiktokcdn-us.com/musically-maliva-obj/d01345cdb88fac60c964be000a9f8455~tplv-tiktokx-origin.image?dr=9627&x-expires=1790283600&x-signature=5Z41sT6zICF0c%2BnsPPWDIrNlLwQ%3D&t=4d5b0474&ps=13740610&shp=81f88b70&shcp=9b759fb9&idc=useast5'}, {'id': '204050', 'name': '2000s', 'title': 'Pois pode separar o seu V3, a sua calça de cintura baixa e o seu piercing no umbigo: entra no carro amiga, nós vamos pros anos 2000!', 'cover': None}, {'id': '81497', 'name': 'haul', 'title': 'Any excuse for a fashion haul...', 'cover': 'https://p16-common-sign.tiktokcdn-us.com/musically-maliva-obj/4105cc54bccf7c4a633c49218dbf5ea8~tplv-tiktokx-origin.image?dr=9627&x-expires=1790283600&x-signature=Cmy%2FPEJ%2B%2FiO2Z8j8jXFSlGTSGVQ%3D&t=4d5b0474&ps=13740610&shp=81f88b70&shcp=9b759fb9&idc=useast5'}, {'id': '229207', 'name': 'fyp', 'title': None, 'cover': None}, {'id': '21743', 'name': 'vintage', 'title': None, 'cover': None}]",185600.0,Vintage and secondhand clothing / thrift
tt_direct,tiktok_video:local_b061eba5155bf09bf88cee91091bd963eb5b49ff8ffc69e15cfa19b4012c944d,Music memorabilia; Vintage button-up shirt,item identification; eBay purchase,"A creator shares an eBay shirt purchase, believing the piece closely matches a button-up shirt worn by singer Selena.","✨ “Dreaming of You” Button-Up ✨

I’m like 99% sure this is the top Selena wore while recording her vocals for “Dreaming of You” at Q Studios (March 7th, 1995)

I only had online pictures and my Selena magazines to compare the details of the tops, because I don’t know of any other collectors that have it (at least the ones that share their collections) to confirm.

But, it is a brand that she was known to use and the details are practically identical. I even had my husband be my second pair of eyes, because I was in disbelief that this could be the top! It had no likes on eBay and was less than $20, so I took a chance and bought it. It does seem a little darker than hers, but in some pictures the lighting is different and it shows lighter/darker.
ANYWAY, even if it isn’t the exact top..I’m am so happy to be super dang close!

#selena #selenaquintanilla #selenaquintanillaperez #vintage [{'id': '1493', 'name': 'selena', 'title': None, 'cover': None}, {'id': '33123', 'name': 'selenaquintanilla', 'title': None, 'cover': None}, {'id': '123391', 'name': 'selenaquintanillaperez', 'title': None, 'cover': None}, {'id': '21743', 'name': 'vintage', 'title': None, 'cover': None}]",16900.0,"Patches, pins, buttons and battle jackets"
tt_direct,tiktok_video:local_4ab8f67a81d584b1b5dde55e476170dff14645efb7de5ae6e1bdef2418c07f63,Vintage jewelry; Brooches,eBay recommendations; listing showcase,"The creator highlights several vintage jewelry pieces listed on eBay, urging viewers to purchase them.","save me from myself and snag these before I do 😅 #ebayfinds #vintagejewelry #pendantnecklace #secondhandfashion @ebay #greenscreen  [{'id': '1653141458191365', 'name': 'ebayfinds', 'title': None, 'cover': None}, {'id': '1616944762144774', 'name': 'vintagejewelry', 'title': None, 'cover': None}, {'id': '66508117', 'name': 'pendantnecklace', 'title': None, 'cover': None}, {'id': '1634465818178566', 'name': 'secondhandfashion', 'title': None, 'cover': None}, {'id': '801886', 'name': 'greenscreen', 'title': 'Try out the #GreenScreen Creative Effect! Check out the latest trends using #greenscreen for some inspiration. Just pick an image from your camera roll, stand in front of a plain background, and make the next TikTok masterpiece.', 'cover': 'https://p16-common-sign.tiktokcdn-us.com/musically-maliva-obj/e69896f9fc0e263ce07146644fdb1ae4~tplv-tiktokx-origin.image?dr=9627&x-expires=1790283600&x-signature=SQdsih3yTXwiwAsMof8yRd8Erpc%3D&t=4d5b0474&ps=13740610&shp=81f88b70&shcp=9b759fb9&idc=useast5'}]",6562.0,Jewelry and body jewelry
tt_direct,tiktok_video:local_9cbea54ffe3b6858bf5caf8b6879662727d66c5216a05db82519720fe5bef6b0,automobiles; luxury cars,vehicle sale; car showcase,A seller showcases the interior and exterior of a 2023 BMW X6 Xdrive40i offered for sale at a dealership.,"2023 BMW X6 Xdrive40i #bmw #carsoftiktok #car #forsale #msgulfcoast  [{'id': '5139', 'name': 'bmw', 'title': None, 'cover': None}, {'id': '1616029764656133', 'name': 'carsoftiktok', 'title': 'Your pit-stop at the biggest car community on TikTok! Explore and share your passion for everything car-related from car reviews, car transformations, car hacks, &amp; more all on #CarsofTikTok!🏎️🔥', 'cover': 'https://p16-common-sign.tiktokcdn-us.com/tiktok-obj/60e24c5bbcea695cb611ed3a71f4a00c.png~tplv-tiktokx-origin.image?dr=9627&x-expires=1790283600&x-signature=L9bJz%2BbQvcE0Qc%2Btp6nHnw5Qna4%3D&t=4d5b0474&ps=13740610&shp=81f88b70&shcp=9b759fb9&idc=useast5'}, {'id': '5256', 'name': 'car', 'title': None, 'cover': None}, {'id': '218123', 'name': 'forsale', 'title': None, 'cover': None}, {'id': '1617606394917894', 'name': 'msgulfcoast', 'title': None, 'cover': None}]",2300000.0,"Automotive: parts, cars, motorcycles"
tt_direct,tiktok_video:local_3bf4466face991ecfa458c2413c54628c645b35b8116b4621886a19b2071e013,car parts; engines,seller promotion; inventory advertisement,"An advertisement promotes 365 Engines, highlighting in-stock car parts, nationwide delivery, and positive eBay feedback.","#carparts #engines #carengines #lowmileage
linktr.ee/365enginesltd [{'id': '10985727', 'name': 'carparts', 'title': None, 'cover': None}, {'id': '2256828', 'name': 'engines', 'title': None, 'cover': None}, {'id': '34830694', 'name': 'carengines', 'title': None, 'cover': None}, {'id': '1633353114508294', 'name': 'lowmileage', 'title': None, 'cover': None}]",301.0,"Automotive: parts, cars, motorcycles"
tt_direct,tiktok_video:local_93fedf88ba13900dff15a812ee52f3798398d419fc2f66158516a77018683d5e,cars; used vehicles,online purchase; car condition,A comedy video depicts inspecting a red car purchased on eBay and discovering an issue with the wheel.,"#fyp #fypシ #xyzbca #wediditfirst0 #trending #viral #ukcomedy #cartiktok  [{'id': '229207', 'name': 'fyp', 'title': None, 'cover': None}, {'id': '1637342470396934', 'name': 'fypシ', 'title': None, 'cover': None}, {'id': '1652484531221509', 'name': 'xyzbca', 'title': 'Asla bir sonraki hamleni bilmelerine izin verme! 👀', 'cover': 'https://p16-common-sign.tiktokcdn-us.com/tiktok-obj/14395673ac767c75a2f846113229ea95.png~tplv-tiktokx-origin.image?dr=9627&x-expires=1790283600&x-signature=uXG%2FT16ZHnedUnnr0Du%2FbwXxtDw%3D&t=4d5b0474&ps=13740610&shp=81f88b70&shcp=9b759fb9&idc=useast5'}, {'id': '1695690564463622', 'name': 'wediditfirst0', 'title': None, 'cover': None}, {'id': '20105', 'name': 'trending', 'title': 'Discover the top viral trends, sounds and effects of the week! 🔥', 'cover': None}, {'id': '20884', 'name': 'viral', 'title': '¡descubre las canciones en tendencia! 🔥➡️ https://bit.ly/TendenciasTikTok_LATAM', 'cover': 'https://p16-common-sign.tiktokcdn-us.com/musically-maliva-obj/8e4d8102460a60717c89acc2d6367a16.png~tplv-tiktokx-origin.image?dr=9627&x-expires=1790283600&x-signature=wKjpA1vpsu%2FUo2OCthWJOBnjmcE%3D&t=4d5b0474&ps=13740610&shp=81f88b70&shcp=9b759fb9&idc=useast5'}, {'id': '28325598', 'name': 'ukcomedy', 'title': 'Are you the clown of the group? 🤡 The ultimate prankster or the pun king/queen?? 😂😂😂\nTag your non-lipsync comedy videos with #UKComedy and have us rolling on the floor.', 'cover': None}, {'id': '1588741500559361', 'name': 'cartiktok', 'title': ""Hit the gas because we're here for #CarTikTok."", 'cover': None}]",121100.0,"Automotive: parts, cars, motorcycles"
tt_direct,tiktok_video:local_a7257093d745026b9f32b17e52ef84162e64043fda7791589f7246831220c22c,motorcycles,dealership sales; promotional offer,"A dealership promotes new Honda Beat CBS motorcycles with official warranties and free accessories, showing customer purchases.","Motor nol kilo garansi resmi Free Helem jaket oli save bela. @Ameta Hiana Aubada @DEALER PB @aha.pusat.baratu99motor @ISAC AUTO SALES🛵🏍️ @AHA DIGITAL PRINTING &TEXTILE @AHA SHOP OFFICIAL @DAUCUA SHOP @JoisCam Autosales @CHARLES MOTOR #fanmotornolkilo #fankaretanolkilo #dealerdaucuamotor #timorleste🇹🇱❤foryoupage #fypシ  [{'id': '7525295588800200721', 'name': 'fanmotornolkilo', 'title': None, 'cover': None}, {'id': '7654840874723246087', 'name': 'fankaretanolkilo', 'title': None, 'cover': None}, {'id': '7652410499086319636', 'name': 'dealerdaucuamotor', 'title': None, 'cover': None}, {'id': '1664188343950337', 'name': 'timorleste🇹🇱❤foryoupage', 'title': None, 'cover': None}, {'id': '1637342470396934', 'name': 'fypシ', 'title': None, 'cover': None}]",48600.0,"Automotive: parts, cars, motorcycles"
tt_direct,tiktok_video:local_8acb9342b1e79cee1ecd59ea429592fb934f5c9b027ad7ffac333e3a66c8d1b6,car parts,buyer advice; website recommendations,"The creator recommends seven websites, including eBay Motors, to purchase cheaper car parts.","🚗🔧 ٧ مواقع لطلب قطع غيار السيارات بأسعار رخيصة:

1️⃣ RockAuto
2️⃣ PartsGeek
3️⃣ AutoZone
4️⃣ eBay Motors
5️⃣ CarParts
6️⃣ FCP Euro
7️⃣ Amayama

📌 فضّلوه وطبّقوه وانشروه 🤍

#قطع_غيار #سيارات #صيانة_السيارات #اكسبلور #ترند_تيك_توك  [{'id': '1623975039967238', 'name': 'قطع_غيار', 'title': None, 'cover': None}, {'id': '59291338', 'name': 'سيارات', 'title': None, 'cover': None}, {'id': '1652356967880709', 'name': 'صيانة_السيارات', 'title': None, 'cover': None}, {'id': '41104849', 'name': 'اكسبلور', 'title': None, 'cover': None}, {'id': '1620581306945861', 'name': 'ترند_تيك_توك', 'title': None, 'cover': None}]",148100.0,"Automotive: parts, cars, motorcycles"
tt_direct,tiktok_video:local_15294c62658716c06b3c6761b3910516450aa082b2a468ae8019bb486c1c9606,used clothing; vintage apparel,what sold; reselling,"A reseller reports their weekly sales and accepted offer prices across platforms including eBay, Poshmark, Vinted, and Depop.","What sold this week on Poshmark, Vinted, Depop and EBay. Quiet, but so glad someone scooped up that vintage beauty 😍 #whatsold #reseller #resellerlife #september #thrifted  [{'id': '64857839', 'name': 'whatsold', 'title': None, 'cover': None}, {'id': '89286981', 'name': 'reseller', 'title': None, 'cover': None}, {'id': '1644689627194373', 'name': 'resellerlife', 'title': None, 'cover': None}, {'id': '7911', 'name': 'september', 'title': None, 'cover': None}, {'id': '20484369', 'name': 'thrifted', 'title': ""Whether you're upcycling fashion, or finding your own style, show us what you've #Thrifted."", 'cover': 'https://p19-common-sign.tiktokcdn-us.com/musically-maliva-obj/c88a8837239943eec2f8af063aec79d4~tplv-tiktokx-origin.image?dr=9627&x-expires=1790283600&x-signature=b8bK4O3puaiKL57GvuulmQ8xvJY%3D&t=4d5b0474&ps=13740610&shp=81f88b70&shcp=9b759fb9&idc=useast8'}]",637.0,Vintage and secondhand clothing / thrift
tt_direct,tiktok_video:local_6100244602a304b2e8e4e207952f5f86575b49ca682300bc6a9bdbbd727afaca,handbags; vintage bags,inventory drop; reselling,A reseller previews three vintage 2000s Guess handbags coming soon for sale on Vinted.,"Coming to my Vinted soon - Bellebourne …
Which one would you choose? 🌸🖤 #bag #vinted #vintage #y2k #reseller  [{'id': '82668', 'name': 'bag', 'title': None, 'cover': None}, {'id': '16399512', 'name': 'vinted', 'title': None, 'cover': None}, {'id': '21743', 'name': 'vintage', 'title': None, 'cover': None}, {'id': '438217', 'name': 'y2k', 'title': None, 'cover': 'https://p19-common-sign.tiktokcdn-us.com/musically-maliva-obj/d73680beda62c4e005f39ae651680420~tplv-tiktokx-origin.image?dr=9627&x-expires=1790283600&x-signature=ku6JQGWepKvZQx7amV%2FEUYTTFo0%3D&t=4d5b0474&ps=13740610&shp=81f88b70&shcp=9b759fb9&idc=useast8'}, {'id': '89286981', 'name': 'reseller', 'title': None, 'cover': None}]",1420.0,Reselling / seller how-to / marketplace ops
tt_direct,tiktok_video:local_7c782e0410f8ba8529f502bf7def9f311fa4b6a26da7999ca1824c9d205c8738,clothing; tops,pricing tactics; reselling,A video humorously illustrates how styling a simple henley top on Vinted raises its perceived selling price from 3€ to 15€.,"#vinted #fyp #henleytop #reselling #ebay  [{'id': '16399512', 'name': 'vinted', 'title': None, 'cover': None}, {'id': '229207', 'name': 'fyp', 'title': None, 'cover': None}, {'id': '1685077951180806', 'name': 'henleytop', 'title': None, 'cover': None}, {'id': '14545306', 'name': 'reselling', 'title': None, 'cover': None}, {'id': '186688', 'name': 'ebay', 'title': None, 'cover': None}]",2400000.0,Reselling / seller how-to / marketplace ops
tt_direct,tiktok_video:local_cb4bcb28e33f43bb29e319d02a13da3e05ddb95f9f5b9e0bfb75824f1d719736,nail charms; beauty accessories,order haul; item showcase,"A creator displays a tiny pink nail charm ordered from eBay, demonstrating its application on a decorated fingernail.","Smallest ebay order! 💓#thrift #thrifted #goodwill #thrifting #thriftstorefinds  [{'id': '172545', 'name': 'thrift', 'title': None, 'cover': None}, {'id': '20484369', 'name': 'thrifted', 'title': ""Whether you're upcycling fashion, or finding your own style, show us what you've #Thrifted."", 'cover': 'https://p16-common-sign.tiktokcdn-us.com/musically-maliva-obj/c88a8837239943eec2f8af063aec79d4~tplv-tiktokx-origin.image?dr=9627&x-expires=1790283600&x-signature=8rerA2ZezGjURbSRckZ9o6hx7JE%3D&t=4d5b0474&ps=13740610&shp=81f88b70&shcp=9b759fb9&idc=useast8'}, {'id': '153140', 'name': 'goodwill', 'title': None, 'cover': None}, {'id': '130314', 'name': 'thrifting', 'title': 'Show us your best #Thrifting finds.', 'cover': 'https://p16-common-sign.tiktokcdn-us.com/musically-maliva-obj/d01345cdb88fac60c964be000a9f8455~tplv-tiktokx-origin.image?dr=9627&x-expires=1790283600&x-signature=zEczsx9wUzk6Dma%2BKYi%2BvOyLfPI%3D&t=4d5b0474&ps=13740610&shp=81f88b70&shcp=9b759fb9&idc=useast8'}, {'id': '40123777', 'name': 'thriftstorefinds', 'title': None, 'cover': None}]",37400.0,"Beauty, fragrance and personal care"
tt_direct,tiktok_video:local_74cd7cedcf788375a1fb855828ea038bc51930123ed5bf7bf01ddbac59665b99,vintage electronics; thrifted home goods,reselling tips; thrift flipping,"The creator shares thrift items, including home goods and vintage electronics, claimed to flip for over $100 on eBay.","5 Banned-for-Profit Thrift Items I Instantly Flip for $100+ on eBay
#ThriftFlipping #eBayReseller #reselling1011 #SideHustle #ThriftStoreFinds #viral #fyp [{'id': '1649117183073286', 'name': 'thriftflipping', 'title': None, 'cover': None}, {'id': '1639775441690630', 'name': 'ebayreseller', 'title': None, 'cover': None}, {'id': '1660564693022725', 'name': 'reselling101', 'title': None, 'cover': None}, {'id': '398693', 'name': 'sidehustle', 'title': 'Participate for a chance to collect cash prizes by joining the #SideHustle Post Contest! Join &amp; Post here:https://vt.tiktok.com/ZMAhEKUfX/', 'cover': 'https://p16-common-sign.tiktokcdn-us.com/musically-maliva-obj/6a23e473a6cec9341415ea510a037c06.png~tplv-tiktokx-origin.image?dr=9627&x-expires=1790283600&x-signature=78j86SdoQuRY4XUK98uoSu9b7qo%3D&t=4d5b0474&ps=13740610&shp=81f88b70&shcp=9b759fb9&idc=useast8'}, {'id': '40123777', 'name': 'thriftstorefinds', 'title': None, 'cover': None}, {'id': '20884', 'name': 'viral', 'title': '¡descubre las canciones en tendencia! 🔥➡️ https://bit.ly/TendenciasTikTok_LATAM', 'cover': 'https://p19-common-sign.tiktokcdn-us.com/musically-maliva-obj/8e4d8102460a60717c89acc2d6367a16.png~tplv-tiktokx-origin.image?dr=9627&x-expires=1790283600&x-signature=IZzj7coSzW8QIrwD22sj5IQCBKk%3D&t=4d5b0474&ps=13740610&shp=81f88b70&shcp=9b759fb9&idc=useast8'}, {'id': '229207', 'name': 'fyp', 'title': None, 'cover': None}]",635.0,Vintage and secondhand clothing / thrift
tt_direct,tiktok_video:local_5201543e423d4313893e6868deda81566d5095937bdd8268e70083b11e59f8b1,vintage furniture; wooden table,item restoration; reselling tips,A creator demonstrates restoring a scratched vintage wooden table using a product linked in their bio.,"Pure magic🤎
Link in my bio in LTK!!

#reseller #thrift #thrifthaul #vintage #resellertips  [{'id': '89286981', 'name': 'reseller', 'title': None, 'cover': None}, {'id': '172545', 'name': 'thrift', 'title': None, 'cover': None}, {'id': '74352553', 'name': 'thrifthaul', 'title': 'Show us your #ThriftHaul and what you have brought recently!', 'cover': None}, {'id': '21743', 'name': 'vintage', 'title': None, 'cover': None}, {'id': '1649605967628294', 'name': 'resellertips', 'title': None, 'cover': None}]",447000.0,"Home, kitchen and decor"
tt_direct,tiktok_video:local_91ee94d90011dbc9ed56eb2d1fa010d4a8f7067c4d6fa30f7cc992c430ba94d7,vintage fabric; baby scrapbook,upcycling; DIY craft,A creator uses thrifted vintage Ralph Lauren fabric to craft a baby scrapbook keepsake.,"$4 thrifted ralph lauren fabric = a boy mama’s favourite keepsake 🥹🧸🤎

this vintage Ralph Lauren fabric was WAY too cute to leave behind, so I turned it into something my new mama bestie can fill & keep forever for her baby boy 💛

#ThriftFlip #ThriftedFinds #VintageRalphLauren #BabyGift #BabyKeepsake [{'id': '1623823712105477', 'name': 'thriftflip', 'title': 'Whether you love second-hand shops or searching online, show us your best #ThriftFlip.', 'cover': 'https://p19-common-sign.tiktokcdn-us.com/musically-maliva-obj/3c6856db726d66c205868bb86c5a1816~tplv-tiktokx-origin.image?dr=9627&x-expires=1790283600&x-signature=EgAUaSjGsy9Fko5qxY3QW6TeGkE%3D&t=4d5b0474&ps=13740610&shp=81f88b70&shcp=9b759fb9&idc=useast8'}, {'id': '1648326167122950', 'name': 'thriftedfinds', 'title': None, 'cover': None}, {'id': '1652125321818118', 'name': 'vintageralphlauren', 'title': None, 'cover': None}, {'id': '55298169', 'name': 'babygift', 'title': None, 'cover': None}, {'id': '1653646090209285', 'name': 'babykeepsake', 'title': None, 'cover': None}]",48800.0,Physical media (Blu-ray/DVD/steelbook/VHS/CD/vinyl/books)
tt_direct,tiktok_video:local_666b14c2281162cf602f65fc86657aefe82cf5205222325590fa0387ef6b182b,used vehicles; cars,auto broker services; auction sourcing,A broker advertises a 2017 BMW 330i and car procurement services from dealer auctions.,"BMW 330I 
2017
158.000mil
4.600$

🇺🇸🚗Автомобили с закрытых Дилерских  аукционов : ADESA,
America's Auto Auction (США) , Manheim, COPART , IAAI Auction, CarMax 
Подберу авто вашей мечты под ваш бюджет!
✅Целые автомобили по вашим
параметрам
✅Доставка по США🇺🇸 в любой штат или город а так же логистика в порты доставки за пределы 🌎 (Европа) 
📞Звоните Watsapp   +1 407 988 0888 []",5491.0,"Automotive: parts, cars, motorcycles"
tt_direct,tiktok_video:local_901e44e17cc8612ee470d661ba3eb3cbb5ecefe5eb565b1696915c9614a0e7ad,car parts; climate control units,parts reselling; profit margins,An eBay seller highlights car climate control units sourced to flip for over $200 in profit.,"A few parts to profit 200+. #junkyard #carparts #ebay #resell #ebayseller #resellercommunity #car  [{'id': '772851', 'name': 'junkyard', 'title': None, 'cover': None}, {'id': '10985727', 'name': 'carparts', 'title': None, 'cover': None}, {'id': '186688', 'name': 'ebay', 'title': None, 'cover': None}, {'id': '1932205', 'name': 'resell', 'title': None, 'cover': None}, {'id': '68438801', 'name': 'ebayseller', 'title': None, 'cover': None}, {'id': '1599895369880577', 'name': 'resellercommunity', 'title': None, 'cover': None}, {'id': '5256', 'name': 'car', 'title': None, 'cover': None}]",18600.0,"Automotive: parts, cars, motorcycles"
tt_direct,tiktok_video:local_8148eb3b33f256920344ceb9d1d8e94e42437e11fef05ba1014c32c7fd60cb4a,auto parts; engine components,car repair; parts pricing,A creator explains the cost and engine components required for rebuilding a car.,"#clips #reparandocarros #sigueme #carrosdeportivos  [{'id': '87251', 'name': 'clips', 'title': None, 'cover': None}, {'id': '1682714170559490', 'name': 'reparandocarros', 'title': None, 'cover': None}, {'id': '88673', 'name': 'sigueme', 'title': None, 'cover': None}, {'id': '1629363098205189', 'name': 'carrosdeportivos', 'title': None, 'cover': None}]",210.0,"Automotive: parts, cars, motorcycles"
tt_direct,tiktok_video:local_d61b861a22a897bee01d94050f7dc6d4a451ed3a8633f6c07b915ecec35d6c1d,jewelry; auto parts,scam claim; order fulfillment issue,A buyer alleges an eBay scam after receiving car parts instead of ordered jewelry.,"Want mi jewelry 🤦🏽‍♀️#fyp #downpipe #mufflertips  [{'id': '229207', 'name': 'fyp', 'title': None, 'cover': None}, {'id': '9746485', 'name': 'downpipe', 'title': None, 'cover': None}, {'id': '1681236305351681', 'name': 'mufflertips', 'title': None, 'cover': None}]",31700.0,"Automotive: parts, cars, motorcycles"
tt_direct,tiktok_video:local_4b48b933041badf9e5a15b3eefc48ee3dc150c25eb3ad32e33e8b635bdb93711,auto parts; air cleaner,order fulfillment; reselling,An eBay reseller packs a sold car engine air cleaner from inventory.,"Packing orders > scrolling all day #POV #ebay #usedautoparts #packingorders #ResellerTok  [{'id': '180049', 'name': 'pov', 'title': 'Show us your point of view!', 'cover': None}, {'id': '186688', 'name': 'ebay', 'title': None, 'cover': None}, {'id': '1633976646010885', 'name': 'usedautoparts', 'title': None, 'cover': None}, {'id': '1625565031191557', 'name': 'packingorders', 'title': None, 'cover': None}, {'id': '1683921193517062', 'name': 'resellertok', 'title': None, 'cover': None}]",17700.0,"Automotive: parts, cars, motorcycles"
tt_direct,tiktok_video:local_04cb367d65b6829f5b81000b58a2f1677cbd3aa014cf9c3d6850598292ab37a3,clothing; apparel,store promotion; inventory,A seller showcases packages of clothing ready for shipping and shares an eBay link.,https://ebay.io/m/Hbee26 EBay Link HERE !!!!  [],16000.0,Reselling / seller how-to / marketplace ops
tt_direct,tiktok_video:local_987f90dd5b43b011394bf6f063726abda49ca67707a22c5af3394fbdabe94c16,motorcycles,unboxing; dealership assembly,A Romanian dealership unboxes and prepares a new BMW S 1000 RR motorcycle.,"Unboxing-ul unui vis pe două roți.

 BMW S 1000 RR a ieșit din cutie și este pregătit să își întâlnească proprietarul. 
Fiecare detaliu contează, iar noi ne asigurăm că totul este perfect înainte de primul kilometru. 🏍️✨

MOTO HUB BMW Motorrad
📍 Bd. Expoziției 1-3, București
📞0723 773 300 

#BMWS1000RR #BMWMotorrad #MotoHub #NewBikeDay #Unboxing [{'id': '25027803', 'name': 'bmws1000rr', 'title': None, 'cover': None}, {'id': '22085305', 'name': 'bmwmotorrad', 'title': None, 'cover': None}, {'id': '1641779837657093', 'name': 'motohub', 'title': None, 'cover': None}, {'id': '1608544335184902', 'name': 'newbikeday', 'title': None, 'cover': None}, {'id': '460811', 'name': 'unboxing', 'title': 'What are you #Unboxing?', 'cover': None}]",611600.0,"Automotive: parts, cars, motorcycles"
tt_direct,tiktok_video:local_85685a8fb2c7cec4f53663ec93ada80697cdb6642ff2d27b8ca840b27b3c496c,auto parts,inventory sorting; reselling,A reseller unboxes and organizes new automotive parts inventory to list on eBay.,"More new stock for eBay #selling #carparts #fyp #bmw #ebay  [{'id': '645879', 'name': 'selling', 'title': None, 'cover': None}, {'id': '10985727', 'name': 'carparts', 'title': None, 'cover': None}, {'id': '229207', 'name': 'fyp', 'title': None, 'cover': None}, {'id': '5139', 'name': 'bmw', 'title': None, 'cover': None}, {'id': '186688', 'name': 'ebay', 'title': None, 'cover': None}]",791.0,"Automotive: parts, cars, motorcycles"
tt_direct,tiktok_video:local_4e4271fafbeebf3d64941dae33143dacf14e36f075500502c477821e2ce58706,video games; retro games,thrift flip; price comparison,A creator compares a thrift store price for a sealed GameCube game to an eBay sold listing.,"Sealed GameCube! #fyp #thrift #ebay #teamwork #collector #rare #forfun #gamecube #retro #videogames #nostalgia #retrovideogames #nintendo #games  [{'id': '229207', 'name': 'fyp', 'title': None, 'cover': None}, {'id': '172545', 'name': 'thrift', 'title': None, 'cover': None}, {'id': '186688', 'name': 'ebay', 'title': None, 'cover': None}, {'id': '10682', 'name': 'teamwork', 'title': ""Team family unite! It's the biggest sporting day of the year, so show us some friendly competition. Tug of war, footie, competitive turkey eating, we want to see your sporting spirit and get the family competition going. #TeamWork makes a dream work...  🏈 🏀 ⚽ ⚾ 🎾 🎱"", 'cover': None}, {'id': '5239006', 'name': 'collector', 'title': None, 'cover': None}, {'id': '88415', 'name': 'rare', 'title': None, 'cover': None}, {'id': '23920', 'name': 'forfun', 'title': None, 'cover': None}, {'id': '648543', 'name': 'gamecube', 'title': None, 'cover': None}, {'id': '2557', 'name': 'retro', 'title': 'Use Retro Effect and see what happens!', 'cover': None}, {'id': '34626', 'name': 'videogames', 'title': None, 'cover': None}, {'id': '85252', 'name': 'nostalgia', 'title': 'We are inviting out all Singers, Instrumentalists, and DJs to relive their childhood days by either covering , playing, or even mixing the music of their favorite songs, cartoons, shows or even movies that makes them feel nostalgic.', 'cover': 'https://p16-common-sign.tiktokcdn-eu.com/musically-maliva-obj/0a3e12831505fd2e7e1ab4b5380c9bcd.png~tplv-tiktokx-origin.image?dr=10386&x-expires=1790283600&x-signature=coW503ipHQjSWKEuItLN0sPFMLk%3D&t=4d5b0474&ps=13740610&shp=81f88b70&shcp=9b759fb9&idc=no1a'}, {'id': '6016655', 'name': 'retrovideogames', 'title': None, 'cover': None}, {'id': '183398', 'name': 'nintendo', 'title': None, 'cover': None}, {'id': '19274', 'name': 'games', 'title': None, 'cover': None}]",15800.0,Vintage and secondhand clothing / thrift
tt_direct,tiktok_video:local_ae86a6d205e3bce0b660c7aa6b6c5b474808d4d76ffe56dd6930f87f3c2dd124,nail polish; cosmetics,product review; demonstration,A creator demonstrates color-changing gel nail polish purchased from eBay.,"EBay nail polish #gelnails #nails #fyp #ebay #nailart #colourchanging  [{'id': '182322', 'name': 'gelnails', 'title': None, 'cover': None}, {'id': '6946', 'name': 'nails', 'title': None, 'cover': None}, {'id': '229207', 'name': 'fyp', 'title': None, 'cover': None}, {'id': '186688', 'name': 'ebay', 'title': None, 'cover': None}, {'id': '7842', 'name': 'nailart', 'title': 'Show us your #NailArt', 'cover': 'https://p16-common-sign.tiktokcdn-eu.com/musically-maliva-obj/9f6335b0ebb19a7be09903b816663b5e.jpeg~tplv-tiktokx-origin.image?dr=10386&x-expires=1790283600&x-signature=nw6FrNm83NSJQBqWEkz%2BlZ%2FZG5w%3D&t=4d5b0474&ps=13740610&shp=81f88b70&shcp=9b759fb9&idc=no1a'}, {'id': '5311721', 'name': 'colourchanging', 'title': None, 'cover': None}]",707300.0,"Beauty, fragrance and personal care"
tt_direct,tiktok_video:local_bdd3eb5c95eef13967f2e907de21a0dffe671730227c0e24dc9083476df763a5,video games; PS2 games,inventory promotion; reselling,A reseller announces new PlayStation 2 video game listings on their eBay store.,"new listings on our eBay, PS2 edition! any memories from these games? #ebay #reseller #videogames #storage #hustle  [{'id': '186688', 'name': 'ebay', 'title': None, 'cover': None}, {'id': '89286981', 'name': 'reseller', 'title': None, 'cover': None}, {'id': '34626', 'name': 'videogames', 'title': None, 'cover': None}, {'id': '519833', 'name': 'storage', 'title': None, 'cover': None}, {'id': '15892', 'name': 'hustle', 'title': None, 'cover': None}]",200.0,Video games and retro gaming
tt_direct,tiktok_video:local_8712dd597b80139f219f31d39ef2815c01e3670ccd85263322a57d37b2c1172d,video games; Xbox games,unboxing; retro gaming,A creator unboxes a purchased original Xbox game from an eBay package.,"got to love ebay 4 jacks deep!!

anyone know anything about this game .....already scared seen the developer 

#retrostreamer #retrogaming #originalxbox #retrocollector  [{'id': '1685798851799046', 'name': 'retrostreamer', 'title': None, 'cover': None}, {'id': '7991024', 'name': 'retrogaming', 'title': ""Whether you're still living a 8-bit life, or emulating a classic, it's time to celebrate #RetroGaming"", 'cover': None}, {'id': '1613056345454598', 'name': 'originalxbox', 'title': None, 'cover': None}, {'id': '1644442001530885', 'name': 'retrocollector', 'title': None, 'cover': None}]",400.0,Video games and retro gaming
tt_direct,tiktok_video:local_16bb8267fab97650c28d2c24b6bb75f045610073e8a08c9aaf09c4d0755eecbd,video games; Nintendo Wii games,charity promotion; listing promotion,A charity promotes newly listed donated Nintendo Wii games available on its eBay page.,"Remember the #NintendoWii? Over 8 million were sold in the UK!
We’ve had a fab donation of Wii games now live on our eBay page.
Shop and support Us - https://f.mtr.cool/azzdenohuw
#eBay #ShopForGood #RetroGaming #Sustainability #Preloved #Reuse [{'id': '1702891220329477', 'name': 'nintendowii?', 'title': None, 'cover': None}, {'id': '186688', 'name': 'ebay', 'title': None, 'cover': None}, {'id': '1650317653126150', 'name': 'shopforgood', 'title': None, 'cover': None}, {'id': '7991024', 'name': 'retrogaming', 'title': ""Whether you're still living a 8-bit life, or emulating a classic, it's time to celebrate #RetroGaming"", 'cover': None}, {'id': '37791894', 'name': 'sustainability', 'title': ""Whether it's upcycling or campaigning for progress, how us why you prioritize #Sustainability for your community."", 'cover': None}, {'id': '44577518', 'name': 'preloved', 'title': None, 'cover': None}, {'id': '1660690', 'name': 'reuse', 'title': None, 'cover': None}]",84.0,Video games and retro gaming
tt_direct,tiktok_video:local_50d54b140cdc3e42b6185cabc03947098e5347562e584253dd759b16660aa72d,graded video games,reselling; inventory showcase,A creator displays 13 graded video games alongside their eBay sold listings.,"PART 2: You Found 13 Graded Video Games! 🤯🔥 #fyp #ebay #reselling #videogames #gradedgames  [{'id': '229207', 'name': 'fyp', 'title': None, 'cover': None}, {'id': '186688', 'name': 'ebay', 'title': None, 'cover': None}, {'id': '14545306', 'name': 'reselling', 'title': None, 'cover': None}, {'id': '34626', 'name': 'videogames', 'title': None, 'cover': None}, {'id': '1682903597458437', 'name': 'gradedgames', 'title': None, 'cover': None}]",99800.0,Video games and retro gaming
tt_direct,tiktok_video:local_16b350361387497b447d8a86f8d8d303e51a797ea117f56bc6f6091664cf1041,vintage dress; platform shoes,outfit reveal; thrift haul,A creator models a 1960s vintage dress and platform shoes found on eBay.,"Still to this day one of my best eBay finds!⭐️ A little 1960s magic! #vintagedress #vintagefashion #vintagefinds #ebay  [{'id': '14376731', 'name': 'vintagedress', 'title': None, 'cover': None}, {'id': '5734410', 'name': 'vintagefashion', 'title': None, 'cover': None}, {'id': '1640868867941382', 'name': 'vintagefinds', 'title': None, 'cover': None}, {'id': '186688', 'name': 'ebay', 'title': None, 'cover': None}]",1226.0,Vintage and secondhand clothing / thrift
tt_direct,tiktok_video:local_087bab51a1bba99c1d67710ec807894b231aeb5cce812f85b1f8a0353fd38f72,video game bundles,bargain hunting; search tutorial,The creator shows how to search and filter eBay listings to find deals on console video game bundles.,How I use ebay to find deals on games.  [],300.0,Video games and retro gaming
tt_direct,tiktok_video:local_d98da809232c292e43cb199cd191c9402423b8630a903e8d566f6a307d00b783,automotive; project cars,auction purchase,The creator claims to have purchased an abandoned Mitsubishi EVO X from an auction as a project car.,"I bought an Abandon EVO X from auction #mitsubishievo #jdm #auctioncars #projectcar #fyp [{'id': '16028178', 'name': 'mitsubishievo', 'title': None, 'cover': None}, {'id': '41717', 'name': 'jdm', 'title': None, 'cover': None}, {'id': '1650206908118022', 'name': 'auctioncars', 'title': None, 'cover': None}, {'id': '776134', 'name': 'projectcar', 'title': ""Whether you're getting ready to hit the track or just trying to get it to start, give us a tour of your #ProjectCar."", 'cover': None}, {'id': '229207', 'name': 'fyp', 'title': None, 'cover': None}]",5367.0,"Automotive: parts, cars, motorcycles"
tt_direct,tiktok_video:local_57d23b51d074d57bafd880cf95a8d50cf56cb32609d7414d0fa6eac54a879b3f,automotive,car auctions,A speaker discusses automotive and car auction topics in an office setting.,"#fyp #fypシ #sbxcars #CarTok #ForYou  [{'id': '229207', 'name': 'fyp', 'title': None, 'cover': None}, {'id': '1637342470396934', 'name': 'fypシ', 'title': None, 'cover': None}, {'id': '7353253970673926161', 'name': 'sbxcars', 'title': None, 'cover': None}, {'id': None, 'name': 'CarTok', 'title': None, 'cover': None}, {'id': None, 'name': 'ForYou', 'title': None, 'cover': None}]",21500.0,"Automotive: parts, cars, motorcycles"
tt_direct,tiktok_video:local_1dc52423bd1fabf08a217523c3939d57c9d8ea60e64ea842ace372bf1529ec56,books,unboxing; book haul,A creator unboxes a package containing a series of books purchased from eBay.,"UNBOX SOME BOOKS FROM EBAY WITH ME!! || i’ve heard such good things about this series!!💗 || #fyp #booktok #foryou #bookhaul #bookmail #bookunboxing #viral #bookstack #summerreads #sahm #trending #bookish #book #books #tbr #currentread #booksbooksbooks #onceuponabrokenheart  [{'id': '229207', 'name': 'fyp', 'title': None, 'cover': None}, {'id': '1622962893630470', 'name': 'booktok', 'title': 'Calling all book lovers, join the #BookTok Post Contest from April 13th to May 11th for a chance to win $3000! Click here to join: https://vt.tiktok.com/ZSHgdjSGp/', 'cover': 'https://p16-common-sign.tiktokcdn-eu.com/tiktok-obj/b1cbc1b4bde5f883647b646c4c9b56dd.png~tplv-tiktokx-origin.image?dr=10386&x-expires=1790283600&x-signature=VRLaM6Ou7b%2BrZTzRnuVL9K5%2BSag%3D&t=4d5b0474&ps=13740610&shp=81f88b70&shcp=9b759fb9&idc=no1a'}, {'id': '42164', 'name': 'foryou', 'title': None, 'cover': None}, {'id': '4189408', 'name': 'bookhaul', 'title': None, 'cover': None}, {'id': '1634102541651974', 'name': 'bookmail', 'title': None, 'cover': None}, {'id': '1644032432082950', 'name': 'bookunboxing', 'title': None, 'cover': None}, {'id': '20884', 'name': 'viral', 'title': '¡descubre las canciones en tendencia! 🔥➡️ https://bit.ly/TendenciasTikTok_LATAM', 'cover': 'https://p16-common-sign.tiktokcdn-eu.com/musically-maliva-obj/8e4d8102460a60717c89acc2d6367a16.png~tplv-tiktokx-origin.image?dr=10386&x-expires=1790283600&x-signature=Kj18fsByMOnnMFzh0mkpNl0ZvRU%3D&t=4d5b0474&ps=13740610&shp=81f88b70&shcp=9b759fb9&idc=no1a'}, {'id': '20202639', 'name': 'bookstack', 'title': None, 'cover': None}, {'id': '18665711', 'name': 'summerreads', 'title': None, 'cover': None}, {'id': '3514583', 'name': 'sahm', 'title': None, 'cover': None}, {'id': '20105', 'name': 'trending', 'title': 'Discover the top viral trends, sounds and effects of the week! 🔥', 'cover': None}, {'id': '3133261', 'name': 'bookish', 'title': ""To celebrate Book Lover's Day, show us some of your #bookish habits  📚💚"", 'cover': 'https://p16-common-sign.tiktokcdn-eu.com/musically-maliva-obj/0a7751069010a0e1d5f81974470b035f~tplv-tiktokx-origin.image?dr=10386&x-expires=1790283600&x-signature=SVXRz2mvSfSAMV1S87xePeoCxgI%3D&t=4d5b0474&ps=13740610&shp=81f88b70&shcp=9b759fb9&idc=no1a'}, {'id': '94639', 'name': 'book', 'title': None, 'cover': None}, {'id': '17861', 'name': 'books', 'title': None, 'cover': None}, {'id': '75756', 'name': 'tbr', 'title': None, 'cover': None}, {'id': '13281281', 'name': 'currentread', 'title': None, 'cover': None}, {'id': '14708702', 'name': 'booksbooksbooks', 'title': None, 'cover': None}, {'id': '6404952', 'name': 'onceuponabrokenheart', 'title': None, 'cover': None}]",10900.0,Physical media (Blu-ray/DVD/steelbook/VHS/CD/vinyl/books)
tt_direct,tiktok_video:local_00b900f40c617e4e00d335c3c6731ddfade3b7fb269b143d0d193580e9e303ae,apparel; clothing bundles,clothing haul; unboxing,"A creator unboxes a bundle of shirts purchased from eBay, sharing an ongoing interest in buying bundles.","Kind of addicted to buy clothing bundles on EBay #ebay #clothinghaul  [{'id': '186688', 'name': 'ebay', 'title': None, 'cover': None}, {'id': '5163637', 'name': 'clothinghaul', 'title': None, 'cover': None}]",463.0,Unassigned (mixed/other)
tt_direct,tiktok_video:local_3d5956adb455fb877a1513a96324123d863d043072a23e73f07be087cd81fd5c,home decor; art,haul; unboxing,Creator unboxes several home decor and art items purchased on eBay to decorate her home.,"A little eBay haul. I’ve been on a mission to make my home more cozy, full of art and personal. 🗝️ []",1285.0,"Home, kitchen and decor"
tt_direct,tiktok_video:local_9fbf0f1705b6e54fd29bd851b0b17cf30f01a2a7bd2e3d2578aa7f6d7098e23e,car; vehicle,purchase; showcase,Video shows a friend's Audi car trunk and exterior following a purchase from eBay.,[],533500.0,"Automotive: parts, cars, motorcycles"
tt_direct,tiktok_video:local_d1d3cb50730c73489de3561bfbff2feda454e7fa10048ebf4a69e66c1c2ae79f,lap steel guitar; musical instrument,item demonstration; item showcase,Creator showcases and plays a lap steel guitar purchased on eBay for $80.,"The paint alone is worth 80, I’m amazed #fyp #guitar #lapsteel [{'id': '229207', 'name': 'fyp', 'title': None, 'cover': None}, {'id': '11329', 'name': 'guitar', 'title': ""Whether you're rocking out or keeping it acoustic, show us what you can do 🎸"", 'cover': None}, {'id': '1599488474599430', 'name': 'lapsteel', 'title': None, 'cover': None}]",85900.0,Music instruments and audio gear
tt_direct,tiktok_video:local_fafdf01f65ecf4ea5370d59c90765aba0d8965b32a3cd7a22781157a1218b89e,car; sports car,for sale; pricing query,Creator presents a Honda S2000 for sale and asks viewers if it is worth the $18k asking price.,"S2000 is for sale! Is it worth $18k?

#honda #vegashonda #s2000 #vert #jdm  [{'id': '10423', 'name': 'honda', 'title': None, 'cover': None}, {'id': '7688809933084557325', 'name': 'vegashonda', 'title': None, 'cover': None}, {'id': '9286607', 'name': 's2000', 'title': None, 'cover': None}, {'id': '21609', 'name': 'vert', 'title': None, 'cover': None}, {'id': '41717', 'name': 'jdm', 'title': None, 'cover': None}]",4134.0,"Automotive: parts, cars, motorcycles"
tt_direct,tiktok_video:local_0d57dcc3aa3fe46bbc9a2823be548c5baa2ee29f9e294daefc02cda11cacf2b5,car; vehicle,listing reaction; asking price,"Creator reacts to a Facebook Marketplace listing for a 2015 Mitsubishi Lancer Evolution priced at $49,998.","#wtfisthatpriceonfbmarketplace #mitsubishi ##savethemanuals [{'id': '7068354152237105158', 'name': 'wtfisthatpriceonfbmarketplace', 'title': None, 'cover': None}, {'id': '412431', 'name': 'mitsubishi', 'title': None, 'cover': None}, {'id': '80826252', 'name': 'savethemanuals', 'title': None, 'cover': None}]",555.0,"Automotive: parts, cars, motorcycles"
tt_direct,tiktok_video:local_e86bf2a40967fb7df25e1ec2fee694ebcebb0b43a5d1a3a3d9cb1f8b939129fe,bath and massage accessories,dropshipping; seller tips,"A creator highlights regular products for eBay auto-dropshipping, asserting potential monthly revenue from items like back scrubbers.","5 #Regularproducts for #autodropshipping with #aedropshippes #ebayautodropshipping #ebayproductsuk  [{'id': '1660595014875137', 'name': 'regularproducts', 'title': None, 'cover': None}, {'id': '7272783790567587871', 'name': 'autodropshipping', 'title': None, 'cover': None}, {'id': '7359646934874718240', 'name': 'aedropshippes', 'title': None, 'cover': None}, {'id': '7677616904558772246', 'name': 'ebayautodropshipping', 'title': None, 'cover': None}, {'id': None, 'name': 'ebayproductsuk', 'title': None, 'cover': None}]",34500.0,Reselling / seller how-to / marketplace ops
tt_direct,tiktok_video:local_3f916fa306100900cea12d4df942ef423525bdda70e7a7958191386b6f7b81ea,automobiles,product comparison; automotive humor,"A video compares different car models using a physical slider dilemma format assessing speed, affordability, and quality.","Cheap + Good, But NOT Fast?! Car version 

#car#cars#nissan#foryou#like#foryoupage [{'id': '5256', 'name': 'car', 'title': None, 'cover': None}, {'id': '7953', 'name': 'cars', 'title': None, 'cover': None}, {'id': '33400', 'name': 'nissan', 'title': None, 'cover': None}, {'id': '42164', 'name': 'foryou', 'title': None, 'cover': None}, {'id': '5222', 'name': 'like', 'title': None, 'cover': None}, {'id': '88764338', 'name': 'foryoupage', 'title': None, 'cover': None}]",125400.0,"Automotive: parts, cars, motorcycles"
tt_direct,tiktok_video:local_3bc7973840b7269cd0acb0855fb956c14942c1e113f8a8c5064e23d09c497c20,collector cars,platform promotion; auctions,A creator promotes an external vehicle auction platform featuring a vintage Mercedes-Benz convertible.,"#vir #viral #un #unitedstates  [{'id': '10197105', 'name': 'vir', 'title': None, 'cover': None}, {'id': '20884', 'name': 'viral', 'title': '¡descubre las canciones en tendencia! 🔥➡️ https://bit.ly/TendenciasTikTok_LATAM', 'cover': 'https://p16-common-sign.tiktokcdn-us.com/musically-maliva-obj/8e4d8102460a60717c89acc2d6367a16.png~tplv-tiktokx-origin.image?dr=9627&x-expires=1790283600&x-signature=wKjpA1vpsu%2FUo2OCthWJOBnjmcE%3D&t=4d5b0474&ps=13740610&shp=81f88b70&shcp=9b759fb9&idc=useast8'}, {'id': '32442', 'name': 'un', 'title': None, 'cover': None}, {'id': '100417', 'name': 'unitedstates', 'title': None, 'cover': None}]",152.0,"Automotive: parts, cars, motorcycles"
tt_direct,tiktok_video:local_6f3efcc8d813f06ee4f3a92d396628ecf3ace38bfddbe2ee38939c280bd2d63e,novelty lighting,item showcase; retro aesthetic,A creator shares an unboxing and room display of an aesthetic aqua lamp purchased on eBay.,"·˚🪸₊˚˖ i found my dream lamp on ebay the other day and it finally arrived 🥹 it reminds me of the light covers at the dentist office when i was a kid. seriously so pretty & my favorite lamp i've ever owned 🩵🫧
• • •
// #frutigeraero #frutigeraqua #oceancore #aquacore #aqua #bwuubbles #tropicalcore #cleancore #gamergirl #nostalgia #liminal #liminalspaces #frutiger #frutigeraeroroom #roomdecor #setup #gamergirlsetup #fyp #foryoupage #xyzbca #nintendo #aesthetic #jellyfish #fish #ios26 #aquarium #aquatic #2000snostalgia #2000saesthetic #backrooms #2000sthrowback #lavalamp #water #ocean #retro #childhood  [{'id': '1707460219247622', 'name': 'frutigeraero', 'title': None, 'cover': None}, {'id': '7210905033531981830', 'name': 'frutigeraqua', 'title': None, 'cover': None}, {'id': '1659356692315141', 'name': 'oceancore', 'title': None, 'cover': None}, {'id': '1671321503722502', 'name': 'aquacore', 'title': None, 'cover': None}, {'id': '5457', 'name': 'aqua', 'title': None, 'cover': None}, {'id': '7517150292861779982', 'name': 'bwuubbles', 'title': None, 'cover': None}, {'id': '1670988790031366', 'name': 'tropicalcore', 'title': None, 'cover': None}, {'id': '1644432101555206', 'name': 'cleancore', 'title': None, 'cover': None}, {'id': '112205', 'name': 'gamergirl', 'title': ""She's Bold. She's Creative. She's strong. She's a #GamerGirl 🎮"", 'cover': 'https://p16-common-sign.tiktokcdn-us.com/musically-maliva-obj/6c55b9b7dc16adfd50c8ee7c74387f3f~tplv-tiktokx-origin.image?dr=9627&x-expires=1790283600&x-signature=tBfnLELU%2BvMAn%2BVSg3fhGh2l9HQ%3D&t=4d5b0474&ps=13740610&shp=81f88b70&shcp=9b759fb9&idc=useast5'}, {'id': '85252', 'name': 'nostalgia', 'title': 'We are inviting out all Singers, Instrumentalists, and DJs to relive their childhood days by either covering , playing, or even mixing the music of their favorite songs, cartoons, shows or even movies that makes them feel nostalgic.', 'cover': 'https://p19-common-sign.tiktokcdn-us.com/musically-maliva-obj/0a3e12831505fd2e7e1ab4b5380c9bcd.png~tplv-tiktokx-origin.image?dr=9627&x-expires=1790283600&x-signature=uwcgeFLXYSfZDvuoIBJ66WB95Ok%3D&t=4d5b0474&ps=13740610&shp=81f88b70&shcp=9b759fb9&idc=useast5'}, {'id': '1631544588963846', 'name': 'liminal', 'title': None, 'cover': None}, {'id': '1627244894520325', 'name': 'liminalspaces', 'title': None, 'cover': None}, {'id': '1662104588785670', 'name': 'frutiger', 'title': None, 'cover': None}, {'id': '7297445266649513986', 'name': 'frutigeraeroroom', 'title': None, 'cover': None}, {'id': '49261', 'name': 'roomdecor', 'title': None, 'cover': None}, {'id': '73322', 'name': 'setup', 'title': None, 'cover': None}, {'id': '1646427793823750', 'name': 'gamergirlsetup', 'title': None, 'cover': None}, {'id': '229207', 'name': 'fyp', 'title': None, 'cover': None}, {'id': '88764338', 'name': 'foryoupage', 'title': None, 'cover': None}, {'id': '1652484531221509', 'name': 'xyzbca', 'title': 'Asla bir sonraki hamleni bilmelerine izin verme! 👀', 'cover': 'https://p16-common-sign.tiktokcdn-us.com/tiktok-obj/14395673ac767c75a2f846113229ea95.png~tplv-tiktokx-origin.image?dr=9627&x-expires=1790283600&x-signature=uXG%2FT16ZHnedUnnr0Du%2FbwXxtDw%3D&t=4d5b0474&ps=13740610&shp=81f88b70&shcp=9b759fb9&idc=useast5'}, {'id': '183398', 'name': 'nintendo', 'title': None, 'cover': None}, {'id': '22816', 'name': 'aesthetic', 'title': ""Art is the imposing of a pattern on experience, and our #Aesthetic enjoyment is recognition of the pattern. Create your aesthetic video. Can't wait to see your creative ideas."", 'cover': None}, {'id': '12778', 'name': 'jellyfish', 'title': None, 'cover': None}, {'id': '8017', 'name': 'fish', 'title': None, 'cover': None}, {'id': '1680374816053254', 'name': 'ios26', 'title': None, 'cover': None}, {'id': '51113', 'name': 'aquarium', 'title': None, 'cover': None}, {'id': '3554057', 'name': 'aquatic', 'title': None, 'cover': None}, {'id': '1624116593380373', 'name': '2000snostalgia', 'title': None, 'cover': None}, {'id': '1645977715206149', 'name': '2000saesthetic', 'title': None, 'cover': None}, {'id': '1629096313860102', 'name': 'backrooms', 'title': None, 'cover': None}, {'id': '79684698', 'name': '2000sthrowback', 'title': ""Here's to everyone who grew up in the 2000s."", 'cover': 'https://p19-common-sign.tiktokcdn-us.com/musically-maliva-obj/478bb73ec92d104e96e8ddf54a2e3cba~tplv-tiktokx-origin.image?dr=9627&x-expires=1790283600&x-signature=coQbr60acQr3sDoJmZGD%2F6AwXmk%3D&t=4d5b0474&ps=13740610&shp=81f88b70&shcp=9b759fb9&idc=useast5'}, {'id': '50874', 'name': 'lavalamp', 'title': None, 'cover': None}, {'id': '5426', 'name': 'water', 'title': None, 'cover': None}, {'id': '5914', 'name': 'ocean', 'title': None, 'cover': None}, {'id': '2557', 'name': 'retro', 'title': 'Use Retro Effect and see what happens!', 'cover': None}, {'id': '14372', 'name': 'childhood', 'title': None, 'cover': None}]",747600.0,Unassigned (mixed/other)
tt_direct,tiktok_video:local_f0196df1c25b26de2f04992f1d828913a422a4911e809593677549053705dad1,vintage t-shirts,car boot sourcing; resale valuation,A reseller finds a vintage Technics promotional t-shirt at a car boot sale and compares it to sold eBay listings.,"Does anyone else remember this 90's brand? 💯
#carbootsale #reseller #ebayreseller #carbootfinds #theautisticreseller #thrifting #charityshopfinds #secondhand #preloved #flipping #sidehustle #ebayuk #vinteduk #treasurehunt #hiddengems #bargainhunter #resellercommunity []",318.0,"Automotive: parts, cars, motorcycles"
tt_direct,tiktok_video:local_99e0fbd3c2748409f56bafde9da43665c2c657eb6c02b889324b396615bc5cc0,eyewear,car boot sourcing; flipping,A reseller highlights finding a pair of glasses at a car boot sale and selling them on site.,"Everyone walked past these..👓
#carbootsale #reseller #ebayreseller #carbootfinds #theautisticreseller #thrifting #charityshopfinds #secondhand #preloved #flipping #sidehustle #ebayuk #vinteduk #treasurehunt #hiddengems #bargainhunter #resellercommunity []",686.0,"Automotive: parts, cars, motorcycles"
tt_direct,tiktok_video:local_a0c1d51696ff87c0ab4d6d6fd882715e96ed622edd8d2bf02a1bce82f3bb31db,Car parts; Weather stripping,Sourcing; DIY repair,A creator shares finding car parts and deals at a junkyard to repair a vehicle.,"best deals at the junk yard <3
#junkyard #honda #cars #CarNewsTikTokContest [{'id': '772851', 'name': 'junkyard', 'title': None, 'cover': None}, {'id': '10423', 'name': 'honda', 'title': None, 'cover': None}, {'id': '7953', 'name': 'cars', 'title': None, 'cover': None}, {'id': '7649185009386913812', 'name': 'carnewstiktokcontest', 'title': 'CarNewsTikTokContest', 'cover': None}]",18100.0,"Automotive: parts, cars, motorcycles"
tt_direct,tiktok_video:local_433b3dcdcb5ace5e84245969a12f005bddd9218f382bb9e1777de189a78f4abd,Used cars; Car parts,Reselling; Car repair,A creator questions potential profits after repairing an axle on a purchased 2010 Toyota Corolla.,"How much will this Corolla make me? #dealership #automotive #diy #toyota #fyp  [{'id': '5165570', 'name': 'dealership', 'title': None, 'cover': None}, {'id': '516080', 'name': 'automotive', 'title': None, 'cover': None}, {'id': '18121', 'name': 'diy', 'title': 'What are you working on? Show us your latest #DIY project.', 'cover': 'https://p19-common-sign.tiktokcdn-us.com/musically-maliva-obj/ea9459586d230e8a617280c2e9691de5.jpeg~tplv-tiktokx-origin.image?dr=9627&x-expires=1790283600&x-signature=1UyK4EpbMUh5F87N0MVYtm5naZA%3D&t=4d5b0474&ps=13740610&shp=81f88b70&shcp=9b759fb9&idc=useast8'}, {'id': '26176', 'name': 'toyota', 'title': None, 'cover': None}, {'id': '229207', 'name': 'fyp', 'title': None, 'cover': None}]",3100000.0,"Automotive: parts, cars, motorcycles"
tt_direct,tiktok_video:local_d04f918b5a3ac7c58b9244fc0ffca1dee4cd2bdbd7cec3958eb72bb1bad54a0c,Used cars; Sports cars,Buyer guide; Price comparison,"A video presents statistics and specs for used performance cars priced under $125,000.","Best used cars under $125,000 []",216.0,"Automotive: parts, cars, motorcycles"
tt_direct,tiktok_video:local_69a41fad462910d3ce97a89156aa1c738cb3610b823ec409b0c0808026da5940,Classic cars; Auction vehicles,Car flipping; Auctions,"A video explores potential classic car purchases for $7,000 or less at an auto auction.","@muscler.car #BarrettJackson #ClassicCars #wastecollectorapp#CarFlipping #HiddenGems #viral #fyp [{'id': '5440847', 'name': 'barrettjackson', 'title': None, 'cover': None}, {'id': '2635275', 'name': 'classiccars', 'title': None, 'cover': None}, {'id': '7403364792188502023', 'name': 'wastecollectorapp', 'title': None, 'cover': None}, {'id': '16112060', 'name': 'carflipping', 'title': None, 'cover': None}, {'id': '80239529', 'name': 'hiddengems', 'title': 'Share your favorite #HiddenGems', 'cover': None}, {'id': '20884', 'name': 'viral', 'title': '¡descubre las canciones en tendencia! 🔥➡️ https://bit.ly/TendenciasTikTok_LATAM', 'cover': 'https://p19-common-sign.tiktokcdn-us.com/musically-maliva-obj/8e4d8102460a60717c89acc2d6367a16.png~tplv-tiktokx-origin.image?dr=9627&x-expires=1790283600&x-signature=IZzj7coSzW8QIrwD22sj5IQCBKk%3D&t=4d5b0474&ps=13740610&shp=81f88b70&shcp=9b759fb9&idc=useast5'}, {'id': '229207', 'name': 'fyp', 'title': None, 'cover': None}]",26700.0,"Automotive: parts, cars, motorcycles"
tt_direct,tiktok_video:local_99a2da052c6a2ca26fee9783498952ec2f8bba715c0d42c96f083c1b561999d8,Modified cars; Car engines,Car culture; Exhaust sound,A creator defends the engine sound of a Nissan Y34 against negative stereotypes.,"people who say this only hear the straight piped ones in west auckland🫩

#y34 #vq30det #foryou #cartok  [{'id': '1606214051446789', 'name': 'y34', 'title': None, 'cover': None}, {'id': '1613951037633537', 'name': 'vq30det', 'title': None, 'cover': None}, {'id': '42164', 'name': 'foryou', 'title': None, 'cover': None}, {'id': '10133652', 'name': 'cartok', 'title': ""Calling all car lovers, review gurus, modification masters, and DIY enthusiasts! From Mar. 5th to April 3rd, we're thrilled to launch the exciting #CarTok Post Contest. Whether you're an expert at dissecting the latest cars in a review, a wizard at transforming vehicles through modifications, or a pro at sharing insider tips on car usage, this is your chance to shine. Create engaging videos about car reviews, modifications, or useful cars using tips, and don't forget to include the hashtags #CarTok and #TikTokAutoCampaign. By participating, you stand a chance to win up to $5000 in cash! To check out the official rules and learn how to sign up, simply search &quot;CarTok&quot; starting Mar. 5th on TikTok. So, what are you waiting for? Start your engines and let's drive this campaign to new heights!"", 'cover': None}]",2632.0,"Automotive: parts, cars, motorcycles"
tt_direct,tiktok_video:local_0ed3bb9a1c535cbfd30bf47cc12384136a82f5c64201586ad091459606b6c166,Car modification; Auto body,Auto detailing; Custom paint,An auto shop demonstrates a two-tone body paint job on a former patrol Dodge Charger.,"Customer didint wanted to ride in a patrol car no more👎🏼 
BODY AND ENGINE WORK DONE AT: 
JAE'S AUTO🏎️
3600 DYER 
(915) 401 5501
Check out pt.2 for engine work👍🏼

#chargerpersuit#chargerrt#bodywork#mechanic#enginework   [{'id': '7056894099772669999', 'name': 'chargerpersuit', 'title': None, 'cover': None}, {'id': '428691', 'name': 'chargerrt', 'title': None, 'cover': None}, {'id': '36921', 'name': 'bodywork', 'title': None, 'cover': None}, {'id': '2284342', 'name': 'mechanic', 'title': 'Whether you’re upgrading your ride or just making some much needed repairs, show us your inner #mechanic', 'cover': 'https://p16-common-sign.tiktokcdn-us.com/musically-maliva-obj/e680dd33f0f6befbfa80c8785e370d03~tplv-tiktokx-origin.image?dr=9627&x-expires=1790283600&x-signature=VXvvuTc999C5aZmUxJuYsT%2FsuXo%3D&t=4d5b0474&ps=13740610&shp=81f88b70&shcp=9b759fb9&idc=useast5'}, {'id': '1601508323487750', 'name': 'enginework', 'title': None, 'cover': None}]",211.0,"Automotive: parts, cars, motorcycles"
tt_direct,tiktok_video:local_d966c47c90747f5c4f334f923f58b793bcb864f1f379c3bfcfc8cba973ee0aaf,Barbie dolls; craft kits,sales showcase; reselling tips,"A creator reveals her top five most sold items on eBay, including craft kits and a Barbie doll.","🏆 Our Top 5 Most Sold Items on eBay! 🏆

We’ve sold a lot of unique treasures over the years, but these five items have been the biggest hits. Think you know what took the # 1 spot? You may be shocked!😮

#ebay #ebayseller #thrift #top5 #shopping  [{'id': '186688', 'name': 'ebay', 'title': None, 'cover': None}, {'id': '68438801', 'name': 'ebayseller', 'title': None, 'cover': None}, {'id': '172545', 'name': 'thrift', 'title': None, 'cover': None}, {'id': '48131', 'name': 'top5', 'title': None, 'cover': None}, {'id': '9593', 'name': 'shopping', 'title': None, 'cover': None}]",5706.0,"Sewing, craft and notions"
tt_direct,tiktok_video:local_ecdce6e6abd3c005575ce96bde2aaa6adb968c948b6d99a9521b5e9a910d9e1f,sneakers; calculators,sales showcase; order fulfillment,A reseller highlights packing multiple diverse sold items totaling $612.73 in eBay sales.,"$612.73 sold on eBay today.

Jordan 4 Toro Bravos — $84.99
1928 medical books — $89
1850 German Bible — $76.49
Vintage auto radio parts — $199
1886 German Testament — $61.75
Eschenbach magnifying glasses — $65
TI-84 Plus calculator — $37.50

Shoes, old books, electronics, antiques and random parts—all sold from the same store.

The more categories you learn, the more valuable inventory you start recognizing everywhere you go.

Follow along to keep learning what actually sells on eBay.

#ebay #reseller #thrift #packingorders #entrepreneur  [{'id': '186688', 'name': 'ebay', 'title': None, 'cover': None}, {'id': '89286981', 'name': 'reseller', 'title': None, 'cover': None}, {'id': '172545', 'name': 'thrift', 'title': None, 'cover': None}, {'id': '1625565031191557', 'name': 'packingorders', 'title': None, 'cover': None}, {'id': '111385', 'name': 'entrepreneur', 'title': 'Join the #Entrepreneur Post Contest and post videos sharing your tips, Insights and journey. From June 12th until July 10th, sign up and post for a chance to win up to $5000 in cash! Click link for official contest rules and how to enter: https://vt.tiktok.com/ZMSSfG9hA/', 'cover': 'https://p19-common-sign.tiktokcdn-us.com/musically-maliva-obj/c3ecfd60a9ec70e83afa5db970d6ec22.png~tplv-tiktokx-origin.image?dr=9627&x-expires=1790283600&x-signature=JFsIigUv7FOaP2JFfz16f8snjLk%3D&t=4d5b0474&ps=13740610&shp=81f88b70&shcp=9b759fb9&idc=useast8'}]",98000.0,Unassigned (mixed/other)
tt_direct,tiktok_video:local_a89c1f5da60fc264fa423c20bfab48aa3e60f05a764641323fe314d3675d31ce,automobiles,item listing; vehicle flip,"A seller promotes a keyless Mercedes C300 project car for sale at AED 20,000 plus VAT.","🚗 Mercedes C300 | American Specs

💥 Perfect opportunity for dealers, flippers & car traders!

🔑 No key available – make a key and unlock a great deal.

💰 Price: AED 20,000 + VAT

An ideal project for anyone looking to buy low, fix, and profit.

📞 Contact: +971 50 268 4072 []",23300.0,"Automotive: parts, cars, motorcycles"
tt_direct,tiktok_video:local_d4cb5ea1bbd17d03d744f62d9e0ecb45cc5848f49acf0c2046067ad9e591ee2a,motorcycles,item listing,"A creator advertises a Honda Concept Shark DN-01 motorcycle for $1,200 shipped from China.","Honda Concept Shark DN-01# Daily car recommendations, $1200, shipped from China, cash on delivery, deposit required before shipping#UsedMotorcycleUSA #USMotorcycleForSale #AmericanBiker #USAMotorcycle  [{'id': '7533543254311043103', 'name': 'usedmotorcycleusa', 'title': None, 'cover': None}, {'id': '7649907913149906974', 'name': 'usmotorcycleforsale', 'title': None, 'cover': None}, {'id': '1676434299197445', 'name': 'americanbiker', 'title': None, 'cover': None}, {'id': '1699968969879554', 'name': 'usamotorcycle', 'title': None, 'cover': None}]",9882.0,"Automotive: parts, cars, motorcycles"
tt_direct,tiktok_video:local_b418d172873a38a11cd86ea7543c5f2d7d4f15bc7ac6c6f5afabe369aef5e459,automobiles; trucks,item listing; custom vehicles,A seller presents a custom 2002 Ford Ranger V8 swap with detailed mechanical specifications.,"2002 Ford Ranger V8 Swap
Cammed 5.0L/302 Windsor V8
Tremec 5 speed manual
Ford 8.8 rear end
Edelbrock intake
Gibson exhaust
Message me for more information

Clean title
#v8ranger #fordranger #v8swappedranger  [{'id': '1646342564270086', 'name': 'v8ranger', 'title': None, 'cover': None}, {'id': '18695230', 'name': 'fordranger', 'title': None, 'cover': None}, {'id': '1666857871774726', 'name': 'v8swappedranger', 'title': None, 'cover': None}]",4078.0,"Automotive: parts, cars, motorcycles"
tt_direct,tiktok_video:local_6cd0d0a41885c0a58daf80145ea2100f2c580e7ca3caf8f433d09ed247311398,vintage audio; vintage toys,sales showcase; reselling tips,"A reseller details items accounting for $2,481.49 in daily eBay sales and urges inventory recognition.","$2,481.49 sold on eBay today.

A Vintage sound mixer.
80s My Little Pony mask.
1656 Martin Luther Bible.
Vintage food tins.
A toy pinball game.
Iron Maiden ticket stubs.

Most people don’t miss profitable items because they’re expensive.

They miss them because they don’t recognize them.

Which one would you have walked right past?

#ebay #reseller #thrifting #estatesale #antiques [{'id': '186688', 'name': 'ebay', 'title': None, 'cover': None}, {'id': '89286981', 'name': 'reseller', 'title': None, 'cover': None}, {'id': '130314', 'name': 'thrifting', 'title': 'Show us your best #Thrifting finds.', 'cover': 'https://p16-common-sign.tiktokcdn-us.com/musically-maliva-obj/d01345cdb88fac60c964be000a9f8455~tplv-tiktokx-origin.image?dr=9627&x-expires=1790283600&x-signature=zEczsx9wUzk6Dma%2BKYi%2BvOyLfPI%3D&t=4d5b0474&ps=13740610&shp=81f88b70&shcp=9b759fb9&idc=useast5'}, {'id': '70013329', 'name': 'estatesale', 'title': None, 'cover': None}, {'id': '5414827', 'name': 'antiques', 'title': None, 'cover': None}]",346300.0,Reselling / seller how-to / marketplace ops
tt_direct,tiktok_video:local_0dec3e8c28fc7647df97a66910df0f89616b7027d573ccafc892ce607c38c573,auto parts,promotional ad; discount code,A sponsored creator advertises eBay as a resource for car enthusiasts alongside a discount code.,"mejor herramienta para los amantes de los autos se llama eBay. Utiliza el código de descuento de hasta el 15%: SAVEAUG24
¡Corre que tienes hasta el 17 de septiembre para usarlo! 
#ad #eBayFinds [{'id': '20898', 'name': 'ad', 'title': None, 'cover': None}, {'id': '1653141458191365', 'name': 'ebayfinds', 'title': None, 'cover': None}]",1900000.0,"Automotive: parts, cars, motorcycles"
tt_direct,tiktok_video:local_0473d4388b044eecd8406eb6b6d08471905ef9994091045677bb5ee7ccba6c16,automobiles,marketplace reaction; custom vehicles,A creator reacts to a Bring a Trailer listing for an unusual six-wheeled custom Ford EcoSport.,"Sometimes people have too much time on their hands. 

#carsoftiktok #projectcar #sixwheel #ford #bringatrailer  [{'id': '1616029764656133', 'name': 'carsoftiktok', 'title': 'Your pit-stop at the biggest car community on TikTok! Explore and share your passion for everything car-related from car reviews, car transformations, car hacks, &amp; more all on #CarsofTikTok!🏎️🔥', 'cover': 'https://p19-common-sign.tiktokcdn-us.com/tiktok-obj/60e24c5bbcea695cb611ed3a71f4a00c.png~tplv-tiktokx-origin.image?dr=9627&x-expires=1790283600&x-signature=Toy7zOHF0JlU6jLpMfLFdaCNqAk%3D&t=4d5b0474&ps=13740610&shp=81f88b70&shcp=9b759fb9&idc=useast5'}, {'id': '776134', 'name': 'projectcar', 'title': ""Whether you're getting ready to hit the track or just trying to get it to start, give us a tour of your #ProjectCar."", 'cover': None}, {'id': '1632254028688389', 'name': 'sixwheel', 'title': None, 'cover': None}, {'id': '8650', 'name': 'ford', 'title': None, 'cover': None}, {'id': '1670413438196741', 'name': 'bringatrailer', 'title': None, 'cover': None}]",536.0,"Automotive: parts, cars, motorcycles"
tt_direct,tiktok_video:local_63ffee1f8332c9bd3fd4f1eeb9630f6d280f068550e7da38ff839d90cae38178,cars; automotive,dealership promotion; financing,A car salesperson promotes a 2026 Kia K4 GT-Line at a dealership with financing terms.,"🕷️🔴🔵 WELCOME TO THE SPIDEY-VERSE.

Wave Blue on the outside. Custom Fiery Red on the inside. 😂

This 2026 Kia K4 GT-Line said, “Why choose between saving the day and looking good doing it?”

And at an example $450/mo for 84 months based on $37,820 ÷ 84, you might be closer to this one than you think. Actual payment depends on APR, taxes, fees, credit, down payment and lender approval.

📍 Fayetteville, NC
🚗 2026 Kia K4 GT-Line
🔵 Wave Blue Exterior
🔴 Custom Fiery Red Interior

Need a new Kia in Fayetteville, NC? I can help you explore Kia financing, Kia rebates, incentives, and available K4 models.

🕷️ Don’t wait for Spider-Man to save the day… come see me. 😂

Marcus Greene | Kia Sales
Fayetteville Automall Kia

#KiaK4 #2026KiaK4 #K4GTLine #KiaGTLine #KiaFayettevilleNC         [{'id': '7112781944391204890', 'name': 'kiak4', 'title': None, 'cover': None}, {'id': '7494075533899071543', 'name': '2026kiak4', 'title': None, 'cover': None}, {'id': '7351210994854526977', 'name': 'k4gtline', 'title': None, 'cover': None}, {'id': '1689825082260482', 'name': 'kiagtline', 'title': None, 'cover': None}, {'id': '7688849101856702495', 'name': 'kiafayettevillenc', 'title': None, 'cover': None}]",560.0,"Automotive: parts, cars, motorcycles"
tt_direct,tiktok_video:local_3ab16f6a578f5c73b31a5b461df013fa1e3da7c000ac6cba9132b72041c5f27d,cars; automotive,auction purchase; vehicle showcase,"A creator shows a rare, low-mileage car won at an auto auction.","#car #carsoftiktok #lovetiktok #AutoAuctionRebuilds #usa  [{'id': '5256', 'name': 'car', 'title': None, 'cover': None}, {'id': '1616029764656133', 'name': 'carsoftiktok', 'title': 'Your pit-stop at the biggest car community on TikTok! Explore and share your passion for everything car-related from car reviews, car transformations, car hacks, &amp; more all on #CarsofTikTok!🏎️🔥', 'cover': 'https://p16-common-sign.tiktokcdn-us.com/tiktok-obj/60e24c5bbcea695cb611ed3a71f4a00c.png~tplv-tiktokx-origin.image?dr=9627&x-expires=1790283600&x-signature=L9bJz%2BbQvcE0Qc%2Btp6nHnw5Qna4%3D&t=4d5b0474&ps=13740610&shp=81f88b70&shcp=9b759fb9&idc=useast5'}, {'id': '24132437', 'name': 'lovetiktok', 'title': None, 'cover': None}, {'id': '1688187257178117', 'name': 'autoauctionrebuilds', 'title': None, 'cover': None}, {'id': '9843', 'name': 'usa', 'title': None, 'cover': None}]",77000.0,"Automotive: parts, cars, motorcycles"
tt_direct,tiktok_video:local_d202a7249e8d8381674505cc8b0fe473eb4888907f26911aaef35de215d71d5c,speedboats; watercraft,boat racing; recreation,The video highlights speedboat racing on a body of water at Rowo Jombor.,"Balapan speedboat maestro rowo jombor 

#rowojombor #klaten #speedboat #maestrorowojombor  [{'id': '42710246', 'name': 'rowojombor', 'title': None, 'cover': None}, {'id': '580947', 'name': 'klaten', 'title': None, 'cover': None}, {'id': '62048', 'name': 'speedboat', 'title': None, 'cover': None}, {'id': '7104888937193144347', 'name': 'maestrorowojombor', 'title': None, 'cover': None}]",4670.0,"Sewing, craft and notions"
tt_direct,tiktok_video:local_917b8b8ab359461481ada1b0636ccc769e3f045a1cf6289a13b4c4966cf7f6b6,video games; animation,gaming reaction; meme,An animated meme reacts comically to a Counter-Strike 2 update alongside unrelated Tesla copy-paste text.,"TWITCH: MELLSTROY Tesla, «Тесла» — американская компания, производитель электромобилей, зарядных станций, солнечных батарей и систем для накопления электроэнергии.
В отличие от большинства автопроизводителей компания самостоятельно продает автомобили без участия дилеров, также управляет бизнесом по зарядке электромобилей на собственной сети зарядных станций и осуществляет пилотные проекты предоставления сервисов беспилотного такси.Компания Tesla (основанная как Tesla Motors) была зарегистрирована 1 июля 2003 года Мартином Эберхардом и Марком Тарпеннингом. Ян Райт был третьим сотрудником Tesla, присоединившимся к ней несколько месяцев спустя.
Компания была названа в честь американского инженера, изобретателя в области электротехники Николы Теслы.
Среди инвесторов компании были основатели Google Ларри Пейдж и Сергей Брин, основатель и президент компании eBay Джефри Сколл, Daimler AG, Toyota (инвестировала около 50 млн долларов[10]) и Илон Маск. На первом этапе больше всех вложил Илон Маск — 70 млн долларов, заработанных на продаже своей доли в PayPal[11]. Маск стал председателем совета директоров и назначил Эберхарда генеральным директором (в 2007 году он покинул компанию). Тарпеннинг, получивший пост вице-президента и инженера, ушёл в 2008 году[12]. нынешнее руководство компании называет сооснователями Илона Маска, Джеффри Брайана Страубела и Иэна Райта.
Целью Tesla было начать со спортивного автомобиля премиум-класса, а затем перейти к более массовым автомобилям. Первая модель Roadster была представлена в 2008 году; она была способна проехать без подзарядки 384 км и по большинству характеристик не уступала спортивным машинам с двигателем внутреннего сгорания; главным её недостатком была высокая цена (109 тыс. долларов).
В январе 2010 года Tesla получила от Министерства энергетики США заём в размере 465 млн долларов, который компания погасила в 2013 году. В мае 2010 года Tesla купила за 42 млн долларов завод во Фримонте (Калифорния) и начала его переоборудование под производство Model S. Завод, получивший название Tesla Factory[англ.] был открыт в 1962 году компанией General Motors, в 1984 году перешёл к NewUnitedMotorManufacturing, Inc. []",500.0,Video games and retro gaming
tt_direct,tiktok_video:local_c7e648b3a8e4189ba6c15da6204e806a771b634da9d82b7f9b82fc6ef5fcd290,cups; stickers,reselling; sales recap,"A reseller highlights what sold on eBay, including plastic cups and a vintage sticker.","#whatsold #ebay #reseller #resellercommunity #thrifting  [{'id': '64857839', 'name': 'whatsold', 'title': None, 'cover': None}, {'id': '186688', 'name': 'ebay', 'title': None, 'cover': None}, {'id': '89286981', 'name': 'reseller', 'title': None, 'cover': None}, {'id': '1599895369880577', 'name': 'resellercommunity', 'title': None, 'cover': None}, {'id': '130314', 'name': 'thrifting', 'title': 'Show us your best #Thrifting finds.', 'cover': 'https://p16-common-sign.tiktokcdn-us.com/musically-maliva-obj/d01345cdb88fac60c964be000a9f8455~tplv-tiktokx-origin.image?dr=9627&x-expires=1790283600&x-signature=zEczsx9wUzk6Dma%2BKYi%2BvOyLfPI%3D&t=4d5b0474&ps=13740610&shp=81f88b70&shcp=9b759fb9&idc=useast8'}]",1701.0,Reselling / seller how-to / marketplace ops
tt_direct,tiktok_video:local_88fdb7c807db00d4c8602591b9be04404e9b5fcf8b7ea44accf4cf81db017f4d,electric vehicles; cars,product showcase; pricing,"A video showcases the Slate Coupe concept electric car priced under $22,000.","Fox Body silhouette. Electric motor. Under $22K baseline. 🛠️ The 360 orbital shot shows off the ultimate blank canvas coupe. Is this nostalgic look exactly what the affordable EV market has been missing? #SlateSedan #SlateCoupe #FoxBody #slateauto #AffordableCars  [{'id': '7656884149478752270', 'name': 'slatesedan', 'title': None, 'cover': None}, {'id': '7657244596652490765', 'name': 'slatecoupe', 'title': None, 'cover': None}, {'id': '2190109', 'name': 'foxbody', 'title': None, 'cover': None}, {'id': '7495855072140591126', 'name': 'slateauto', 'title': None, 'cover': None}, {'id': '1640163748670469', 'name': 'affordablecars', 'title': None, 'cover': None}]",340000.0,"Automotive: parts, cars, motorcycles"
tt_direct,tiktok_video:local_21b424cbe81a956038ec7ce483cc6a462fb8d0d27d4e8ae1abd8f5ad14275bf4,auto parts,wholesale; b2b supply,A wholesaler in China presents an inventory of auto parts for various German car brands.,"Wholesale of auto parts for Audi, Volkswagen, Porsche, Mercedes-Benz, and BMW []",6365.0,"Automotive: parts, cars, motorcycles"
tt_direct,tiktok_video:local_08133208d1866867e46025f21a38e5725fbd12867c4456de6736a379b7466cc7,auto parts; transmission parts,maintenance tips; mythbusting,A mechanic disputes the concept of lifetime oil for BMWs while performing maintenance.,"BMW? Aceite de por vida?? No lo creo! #FullAuto #TuMejorOpcion #tutallerdeconfianza #NoPermitasQueEstoTePase #bmw  [{'id': '20152240', 'name': 'fullauto', 'title': None, 'cover': None}, {'id': '1592833418807301', 'name': 'tumejoropcion', 'title': None, 'cover': None}, {'id': '1655018538814470', 'name': 'tutallerdeconfianza', 'title': None, 'cover': None}, {'id': '7140557834441359366', 'name': 'nopermitasqueestotepase', 'title': None, 'cover': None}, {'id': '5139', 'name': 'bmw', 'title': None, 'cover': None}]",8758.0,"Automotive: parts, cars, motorcycles"
tt_direct,tiktok_video:local_ed56562ed046f985ca1d8a66a00e048c3a9a93fbc5365781d8c580f4972f0694,leggings; womens clothing,online shopping; free shipping,The creator reacts to free shipping and searches for leopard print clothing across shopping apps.,"free shipping is next level! 😱 the after christmas shopping is gonna be wild 🥳 #thriftfinds#ebayfinds#secondhandclothes#shoppingaddict  [{'id': '45983736', 'name': 'thriftfinds', 'title': None, 'cover': None}, {'id': '1653141458191365', 'name': 'ebayfinds', 'title': None, 'cover': None}, {'id': '84657777', 'name': 'secondhandclothes', 'title': None, 'cover': None}, {'id': '2669906', 'name': 'shoppingaddict', 'title': None, 'cover': None}]",3660.0,Reselling / seller how-to / marketplace ops
tt_direct,tiktok_video:local_204b34e04317c121b4a36cee846723ca749fd7605cb179fbafba1360ca9622d5,handbags; vintage handbag,haul; item showcase,A creator shows a vintage pink ostrich-textured handbag purchased on eBay.,"yay I’m a happy girl the ostrich IS SO CUTEEE @eBay UK #thrifted #thriftedfinds #vintagebag #vintage #ebay  [{'id': '20484369', 'name': 'thrifted', 'title': ""Whether you're upcycling fashion, or finding your own style, show us what you've #Thrifted."", 'cover': 'https://p16-common-sign.tiktokcdn-us.com/musically-maliva-obj/c88a8837239943eec2f8af063aec79d4~tplv-tiktokx-origin.image?dr=9627&x-expires=1790283600&x-signature=8rerA2ZezGjURbSRckZ9o6hx7JE%3D&t=4d5b0474&ps=13740610&shp=81f88b70&shcp=9b759fb9&idc=useast5'}, {'id': '1648326167122950', 'name': 'thriftedfinds', 'title': None, 'cover': None}, {'id': '73170436', 'name': 'vintagebag', 'title': None, 'cover': None}, {'id': '21743', 'name': 'vintage', 'title': None, 'cover': None}, {'id': '186688', 'name': 'ebay', 'title': None, 'cover': None}]",7446.0,Unassigned (mixed/other)
tt_direct,tiktok_video:local_52e1c18c9ae2635643717e9378eaca71fc831e98ec739797e524a07ed4b8ab14,vehicles; race cars,car showcase; street legal vehicle,The creator claims a showcased Formula car driving on public roads is street legal.,This Formula Car Is Street Legal 🤯 [],117000.0,"Automotive: parts, cars, motorcycles"
tt_direct,tiktok_video:local_ccb884d50fd5edc694e0a88b600d0f6f3a50b6bd7bd99b02b17f29d667cca728,vehicles; cars,dealership showcase; modified vehicles,A car dealership showcases modified Ford Mustang S550 models for viewers.,"Who wants a bagged and boosted S550???? #ford #mustang #s550 #boosted #bagged @Cosmo Motors  [{'id': '8650', 'name': 'ford', 'title': None, 'cover': None}, {'id': '13542', 'name': 'mustang', 'title': None, 'cover': None}, {'id': '6365963', 'name': 's550', 'title': None, 'cover': None}, {'id': '3276655', 'name': 'boosted', 'title': None, 'cover': None}, {'id': '123167', 'name': 'bagged', 'title': None, 'cover': None}]",95000.0,"Automotive: parts, cars, motorcycles"
tt_direct,tiktok_video:local_648aefedcb9f05cb1cd44339e08819a2b010c90a5022b73416d18ed0b29ef8fc,watches; vintage watches,item showcase; eBay listing promotion,A seller demonstrates the condition and features of a vintage Orient 3 Star watch with an eBay link.,"Timeless Orient 3 Star Vintage ⌚️ #VintageVibes #MensWatch #eBay #eBayStore #eBaySeller https://ebay.us/m/fhLYcN [{'id': '35972196', 'name': 'vintagevibes', 'title': None, 'cover': None}, {'id': '1622111275842565', 'name': 'menswatch', 'title': None, 'cover': None}, {'id': '186688', 'name': 'ebay', 'title': None, 'cover': None}, {'id': '1641429651917830', 'name': 'ebaystore', 'title': None, 'cover': None}, {'id': '68438801', 'name': 'ebayseller', 'title': None, 'cover': None}]",5651.0,Reselling / seller how-to / marketplace ops
tt_direct,tiktok_video:local_604b63b1af70bcdecf4b1e2ddb591ca1fced182353b39eeb6fb0ef478b072387,car parts; engines,car modification; engine comparison,The creator shows a Honda Civic engine bay and expresses preference for the D16 Z6 engine.,"K series this, b series that. But  Real ones Know the Z6🫱🏻‍🫲🏼🔥#honda #civic #vtec #d16 #fyp   [{'id': '10423', 'name': 'honda', 'title': None, 'cover': None}, {'id': '51563', 'name': 'civic', 'title': None, 'cover': None}, {'id': '51564', 'name': 'vtec', 'title': None, 'cover': None}, {'id': '13271208', 'name': 'd16', 'title': None, 'cover': None}, {'id': '229207', 'name': 'fyp', 'title': None, 'cover': None}]",4290.0,"Automotive: parts, cars, motorcycles"
tt_direct,tiktok_video:local_6244cc64dcf383f0652b476eabf8be0bd6f7f6f1c405c3ad188637b7c9ad904e,oddities; antiques,haul; item showcase,"A creator showcases unusual antique and oddity purchases from eBay, expressing surprise that their account has not been flagged.","I’m surprised my account hasn’t been flagged #oddities #odditiesandcuriosities #odditiescollection #haunted #ghost #cursed #hair #ebay #ebayfinds #teeth #humanteeth #creepy #haunteditems #fypシ゚viral  [{'id': '1203442', 'name': 'oddities', 'title': None, 'cover': None}, {'id': '1630097334502406', 'name': 'odditiesandcuriosities', 'title': None, 'cover': None}, {'id': '1662192884849669', 'name': 'odditiescollection', 'title': None, 'cover': None}, {'id': '16461', 'name': 'haunted', 'title': None, 'cover': None}, {'id': '9386', 'name': 'ghost', 'title': ""¡Saca el #Ghost que llevas dentro con el nuevo filtro 'Sale al alma' que ya es tendencia mundial! 👻"", 'cover': None}, {'id': '861842', 'name': 'cursed', 'title': None, 'cover': None}, {'id': '5691', 'name': 'hair', 'title': 'Express yourself through your hair!', 'cover': 'https://p19-common-sign.tiktokcdn-us.com/tiktok-obj/6e0fca7b5d13375408be30bf83e51d81.jpeg~tplv-tiktokx-origin.image?dr=9627&x-expires=1790283600&x-signature=HwdHms%2Bvn2lcSmD67H2Cblc%2BDyg%3D&t=4d5b0474&ps=13740610&shp=81f88b70&shcp=9b759fb9&idc=useast5'}, {'id': '186688', 'name': 'ebay', 'title': None, 'cover': None}, {'id': '1653141458191365', 'name': 'ebayfinds', 'title': None, 'cover': None}, {'id': '35657', 'name': 'teeth', 'title': None, 'cover': None}, {'id': '1629670248783878', 'name': 'humanteeth', 'title': None, 'cover': None}, {'id': '6370', 'name': 'creepy', 'title': None, 'cover': None}, {'id': '18904965', 'name': 'haunteditems', 'title': None, 'cover': None}, {'id': '1664119477821441', 'name': 'fypシ゚viral', 'title': None, 'cover': None}]",1600000.0,"Home, kitchen and decor"
tt_direct,tiktok_video:local_d987a5f1720a8f357766efd8845954b46aef93fa1aa417b1c8fc2cb03c1356be,vintage clothing; blouses,search tips; thrift tips,A creator shares recommended search keywords for finding vintage peasant blouses on platforms like eBay.,"Trying to find the perfect vintage peasant blouse? Here’s what to actually search so you stop scrolling past the good ones. Think romantic blouses, ruffle blouses, lace trim tops, poet blouses, prairie blouses, and vintage boho tops. #thrifttok #vintagefashion #peasantblouse #vintageblouse #secondhandfashion  [{'id': '1647565208074246', 'name': 'thrifttok', 'title': None, 'cover': None}, {'id': '5734410', 'name': 'vintagefashion', 'title': None, 'cover': None}, {'id': '66144798', 'name': 'peasantblouse', 'title': None, 'cover': None}, {'id': '1661096146038786', 'name': 'vintageblouse', 'title': None, 'cover': None}, {'id': '1634465818178566', 'name': 'secondhandfashion', 'title': None, 'cover': None}]",2054.0,Vintage and secondhand clothing / thrift
tt_direct,tiktok_video:local_8ca63de779612dd048b7a2f11e5dda59bf9bf26ba6d8bada5cedcdfeb8419c22,video games; Nintendo DS,thrifting; price checking,A creator finds an empty Nintendo DS game case at a thrift store and checks its market value on eBay.,"IF ONLY THE GAME WAS IN THERE… smh #goodwillfinds #goodwill #thrift #thriftshop #ededdneddy  [{'id': '1613876444332054', 'name': 'goodwillfinds', 'title': None, 'cover': None}, {'id': '153140', 'name': 'goodwill', 'title': None, 'cover': None}, {'id': '172545', 'name': 'thrift', 'title': None, 'cover': None}, {'id': '21406', 'name': 'thriftshop', 'title': 'Show us your best second-hand hauls.', 'cover': None}, {'id': '267866', 'name': 'ededdneddy', 'title': None, 'cover': None}]",981.0,Vintage and secondhand clothing / thrift
tt_direct,tiktok_video:local_b00306fed765daf1c8eea2ae0d6327128af91fd2293b42b93f113a576e0286ec,straw bags; handbags,unboxing; item showcase,A creator unboxes and shows off a straw handbag purchased on eBay.,"How can this bag not make you smile!? #ebayfind #ebayfinds #summerbag #strawbag #fyp [{'id': '1613047119308805', 'name': 'ebayfind', 'title': None, 'cover': None}, {'id': '1653141458191365', 'name': 'ebayfinds', 'title': None, 'cover': None}, {'id': '52565614', 'name': 'summerbag', 'title': None, 'cover': None}, {'id': '1628350492941317', 'name': 'strawbag', 'title': None, 'cover': None}, {'id': '229207', 'name': 'fyp', 'title': None, 'cover': None}]",16800.0,Unassigned (mixed/other)
tt_direct,tiktok_video:local_753fbc760169670d3c0ef931863f7fd91dc76ab6cd4791b782e1752093af7e84,military satcom equipment; radio antenna,direct selling; product showcase,"The creator showcases surplus military Satcom communication equipment, noting its rarity on eBay and offering it for direct sale.","Up for grabs are some Surplus Military Satcom, Hard to find on Ebay and Expensive with your local E4 Mafia. Send me a Dm if you need one.
Look up FLTSATCOM 7

#satcom #offgrid #fyp #goviral [{'id': '6287042', 'name': 'satcom', 'title': None, 'cover': None}, {'id': '2518330', 'name': 'offgrid', 'title': None, 'cover': None}, {'id': '229207', 'name': 'fyp', 'title': None, 'cover': None}, {'id': '151602', 'name': 'goviral', 'title': None, 'cover': None}]",2067.0,"Military, police and collectible memorabilia"
tt_direct,tiktok_video:local_2f59d379e917225935d67f97a68102ef987e5f593df2d31ea62239cea087f554,mystery jewelry jar; vintage jewelry,unboxing; seller review,A creator unboxes a mystery jewelry jar purchased from an eBay seller and encourages viewers to check out the shop.,"Part 1 of Another AMAZING jar from @EV also known as Vintagebaby91 on eBay! Go check her out 🩷 

#whimsical #jewelry #jewelryjar #mysteryjewelry #mysteryjar #trending #unboxing #ebay  [{'id': '1789769', 'name': 'whimsical', 'title': None, 'cover': None}, {'id': '21519', 'name': 'jewelry', 'title': None, 'cover': None}, {'id': '1665600285975558', 'name': 'jewelryjar', 'title': None, 'cover': None}, {'id': '1664277223216133', 'name': 'mysteryjewelry', 'title': None, 'cover': None}, {'id': '18683910', 'name': 'mysteryjar', 'title': None, 'cover': None}, {'id': '20105', 'name': 'trending', 'title': 'Discover the top viral trends, sounds and effects of the week! 🔥', 'cover': None}, {'id': '460811', 'name': 'unboxing', 'title': 'What are you #Unboxing?', 'cover': None}, {'id': '186688', 'name': 'ebay', 'title': None, 'cover': None}]",6957.0,Jewelry and body jewelry
tt_direct,tiktok_video:local_7b3538a282dffad61bf19877855f1e3848980542760d8cdf0ea55147ce7c9a03,car radios; automotive parts,reselling; thrift flipping,A reseller highlights buying a Chrysler car radio at Goodwill for five dollars to resell on eBay for profit.,"Thrifting oem stock Chrysler radios at goodwill to resell on ebay for a profit!

 #reseller #thrift #ebay #bolo #dodge  [{'id': '89286981', 'name': 'reseller', 'title': None, 'cover': None}, {'id': '172545', 'name': 'thrift', 'title': None, 'cover': None}, {'id': '186688', 'name': 'ebay', 'title': None, 'cover': None}, {'id': '468428', 'name': 'bolo', 'title': None, 'cover': None}, {'id': '102513', 'name': 'dodge', 'title': None, 'cover': None}]",119200.0,"Automotive: parts, cars, motorcycles"
tt_direct,tiktok_video:local_aaf7611b2ce691e5f48bf26d67a571df1eec446eff56ea0f9a5b3fe0facaa060,laser engraver; acrylic signs,product demonstration; business history,A video demonstrating a portable laser engraver creating acrylic signs is paired with a text history of Tesla Motors.,"Tesla, «Тесла» — американская компания, производитель электромобилей, зарядных станций, солнечных батарей и систем для накопления электроэнергии.
В отличие от большинства автопроизводителей компания самостоятельно продает автомобили без участия дилеров, также управляет бизнесом по зарядке электромобилей на собственной сети зарядных станций и осуществляет пилотные проекты предоставления сервисов беспилотного такси.Компания Tesla (основанная как Tesla Motors) была зарегистрирована 1 июля 2003 года Мартином Эберхардом и Марком Тарпеннингом. Ян Райт был третьим сотрудником Tesla, присоединившимся к ней несколько месяцев спустя.
Компания была названа в честь американского инженера, изобретателя в области электротехники Николы Теслы.
Среди инвесторов компании были основатели Google Ларри Пейдж и Сергей Брин, основатель и президент компании eBay Джефри Сколл, Daimler AG, Toyota (инвестировала около 50 млн долларов[10]) и Илон Маск. На первом этапе больше всех вложил Илон Маск — 70 млн долларов, заработанных на продаже своей доли в PayPal[11]. Маск стал председателем совета директоров и назначил Эберхарда генеральным директором (в 2007 году он покинул компанию). Тарпеннинг, получивший пост вице-президента и инженера, ушёл в 2008 году[12]. нынешнее руководство компании называет сооснователями Илона Маска, Джеффри Брайана Страубела и Иэна Райта.
Целью Tesla было начать со спортивного автомобиля премиум-класса, а затем перейти к более массовым автомобилям. Первая модель Roadster была представлена в 2008 году; она была способна проехать без подзарядки 384 км и по большинству характеристик не уступала спортивным машинам с двигателем внутреннего сгорания; главным её недостатком была высокая цена (109 тыс. долларов).
В январе 2010 года Tesla получила от Министерства энергетики США заём в размере 465 млн долларов, который компания погасила в 2013 году. В мае 2010 года Tesla купила за 42 млн долларов завод во Фримонте (Калифорния) и начала его переоборудование под производство Model S. Завод, получивший название Tesla Factory[англ.] был открыт в 1962 году компанией General Motors, в 1984 году перешёл к NewUnitedMotorManufacturing, Inc. []",567100.0,Unassigned (mixed/other)
tt_direct,tiktok_video:local_f54b0f85fcbfaf94ae4daa514e48a2c666010edcef89db751b687d416899fea2,salvage cars; car parts,service promotion; salvage acquisition,"An auto recycling company promotes buying non-running salvage vehicles, showcasing a Mini Cooper with a blown engine.","The engine was toast… so they sold it to ASM! 💥🚗
Got a car to sell? Even if it’s not running, we still want it!
Get an instant valuation through the link in our bio. 👆
#fyp #carflipping #carauction #money #salvagemarket #ASMAutoRecycling #salvage #carsalvage #salvagecars #cheapcars #webuyanycar [{'id': '229207', 'name': 'fyp', 'title': None, 'cover': None}, {'id': '16112060', 'name': 'carflipping', 'title': None, 'cover': None}, {'id': '1100785', 'name': 'carauction', 'title': None, 'cover': None}, {'id': '6920', 'name': 'money', 'title': None, 'cover': None}, {'id': '1700088416226309', 'name': 'salvagemarket', 'title': None, 'cover': None}, {'id': '7314363964116107297', 'name': 'asmautorecycling', 'title': None, 'cover': None}, {'id': '511981', 'name': 'salvage', 'title': None, 'cover': None}, {'id': '1699659703851014', 'name': 'carsalvage', 'title': None, 'cover': None}, {'id': '1629919164702726', 'name': 'salvagecars', 'title': None, 'cover': None}, {'id': '82347972', 'name': 'cheapcars', 'title': None, 'cover': None}, {'id': '4147492', 'name': 'webuyanycar', 'title': None, 'cover': None}]",5915.0,"Automotive: parts, cars, motorcycles"
tt_comm,tiktok_video:local_d36386bfa72c44afed42f2fc2fa599f55db31effee35d085b5279d292bcba553,morale patches; custom patches,manufacturing promotion; product showcase,Omni Punch showcases custom embroidered morale patches with Velcro backing to promote manufacturing services.,"Premium USA Morale Patches 🇺🇸🔥
Built with high-quality Velcro, sharp details, and consistent finishing. Whether you’re a brand, patch shop, club, or tactical business, Omni Punch is your trusted manufacturing partner.

📩 DM us for custom patches & samples.

#OmniPunch #MoralePatches #CustomPatches #VelcroPatches #USAProducts  [{'id': None, 'name': 'omnipunch', 'title': None, 'cover': None}, {'id': None, 'name': 'moralepatches', 'title': None, 'cover': None}, {'id': None, 'name': 'custompatches', 'title': None, 'cover': None}, {'id': None, 'name': 'velcropatches', 'title': None, 'cover': None}, {'id': None, 'name': 'usaproducts', 'title': None, 'cover': None}]",6070.0,"Patches, pins, buttons and battle jackets"
tt_comm,tiktok_video:local_c846c69f4af9d82136e539ccd52f7774865618f0f9cfc2bb3ef6591653c06da4,morale patches,military culture; storytime,A creator discusses military morale patches and the issues that arise when service members wear controversial designs.,"Morale Patches Are Cool, Till You Getting Called Up About Why PVT Snuffy Has A Patch On Their Helmet Saying Wild Stuff For The Sergeant Major To See

#military #army #moralepatch #miltok #lordoflips  [{'id': None, 'name': 'military', 'title': None, 'cover': None}, {'id': None, 'name': 'army', 'title': None, 'cover': None}, {'id': None, 'name': 'moralepatch', 'title': None, 'cover': None}, {'id': None, 'name': 'miltok', 'title': None, 'cover': None}, {'id': None, 'name': 'lordoflips', 'title': None, 'cover': None}]",45500.0,"Patches, pins, buttons and battle jackets"
tt_comm,tiktok_video:local_39555e39b0e2746e5ae059353028e830d8d64dfedba5c7058bc79742472bda8f,morale patches,product showcase,A caption promotes interchangeable Velcro-backed patches for tactical gear to match different daily moods.,"Interchangeable velcro backed patches to match whatever mood you're in that day #patch #tactical #funny #morale #moralepatches [{'id': None, 'name': 'patch', 'title': None, 'cover': None}]",6506.0,"Patches, pins, buttons and battle jackets"
tt_comm,tiktok_video:local_c5d8111400463a997934be81cbc0aa37ef98154d6d4515fba5778e6d5a306e96,morale patches,humor; product showcase,A video demonstrates a humorous morale patch displayed on a tactical vest.,"you need this morale patch #memes #jokes #militaryhumour #funny  [{'id': None, 'name': 'memes', 'title': None, 'cover': None}, {'id': None, 'name': 'jokes', 'title': None, 'cover': None}, {'id': None, 'name': 'militaryhumour', 'title': None, 'cover': None}, {'id': None, 'name': 'funny', 'title': None, 'cover': None}]",1089.0,"Patches, pins, buttons and battle jackets"
tt_comm,tiktok_video:local_e8f79352a4821996628d6ff11e437ec2e02a787e27117301607aaf4bb9924588,morale patches; military memorabilia,military culture; collection display,A creator displays morale patches attached to a military uniform while discussing military culture.,"Gotta have one on ya at all times! #worldofvlad #airforce #military #miltok #securityforces #militarytok #phoenixraven #raven  [{'id': None, 'name': 'worldofvlad', 'title': None, 'cover': None}, {'id': None, 'name': 'airforce', 'title': None, 'cover': None}, {'id': None, 'name': 'military', 'title': None, 'cover': None}, {'id': None, 'name': 'miltok', 'title': None, 'cover': None}, {'id': None, 'name': 'securityforces', 'title': None, 'cover': None}, {'id': None, 'name': 'militarytok', 'title': None, 'cover': None}, {'id': None, 'name': 'phoenixraven', 'title': None, 'cover': None}, {'id': None, 'name': 'raven', 'title': None, 'cover': None}]",395400.0,"Patches, pins, buttons and battle jackets"
tt_comm,tiktok_video:local_c442ccbda894b71c601c7808cc61ea5f2951736804951fa5e807d0eea2602a15,morale patches,military culture; storytime,A woman in military uniform teases an experience involving a morale patch and asks viewers for input.,"I’ll think on not doing a voice filter some time okay…? -_-

#m#miltokm#miltokcommunitym#militarya#airforceu#usafm#militarylifem#militarygirlst#trendingt#targeteda#armyn#navym#marinesw#womeninmilitarya#airforcew#womeninuniformp#psyopf#fypf#foryouf#foryoupage#m#militarypressbranchesofthemilitarycomedy [{'id': None, 'name': 'miltok', 'title': None, 'cover': None}, {'id': None, 'name': 'miltokcommunity', 'title': None, 'cover': None}, {'id': None, 'name': 'military', 'title': None, 'cover': None}, {'id': None, 'name': 'airforce', 'title': None, 'cover': None}, {'id': None, 'name': 'usaf', 'title': None, 'cover': None}, {'id': None, 'name': 'militarylife', 'title': None, 'cover': None}, {'id': None, 'name': 'militarygirls', 'title': None, 'cover': None}, {'id': None, 'name': 'trending', 'title': None, 'cover': None}, {'id': None, 'name': 'targeted', 'title': None, 'cover': None}, {'id': None, 'name': 'army', 'title': None, 'cover': None}, {'id': None, 'name': 'navy', 'title': None, 'cover': None}, {'id': None, 'name': 'marines', 'title': None, 'cover': None}, {'id': None, 'name': 'womeninmilitary', 'title': None, 'cover': None}, {'id': None, 'name': 'airforce', 'title': None, 'cover': None}, {'id': None, 'name': 'womeninuniform', 'title': None, 'cover': None}, {'id': None, 'name': 'psyop', 'title': None, 'cover': None}, {'id': None, 'name': 'fyp', 'title': None, 'cover': None}, {'id': None, 'name': 'foryou', 'title': None, 'cover': None}, {'id': None, 'name': 'foryoupage', 'title': None, 'cover': None}, {'id': None, 'name': 'militarypress', 'title': None, 'cover': None}]",233500.0,"Patches, pins, buttons and battle jackets"
tt_comm,tiktok_video:local_4a0b05614b891a27cd43034c69d4923211cb290f95452095b004066432742402,morale patches; PVC patches,product promotion; sales channel,A creator shows anime-themed PVC patches placed on a tactical vest and directs viewers to an Etsy shop.,"Anime patches available on ETSY! 
Link in bio 👌🏻

#moralepatches #custompatch #anime #manga #usaarmy #pvcpatches #berserk #itachi #akatsuki #patchwork  [{'id': None, 'name': 'moralepatches', 'title': None, 'cover': None}, {'id': None, 'name': 'custompatch', 'title': None, 'cover': None}, {'id': None, 'name': 'anime', 'title': None, 'cover': None}, {'id': None, 'name': 'manga', 'title': None, 'cover': None}, {'id': None, 'name': 'usaarmy', 'title': None, 'cover': None}, {'id': None, 'name': 'pvcpatches', 'title': None, 'cover': None}, {'id': None, 'name': 'berserk', 'title': None, 'cover': None}, {'id': None, 'name': 'itachi', 'title': None, 'cover': None}, {'id': None, 'name': 'akatsuki', 'title': None, 'cover': None}, {'id': None, 'name': 'patchwork', 'title': None, 'cover': None}]",8411.0,"Patches, pins, buttons and battle jackets"
tt_comm,tiktok_video:local_d0710bc93aa2e59fa422739145b846930aca632b7ac1ad8e82c19aff86ebdbf1,morale patches,product showcase; store inventory,A video showcases newly dropped tactical and anime morale patches to promote an online store inventory.,"Our ever growing inventory of anime & tactical morale patches. Plenty of new designs just dropped 🦇 WWW.HELLSENT.US

#animemerch #moralepatch #animepatch #blacklagoon #konosuba  [{'id': None, 'name': 'animemerch', 'title': None, 'cover': None}, {'id': None, 'name': 'moralepatch', 'title': None, 'cover': None}, {'id': None, 'name': 'animepatch', 'title': None, 'cover': None}, {'id': None, 'name': 'blacklagoon', 'title': None, 'cover': None}, {'id': None, 'name': 'konosuba', 'title': None, 'cover': None}]",8692.0,"Patches, pins, buttons and battle jackets"
tt_comm,tiktok_video:local_d979eab949ea0ddc6d147a0b61b9c9e563f238b65dd364a704f8ea480a6d9a4d,iron-on patches; PVC patches,manufacturing promotion; product showcase,Omni Punch presents custom PVC iron-on patches to advertise its custom manufacturing and shipping services.,"Custom PVC Iron-On Patches — manufactured by Omni Punch.
Durable • Premium finish • Custom made • USA shipping 🇺🇸

#PVCPatch #IronOnPatch #CustomPatches #PVCpatches #MoralePatch  [{'id': None, 'name': 'pvcpatch', 'title': None, 'cover': None}, {'id': None, 'name': 'irononpatch', 'title': None, 'cover': None}, {'id': None, 'name': 'custompatches', 'title': None, 'cover': None}, {'id': None, 'name': 'pvcpatches', 'title': None, 'cover': None}, {'id': None, 'name': 'moralepatch', 'title': None, 'cover': None}]",6830.0,"Patches, pins, buttons and battle jackets"
tt_comm,tiktok_video:local_3df234490c0a9fc26350bd07f193304a82d02f55a098072ff2d79368f4f9f817,morale patches; embroidered patches,sales promotion; product showcase,"A creator showcases hook-backed embroidered morale patches while promoting a buy two, get one free offer.","Buy any 2 embroidered hook-backed patches and receive 1 selected patch FREE. Easy to attach and switch on backpacks, jackets, hats, and more.#SohoChic #MoralePatch  #tiktokshopstockup#BackpackPatch  #EDCGear  [{'id': None, 'name': 'sohochic', 'title': None, 'cover': None}, {'id': None, 'name': 'moralepatch', 'title': None, 'cover': None}, {'id': None, 'name': 'tiktokshopstockup', 'title': None, 'cover': None}, {'id': None, 'name': 'backpackpatch', 'title': None, 'cover': None}, {'id': None, 'name': 'edcgear', 'title': None, 'cover': None}]",53.0,"Patches, pins, buttons and battle jackets"
tt_comm,tiktok_video:local_068a782e2828ae520deaf19f429c2769e807c31bb9a6e0863f661edb52e93442,patches; morale patch,product showcase; tactical gear,The creator showcases a skull and smiley morale patch attached to tactical gear.,"These are really cool moral patches.  Prior military or law enforcement or patriot or protector.  We are wolves not sheep.  #moralpatch #militartylife #patriot #protector #tiktokshopbacktoschool  [{'id': None, 'name': 'moralpatch', 'title': None, 'cover': None}, {'id': None, 'name': 'militartylife', 'title': None, 'cover': None}, {'id': None, 'name': 'patriot', 'title': None, 'cover': None}, {'id': None, 'name': 'protector', 'title': None, 'cover': None}, {'id': None, 'name': 'tiktokshopbacktoschool', 'title': None, 'cover': None}]",1372.0,"Patches, pins, buttons and battle jackets"
tt_comm,tiktok_video:local_c5f1342441d7f21cf5f3d31ebc14f7d67b338b6b90de0bbefa0e26e67ebdb380,patches; morale patch,promotional offer; product demonstration,A video demonstrates an embroidered hook-backed smiley morale patch alongside a buy-two-get-one-free promotional deal.,"Buy any 2 embroidered hook-backed patches and receive 1 selected patch FREE. Easy to attach and switch on backpacks, jackets, hats, and more.#SohoChic #MoralePatch  #tiktokshopstockup#BackpackPatch  #EDCGear  [{'id': None, 'name': 'sohochic', 'title': None, 'cover': None}, {'id': None, 'name': 'moralepatch', 'title': None, 'cover': None}, {'id': None, 'name': 'tiktokshopstockup', 'title': None, 'cover': None}, {'id': None, 'name': 'backpackpatch', 'title': None, 'cover': None}, {'id': None, 'name': 'edcgear', 'title': None, 'cover': None}]",325.0,"Patches, pins, buttons and battle jackets"
tt_comm,tiktok_video:local_bcffc2b7ca93422b5bfb124a250b42dd3b4f50f7e91ac218b66f79aae05f2fbb,patch board; custom decor,unboxing; small business appreciation,The creator unboxes and thanks a woodworking business for a custom patch board.,"HUGE thank you to @NJM Woodworking for this EPIC patch board!! #moralepatches #moralepatch #patches #customdecor #supportsmallbusiness [{'id': None, 'name': 'moralepatches', 'title': None, 'cover': None}, {'id': None, 'name': 'moralepatch', 'title': None, 'cover': None}, {'id': None, 'name': 'patches', 'title': None, 'cover': None}, {'id': None, 'name': 'customdecor', 'title': None, 'cover': None}, {'id': None, 'name': 'supportsmallbusiness', 'title': None, 'cover': None}]",7888.0,"Patches, pins, buttons and battle jackets"
tt_comm,tiktok_video:local_c00700d3454a9cc5b601fac1b0f6594b6680aa5d5b1ba566dcd06b286d9084f6,patches; morale patch,product showcase; humor,A creator showcases two humorous Christian-themed morale patches designed for tactical gear.,"Funny morale patches for the christian in your life. A great tactical patch for lots of ger and equipment. Great for veterans, active duty military, law enforcement, and more. #tactical #military #lawenforcement #funny #christian  [{'id': None, 'name': 'tactical', 'title': None, 'cover': None}, {'id': None, 'name': 'military', 'title': None, 'cover': None}, {'id': None, 'name': 'lawenforcement', 'title': None, 'cover': None}, {'id': None, 'name': 'funny', 'title': None, 'cover': None}, {'id': None, 'name': 'christian', 'title': None, 'cover': None}]",1267.0,"Patches, pins, buttons and battle jackets"
tt_comm,tiktok_video:local_8457f819cc63615755d4185d89c6dff988ad499cc8b567229c2b5e53e715a490,patches; morale patch,product showcase; tactical gear,A hand places an inspirational quote morale patch onto a tactical vest.,"Just an inspirational morale patch #inspiration #style #faith #growth  [{'id': None, 'name': 'inspiration', 'title': None, 'cover': None}, {'id': None, 'name': 'style', 'title': None, 'cover': None}, {'id': None, 'name': 'faith', 'title': None, 'cover': None}, {'id': None, 'name': 'growth', 'title': None, 'cover': None}]",387.0,"Patches, pins, buttons and battle jackets"
tt_comm,tiktok_video:local_6596c87bc5127ef4b51dcd1c9218dd2e0ea92bf499f840a6c1382ec845a91b43,patches; morale patch,comment reply; humor,A creator responds to a comment by showcasing a humorous morale patch on military fatigues.,"Reply to @cortc4z  #Inverted Everybody hates THAT GUY! #moralepatches #tacticalgearjunkie #holdup [{'id': None, 'name': 'inverted', 'title': None, 'cover': None}, {'id': None, 'name': 'moralepatches', 'title': None, 'cover': None}, {'id': None, 'name': 'tacticalgearjunkie', 'title': None, 'cover': None}, {'id': None, 'name': 'holdup', 'title': None, 'cover': None}]",6998.0,"Patches, pins, buttons and battle jackets"
tt_comm,tiktok_video:local_3e7ffc2d1f5cd9f368722435126f475c3f9da450d15b5d8524e7f1d527a3917a,patches; morale patch,promotional offer; product demonstration,A creator promotes a buy-two-get-one-free sale while showing St. Michael hook-backed patches.,"Buy any 2 embroidered hook-backed patches and receive 1 selected patch FREE. Easy to attach and switch on backpacks, jackets, hats, and more.#SohoChic #MoralePatch  #tiktokshopstockup#BackpackPatch  #EDCGear  [{'id': None, 'name': 'sohochic', 'title': None, 'cover': None}, {'id': None, 'name': 'moralepatch', 'title': None, 'cover': None}, {'id': None, 'name': 'tiktokshopstockup', 'title': None, 'cover': None}, {'id': None, 'name': 'backpackpatch', 'title': None, 'cover': None}, {'id': None, 'name': 'edcgear', 'title': None, 'cover': None}]",94.0,"Patches, pins, buttons and battle jackets"
tt_comm,tiktok_video:local_6482b87130cdb18bb4b028203432ac980ca5de218c612defbcbbc3d755b8ba05,patches; morale patch,product showcase; collection,The creator displays a collection of morale patches and applies a new Teletubby patch to a backpack.,"new morale patch pew pew
#moralepatches #army #military #miltok  [{'id': None, 'name': 'moralepatches', 'title': None, 'cover': None}, {'id': None, 'name': 'army', 'title': None, 'cover': None}, {'id': None, 'name': 'military', 'title': None, 'cover': None}, {'id': None, 'name': 'miltok', 'title': None, 'cover': None}]",6317.0,"Patches, pins, buttons and battle jackets"
tt_comm,tiktok_video:local_893d5a33669279b7b084bc6d070caf54998a33ea5871dcc17918537e2004a0dd,patches; backpack customization,product demonstration; promotion,A creator demonstrates swapping hook-and-loop patches on a backpack to promote custom gear.,"🥫 #patch #patches #backpack #hat #hats #hookandloop #moralepatch #moralepatches #accessories #dolifeattached  [{'id': None, 'name': 'patch', 'title': None, 'cover': None}, {'id': None, 'name': 'patches', 'title': None, 'cover': None}, {'id': None, 'name': 'backpack', 'title': None, 'cover': None}, {'id': None, 'name': 'hat', 'title': None, 'cover': None}, {'id': None, 'name': 'hats', 'title': None, 'cover': None}, {'id': None, 'name': 'hookandloop', 'title': None, 'cover': None}, {'id': None, 'name': 'moralepatch', 'title': None, 'cover': None}, {'id': None, 'name': 'moralepatches', 'title': None, 'cover': None}, {'id': None, 'name': 'accessories', 'title': None, 'cover': None}, {'id': None, 'name': 'dolifeattached', 'title': None, 'cover': None}]",4730.0,"Patches, pins, buttons and battle jackets"
tt_comm,tiktok_video:local_89ec8fa1e8094b00bae3495d00eebead768735dc42b3c9eb40c1e75d458cb09d,patches; morale patch,promotional offer; product showcase,A video highlights an embroidered cat morale patch with a buy-two-get-one-free offer.,"Buy any 2 embroidered hook-backed patches and receive 1 selected patch FREE. Easy to attach and switch on backpacks, jackets, hats, and more.#SohoChic #MoralePatch  #tiktokshopstockup#BackpackPatch  #EDCGear  [{'id': None, 'name': 'sohochic', 'title': None, 'cover': None}, {'id': None, 'name': 'moralepatch', 'title': None, 'cover': None}, {'id': None, 'name': 'tiktokshopstockup', 'title': None, 'cover': None}, {'id': None, 'name': 'backpackpatch', 'title': None, 'cover': None}, {'id': None, 'name': 'edcgear', 'title': None, 'cover': None}]",6.0,"Patches, pins, buttons and battle jackets"
tt_comm,tiktok_video:local_7842064146473daf2d313a4ce898e0abf3510616d6569ab6e344316ce6d5876a,morale patches; embroidered patches,product showcase,The creator displays several humorous morale patches on a cutting mat.,"just some more funny patches #patch #patches #moralepatches #clothing  [{'id': None, 'name': 'patch', 'title': None, 'cover': None}, {'id': None, 'name': 'patches', 'title': None, 'cover': None}, {'id': None, 'name': 'moralepatches', 'title': None, 'cover': None}, {'id': None, 'name': 'clothing', 'title': None, 'cover': None}]",7741.0,"Patches, pins, buttons and battle jackets"
tt_comm,tiktok_video:local_4defa3ab36606c90aaa4e18935301126242dbfe0423cea2c8e11aa0a2777f0d9,model trains; track ballast,tutorial,A tutorial demonstrating how to apply ballast to KATO HO Scale Unitrack.,"How to ballast KATO HO Scale Unitrack 🚂🫣 I don’t know if it even looks good don’t bully me tho #modeltrains #traintok #modelrailroad #modelrailway #modellbahn  [{'id': None, 'name': 'modeltrains', 'title': None, 'cover': None}, {'id': None, 'name': 'traintok', 'title': None, 'cover': None}, {'id': None, 'name': 'modelrailroad', 'title': None, 'cover': None}, {'id': None, 'name': 'modelrailway', 'title': None, 'cover': None}, {'id': None, 'name': 'modellbahn', 'title': None, 'cover': None}]",246100.0,Model trains
tt_comm,tiktok_video:local_2d76a310c57acfa98286dfa4a6a7b777be893c2ec19c59c6659018e02eddae66,model trains; model railroad layout,collection showcase,"A showcase video displaying an intricate miniature model railroad setup with bridges, buildings, and trains.","#modelrailroad #ferromodelismo #railroad #ferromex #CityTasteTest  [{'id': None, 'name': 'modelrailroad', 'title': None, 'cover': None}, {'id': None, 'name': 'ferromodelismo', 'title': None, 'cover': None}, {'id': None, 'name': 'railroad', 'title': None, 'cover': None}, {'id': None, 'name': 'ferromex', 'title': None, 'cover': None}, {'id': None, 'name': 'citytastetest', 'title': None, 'cover': None}]",2552.0,Model trains
tt_comm,tiktok_video:local_0062edec032e6ee60b2080238fc4de03fb201b44ca109f9e078fefa64d0ff5f6,garden railroad; model train tracks,tutorial,A 60-second instructional guide explaining track types and setup for an outdoor garden railroad.,The most info could fit about garden railroad track in 60 seconds 😅 🚂 drop your questions below 👇 [],842700.0,Model trains
tt_comm,tiktok_video:local_13a61846bf301004ba3aad841138b6a9242040be233733d75a62cbd2e183c143,model trains; KATO Class 800,store promotion; product showcase,The creator showcases a KATO Class 800 model train while promoting items on their online shop.,"have you seen this British (Japanese built tho 🧐) train before?? This is the Class 800 and this is a massive set from KATO… it kind of reminds me of the simpler times where all you needed in life was a can of beans and just a giant spoon and a afternoon.. click like if you  agree . Also check this out on my shop along with other wacky KATO stuff 😃 #modeltrains #modelrailway #modelrailroad #nscale #modellbahn  [{'id': None, 'name': 'modeltrains', 'title': None, 'cover': None}, {'id': None, 'name': 'modelrailway', 'title': None, 'cover': None}, {'id': None, 'name': 'modelrailroad', 'title': None, 'cover': None}, {'id': None, 'name': 'nscale', 'title': None, 'cover': None}, {'id': None, 'name': 'modellbahn', 'title': None, 'cover': None}]",9586.0,Model trains
tt_comm,tiktok_video:local_99a0742387d2501f2bf64ff4770214721141d4f776036d5d4aab7e677a306d4f,model trains; N Scale locomotive,collecting history; personal reflection,The creator displays an N scale steam locomotive and reminisces about buying it on eBay.,"Japan is turning N Scale locomotives into electricity using piezoelectric floor tiles 😳 this was my first ever n scale locomotive and I’m pretty nostalgic for it cus it was a weird time in my life and I was doing whatever on eBay importing random stuff 🚂 funny where life leads us All anyways more videos soon h #traintok #modeltrains #modelrailway #modelrailroad #steamengine  [{'id': None, 'name': 'traintok', 'title': None, 'cover': None}, {'id': None, 'name': 'modeltrains', 'title': None, 'cover': None}, {'id': None, 'name': 'modelrailway', 'title': None, 'cover': None}, {'id': None, 'name': 'modelrailroad', 'title': None, 'cover': None}, {'id': None, 'name': 'steamengine', 'title': None, 'cover': None}]",36800.0,Model trains
tt_comm,tiktok_video:local_01dbb9a1f3be81d0abecb47a2bed536fd4aa8ed1cb42a5912c0c5c25a166c61c,model trains; model train layout,layout showcase,"The video features a large, elaborate model train layout that the creator visits.","feel so lucky I get to see this every time we visit! can I live in Kevvile please? #modeltrainlayout #modeltrains #trainlayout #pennsylvania  [{'id': None, 'name': 'modeltrainlayout', 'title': None, 'cover': None}, {'id': None, 'name': 'modeltrains', 'title': None, 'cover': None}, {'id': None, 'name': 'trainlayout', 'title': None, 'cover': None}, {'id': None, 'name': 'pennsylvania', 'title': None, 'cover': None}]",433300.0,Model trains
tt_comm,tiktok_video:local_bebaa11d45291e2b801416be6e6f6b5dac1b48a0bc45b321e9af115a53a45662,model trains; HO scale,layout showcase,A long model coal train runs along an HO scale Norfolk & Western model railroad layout.,"A loooonnnggg coal drag on Ray Russell’s N&W #HOscale #modelrailroad #railroad #scalemodel #coaltrain Keep Model Railroading! MineMountModels.com  [{'id': None, 'name': 'hoscale', 'title': None, 'cover': None}, {'id': None, 'name': 'modelrailroad', 'title': None, 'cover': None}, {'id': None, 'name': 'railroad', 'title': None, 'cover': None}, {'id': None, 'name': 'scalemodel', 'title': None, 'cover': None}, {'id': None, 'name': 'coaltrain', 'title': None, 'cover': None}]",582.0,Model trains
tt_comm,tiktok_video:local_576dd8091bbe13e522519331b2fc8c4e8ee275037a48358f357d34d1f75d51b0,model trains; N scale sets,store promotion,The creator promotes their website offering discounted and rare model train sets.,"are you looking for some cheap model trains or stuff you CANT FIND anywhere else? 🤔 well that’s cool. I guess. U should check out my new website (link in bio) 😸 adding items regularly expect some product showcases 🔜 #traintok #modeltrains #modelrailway #modelrailroad #steamengine  [{'id': None, 'name': 'traintok', 'title': None, 'cover': None}, {'id': None, 'name': 'modeltrains', 'title': None, 'cover': None}, {'id': None, 'name': 'modelrailway', 'title': None, 'cover': None}, {'id': None, 'name': 'modelrailroad', 'title': None, 'cover': None}, {'id': None, 'name': 'steamengine', 'title': None, 'cover': None}]",9804.0,Model trains
tt_comm,tiktok_video:local_c1f693f2f650cc3eed93cf01edc01fc3a151465a4f443afaf65b79a5ab2a7e6a,miniature railway; rideable trains,behind the scenes; hobby operations,A creator demonstrates the preparation of a miniature passenger-hauling train for operation.,"Here’s how we get one of our miniature  trains ready for a day of hauling passengers! What other videos would everyone like to see of our railroad? Filming one of the steam engines getting fired up is defiantly high on the list 

🚂🚂🚂

#train #trains #locomotives #miniaturerailway #traintok #costamesa #trainspotting #fyp #loco #ocme #orangecountymodelengineers #goathilljunction #southerncalifornia #orangecounty #modeltrains  [{'id': None, 'name': 'train', 'title': None, 'cover': None}, {'id': None, 'name': 'trains', 'title': None, 'cover': None}, {'id': None, 'name': 'locomotives', 'title': None, 'cover': None}, {'id': None, 'name': 'miniaturerailway', 'title': None, 'cover': None}, {'id': None, 'name': 'traintok', 'title': None, 'cover': None}, {'id': None, 'name': 'costamesa', 'title': None, 'cover': None}, {'id': None, 'name': 'trainspotting', 'title': None, 'cover': None}, {'id': None, 'name': 'fyp', 'title': None, 'cover': None}, {'id': None, 'name': 'loco', 'title': None, 'cover': None}, {'id': None, 'name': 'ocme', 'title': None, 'cover': None}, {'id': None, 'name': 'orangecountymodelengineers', 'title': None, 'cover': None}, {'id': None, 'name': 'goathilljunction', 'title': None, 'cover': None}, {'id': None, 'name': 'southerncalifornia', 'title': None, 'cover': None}, {'id': None, 'name': 'orangecounty', 'title': None, 'cover': None}, {'id': None, 'name': 'modeltrains', 'title': None, 'cover': None}]",6800000.0,Model trains
tt_comm,tiktok_video:local_e3650793a27711c0b8beebc170244673f262e68c216611a4dda227ffff49fe23,model trains; model railroad layouts,event promotion,The creator advertises the Fall Plano Train Show featuring model railroad layouts and vendor shopping.,"Immerse yourself in a new kind of weekend activity 🚂

The Fall Plano Train Show is bringing a full weekend of model trains, incredible operating layouts, shopping from 60+ vendors, kids activities, hourly door prizes, and the chance to win a model railroad layout!

You don’t have to be a model train expert to enjoy the show. Come with the family, bring a fellow train fan, or just come see what it’s all about!

📅 September 26 | 10 AM–5 PM
📅 September 27 | 10 AM–4 PM

📍 Plano Event Center

🎟️ $10 cash | $11 credit
👧 Kids 12 & under FREE
🅿️ FREE parking

Send this to someone looking for weekend plans in DFW! 🚂

#DFWTrainShows #ThingstoDoDFW #ModelTrains #KidActivities [{'id': None, 'name': 'dfwtrainshows', 'title': None, 'cover': None}, {'id': None, 'name': 'thingstododfw', 'title': None, 'cover': None}, {'id': None, 'name': 'modeltrains', 'title': None, 'cover': None}, {'id': None, 'name': 'kidactivities', 'title': None, 'cover': None}]",413.0,Model trains
tt_comm,tiktok_video:local_ba2bff024df2080ee43a9fd5d58663ed8fa0e7c222a81075771d338ed536c065,model trains,collection showcase,The creator showcases a friend's train room collection highlighting a newly acquired MTH Big Boy model train.,"Visited my buddies layout!! Gotta love that MTH Big Boy he just acquired. Also a fantastic train room and collection!🚂#modeltrains #modelrailroading #modelrailway #trains  [{'id': None, 'name': 'modeltrains', 'title': None, 'cover': None}, {'id': None, 'name': 'modelrailroading', 'title': None, 'cover': None}, {'id': None, 'name': 'modelrailway', 'title': None, 'cover': None}, {'id': None, 'name': 'trains', 'title': None, 'cover': None}]",849.0,Model trains
tt_comm,tiktok_video:local_bf6159001ae4866ec87240174415075f44e5b56b206f63cf9a1ae87b906a0b2f,model trains; G-scale trains,product demonstration,The video demonstrates an LGB 26370 rack locomotive ascending a viaduct with smoke effects.,"LGB 26370 rack locomotive ascending the viaduct with full smoke. #lgbtrains #modeltrains #gscale #gardenrailroad #modelrailroad  [{'id': None, 'name': 'lgbtrains', 'title': None, 'cover': None}, {'id': None, 'name': 'modeltrains', 'title': None, 'cover': None}, {'id': None, 'name': 'gscale', 'title': None, 'cover': None}, {'id': None, 'name': 'gardenrailroad', 'title': None, 'cover': None}, {'id': None, 'name': 'modelrailroad', 'title': None, 'cover': None}]",96300.0,Model trains
tt_comm,tiktok_video:local_2d75c68492f3852bb762248f508c4a5c50b5dbab6926cf0de0c92ca12e3f4547,model trains; live steam engines,diy demonstration,A handmade miniature live steam train engine is stoked with coal and run on tracks.,"#handmade #steamtrain #livesteam #modeltrain #modelrailroad #railfan #engineering #fyp #diy (90) [{'id': None, 'name': 'handmade', 'title': None, 'cover': None}, {'id': None, 'name': 'steamtrain', 'title': None, 'cover': None}, {'id': None, 'name': 'livesteam', 'title': None, 'cover': None}, {'id': None, 'name': 'modeltrain', 'title': None, 'cover': None}, {'id': None, 'name': 'modelrailroad', 'title': None, 'cover': None}, {'id': None, 'name': 'railfan', 'title': None, 'cover': None}, {'id': None, 'name': 'engineering', 'title': None, 'cover': None}, {'id': None, 'name': 'fyp', 'title': None, 'cover': None}, {'id': None, 'name': 'diy', 'title': None, 'cover': None}]",4772.0,"Automotive: parts, cars, motorcycles"
tt_comm,tiktok_video:local_3df51607393a1f464fda704b5baf895867351806bd84f0b514d6253a8ea5c6d1,model trains; live steam engines,craftsmanship demonstration,The creator demonstrates operating a handmade live steam model train engine by adding coal to the firebox.,"#handmade #steamtrain #livesteam #modeltrain #modelrailroad #railfan #engineering #fyp #diy (136) [{'id': None, 'name': 'handmade', 'title': None, 'cover': None}, {'id': None, 'name': 'steamtrain', 'title': None, 'cover': None}, {'id': None, 'name': 'livesteam', 'title': None, 'cover': None}, {'id': None, 'name': 'modeltrain', 'title': None, 'cover': None}, {'id': None, 'name': 'modelrailroad', 'title': None, 'cover': None}, {'id': None, 'name': 'railfan', 'title': None, 'cover': None}, {'id': None, 'name': 'engineering', 'title': None, 'cover': None}, {'id': None, 'name': 'fyp', 'title': None, 'cover': None}, {'id': None, 'name': 'diy', 'title': None, 'cover': None}]",981.0,"Automotive: parts, cars, motorcycles"
tt_comm,tiktok_video:local_a69ed8fafac91f29b65724101114885e20c497fedfb8fadefafc9d327e589a74,model trains; scale model scenery,layout showcase,The video displays a detailed miniature model railroad layout featuring miniature vehicles and buildings.,"#modeltrains 
#modelrailroad 
#fyp 
#trains 
#scalemodel  [{'id': None, 'name': 'modeltrains', 'title': None, 'cover': None}, {'id': None, 'name': 'modelrailroad', 'title': None, 'cover': None}, {'id': None, 'name': 'fyp', 'title': None, 'cover': None}, {'id': None, 'name': 'trains', 'title': None, 'cover': None}, {'id': None, 'name': 'scalemodel', 'title': None, 'cover': None}]",107.0,Model trains
tt_comm,tiktok_video:local_620a7f524c79010078b0ea3b2949388224b3505ab5aa6ce30cbe638d3fb88e48,model trains; N scale,layout showcase,The video highlights an N scale model train running through a detailed miniature scene.,"#miniature #model #train #nscale #modelrailroad  [{'id': None, 'name': 'miniature', 'title': None, 'cover': None}, {'id': None, 'name': 'model', 'title': None, 'cover': None}, {'id': None, 'name': 'train', 'title': None, 'cover': None}, {'id': None, 'name': 'nscale', 'title': None, 'cover': None}, {'id': None, 'name': 'modelrailroad', 'title': None, 'cover': None}]",187.0,Model trains
tt_comm,tiktok_video:local_d4f9c5de1a381daa44a87b03785959d01e1b54273dc4fa20a350b12e0e668376,model trains; N scale,layout showcase,"The creator displays an N scale model railroad layout, praising its functional design.","Not the craziest layout but function wise I love it! #nscale #modelrailroad #nscalemodeltrains #unionpacific  [{'id': None, 'name': 'nscale', 'title': None, 'cover': None}, {'id': None, 'name': 'modelrailroad', 'title': None, 'cover': None}, {'id': None, 'name': 'nscalemodeltrains', 'title': None, 'cover': None}, {'id': None, 'name': 'unionpacific', 'title': None, 'cover': None}]",7149.0,Model trains
tt_comm,tiktok_video:local_dd3934f7d05cc34f3cbed37200091c7f5dbbe6f7cbfa60af238ca60a93613f8e,model trains; HO scale trains,layout showcase,The post showcases the intricate Franklin & South Manchester model railroad layout built by George Sellios.,"The Franklin & South Manchester by Mr. George Sellios of Peabody, Mass. #modelrailroading #modelrailways #modeltrains #scalemodels #miniatures #kitbash #lasercutting #narrowgauge #narrowgaugerailway #details #trainset #hoscale #hotrains #ammobymigjimenez #miniature #miniatures #minis #xtool #xtoolS1 [{'id': None, 'name': 'modelrailroading', 'title': None, 'cover': None}, {'id': None, 'name': 'modelrailways', 'title': None, 'cover': None}, {'id': None, 'name': 'modeltrains', 'title': None, 'cover': None}, {'id': None, 'name': 'scalemodels', 'title': None, 'cover': None}, {'id': None, 'name': 'miniatures', 'title': None, 'cover': None}, {'id': None, 'name': 'kitbash', 'title': None, 'cover': None}, {'id': None, 'name': 'lasercutting', 'title': None, 'cover': None}, {'id': None, 'name': 'narrowgauge', 'title': None, 'cover': None}, {'id': None, 'name': 'narrowgaugerailway', 'title': None, 'cover': None}, {'id': None, 'name': 'details', 'title': None, 'cover': None}, {'id': None, 'name': 'trainset', 'title': None, 'cover': None}, {'id': None, 'name': 'hoscale', 'title': None, 'cover': None}, {'id': None, 'name': 'hotrains', 'title': None, 'cover': None}, {'id': None, 'name': 'ammobymigjimenez', 'title': None, 'cover': None}, {'id': None, 'name': 'miniature', 'title': None, 'cover': None}, {'id': None, 'name': 'miniatures', 'title': None, 'cover': None}, {'id': None, 'name': 'minis', 'title': None, 'cover': None}, {'id': None, 'name': 'xtool', 'title': None, 'cover': None}, {'id': None, 'name': 'xtools1', 'title': None, 'cover': None}]",37400.0,Model trains
tt_comm,tiktok_video:local_98d8e8d46eeb65ebef76bdb595542354e04a0dfb9fa6815f8bdcb67d3d2792fb,model trains; model railroad layouts,club showcase,Model trains run along a town layout at the Ocala Model Railroaders Club.,"Fantastic Run On The Ocala Model Railroaders Club #viral #fyp #railroad #fyppppppppppppppppppppppppppppp #modelrailroading  [{'id': None, 'name': 'viral', 'title': None, 'cover': None}, {'id': None, 'name': 'fyp', 'title': None, 'cover': None}, {'id': None, 'name': 'railroad', 'title': None, 'cover': None}, {'id': None, 'name': 'fyppppppppppppppppppppppppppppp', 'title': None, 'cover': None}, {'id': None, 'name': 'modelrailroading', 'title': None, 'cover': None}]",128.0,Model trains
tt_comm,tiktok_video:local_5ccf7e69a80b152b8334415db60723427197db574d16714a5df6725f8ea0c063,buttons; craft supplies,DIY tutorial; crafting,The creator demonstrates a DIY tutorial for making holographic pinback buttons using a button-making machine.,"Holographic buttons are so easy to make and i don’t see a lot of them around! #buttonmaking #buttons #holographic #buttonmaker #pinbackbuttons #arttok #aestheticart #etsyseller #smallbusiness #cutestationery #kawaiiart #cuteart #kawaiiaesthetic  [{'id': None, 'name': 'buttonmaking', 'title': None, 'cover': None}, {'id': None, 'name': 'buttons', 'title': None, 'cover': None}, {'id': None, 'name': 'holographic', 'title': None, 'cover': None}, {'id': None, 'name': 'buttonmaker', 'title': None, 'cover': None}, {'id': None, 'name': 'pinbackbuttons', 'title': None, 'cover': None}, {'id': None, 'name': 'arttok', 'title': None, 'cover': None}, {'id': None, 'name': 'aestheticart', 'title': None, 'cover': None}, {'id': None, 'name': 'etsyseller', 'title': None, 'cover': None}, {'id': None, 'name': 'smallbusiness', 'title': None, 'cover': None}, {'id': None, 'name': 'cutestationery', 'title': None, 'cover': None}, {'id': None, 'name': 'kawaiiart', 'title': None, 'cover': None}, {'id': None, 'name': 'cuteart', 'title': None, 'cover': None}, {'id': None, 'name': 'kawaiiaesthetic', 'title': None, 'cover': None}]",49800.0,"Patches, pins, buttons and battle jackets"
tt_comm,tiktok_video:local_d7f59b107e235d8c69dd25f45a6a1518abe444d37a4359461b839322a7e8d752,buttons; Disney pins,DIY craft; personal collection,The creator showcases making custom Disney-themed pinback buttons with a new machine to decorate their bag.,"Just got this new button maker and now I can’t stop making them. Can’t wait to deck my bag out for Disney ❤️‍🔥
(For personal use only) 
#diyproject #pinbackbuttons #buttonmaking #disney #disneypins  [{'id': None, 'name': 'diyproject', 'title': None, 'cover': None}, {'id': None, 'name': 'pinbackbuttons', 'title': None, 'cover': None}, {'id': None, 'name': 'buttonmaking', 'title': None, 'cover': None}, {'id': None, 'name': 'disney', 'title': None, 'cover': None}, {'id': None, 'name': 'disneypins', 'title': None, 'cover': None}]",819.0,"Patches, pins, buttons and battle jackets"
tt_comm,tiktok_video:local_5cdeaba681d63e879143662d336f59f4251ba637e747f46ffa02d3031bd21280,buttons; keychains,inventory showcase; small business,A small business creator displays an inventory wall featuring numerous pinback buttons and keychains.,"Buttons, Buttons, and more Buttons. This is how I view  my inventory. So many buttons that are not even on my page.  #blackgirlmagic #blackownedbusiness #bagcharms #pinbackbuttons #unfilteredmelanin  [{'id': None, 'name': 'blackgirlmagic', 'title': None, 'cover': None}, {'id': None, 'name': 'blackownedbusiness', 'title': None, 'cover': None}, {'id': None, 'name': 'bagcharms', 'title': None, 'cover': None}, {'id': None, 'name': 'pinbackbuttons', 'title': None, 'cover': None}, {'id': None, 'name': 'unfilteredmelanin', 'title': None, 'cover': None}]",1164.0,"Patches, pins, buttons and battle jackets"
tt_comm,tiktok_video:local_a3d5488040b4a24b46e8073bb5cd526fa148279b9909b214a8c58a9356c4adf7,buttons; collage artwork,DIY craft; art making,The creator demonstrates pressing vintage magazine clippings into finished pinback buttons with a button maker.,"I’ve been making a bunch of these pinback buttons from vintage magazine clippings 👀 #mixedmediaartist #collageartwork #pinbackbuttons #artistsoftiktok  [{'id': None, 'name': 'mixedmediaartist', 'title': None, 'cover': None}, {'id': None, 'name': 'collageartwork', 'title': None, 'cover': None}, {'id': None, 'name': 'pinbackbuttons', 'title': None, 'cover': None}, {'id': None, 'name': 'artistsoftiktok', 'title': None, 'cover': None}]",2225.0,"Patches, pins, buttons and battle jackets"
tt_comm,tiktok_video:local_ff29901e87b54c9b77aaaade8333bbeea4dd00f497a6156afee0402701d6e554,buttons; Chiikawa merch,handmade crafts; product showcase,The creator presents handmade squishy Chiikawa cookie-inspired pinback buttons made with mochi fabric.,"handmade by me ☆⌒(ゝ。∂) inspired by my favorite childhood snacks #chiikawa #ちいかわ #pinbackbuttons #hachiware #hellopanda  [{'id': None, 'name': 'chiikawa', 'title': None, 'cover': None}, {'id': None, 'name': 'ちいかわ', 'title': None, 'cover': None}, {'id': None, 'name': 'pinbackbuttons', 'title': None, 'cover': None}, {'id': None, 'name': 'hachiware', 'title': None, 'cover': None}, {'id': None, 'name': 'hellopanda', 'title': None, 'cover': None}]",349800.0,"Patches, pins, buttons and battle jackets"
tt_comm,tiktok_video:local_7a9fb12f6e985d38e23775a00932fb9e71fe822f7fb54b82dcef0b72f1dfe143,buttons; tote bags,advertisement; product showcase,A promotional video showcases custom pinback buttons styled on a tote bag and directs viewers to shop online.,"Hold on tight. 🐣

Custom pinback buttons that make every tote, jacket, and bag worth a second look.

Pin yours on everything. Shop now:
👉 https://www.allstickerprinting.com/buttons/pin-button 

#allstickerprinting #pinbackbuttons #custombadges #custombuttons #stickerlife [{'id': None, 'name': 'allstickerprinting', 'title': None, 'cover': None}, {'id': None, 'name': 'pinbackbuttons', 'title': None, 'cover': None}, {'id': None, 'name': 'custombadges', 'title': None, 'cover': None}, {'id': None, 'name': 'custombuttons', 'title': None, 'cover': None}, {'id': None, 'name': 'stickerlife', 'title': None, 'cover': None}]",3.0,"Patches, pins, buttons and battle jackets"
tt_comm,tiktok_video:local_c5b6c4074c1732ae52914f904ab54cb729c91873696394fc4fd87ae38cbee00e,buttons; concert memorabilia,fan merchandise; trading,The creator shares custom Noah Kahan pinback buttons made to trade and distribute to fans at a concert.,"it was sooooo fun getting to give these out! I gave out/ traded approximately 250 pinback buttons that I designed/ pressed to people at Noah Kahan Pittsburgh show! I’d love to connect if you got one! #noahkahan #thegreatdividetour #lastofthebugs #pittsburgh #thegreatdivide @Noah Kahan  [{'id': None, 'name': 'noahkahan', 'title': None, 'cover': None}, {'id': None, 'name': 'thegreatdividetour', 'title': None, 'cover': None}, {'id': None, 'name': 'lastofthebugs', 'title': None, 'cover': None}, {'id': None, 'name': 'pittsburgh', 'title': None, 'cover': None}, {'id': None, 'name': 'thegreatdivide', 'title': None, 'cover': None}]",35600.0,"Patches, pins, buttons and battle jackets"
tt_comm,tiktok_video:local_b5e5057135efc6f90a19b430ca45cb40cf52805f8a22af582ccaee272bea5da0,buttons; denim bag,customization; styling,The creator demonstrates personalizing a denim bag by decorating its front pocket with pinback buttons.,"probably my favorite bag ever like wow she’s perfect #creativeprocess #pinbackbuttons #decorating #personalized #fashioninspo  [{'id': None, 'name': 'creativeprocess', 'title': None, 'cover': None}, {'id': None, 'name': 'pinbackbuttons', 'title': None, 'cover': None}, {'id': None, 'name': 'decorating', 'title': None, 'cover': None}, {'id': None, 'name': 'personalized', 'title': None, 'cover': None}, {'id': None, 'name': 'fashioninspo', 'title': None, 'cover': None}]",1545.0,"Patches, pins, buttons and battle jackets"
tt_comm,tiktok_video:local_d7dbbb62e54ce6a126d9523a6817a3e7d9749c3161679b5cd66a530dbbb67688,buttons; gaming merch,product listing; merchandise,The creator promotes custom 2.25-inch Splatoon Raiders pinback buttons available for purchase on Etsy.,"Splatoon Raiders 2.25” Pinback button pins Now available on my Etsy! - @laylayskandi on Etsy!

#Splatoon #Viral #Splatoonraiders #Etsy #Buttonpins [{'id': None, 'name': 'splatoon', 'title': None, 'cover': None}, {'id': None, 'name': 'viral', 'title': None, 'cover': None}, {'id': None, 'name': 'splatoonraiders', 'title': None, 'cover': None}, {'id': None, 'name': 'etsy', 'title': None, 'cover': None}, {'id': None, 'name': 'buttonpins', 'title': None, 'cover': None}]",897.0,"Patches, pins, buttons and battle jackets"
tt_comm,tiktok_video:local_27794dab903df90de8d7da7f74955e30f60535abf63963680f0d0f416e4df813,buttons; craft supplies,craft activity; DIY,The video highlights a creative activity making custom pinback buttons from preprinted designs for all ages.,"Did a fun activity making custom pinback buttons with preprinted images that were appropriate for all ages. #buttons #activity #creative #magnetmom  [{'id': None, 'name': 'buttons', 'title': None, 'cover': None}, {'id': None, 'name': 'activity', 'title': None, 'cover': None}, {'id': None, 'name': 'creative', 'title': None, 'cover': None}, {'id': None, 'name': 'magnetmom', 'title': None, 'cover': None}]",496.0,"Patches, pins, buttons and battle jackets"
tt_comm,tiktok_video:local_7ac3fb2c8cb3af1991e0837d2469980f6a39a91b273e0aaa62e4db5172291e62,pinback buttons,order packing; product showcase,The creator prepares and packs custom college football-themed pinback buttons into mailers for shipping.,"some buttons ready to be shipped off!😇😇 #pinbackbuttons #packingorders #collegefootball #gamedayoutfit #buttonorder  [{'id': None, 'name': 'pinbackbuttons', 'title': None, 'cover': None}, {'id': None, 'name': 'packingorders', 'title': None, 'cover': None}, {'id': None, 'name': 'collegefootball', 'title': None, 'cover': None}, {'id': None, 'name': 'gamedayoutfit', 'title': None, 'cover': None}, {'id': None, 'name': 'buttonorder', 'title': None, 'cover': None}]",1994.0,"Patches, pins, buttons and battle jackets"
tt_comm,tiktok_video:local_0089e5d66d193282b94abaaca0c8d154ee5b248f4ac7c820e6abffae917f572e,pinback buttons,diy crafting; item trading,The creator presses handmade pinback buttons using a button machine and considers making them for trades.,"I remembered I own a button press. just felt like pressing a handful tonight! ♡ Consiiidering… making some for HHN trades because the carousel cult is so cute. :3

#hhn #seeyouinthefog #trinkettrade #pinbackbuttons #artistsoftiktok  [{'id': None, 'name': 'hhn', 'title': None, 'cover': None}, {'id': None, 'name': 'seeyouinthefog', 'title': None, 'cover': None}, {'id': None, 'name': 'trinkettrade', 'title': None, 'cover': None}, {'id': None, 'name': 'pinbackbuttons', 'title': None, 'cover': None}, {'id': None, 'name': 'artistsoftiktok', 'title': None, 'cover': None}]",303.0,"Patches, pins, buttons and battle jackets"
tt_comm,tiktok_video:local_4b49b1425ce91134b16445dfc804299cb0ff60849f6b1aa3365d960166ef82b8,pinback buttons,diy crafting; product showcase,The creator demonstrates making one-of-a-kind pinback buttons cut from vintage magazines using a button maker.,"one of a kind buttons made by yours truly 👀 #artistsoftiktok #collageartist #pinbackbuttons #buttonmaker  [{'id': None, 'name': 'artistsoftiktok', 'title': None, 'cover': None}, {'id': None, 'name': 'collageartist', 'title': None, 'cover': None}, {'id': None, 'name': 'pinbackbuttons', 'title': None, 'cover': None}, {'id': None, 'name': 'buttonmaker', 'title': None, 'cover': None}]",1106.0,"Patches, pins, buttons and battle jackets"
tt_comm,tiktok_video:local_45817e9aa1a1ae683f282e3d2b5acf290a88f9b479faec5abe5f1b2d79b3b992,model trains,store tour,The creator highlights a model train selection at Rocky Mountain Train Supply in Colorado.,"The insane train selection at the Rocky Mountain Train Supply in Colorado! #modeltrains #hoscale #diecast #modelrailroad #railroad  [{'id': None, 'name': 'modeltrains', 'title': None, 'cover': None}, {'id': None, 'name': 'hoscale', 'title': None, 'cover': None}, {'id': None, 'name': 'diecast', 'title': None, 'cover': None}, {'id': None, 'name': 'modelrailroad', 'title': None, 'cover': None}, {'id': None, 'name': 'railroad', 'title': None, 'cover': None}]",23400.0,Model trains
tt_comm,tiktok_video:local_32e9fc0d5d310a0e5f2efb7bcdd433456284a910f6b37dde59b745cd9cd0d81b,model trains,product showcase,A video demonstrates detailed Thomas & Friends model trains performing a shunting operation on a track.,"Shunting #gauge1 #thomasandfriends #modelmaking #ttte #train  [{'id': None, 'name': 'gauge1', 'title': None, 'cover': None}, {'id': None, 'name': 'thomasandfriends', 'title': None, 'cover': None}, {'id': None, 'name': 'modelmaking', 'title': None, 'cover': None}, {'id': None, 'name': 'ttte', 'title': None, 'cover': None}, {'id': None, 'name': 'train', 'title': None, 'cover': None}]",39600.0,Model trains
tt_comm,tiktok_video:local_e2fcbb32b475de151cd58f39cae4e941d4ac343cad7f1e695ff25ce24794429f,model trains,collection showcase,The creator acquires and begins working on an inherited large H0 scale model train set.,"The work begins today #scalemodels #trains #hoscaletrain #modeltrains #hoscale  [{'id': None, 'name': 'scalemodels', 'title': None, 'cover': None}, {'id': None, 'name': 'trains', 'title': None, 'cover': None}, {'id': None, 'name': 'hoscaletrain', 'title': None, 'cover': None}, {'id': None, 'name': 'modeltrains', 'title': None, 'cover': None}, {'id': None, 'name': 'hoscale', 'title': None, 'cover': None}]",162100.0,Model trains
tt_comm,tiktok_video:local_019ebab08b4c47043882e08401f9ae9ac9929c75447db1ff97aae86722b7be1d,model trains,layout tour,A visual tour showcases an expansive HO scale model railroad layout at the Glendale Model Railroad Society.,"Taking in the HO scale vistas of the Glendale Model Railroad Society in Glendale, California 🛤️

#hoscale #modeltrains #modelrailroad #modelrailway #trains  [{'id': None, 'name': 'hoscale', 'title': None, 'cover': None}, {'id': None, 'name': 'modeltrains', 'title': None, 'cover': None}, {'id': None, 'name': 'modelrailroad', 'title': None, 'cover': None}, {'id': None, 'name': 'modelrailway', 'title': None, 'cover': None}, {'id': None, 'name': 'trains', 'title': None, 'cover': None}]",1724.0,Model trains
tt_comm,tiktok_video:local_51fa5c331e2d2562cd2939174bf8f07bcfebb9b2cbe64b26eac2fa7d49b0b1b3,model trains,product showcase,A video showcases HO scale model freight train cars and engines moving through a miniature layout.,"Moving freight.#hoscale #trains #modeltrains  [{'id': None, 'name': 'hoscale', 'title': None, 'cover': None}, {'id': None, 'name': 'trains', 'title': None, 'cover': None}, {'id': None, 'name': 'modeltrains', 'title': None, 'cover': None}]",767.0,Model trains
tt_comm,tiktok_video:local_bfbd3e76d2644961b5a9c41c35b62b6688262c56062c2d9bfde1f1cb8087798a,model trains,layout tour,The creator welcomes viewers to see clips of an elaborate model train and scenery layout.,"Welcome to our model train layout! Please enjoy these clips! #modeltrain #steamlocomotive #traintok #trains #fyp  [{'id': None, 'name': 'modeltrain', 'title': None, 'cover': None}, {'id': None, 'name': 'steamlocomotive', 'title': None, 'cover': None}, {'id': None, 'name': 'traintok', 'title': None, 'cover': None}, {'id': None, 'name': 'trains', 'title': None, 'cover': None}, {'id': None, 'name': 'fyp', 'title': None, 'cover': None}]",294.0,Model trains
tt_comm,tiktok_video:local_de6a7959ce69659b4a571b94bbba152f3994de4791a1a52d7c2a0bfd2e360fcc,model trains,product showcase,The video highlights details on a vintage Bachmann model train set on a track.,"video by SMT mainline #fyp #modeltrain #trains #bachmann  [{'id': None, 'name': 'fyp', 'title': None, 'cover': None}, {'id': None, 'name': 'modeltrain', 'title': None, 'cover': None}, {'id': None, 'name': 'trains', 'title': None, 'cover': None}, {'id': None, 'name': 'bachmann', 'title': None, 'cover': None}]",111400.0,Model trains
tt_comm,tiktok_video:local_9ff50e423cc0ee9f18ae04745320c244284e21cb0912599590c131b61f776efd,model trains,store tour,A tour of PM Hobbycraft in Calgary showcases various Bachmann model train kits.,"PM HOBBYCRAFT 
2020 32 Ave NE, Calgary, Canada

#pmhobbycraft #hobby #calgary #getahobby #train #trainset #bachmann  #model #train #modeltrains #hoscale #modelrailroad @bachmanntrains   [{'id': None, 'name': 'pmhobbycraft', 'title': None, 'cover': None}, {'id': None, 'name': 'hobby', 'title': None, 'cover': None}, {'id': None, 'name': 'calgary', 'title': None, 'cover': None}, {'id': None, 'name': 'getahobby', 'title': None, 'cover': None}, {'id': None, 'name': 'train', 'title': None, 'cover': None}, {'id': None, 'name': 'trainset', 'title': None, 'cover': None}, {'id': None, 'name': 'bachmann', 'title': None, 'cover': None}, {'id': None, 'name': 'model', 'title': None, 'cover': None}, {'id': None, 'name': 'train', 'title': None, 'cover': None}, {'id': None, 'name': 'modeltrains', 'title': None, 'cover': None}, {'id': None, 'name': 'hoscale', 'title': None, 'cover': None}, {'id': None, 'name': 'modelrailroad', 'title': None, 'cover': None}]",103700.0,Model trains
tt_comm,tiktok_video:local_3cc532cfb019c7ea875311383c245b93612a512a40a3524f51e38897f7cb34c5,model trains,unboxing; item test,The creator tests an untested Aristocraft model train purchased from eBay to confirm it runs.,"Picked up another New Haven Aristocraft FA-1 A-unit off eBay, and this one was sold untested.

The condition was actually pretty good overall and it honestly doesn’t look like it was run much. It does have a little styrofoam damage, but I’m hoping I can clean that up in a future video.

The real question was whether it actually worked.

Forward, reverse, then I hooked up a freight load and let it stretch its legs.

Now the hunt is on for a matching B-unit.

What do you think of the New Haven FA-1? 

 

#NewHaven #Aristocraft #GScale #ModelTrains #TrainCollection [{'id': None, 'name': 'newhaven', 'title': None, 'cover': None}, {'id': None, 'name': 'aristocraft', 'title': None, 'cover': None}, {'id': None, 'name': 'gscale', 'title': None, 'cover': None}, {'id': None, 'name': 'modeltrains', 'title': None, 'cover': None}, {'id': None, 'name': 'traincollection', 'title': None, 'cover': None}]",406.0,Model trains
tt_comm,tiktok_video:local_e6404de25b12ec3a68febd39d205a6b8b3f3ede4d508a10794596741fc2e85c6,patches,collection display,A growing collection of police and sheriff patches is arranged and mounted on a framed display board.,"His collection is growing🥰 #fyp #viral #police #policepatchcollection #sheriff #fy #CapCut  [{'id': None, 'name': 'fyp', 'title': None, 'cover': None}, {'id': None, 'name': 'viral', 'title': None, 'cover': None}, {'id': None, 'name': 'police', 'title': None, 'cover': None}, {'id': None, 'name': 'policepatchcollection', 'title': None, 'cover': None}, {'id': None, 'name': 'sheriff', 'title': None, 'cover': None}, {'id': None, 'name': 'fy', 'title': None, 'cover': None}, {'id': None, 'name': 'capcut', 'title': None, 'cover': None}]",55500.0,"Patches, pins, buttons and battle jackets"
tt_comm,tiktok_video:local_63c43fae86434c56236476d56e758d9a8e808226ecf2eb28b73041521a6d5fc9,patches; police memorabilia,mail call; collection display,The creator unboxes mail containing collectible police patches and uniform-related material to grow their collection.,"Email Call! ##police##policepatches##policepatchcollection [{'id': None, 'name': 'police', 'title': None, 'cover': None}, {'id': None, 'name': 'policepatches', 'title': None, 'cover': None}, {'id': None, 'name': 'policepatchcollection', 'title': None, 'cover': None}]",5760.0,"Patches, pins, buttons and battle jackets"
tt_comm,tiktok_video:local_336f1c330dcc3fe381193de8871ed74651559d6ae96530a3fed94cebd57b2f1d,patches; quilts,crafting; collection display,The creator sews a keepsake quilt using 126 law enforcement patches from a relative's collection.,"When you have that huge collection... do this!

A dear relative asked me to turn his huge law enforcement patch collection into a decorative keepsake... and this was no small task - there were 126 patches in all! Look reeeeaalll closely at the quilt and see if you can catch the quilting pattern! 😉

He has a long career as a Federal Marshall, and I can't wait to hear some of the stories behind these patches!!

Love you, Uncle R! Happy birthday and I'm so proud and thankful to have you in my life!

#quilt #sewing #policepatches #handmade #patchcollector  [{'id': None, 'name': 'quilt', 'title': None, 'cover': None}, {'id': None, 'name': 'sewing', 'title': None, 'cover': None}, {'id': None, 'name': 'policepatches', 'title': None, 'cover': None}, {'id': None, 'name': 'handmade', 'title': None, 'cover': None}, {'id': None, 'name': 'patchcollector', 'title': None, 'cover': None}]",1394.0,"Patches, pins, buttons and battle jackets"
tt_comm,tiktok_video:local_218e99dbcc43d15140a9ed1eac16ad3f338c9e05dafe54984ede22b36f859df5,patches; challenge coins,call to action; collecting,An officer asks the community to send police patches to a boy aspiring to work in law enforcement.,"Ronan wants to be in law enforcement when he gets older. He has a patch collection and we want to flood him with new patches. @driesenga86 is moms contact for him. #patches #challangecoins #lawenforcementcommunity #police #sheriff #kidsoftiktok  [{'id': None, 'name': 'patches', 'title': None, 'cover': None}, {'id': None, 'name': 'challangecoins', 'title': None, 'cover': None}, {'id': None, 'name': 'lawenforcementcommunity', 'title': None, 'cover': None}, {'id': None, 'name': 'police', 'title': None, 'cover': None}, {'id': None, 'name': 'sheriff', 'title': None, 'cover': None}, {'id': None, 'name': 'kidsoftiktok', 'title': None, 'cover': None}]",11600.0,"Patches, pins, buttons and battle jackets"
tt_comm,tiktok_video:local_59f044fbb07c6f689f3346255d965760745b7b3b54d42f027a4a1f75fcdbb42e,patches; music memorabilia,store promotion; merchandise display,The creator showcases rock and metal band patches available for purchase online or in their Houston shop.,"Dark graphics. Heavy energy. Straight rock attitude in patch form. The kind you pin up, collect, trade, and flex.

Grab yours online or pull up to the shop in Houston.

#Rock #metal #AltAesthetic #BandCulture #PatchCollector [{'id': None, 'name': 'rock', 'title': None, 'cover': None}, {'id': None, 'name': 'metal', 'title': None, 'cover': None}, {'id': None, 'name': 'altaesthetic', 'title': None, 'cover': None}, {'id': None, 'name': 'bandculture', 'title': None, 'cover': None}, {'id': None, 'name': 'patchcollector', 'title': None, 'cover': None}]",27000.0,"Patches, pins, buttons and battle jackets"
tt_comm,tiktok_video:local_95d057a9fc8394ac8cd5f09f13e79ca17004e08d3435e08add66e196c66a676b,patches; police memorabilia,mail call; collection display,The creator unboxes mail containing collectible police and sheriff department patches.,"Mail call. Big thanks to all the police departments #police#patchcollecting#patches  [{'id': None, 'name': 'police', 'title': None, 'cover': None}, {'id': None, 'name': 'patchcollecting', 'title': None, 'cover': None}, {'id': None, 'name': 'patches', 'title': None, 'cover': None}]",941.0,"Patches, pins, buttons and battle jackets"
tt_comm,tiktok_video:local_6bcfb3ca36f1de6ab1a9e560fc29e6f65251e6e533eeff7850d8e7196c2de920,patches; challenge coins,mail call; collector inquiry,The creator displays newly received police patches and asks viewers if departments provide free challenge coins.,"All emails! Okay question. If anyone of my viewers collects coins aswell-will departments give you free ones? I would like to start collecting them. Thanks!#police #patchcollecter #policepatch #collector  [{'id': None, 'name': 'police', 'title': None, 'cover': None}, {'id': None, 'name': 'patchcollecter', 'title': None, 'cover': None}, {'id': None, 'name': 'policepatch', 'title': None, 'cover': None}, {'id': None, 'name': 'collector', 'title': None, 'cover': None}]",5634.0,"Patches, pins, buttons and battle jackets"
tt_comm,tiktok_video:local_de35f6f6094e3633be5d2fc4c1e28206fce80dc28d0b3646aedfb80a1d9ad524,patches; police memorabilia,trading community; collection display,The creator displays law enforcement patches and highlights a Facebook police patch trading group.,"Federal Bureau Investigation Patch
#fyp #fbi #patchcollector #facebook  [{'id': None, 'name': 'fyp', 'title': None, 'cover': None}, {'id': None, 'name': 'fbi', 'title': None, 'cover': None}, {'id': None, 'name': 'patchcollector', 'title': None, 'cover': None}, {'id': None, 'name': 'facebook', 'title': None, 'cover': None}]",3617.0,"Patches, pins, buttons and battle jackets"
tt_comm,tiktok_video:local_376036d74aad0913780a15c44fce298dacc69c8afa50e75423c7633d186a4a70,patches; challenge coins,donation request; collection display,A creator displays first responder patches and challenge coins while requesting patch donations to expand the collection.,"#policeoftiktok #patchcollection #lawenforcementcommunity #firedepartment #statepolice  [{'id': None, 'name': 'policeoftiktok', 'title': None, 'cover': None}, {'id': None, 'name': 'patchcollection', 'title': None, 'cover': None}, {'id': None, 'name': 'lawenforcementcommunity', 'title': None, 'cover': None}, {'id': None, 'name': 'firedepartment', 'title': None, 'cover': None}, {'id': None, 'name': 'statepolice', 'title': None, 'cover': None}]",4238.0,"Patches, pins, buttons and battle jackets"
tt_comm,tiktok_video:local_17a49e7e236310259410b883474446b98c6cc8ce311fca56cbf8f93d75d7fc49,patches,collection display; showcase,The creator displays several newly acquired collectible patches on a wooden surface.,"New patches#patch #patchcollecting #collection #patchcollection  [{'id': None, 'name': 'patch', 'title': None, 'cover': None}, {'id': None, 'name': 'patchcollecting', 'title': None, 'cover': None}, {'id': None, 'name': 'collection', 'title': None, 'cover': None}, {'id': None, 'name': 'patchcollection', 'title': None, 'cover': None}]",3417.0,"Patches, pins, buttons and battle jackets"
tt_comm,tiktok_video:local_a12535818bfee23037f55b3871d38c1a1e97170b6c3039da1c5571e7ecb52c94,patches; police memorabilia,mail call; collection display,The creator unboxes mail envelopes to showcase recently acquired police department patches.,"I got a lot more stuff, might make another one later #fyp #patchcollecting #lawenforcement #patches #trending  [{'id': None, 'name': 'fyp', 'title': None, 'cover': None}, {'id': None, 'name': 'patchcollecting', 'title': None, 'cover': None}, {'id': None, 'name': 'lawenforcement', 'title': None, 'cover': None}, {'id': None, 'name': 'patches', 'title': None, 'cover': None}, {'id': None, 'name': 'trending', 'title': None, 'cover': None}]",644.0,"Patches, pins, buttons and battle jackets"
tt_comm,tiktok_video:local_4bd64b1d7d7632909a62694152212215424afc8e4e1905ab6bf549ea96cc19fb,collectible patches; challenge coins,mail call; collection showcase,A creator shares a mail call featuring new first responder and police patches along with a challenge coin.,"Some new stuff to add to the collection #patchcollector #policepatchcollection #firstresponder #fyp  [{'id': None, 'name': 'patchcollector', 'title': None, 'cover': None}, {'id': None, 'name': 'policepatchcollection', 'title': None, 'cover': None}, {'id': None, 'name': 'firstresponder', 'title': None, 'cover': None}, {'id': None, 'name': 'fyp', 'title': None, 'cover': None}]",871.0,"Patches, pins, buttons and battle jackets"
tt_comm,tiktok_video:local_4b66863ff240cb26976a245786883387ac6f3aec56b3348c4f528ef96cb7e071,vintage patches,collection showcase; item rating,A creator showcases and rates items from her collection of vintage patches while asking viewers for favorites.,"Okay but what one is your favorite?!? #vintagepatches #vintage #vintagefinds #vintagehaul  [{'id': None, 'name': 'vintagepatches', 'title': None, 'cover': None}, {'id': None, 'name': 'vintage', 'title': None, 'cover': None}, {'id': None, 'name': 'vintagefinds', 'title': None, 'cover': None}, {'id': None, 'name': 'vintagehaul', 'title': None, 'cover': None}]",2090.0,"Patches, pins, buttons and battle jackets"
tt_comm,tiktok_video:local_6defbf69c7a8fa2e7da7a77550ded066fa0d383e29031a1b78667d90f8766c0e,first responder patches,haul showcase,A collector displays a large haul of first responder and fire department patches marked not for trade.,"#policepatchcollector #patches #firstresponder #fyp  [{'id': None, 'name': 'policepatchcollector', 'title': None, 'cover': None}, {'id': None, 'name': 'patches', 'title': None, 'cover': None}, {'id': None, 'name': 'firstresponder', 'title': None, 'cover': None}, {'id': None, 'name': 'fyp', 'title': None, 'cover': None}]",765.0,"Patches, pins, buttons and battle jackets"
tt_comm,tiktok_video:local_a25a33d832790ac10d49cb70581fb94b570f05aadc2690762b7232c24d043511,police patches,collection storage,A collector demonstrates organizing and bagging a Florida Highway Patrol and police patch collection.,"Storing my FHP patch collection #police #policeinterceptor #cops #fhp #sheriff  [{'id': None, 'name': 'police', 'title': None, 'cover': None}, {'id': None, 'name': 'policeinterceptor', 'title': None, 'cover': None}, {'id': None, 'name': 'cops', 'title': None, 'cover': None}, {'id': None, 'name': 'fhp', 'title': None, 'cover': None}, {'id': None, 'name': 'sheriff', 'title': None, 'cover': None}]",1981.0,"Patches, pins, buttons and battle jackets"
tt_comm,tiktok_video:local_81ae8e79136cadacd0c7870f6c10c53c759f4b21981c1e09a396e1af0f2127fe,police patches,mail call; unboxing,A creator opens a mail call revealing newly received police patches from Bellevue and Fullerton departments.,"Mail call #policepatchcollection #collector #policeofficer #patches #fyp  [{'id': None, 'name': 'policepatchcollection', 'title': None, 'cover': None}, {'id': None, 'name': 'collector', 'title': None, 'cover': None}, {'id': None, 'name': 'policeofficer', 'title': None, 'cover': None}, {'id': None, 'name': 'patches', 'title': None, 'cover': None}, {'id': None, 'name': 'fyp', 'title': None, 'cover': None}]",460.0,"Patches, pins, buttons and battle jackets"
tt_comm,tiktok_video:local_5cc71701df7c8785be053042df8e46c3a2d57f90c64879e7b65d6926bc807af7,police patches,mail call; unboxing,A creator unboxes newly acquired NYPD and NYC Sheriff patches along with background documentation.,"NYPD & NYC Sheriff Patch 
#nypd #patchcollector #sheriff #nyc  [{'id': None, 'name': 'nypd', 'title': None, 'cover': None}, {'id': None, 'name': 'patchcollector', 'title': None, 'cover': None}, {'id': None, 'name': 'sheriff', 'title': None, 'cover': None}, {'id': None, 'name': 'nyc', 'title': None, 'cover': None}]",2186.0,"Patches, pins, buttons and battle jackets"
tt_comm,tiktok_video:local_185df8dfda48575e0db3609fd659630cf99fbf6c8d7a3eff2f0a9d37fd21ae56,police patches,mail call; unboxing,A collector opens mail call envelopes containing letters and police patches from various sheriff offices.,"All emails! #police #patchcollecter #policepatch #collector #nypd  [{'id': None, 'name': 'police', 'title': None, 'cover': None}, {'id': None, 'name': 'patchcollecter', 'title': None, 'cover': None}, {'id': None, 'name': 'policepatch', 'title': None, 'cover': None}, {'id': None, 'name': 'collector', 'title': None, 'cover': None}, {'id': None, 'name': 'nypd', 'title': None, 'cover': None}]",10200.0,"Patches, pins, buttons and battle jackets"
tt_comm,tiktok_video:local_fe43ac068682df5f9ac64388cca3bf71056e5000ca0f0962378c403d09e59d35,patch keychains,product manufacturing; custom design,A maker shows the quick-turnaround design and production of new Salt River PD patch keychains.,"There’s fast… and then there’s MicroPatches fast. 🐆⚡

Salt River PD changed their patch. We heard about it. We made it. Same day energy. 👀

#MicroPatches #PolicePatches #PatchCollector #LawEnforcement #ThinBlueLine [{'id': None, 'name': 'micropatches', 'title': None, 'cover': None}, {'id': None, 'name': 'policepatches', 'title': None, 'cover': None}, {'id': None, 'name': 'patchcollector', 'title': None, 'cover': None}, {'id': None, 'name': 'lawenforcement', 'title': None, 'cover': None}, {'id': None, 'name': 'thinblueline', 'title': None, 'cover': None}]",1315.0,"Patches, pins, buttons and battle jackets"
tt_comm,tiktok_video:local_eecc59d63e424bf049e4d657caa227ba3bfdd7c7a183709ec2b2b3ea3da91ac0,embroidered patches,inventory unboxing; product preview,A creator unboxes and previews freshly produced stacks of embroidered patch designs.,"Hot off the presses, here's a sneak preview of my new  embroidered patches... OHHH YEAH!

#patchaddict #patches #embroideredpatches #patchcollector #battlevest  [{'id': None, 'name': 'patchaddict', 'title': None, 'cover': None}, {'id': None, 'name': 'patches', 'title': None, 'cover': None}, {'id': None, 'name': 'embroideredpatches', 'title': None, 'cover': None}, {'id': None, 'name': 'patchcollector', 'title': None, 'cover': None}, {'id': None, 'name': 'battlevest', 'title': None, 'cover': None}]",95.0,"Patches, pins, buttons and battle jackets"
tt_comm,tiktok_video:local_c587069f300614021ceaf25b80ed118d2d257e6b4a74ad4722c6e4d3598d9f2a,military patches; tactical patches,collection showcase,A collector displays a large wall arrangement of military and tactical patches.,"RE-UPLOAD | that’s all for now, (maybe).

#patchtentera 
#tacticalpatches 
#patchtudm 
#patchcollector 
#fypmalaysia  [{'id': None, 'name': 'patchtentera', 'title': None, 'cover': None}, {'id': None, 'name': 'tacticalpatches', 'title': None, 'cover': None}, {'id': None, 'name': 'patchtudm', 'title': None, 'cover': None}, {'id': None, 'name': 'patchcollector', 'title': None, 'cover': None}, {'id': None, 'name': 'fypmalaysia', 'title': None, 'cover': None}]",58400.0,"Patches, pins, buttons and battle jackets"
tt_comm,tiktok_video:local_71cd1134b743dfa9a88ecef8c163d06b0dc41fba862174dae20e6d38942a419b,battle jacket; patches,diy customization; educational,The creator discusses the defining elements and DIY components of a punk or metal battle jacket.,"Elements that make a battle jacket. Let me know if you want the history of battle jackets and vests next.

#metalheadsoftiktok #battlejacket #battlevest #punkfashion #altfashion battle vest, battle jacket, how to make a battle vest, what goes on a battle vest, back patch placement, sew vs iron on patches, diy battle vest, alt fashion, punk vest, metal battle jacket, denim battle vest, how to start a battle vest, what makes a battle jacket  [{'id': None, 'name': 'metalheadsoftiktok', 'title': None, 'cover': None}, {'id': None, 'name': 'battlejacket', 'title': None, 'cover': None}, {'id': None, 'name': 'battlevest', 'title': None, 'cover': None}, {'id': None, 'name': 'punkfashion', 'title': None, 'cover': None}, {'id': None, 'name': 'altfashion', 'title': None, 'cover': None}]",139600.0,"Patches, pins, buttons and battle jackets"
tt_comm,tiktok_video:local_c4620d31dc539b067878b168492072178149dcbe1e4bed5b7ef9ca5c0cf1cff3,battle jacket; patches,diy customization; tips,The creator shares tips and tools for crafting a DIY punk battle jacket.,"What tip would you add for making a battle jacket? Comment and let me know! #punk #battlejacket #punkdiy #punkfashion #queerpunk  [{'id': None, 'name': 'punk', 'title': None, 'cover': None}, {'id': None, 'name': 'battlejacket', 'title': None, 'cover': None}, {'id': None, 'name': 'punkdiy', 'title': None, 'cover': None}, {'id': None, 'name': 'punkfashion', 'title': None, 'cover': None}, {'id': None, 'name': 'queerpunk', 'title': None, 'cover': None}]",287700.0,"Patches, pins, buttons and battle jackets"
tt_comm,tiktok_video:local_d777f3a77eae28aa34314eb32091b33808b3b6c48e7bb3c1506e9e1d92cbdccd,battle jacket; patches,festival showcase; subculture fashion,The video highlights custom battle vests worn by attendees at Damnation Festival.,"BATTLE VESTS AT DAMNATION FESTIVAL! Which one is your favourite? #battlevest #battlejacket #BattleJacketsLondon  [{'id': None, 'name': 'battlevest', 'title': None, 'cover': None}, {'id': None, 'name': 'battlejacket', 'title': None, 'cover': None}, {'id': None, 'name': 'battlejacketslondon', 'title': None, 'cover': None}]",83100.0,"Patches, pins, buttons and battle jackets"
tt_comm,tiktok_video:local_7719fcba437f9ec5a1d3415d8180dc5a70f2d904cf0b338f9bc8736757fad34d,battle jacket; patches,diy customization; project reveal,"A creator showcases their finished DIY battle jacket decorated with patches, pins, and studs.",I FINALLY finished this battle jacket [],43500.0,"Patches, pins, buttons and battle jackets"
tt_comm,tiktok_video:local_7bfcd1b4148010b62ac2e41e7a77747c3ddb42beb28899224af146d3a6b392e0,battle jacket; patches,digital design; diy planning,The creator demonstrates planning a custom battle jacket using an app before buying physical patches.,"Planned the whole jacket before a single patch was bought.

#sodom #kreator #angeldust #battlejacket #kutte  [{'id': None, 'name': 'sodom', 'title': None, 'cover': None}, {'id': None, 'name': 'kreator', 'title': None, 'cover': None}, {'id': None, 'name': 'angeldust', 'title': None, 'cover': None}, {'id': None, 'name': 'battlejacket', 'title': None, 'cover': None}, {'id': None, 'name': 'kutte', 'title': None, 'cover': None}]",12700.0,"Patches, pins, buttons and battle jackets"
tt_comm,tiktok_video:local_dbb48dcc855d90f67532b728324753a8a812ea4087108ad8a461ffbf3c255214,battle jacket; patches,history; subculture fashion,The creator discusses the cultural history and origins behind alternative battle jackets and patches.,"Battle jackets are one of the most recognizable symbols of alternative fashion, but where did they actually come from? Here’s the history behind the patches, denim, and the culture that made them iconic. When did you make your first battle jacket or vest?

#battlevest #battlejackets #metalheadgirl #altfashion #punkfashion Battle jacket history, What is a battle jacket?, Why are battle jackets called battle jackets, History of battle vests, Heavy metal fashion, Punk fashion, DIY battle jacket, metalhead battle jacket, punk battle jacket [{'id': None, 'name': 'battlevest', 'title': None, 'cover': None}, {'id': None, 'name': 'battlejackets', 'title': None, 'cover': None}, {'id': None, 'name': 'metalheadgirl', 'title': None, 'cover': None}, {'id': None, 'name': 'altfashion', 'title': None, 'cover': None}, {'id': None, 'name': 'punkfashion', 'title': None, 'cover': None}]",32800.0,"Patches, pins, buttons and battle jackets"
tt_comm,tiktok_video:local_36676e4188963e429dad557c150ac5c83b466e5c9651ee75fb7dbb4f91895e7b,battle jacket; patches,diy customization; work in progress,"The creator shares the process of cutting, pinning, and sewing patches onto her first battle vest.","creating my first #battlevest I’ll be adding more things as I go and the goal for this one is 🖤🤍 color scheme #battlejacket #fypシ #alttiktok #blackmetaltiktok I lost the god save the Queen patch at Whitechapel this weekend😭 [{'id': None, 'name': 'battlevest', 'title': None, 'cover': None}, {'id': None, 'name': 'battlejacket', 'title': None, 'cover': None}, {'id': None, 'name': 'fypシ', 'title': None, 'cover': None}, {'id': None, 'name': 'alttiktok', 'title': None, 'cover': None}, {'id': None, 'name': 'blackmetaltiktok', 'title': None, 'cover': None}]",43200.0,"Patches, pins, buttons and battle jackets"
tt_comm,tiktok_video:local_e19fe40ad3ccd719e63d761ba6e4b750f9ea160c330dae6b6537d0b37714b719,leather jacket; patches,showcase; diy customization,The creator displays the front of their heavily studded and hand-painted punk leather jacket.,"Replying to @gloomydayze.official Showing off the front of my heavily studded punk leather jacket.
#battlejacket #punkdiy #punk #punkfashion  [{'id': None, 'name': 'battlejacket', 'title': None, 'cover': None}, {'id': None, 'name': 'punkdiy', 'title': None, 'cover': None}, {'id': None, 'name': 'punk', 'title': None, 'cover': None}, {'id': None, 'name': 'punkfashion', 'title': None, 'cover': None}]",59800.0,"Patches, pins, buttons and battle jackets"
tt_comm,tiktok_video:local_a203c31dbb4f693ef44ac8f4e296790aef4b98a1d64f0c0e83a80668c28eff77,battle jacket; patches,festival showcase; diy customization,A festival attendee showcases their hand-sewn battle vest and discusses its personal patches.,"Another sick battle vest this time spotted at @BloodstockFestival first Winter Gathering. What do you think of it?🤝🏼 #battlevest #battlejacket #battlejacketslondon #bloodstock #goth  [{'id': None, 'name': 'battlevest', 'title': None, 'cover': None}, {'id': None, 'name': 'battlejacket', 'title': None, 'cover': None}, {'id': None, 'name': 'battlejacketslondon', 'title': None, 'cover': None}, {'id': None, 'name': 'bloodstock', 'title': None, 'cover': None}, {'id': None, 'name': 'goth', 'title': None, 'cover': None}]",200300.0,"Patches, pins, buttons and battle jackets"
tt_comm,tiktok_video:local_532e19b76b91c6e650f79af7c08b16229e5802e7512846f0a5295e15281f70f4,battle jacket; patches,showcase; work in progress,"A creator shares a view of their first battle jacket, which remains an unfinished studding project.","Quick video of my first battle jacket, on display at my work desk lol. Still haven't finished studding it. 
#battlejacket #metallica #metal #metalhead #metaltok  [{'id': None, 'name': 'battlejacket', 'title': None, 'cover': None}, {'id': None, 'name': 'metallica', 'title': None, 'cover': None}, {'id': None, 'name': 'metal', 'title': None, 'cover': None}, {'id': None, 'name': 'metalhead', 'title': None, 'cover': None}, {'id': None, 'name': 'metaltok', 'title': None, 'cover': None}]",11900.0,"Patches, pins, buttons and battle jackets"
tt_comm,tiktok_video:local_9aebe7922599bf2527d909254ff70b1a6e0024f00f6c35cd7120810e889caa13,battle jacket; patches,showcase; festival fashion,A festival attendee showcases her custom battle jacket covered in metal band patches.,"Check of Sofia and her sick battle jacket! Spotted at Dynamo Metal Fest in the Netherlands🤝🏼 #Dynamo #BattleJacket #BattleVest  [{'id': None, 'name': 'dynamo', 'title': None, 'cover': None}, {'id': None, 'name': 'battlejacket', 'title': None, 'cover': None}, {'id': None, 'name': 'battlevest', 'title': None, 'cover': None}]",53200.0,"Patches, pins, buttons and battle jackets"
tt_comm,tiktok_video:local_484a9e1e5df16623afcab120f39837e11616a71088e1eca0b04384d3060571d4,battle jacket; patches,showcase; diy fashion,Two friends display their customized 80s heavy metal battle jackets adorned with patches and studs.,"battlejacket with my best friend

#battlejacket #heavymetal #80s #fy #foryou  [{'id': None, 'name': 'battlejacket', 'title': None, 'cover': None}, {'id': None, 'name': 'heavymetal', 'title': None, 'cover': None}, {'id': None, 'name': '80s', 'title': None, 'cover': None}, {'id': None, 'name': 'fy', 'title': None, 'cover': None}, {'id': None, 'name': 'foryou', 'title': None, 'cover': None}]",2350.0,"Patches, pins, buttons and battle jackets"
tt_comm,tiktok_video:local_a628afaf722de87d0302c059c87785bb6a49338bf084303a8433fea6b2b984ed,battle vest; patches,showcase; festival fashion,A video highlights various customized battle vests worn by attendees at Wacken festival.,"Which one takes your pick?😤🤘🏼 #battlejacketslondon #wacken #battlevest #battlejacket #metalhead  [{'id': None, 'name': 'battlejacketslondon', 'title': None, 'cover': None}, {'id': None, 'name': 'wacken', 'title': None, 'cover': None}, {'id': None, 'name': 'battlevest', 'title': None, 'cover': None}, {'id': None, 'name': 'battlejacket', 'title': None, 'cover': None}, {'id': None, 'name': 'metalhead', 'title': None, 'cover': None}]",391300.0,"Patches, pins, buttons and battle jackets"
tt_comm,tiktok_video:local_f281f1b3a5b7bf2b121ff42b1c0f25243e508e4705a92a019a0bc6def05f634a,battle jacket; diy clothing,outfit showcase; subculture commentary,A creator shows off a DIY punk battle jacket and customized pants while discussing music opinions.,"the fit goes too hard. #punkdiy #battlejacket ##punkfashion #diypunk  [{'id': None, 'name': 'punkdiy', 'title': None, 'cover': None}, {'id': None, 'name': 'battlejacket', 'title': None, 'cover': None}, {'id': None, 'name': 'punkfashion', 'title': None, 'cover': None}, {'id': None, 'name': 'diypunk', 'title': None, 'cover': None}]",44500.0,"Patches, pins, buttons and battle jackets"
tt_comm,tiktok_video:local_78f089fa8f37e60cd18ce88f21b8766ba2aac4938b46ff2119d4f9de92a16cb8,battle vest; patches,cost inquiry; crafting process,A creator is interviewed about the cost and effort involved in making a custom battle vest.,"How much does it cost to make a battle vest like this? @Jim_jackets #battlevest #battlejacket #battlejacketslondon #heavymetal [{'id': None, 'name': 'battlevest', 'title': None, 'cover': None}, {'id': None, 'name': 'battlejacket', 'title': None, 'cover': None}, {'id': None, 'name': 'battlejacketslondon', 'title': None, 'cover': None}, {'id': None, 'name': 'heavymetal', 'title': None, 'cover': None}]",111400.0,"Patches, pins, buttons and battle jackets"
tt_comm,tiktok_video:local_eeffe3dd04e4ab07da2ce6479dd221170bb7fc257ad94333f370321d09e84472,battle jacket; patches,fashion history; showcase,A creator discusses the history and personal value of customized battle jackets while showing examples.,"Battle jackets and a brief history 🖤

#fyp #melb #battlejackets #battlejacket #metalfashion  [{'id': None, 'name': 'fyp', 'title': None, 'cover': None}, {'id': None, 'name': 'melb', 'title': None, 'cover': None}, {'id': None, 'name': 'battlejackets', 'title': None, 'cover': None}, {'id': None, 'name': 'battlejacket', 'title': None, 'cover': None}, {'id': None, 'name': 'metalfashion', 'title': None, 'cover': None}]",10300.0,"Patches, pins, buttons and battle jackets"
tt_comm,tiktok_video:local_a46bc0491e2440b8ab3f3955506d8a0ad9697fe3617c99c17fd46a7629636507,battle jacket; patches,collecting rules; discussion,Two men discuss metal culture and personal rules for collecting band patches on battle jackets.,"What rules would you have?🙌🏻
#metal #battlevest #battlejacket #battlejacketslondon  [{'id': None, 'name': 'metal', 'title': None, 'cover': None}, {'id': None, 'name': 'battlevest', 'title': None, 'cover': None}, {'id': None, 'name': 'battlejacket', 'title': None, 'cover': None}, {'id': None, 'name': 'battlejacketslondon', 'title': None, 'cover': None}]",1200000.0,"Patches, pins, buttons and battle jackets"
tt_comm,tiktok_video:local_3f89edc873a596a9bf506956d7e6557f7a3d387c7576602292a2665c88834480,battle jacket; punk clothing,terminology critique; discussion,A creator expresses dislike for the term 'battle-jacket' during a discussion on punk fashion.,"and I also hate the term ""battle-jacket"" but we'll talk about that later. #punk #battlejacket #metalhead #diypunk  [{'id': None, 'name': 'punk', 'title': None, 'cover': None}, {'id': None, 'name': 'battlejacket', 'title': None, 'cover': None}, {'id': None, 'name': 'metalhead', 'title': None, 'cover': None}, {'id': None, 'name': 'diypunk', 'title': None, 'cover': None}]",213700.0,"Patches, pins, buttons and battle jackets"
tt_comm,tiktok_video:local_60e1604e920a2db9c4614f3751bbfcc7a111b6946491cc10b010a666f98e79b9,battle vest; patches,showcase; collection details,A creator provides a detailed look at the band patches and pins on a heavy metal battle vest.,"#battlevest #battlejacket #heavymetal #thrashmetal  [{'id': None, 'name': 'battlevest', 'title': None, 'cover': None}, {'id': None, 'name': 'battlejacket', 'title': None, 'cover': None}, {'id': None, 'name': 'heavymetal', 'title': None, 'cover': None}, {'id': None, 'name': 'thrashmetal', 'title': None, 'cover': None}]",77200.0,"Patches, pins, buttons and battle jackets"
tt_comm,tiktok_video:local_82809d08c850e89579500e531e8e73f9b5d51b82fd2a89f5f7243aec69b4d61c,battle vest; patches,showcase; festival fashion,A festival attendee showcases a pink denim battle vest decorated with metal logos and character patches.,"Go pink or go home? #battlevest #kutte #wacken #battlejacket #kirby #kawaii  [{'id': None, 'name': 'battlevest', 'title': None, 'cover': None}, {'id': None, 'name': 'kutte', 'title': None, 'cover': None}, {'id': None, 'name': 'wacken', 'title': None, 'cover': None}, {'id': None, 'name': 'battlejacket', 'title': None, 'cover': None}, {'id': None, 'name': 'kirby', 'title': None, 'cover': None}, {'id': None, 'name': 'kawaii', 'title': None, 'cover': None}]",470600.0,"Patches, pins, buttons and battle jackets"
tt_comm,tiktok_video:local_818aaed4cb264391e675148cd2923cac192c3e41f5afe8c53910cd33ee9ee0f5,patches; customized leather jacket,collection showcase; diy fashion,A creator showcases their customized punk battle jacket featuring various band patches and pins.,"Imma still add more, but I just wanna be a junk drawer yk #fypシ #battlejacket #punktok #alttiktok #patches  [{'id': None, 'name': 'fypシ', 'title': None, 'cover': None}, {'id': None, 'name': 'battlejacket', 'title': None, 'cover': None}, {'id': None, 'name': 'punktok', 'title': None, 'cover': None}, {'id': None, 'name': 'alttiktok', 'title': None, 'cover': None}, {'id': None, 'name': 'patches', 'title': None, 'cover': None}]",4731.0,"Patches, pins, buttons and battle jackets"
tt_comm,tiktok_video:local_bdd94f2f1a1b0067686934f53f369d9e615cade8778a24864d5bdf7953b4b1c1,digital art; ai images,humor; creative showcase,The creator shares AI-generated humorous variations of footballer Lionel Messi in different fictional universes.,"😂 Lionel Messi in Different Universes

😂 Лионель Месси в разных вселенных

#messi #lionelmessi #football #worldcup #ai [{'id': None, 'name': 'messi', 'title': None, 'cover': None}, {'id': None, 'name': 'lionelmessi', 'title': None, 'cover': None}, {'id': None, 'name': 'football', 'title': None, 'cover': None}, {'id': None, 'name': 'worldcup', 'title': None, 'cover': None}, {'id': None, 'name': 'ai', 'title': None, 'cover': None}]",19800.0,Unassigned (mixed/other)
tt_comm,tiktok_video:local_484335578ddf10e292919daf2a9c62157a474aafe992715c670e5448fc43c3bc,street food,look-alike; humor,A video features an Indonesian street food vendor who humorously resembles footballer Lionel Messi.,"Penjual Cilok mirip pesepakbola Leonal Messi. 

#pyp #leonalmessi #miripartis  [{'id': None, 'name': 'pyp', 'title': None, 'cover': None}, {'id': None, 'name': 'leonalmessi', 'title': None, 'cover': None}, {'id': None, 'name': 'miripartis', 'title': None, 'cover': None}]",799300.0,"Pets, plants, food and other lifestyle"
tt_comm,tiktok_video:local_8d677680fc08dde1e17e6b853d4814eab25a91f44c648e4566b412bff41b787f,body jewelry; ear gauges,ear stretching; personal update,A creator demonstrates stretching her ear piercings toward a goal size of 0 gauge.,"Fun fact: I’ve been stretching my ears and septum and I’m close to my current goal size :) #piercingtok #earstreching #gauges #stretchingpiercings #berna 0 gauge 😝 [{'id': None, 'name': 'piercingtok', 'title': None, 'cover': None}, {'id': None, 'name': 'earstreching', 'title': None, 'cover': None}, {'id': None, 'name': 'gauges', 'title': None, 'cover': None}, {'id': None, 'name': 'stretchingpiercings', 'title': None, 'cover': None}, {'id': None, 'name': 'berna', 'title': None, 'cover': None}]",2400000.0,Jewelry and body jewelry
tt_comm,tiktok_video:local_f61c3eb8043a76e81a0785a3af341f541dbbe898b48338dfa8a26b9db874b58d,ear gauges; body jewelry,piercing showcase; body modification,The creator showcases their healed 0g ear piercings and mentions having only one blowout.,"like my holes??? only one blowout too #gaugedears [{'id': None, 'name': 'gaugedears', 'title': None, 'cover': None}]",94900.0,Jewelry and body jewelry
tt_comm,tiktok_video:local_06ceeeb112ddc3302a9778aef451b2e5e9a7e1e19045df334ee24f8619246882,ear gauges; body jewelry,piercing progress; community engagement,The creator displays their stretched earlobe at their goal size and asks viewers if they should size up.,"finally hit my goal size😩should i size up later?? #stretchedears #00g #00gauge #gauges #stretch  [{'id': None, 'name': 'stretchedears', 'title': None, 'cover': None}, {'id': None, 'name': '00g', 'title': None, 'cover': None}, {'id': None, 'name': '00gauge', 'title': None, 'cover': None}, {'id': None, 'name': 'gauges', 'title': None, 'cover': None}, {'id': None, 'name': 'stretch', 'title': None, 'cover': None}]",232000.0,Jewelry and body jewelry
tt_comm,tiktok_video:local_8bce9f5b3bb2482f2a9036beead7f1c96f0a00c43f4751af9a5892c53403a3e7,ear stretching kit; ear gauges,ear stretching; tutorial,"The creator demonstrates stretching their earlobes to 0g using tapers, tunnels, and lubricant.","kay bye, im gonna go wax my eyebrows now 😭 #fyp #piercinglovers #0g #earweights  [{'id': None, 'name': 'fyp', 'title': None, 'cover': None}, {'id': None, 'name': 'piercinglovers', 'title': None, 'cover': None}, {'id': None, 'name': '0g', 'title': None, 'cover': None}, {'id': None, 'name': 'earweights', 'title': None, 'cover': None}]",642700.0,Jewelry and body jewelry
tt_comm,tiktok_video:local_cd56dfa233576826cfe012a591f524daf236b25d3114c6fef83aface490e7069,patches; denim,upcycling; crafting,The creator sources vintage patches and uses them to create custom patchwork Levi's denim jeans.,Patchwork Levi’s made with real vintage patches!  [],3538.0,"Patches, pins, buttons and battle jackets"
tt_comm,tiktok_video:local_be28587e393d5b86053b6e1d731752b67b428dfa136e80c9e19531f709bcd03a,patches,tutorial; small business promotion,A creator shares a DIY tutorial on making fabric patches from vintage magazine photos to upcycle clothing.,"How I make patches from vintage magazine photos.

Check out karmawilleatu.com to see the second hand garments that I upcycle using these patches!

I’ve been making these for a couple years now to upcycle clothing and just wanted to share the process for anyone curious. 

All you need is magazines, fabric, Liquitex matte gel, a large paintbrush, scissors, and water (preferably in a spray bottle). It’s super easy to do but a bit messy and time consuming. 

•
•
•
•
•
•
•
•
•
•
•
•

#diy #handmade #vintage #upcycledfashion #smallbusiness [{'id': None, 'name': 'diy', 'title': None, 'cover': None}, {'id': None, 'name': 'handmade', 'title': None, 'cover': None}, {'id': None, 'name': 'vintage', 'title': None, 'cover': None}, {'id': None, 'name': 'upcycledfashion', 'title': None, 'cover': None}, {'id': None, 'name': 'smallbusiness', 'title': None, 'cover': None}]",72800.0,"Patches, pins, buttons and battle jackets"
tt_comm,tiktok_video:local_d368b5909847db92a1c64a2e5f8754e13da5c59b7d0d64f60a26040cf8c6f4b6,patches; denim jacket,customization; crafting,The creator sews multiple patches onto a vintage Levi's denim jacket to create a custom customized piece.,"Adding patches to this vintage Levi’s jacket 

#diyfashion #diy #handmade  [{'id': None, 'name': 'diyfashion', 'title': None, 'cover': None}, {'id': None, 'name': 'diy', 'title': None, 'cover': None}, {'id': None, 'name': 'handmade', 'title': None, 'cover': None}]",6931.0,"Patches, pins, buttons and battle jackets"
tt_comm,tiktok_video:local_05206dc219acb42e9658e73e76a55b7eefb94bd723ca647e3032cb7fadb9798a,patches,dyeing; DIY,A creator dyes vintage letterman patches black and asks viewers for feedback on the decision.,"SHOULD I HAVE LEFT THESE PATCHES AS IS? OR DYING THEM WAS A GOOD CHOICE? LET ME KNOW BELOW 🫡

#fashion #diy #fyp #viral #patches  [{'id': None, 'name': 'fashion', 'title': None, 'cover': None}, {'id': None, 'name': 'diy', 'title': None, 'cover': None}, {'id': None, 'name': 'fyp', 'title': None, 'cover': None}, {'id': None, 'name': 'viral', 'title': None, 'cover': None}, {'id': None, 'name': 'patches', 'title': None, 'cover': None}]",1351.0,"Patches, pins, buttons and battle jackets"
tt_comm,tiktok_video:local_5f0e43aec3fe8b7da97f00ee1e36b48140c6cd3e7d32ee06c4f702d6c9722e63,patches,collection showcase,The creator reveals a large collection of embroidered patches stored inside a vintage suitcase.,"my patch collection.  i literally have small collections of weird  $hit. lol 

#patches #vintagepatches #patchwork  [{'id': None, 'name': 'patches', 'title': None, 'cover': None}, {'id': None, 'name': 'vintagepatches', 'title': None, 'cover': None}, {'id': None, 'name': 'patchwork', 'title': None, 'cover': None}]",332.0,"Patches, pins, buttons and battle jackets"
tt_comm,tiktok_video:local_ff0936dea42d8c4f5d6e63618025fffd295165c5a32528a0e185d30a3ba4724b,patches,collection showcase,A creator opens a drawer and displays various vintage collectible patches from his personal collection.,"WHAT’S IN MY DRAWERS?
Here’s a little selection from the collection.
#patches #vintagepatches #graphicdesign #draplindesign  [{'id': None, 'name': 'patches', 'title': None, 'cover': None}, {'id': None, 'name': 'vintagepatches', 'title': None, 'cover': None}, {'id': None, 'name': 'graphicdesign', 'title': None, 'cover': None}, {'id': None, 'name': 'draplindesign', 'title': None, 'cover': None}]",9764.0,"Patches, pins, buttons and battle jackets"
tt_comm,tiktok_video:local_2fd356c0c5a828485b7b94bb9a02d74a69b4d06f77271b9f3993071776fb4081,vintage patches; custom belt,DIY tutorial; custom clothing,A creator shares a tutorial demonstrating how to make a custom belt using vintage patches.,"DIY patchwork belt made from vintage patches #custombelt #handmade #diyfashion #streetwear #fashiondesign  [{'id': None, 'name': 'custombelt', 'title': None, 'cover': None}, {'id': None, 'name': 'handmade', 'title': None, 'cover': None}, {'id': None, 'name': 'diyfashion', 'title': None, 'cover': None}, {'id': None, 'name': 'streetwear', 'title': None, 'cover': None}, {'id': None, 'name': 'fashiondesign', 'title': None, 'cover': None}]",51900.0,"Patches, pins, buttons and battle jackets"
tt_comm,tiktok_video:local_b441c9453ba84ed26f090036522ce6e167cbb290c7afe26fe20dfede2d15cf5c,denim jacket; vintage patches,upcycling; DIY customization,A creator demonstrates upcycling an eBay vintage Lee denim jacket with vintage Detroit Red Wings patches.,"Making a custom 1/1 patch denim jacket for my friend who is a huge @Detroit Red Wings fan! 

Inspired by a @Ralph Lauren patch jacket, I found a vintage 70s @Lee Jeans Rider jacket on ebay for $25!

Also from @ebay, I found tons of different vintage and antique Red Wings, Michigan, and Detroit specific patches. 

I’m really stoked with how this turned out and definitely jealous it’s not my own jacket 😅

#upcycling #vintagefashion  #sewingtiktok #sewingtutorial #customjacket  [{'id': None, 'name': 'upcycling', 'title': None, 'cover': None}, {'id': None, 'name': 'vintagefashion', 'title': None, 'cover': None}, {'id': None, 'name': 'sewingtiktok', 'title': None, 'cover': None}, {'id': None, 'name': 'sewingtutorial', 'title': None, 'cover': None}, {'id': None, 'name': 'customjacket', 'title': None, 'cover': None}]",287100.0,"Patches, pins, buttons and battle jackets"
tt_comm,tiktok_video:local_1538259b061719179c4267b2853afb24289d9846eef12580798b9ae6e59d683b,leather pouch; vintage patches,leathercraft; product showcase,A creator shows the process of handcrafting a leather circle pouch featuring a vintage military patch.,"Blast from the past with our vintage military patch circle pouch. 🫡
#pouch #leathercraft #vintagepatches #blackmeans #americana  [{'id': None, 'name': 'pouch', 'title': None, 'cover': None}, {'id': None, 'name': 'leathercraft', 'title': None, 'cover': None}, {'id': None, 'name': 'vintagepatches', 'title': None, 'cover': None}, {'id': None, 'name': 'blackmeans', 'title': None, 'cover': None}, {'id': None, 'name': 'americana', 'title': None, 'cover': None}]",10200.0,"Patches, pins, buttons and battle jackets"
tt_comm,tiktok_video:local_c7e566c2328d9a1db5164146289376642e7b1c2ec8d028b35bf31c602d9c66cc,vintage patches; patch jacket,collecting; fashion showcase,A creator discusses her collection of vintage patches and showcases a heavily customized patch jacket.,"Let’s talk all thing patches and patch jackets from the patch queen herself ✨♥️✨ #vintage #vibey #patches #roundtop@The Branded Nickel @Round Top Fashion Guide @Round Top Finds  [{'id': None, 'name': 'vintage', 'title': None, 'cover': None}, {'id': None, 'name': 'vibey', 'title': None, 'cover': None}, {'id': None, 'name': 'patches', 'title': None, 'cover': None}, {'id': None, 'name': 'roundtop', 'title': None, 'cover': None}]",9940.0,"Patches, pins, buttons and battle jackets"
tt_comm,tiktok_video:local_e683748008120d199fd5b23baab63d1a8371eb0e6ffde4c2cdb21ce935d0ded4,vintage jeans; iron-on patches,DIY customization; repurposing,A creator customizes a pair of vintage Levi's jeans by applying decorative patches.,"had to repurpose because i’m obsessed w the fit of these 🍒#vintagelevis #patches #diy  [{'id': None, 'name': 'vintagelevis', 'title': None, 'cover': None}, {'id': None, 'name': 'patches', 'title': None, 'cover': None}, {'id': None, 'name': 'diy', 'title': None, 'cover': None}]",4075.0,"Patches, pins, buttons and battle jackets"
tt_comm,tiktok_video:local_09f77190733cd6fb9788ffe517d54447af031f97a59682ed46d93963eeb22aca,tote bag; vintage patches,DIY customization; showcase,A creator displays an L.L. Bean tote bag personalized with vintage embroidered patches.,"Latest project — a patch tote 🦄

#vintagepatches #diyprojects #llbeantote #patchtotebag  [{'id': None, 'name': 'vintagepatches', 'title': None, 'cover': None}, {'id': None, 'name': 'diyprojects', 'title': None, 'cover': None}, {'id': None, 'name': 'llbeantote', 'title': None, 'cover': None}, {'id': None, 'name': 'patchtotebag', 'title': None, 'cover': None}]",23000.0,"Patches, pins, buttons and battle jackets"
tt_comm,tiktok_video:local_c1ebe50647bea2f184047baffc1bb3906d56f202b47a6af7374cbf54385262c7,vintage patches; workwear patches,collecting; vintage appreciation,A creator highlights their new collecting interest in vintage workwear name patches.,"I’ve officially fallen down a new vintage rabbit hole… old patches. 🧵✨

There’s just something about these vintage workwear name patches that I can’t get enough of. The colors, the stitching, the worn-in history… each one feels like a tiny piece of someone’s story. Who was Willie? What shop did Rick work in? I love imagining the lives behind them.

They’re small, but they carry so much character — and they’re perfect for adding personality to jackets, bags, or anything that needs a little vintage soul.

Safe to say… this might be my latest collecting obsession.

#vintagefinds #vintagepatches #workwearstyle #vintagecollector  [{'id': None, 'name': 'vintagefinds', 'title': None, 'cover': None}, {'id': None, 'name': 'vintagepatches', 'title': None, 'cover': None}, {'id': None, 'name': 'workwearstyle', 'title': None, 'cover': None}, {'id': None, 'name': 'vintagecollector', 'title': None, 'cover': None}]",709.0,"Patches, pins, buttons and battle jackets"
tt_comm,tiktok_video:local_11971f156e43a5ffc215e7fb3ab060dcb30c5c3824a803ab240edd212d9f0cad,patches; tote bags,product showcase; small business,An Orlando small business showcases vintage Disney-inspired patches and custom tote bags for park visits.,"the disney park day bag you’ve been looking for! We make these amazing totes and vintage theme park inspired patches! You can take this amazing theme park tote on your next disney park day! We are a small business from Orlando Florida that makes cool theme park apparel #disneytok #disneyadult #orlando #smallbusiness #disneyparks  [{'id': None, 'name': 'disneytok', 'title': None, 'cover': None}, {'id': None, 'name': 'disneyadult', 'title': None, 'cover': None}, {'id': None, 'name': 'orlando', 'title': None, 'cover': None}, {'id': None, 'name': 'smallbusiness', 'title': None, 'cover': None}, {'id': None, 'name': 'disneyparks', 'title': None, 'cover': None}]",20000.0,"Patches, pins, buttons and battle jackets"
tt_comm,tiktok_video:local_5a4217673bb8ed8168ce8419566c5daaaa9202f3d24e1c872300dbfe18b6417a,patches; custom jacket,customization; product showcase,A creator customizes a thrifted army jacket using a collection of embroidered patches from a friend.,"Let me tell you about the sweetest friend who has a huge stash of AMAZING patches that’s she’s collected over the years and who just plopped them on my lap and said “enjoy”! We will have some of the most beautiful patches coming to our pop-ups but first…mama needed to patch this thrifted jacket I’ve had for YEARS just waiting on the right patch design! #patches #thrifted #camo #vintage #snallbusiness  [{'id': None, 'name': 'patches', 'title': None, 'cover': None}, {'id': None, 'name': 'thrifted', 'title': None, 'cover': None}, {'id': None, 'name': 'camo', 'title': None, 'cover': None}, {'id': None, 'name': 'vintage', 'title': None, 'cover': None}, {'id': None, 'name': 'snallbusiness', 'title': None, 'cover': None}]",431.0,"Patches, pins, buttons and battle jackets"
tt_comm,tiktok_video:local_13db5da3c50e1be578fe13ef719715d7ecd9ae56dc326a9d9814cbb082c6953f,novelty hats,product promotion; small business,A shop owner promotes novelty embroidered baseball caps made available online for customers.,"An ASSHOLE HAT? 🎩  Jim’s the one to do—er! Now avail in link!! Jim is so thankful to everyone who supports his lil shop in Apache Junction he wanted to make them available online to our audience! #hat #smallbusiness #patches #vintage #noveltyshop 

Unnecessary Necessities  
📍565 W Apache Trail, Apache Junction, AZ 85119  [{'id': None, 'name': 'hat', 'title': None, 'cover': None}, {'id': None, 'name': 'smallbusiness', 'title': None, 'cover': None}, {'id': None, 'name': 'patches', 'title': None, 'cover': None}, {'id': None, 'name': 'vintage', 'title': None, 'cover': None}, {'id': None, 'name': 'noveltyshop', 'title': None, 'cover': None}]",45500.0,Unassigned (mixed/other)
tt_comm,tiktok_video:local_b7f823d2777f5efab93e2eae1f6c75e5a412a19001488a2ab13e0149284cba64,photo editing app,app promotion; before and after,A creator shares before and after photo results demonstrating edits made with the Wayshot app.,"i love #wayshot #digicam #photoediting #fyp @wayshot_app  [{'id': None, 'name': 'wayshot', 'title': None, 'cover': None}, {'id': None, 'name': 'digicam', 'title': None, 'cover': None}, {'id': None, 'name': 'photoediting', 'title': None, 'cover': None}, {'id': None, 'name': 'fyp', 'title': None, 'cover': None}]",302300.0,Unassigned (mixed/other)
tt_comm,tiktok_video:local_ecd7899c7a764741f5a604fba9a9e3f31076175e6817a927f405315b4cb8ae1b,photo editing app,app promotion; before and after,A creator shares before and after photo editing results using the Wayshot photo application.,"the before and after is crazy 😫☝🏽 #wayshot #digicam #photoediting #fyp @wayshot_app  [{'id': None, 'name': 'wayshot', 'title': None, 'cover': None}, {'id': None, 'name': 'digicam', 'title': None, 'cover': None}, {'id': None, 'name': 'photoediting', 'title': None, 'cover': None}, {'id': None, 'name': 'fyp', 'title': None, 'cover': None}]",162000.0,Unassigned (mixed/other)
tt_comm,tiktok_video:local_b11bdc0ec92caf2fc732d66ab63605ab41d896ec5db7f2f83693f7553cf4f97d,camera filters,filter demonstration,A creator demonstrates appearance changes using lighting and a cybershot filter.,"#fyp #trend #trending #cybershot #filter cybershot filter mogs  [{'id': None, 'name': 'fyp', 'title': None, 'cover': None}, {'id': None, 'name': 'trend', 'title': None, 'cover': None}, {'id': None, 'name': 'trending', 'title': None, 'cover': None}, {'id': None, 'name': 'cybershot', 'title': None, 'cover': None}, {'id': None, 'name': 'filter', 'title': None, 'cover': None}]",242700.0,Unassigned (mixed/other)
tt_comm,tiktok_video:local_c8e47ed56f8e4e6d7143c37ad889892f25346c8412ec5abbb82315f5bc332427,camera filters,filter demonstration,A creator uses a cybershot face filter and shares their reaction to it.,"I haven’t left it alone since #alt #alternative #cybershot #grunge #fyp  [{'id': None, 'name': 'alt', 'title': None, 'cover': None}, {'id': None, 'name': 'alternative', 'title': None, 'cover': None}, {'id': None, 'name': 'cybershot', 'title': None, 'cover': None}, {'id': None, 'name': 'grunge', 'title': None, 'cover': None}, {'id': None, 'name': 'fyp', 'title': None, 'cover': None}]",3882.0,Unassigned (mixed/other)
tt_comm,tiktok_video:local_3f3bdd797885a6a54bbe95507afe2e7d36b55ef0e18d4dd671623d538d7296a4,camera filters,filter demonstration,A creator poses in a selfie video to showcase a cybershot software filter.,"bringing back this filter bc I miss it #cybershot #filter #bored #viral #fyp  [{'id': None, 'name': 'cybershot', 'title': None, 'cover': None}, {'id': None, 'name': 'filter', 'title': None, 'cover': None}, {'id': None, 'name': 'bored', 'title': None, 'cover': None}, {'id': None, 'name': 'viral', 'title': None, 'cover': None}, {'id': None, 'name': 'fyp', 'title': None, 'cover': None}]",479.0,Unassigned (mixed/other)
tt_comm,tiktok_video:local_03c59209876234ff60f6969365d2056b26ebbce57bc45dc2850301ae6a788d24,buttons,collection haul; sorting,A creator organizes a large collection of saved vintage sewing buttons and offers to share photos of drawer contents.,"I’m finally going through all of the buttons I saved!! I know it can be a little hard to see all of them in the video so I can send you a picture of any drawer you want to see better 🤍

#shopsecondhand #vintagebuttons #smallbusiness  [{'id': None, 'name': 'shopsecondhand', 'title': None, 'cover': None}, {'id': None, 'name': 'vintagebuttons', 'title': None, 'cover': None}, {'id': None, 'name': 'smallbusiness', 'title': None, 'cover': None}]",814.0,"Patches, pins, buttons and battle jackets"
tt_comm,tiktok_video:local_b0482653d09e030ce3357acc44de8def98c3cd512f38a3c2559b85c13bc6f9bd,buttons,resale profit; garage sale haul,"A creator highlights flipping garage sale vintage buttons for resale profit, showing a $14.99 eBay sold listing.","Id say vintage buttons are a bolo, wouldn’t you?  []",1803.0,"Patches, pins, buttons and battle jackets"
tt_comm,tiktok_video:local_0f215bafc1b7bf299f7151d8049da2b7b88e0a02865753efeabf700405a96ed5,buttons,sorting; collection showcase,A creator responds to a viewer comment by sorting and showcasing various vintage buttons.,"Replying to @jessebpdx Heres a little bit of the 1st sort! 🥰 #buttons #buttonlady #vintage #buttontok #haul [{'id': None, 'name': 'buttons', 'title': None, 'cover': None}, {'id': None, 'name': 'buttonlady', 'title': None, 'cover': None}, {'id': None, 'name': 'vintage', 'title': None, 'cover': None}, {'id': None, 'name': 'buttontok', 'title': None, 'cover': None}, {'id': None, 'name': 'haul', 'title': None, 'cover': None}]",2191.0,"Patches, pins, buttons and battle jackets"
tt_comm,tiktok_video:local_c0287a6df4cc7ce5cdc9641a80a137f15356e21e37238bdab40f3c53783c138f,buttons,thrift sourcing; crafting,A creator shares an op shop source for vintage buttons and shows craft projects incorporating them.,"Looking for 365 buttons? #buttons #365buttons #vintagebuttons #opshopping #thrifttok [{'id': None, 'name': 'buttons', 'title': None, 'cover': None}, {'id': None, 'name': '365buttons', 'title': None, 'cover': None}, {'id': None, 'name': 'vintagebuttons', 'title': None, 'cover': None}, {'id': None, 'name': 'opshopping', 'title': None, 'cover': None}, {'id': None, 'name': 'thrifttok', 'title': None, 'cover': None}]",5684.0,"Patches, pins, buttons and battle jackets"
tt_comm,tiktok_video:local_0d35ead9cdb0d0fafff3d9f959453ccb3c9fa23e0b035726b8e9d31fdb9b2366,buttons,store promotion; history,"A store promotes its authentic vintage, antique, and Victorian buttons available online and in its showroom.","💎 Every button has a story.

Long before fast fashion, people repaired their clothing and saved these beautiful buttons for future garments. Today they’re treasured by collectors, jewelry makers, and artists around the world.

We’re constantly adding authentic vintage, Victorian, and antique buttons to our collection. No two assortments are exactly alike.

Visit our website or stop by our Las Vegas showroom to discover your next favorite piece of history.

#VintageButtons #AntiqueButtons #VictorianButtons #JewelryMaking #continentalbeads  [{'id': None, 'name': 'vintagebuttons', 'title': None, 'cover': None}, {'id': None, 'name': 'antiquebuttons', 'title': None, 'cover': None}, {'id': None, 'name': 'victorianbuttons', 'title': None, 'cover': None}, {'id': None, 'name': 'jewelrymaking', 'title': None, 'cover': None}, {'id': None, 'name': 'continentalbeads', 'title': None, 'cover': None}]",1754.0,"Patches, pins, buttons and battle jackets"
tt_comm,tiktok_video:local_94bcaff8eefb4df79e77524348d9367245bfcff11aaa05bc5186a5452dc48443,buttons,inventory display; thrift haul,A vintage seller shows a six-pound haul of buttons and asks viewers how to merchandise them at a booth.,"🎥 6 POUNDS OF VINTAGE BUTTONS.

I bought SIX POUNDS of vintage buttons and honestly… this might be my new favorite kind of ASMR. 😂🧵

But now I need your help: What should I do with them at my booth?

✨ Put them into little mystery button bags?
✨ Dump them out and let you dig through and pick your favorites?
✨ Something else entirely?

Tell me what you’d want to buy (or what would make you stop and dig through a giant pile of buttons 😂). I’m listening!

#VintageButtons #VintageFinds #ThriftTok #VintageSeller [{'id': None, 'name': 'vintagebuttons', 'title': None, 'cover': None}, {'id': None, 'name': 'vintagefinds', 'title': None, 'cover': None}, {'id': None, 'name': 'thrifttok', 'title': None, 'cover': None}, {'id': None, 'name': 'vintageseller', 'title': None, 'cover': None}]",603.0,"Patches, pins, buttons and battle jackets"
tt_comm,tiktok_video:local_39a8f5da29954c028729807cb88b98fb8411fe98ef8360852b0a8b27e6fd590a,buttons,crafting tutorial; repurposing,A creator demonstrates how to repurpose old buttons into a decorative garland using twine.,"More On Button Garlands #buttons #oldbuttons #vintagevibes #vintage #garland [{'id': None, 'name': 'buttons', 'title': None, 'cover': None}, {'id': None, 'name': 'oldbuttons', 'title': None, 'cover': None}, {'id': None, 'name': 'vintagevibes', 'title': None, 'cover': None}, {'id': None, 'name': 'vintage', 'title': None, 'cover': None}, {'id': None, 'name': 'garland', 'title': None, 'cover': None}]",16800.0,"Patches, pins, buttons and battle jackets"
tt_comm,tiktok_video:local_bc8b636c087e2be6e4524e461bb35fcd02d4e7c884210a7754245b9fbf98db27,vintage buttons; sewing notions,collecting; history,A creator discusses finding and preserving antique mussel shell sewing buttons and their historical production.,"The grime is worth it!! I’ve been obsessed with mussel shell buttons waaay before I started collecting needlework notions. The history of mussel shell button production in the US is crazy, and heartbreaking. Which makes finding and preserving these gems even more important 💖 #sewing #knitting #vintagebuttons  #antiques #memade  [{'id': None, 'name': 'sewing', 'title': None, 'cover': None}, {'id': None, 'name': 'knitting', 'title': None, 'cover': None}, {'id': None, 'name': 'vintagebuttons', 'title': None, 'cover': None}, {'id': None, 'name': 'antiques', 'title': None, 'cover': None}, {'id': None, 'name': 'memade', 'title': None, 'cover': None}]",5174.0,"Patches, pins, buttons and battle jackets"
tt_comm,tiktok_video:local_63c3681220fb74f709611c110e8809e2baf3660bc5cc75fe35fdb8336f3af769,vintage buttons,thrift haul; trends,A creator showcases thrifted vintage buttons and asks viewers for their thoughts on the trend.,"Apparently vintage buttons are all the rage. What are your thoughts? 

#vintagefinds #vintageshop #vintagebuttons #thrifting #thriftstorefinds [{'id': None, 'name': 'vintagefinds', 'title': None, 'cover': None}, {'id': None, 'name': 'vintageshop', 'title': None, 'cover': None}, {'id': None, 'name': 'vintagebuttons', 'title': None, 'cover': None}, {'id': None, 'name': 'thrifting', 'title': None, 'cover': None}, {'id': None, 'name': 'thriftstorefinds', 'title': None, 'cover': None}]",1008.0,"Patches, pins, buttons and battle jackets"
tt_comm,tiktok_video:local_a2ec37cb616942d5f31d742afec3073a28d1adaa00e30fff08be16a41f0104dc,antique buttons,collection showcase,A creator highlights intricate Victorian-era antique buttons found while sorting through items.,"heres some very cool antique buttons I found going through some stuff. very coll details on some of the old buttons. 

#antique #victorian #buttons #victorianera #fyp [{'id': None, 'name': 'antique', 'title': None, 'cover': None}, {'id': None, 'name': 'victorian', 'title': None, 'cover': None}, {'id': None, 'name': 'buttons', 'title': None, 'cover': None}, {'id': None, 'name': 'victorianera', 'title': None, 'cover': None}, {'id': None, 'name': 'fyp', 'title': None, 'cover': None}]",3287.0,"Patches, pins, buttons and battle jackets"
tt_comm,tiktok_video:local_10e21d6ba8843060d73295bb4f272f86c62283fa1f0f4817a56d1ea513363e00,vintage buttons; sewing notions,business inventory; store promotion,"A Canadian business showcases its extensive inventory of vintage, antique, and modern buttons for sale online.","We have it all! Whether you’re looking for vintage/antique buttons, modern styles, or looking to colour match your fabric… 

Check out our selection online! 

#buttons #vintagebuttons #wheretobuy #shoplocal #supportlocal #canadianbusiness #vintagebuttons #buttonstore #vintagefinds #thriftflip #sewing #diy  [{'id': None, 'name': 'buttons', 'title': None, 'cover': None}, {'id': None, 'name': 'vintagebuttons', 'title': None, 'cover': None}, {'id': None, 'name': 'wheretobuy', 'title': None, 'cover': None}, {'id': None, 'name': 'shoplocal', 'title': None, 'cover': None}, {'id': None, 'name': 'supportlocal', 'title': None, 'cover': None}, {'id': None, 'name': 'canadianbusiness', 'title': None, 'cover': None}, {'id': None, 'name': 'vintagebuttons', 'title': None, 'cover': None}, {'id': None, 'name': 'buttonstore', 'title': None, 'cover': None}, {'id': None, 'name': 'vintagefinds', 'title': None, 'cover': None}, {'id': None, 'name': 'thriftflip', 'title': None, 'cover': None}, {'id': None, 'name': 'sewing', 'title': None, 'cover': None}, {'id': None, 'name': 'diy', 'title': None, 'cover': None}]",15900.0,"Patches, pins, buttons and battle jackets"
tt_comm,tiktok_video:local_0810b4c818daddcfc3affaa2b3f90c25d04b6abe76a6be385af2c898fd51d12b,vintage buttons; craft supplies,collection showcase; small business,"A creator displays their vintage button collection used for crafts, jewelry, and small business branding.","Welcome to Button tik tok. #vintagebuttons #fyp #smallbusiness #crafts #collection #history #buttons #buttontiktok [{'id': None, 'name': 'vintagebuttons', 'title': None, 'cover': None}, {'id': None, 'name': 'fyp', 'title': None, 'cover': None}, {'id': None, 'name': 'smallbusiness', 'title': None, 'cover': None}, {'id': None, 'name': 'crafts', 'title': None, 'cover': None}, {'id': None, 'name': 'collection', 'title': None, 'cover': None}, {'id': None, 'name': 'history', 'title': None, 'cover': None}, {'id': None, 'name': 'buttons', 'title': None, 'cover': None}, {'id': None, 'name': 'buttontiktok', 'title': None, 'cover': None}]",43100.0,"Patches, pins, buttons and battle jackets"
tt_comm,tiktok_video:local_af4be23ff60840121e859f0fdff50b5e6df44a4a47f3d4ba76375b6668f16f7a,vintage buttons,collection showcase,A creator showcases jars of color-sorted vintage buttons and inspects an ornate piece.,"#vintagebuttons #buttons #collection  [{'id': None, 'name': 'vintagebuttons', 'title': None, 'cover': None}, {'id': None, 'name': 'buttons', 'title': None, 'cover': None}, {'id': None, 'name': 'collection', 'title': None, 'cover': None}]",508.0,"Patches, pins, buttons and battle jackets"
tt_comm,tiktok_video:local_6304fdeb3f140001088354eb24d94a7f9ae7af3e591695201a58b8b39ee00cc2,vintage buttons; antique buttons,garage sale finds; collecting,A creator displays vintage and antique buttons found while shopping at garage sales.,"Tiny treasures, endless stories 😍. #VintageButtons #AntiqueButtons #ButtonLovers #Collecting #VintageFinds [{'id': None, 'name': 'vintagebuttons', 'title': None, 'cover': None}, {'id': None, 'name': 'antiquebuttons', 'title': None, 'cover': None}, {'id': None, 'name': 'buttonlovers', 'title': None, 'cover': None}, {'id': None, 'name': 'collecting', 'title': None, 'cover': None}, {'id': None, 'name': 'vintagefinds', 'title': None, 'cover': None}]",386.0,"Patches, pins, buttons and battle jackets"
tt_comm,tiktok_video:local_7fb9a27993b5d3e610e2bb57511a6be55b71fc5e1e3f66d54c72095dd9f4333d,vintage buttons; craft supplies,diy crafting; upcycling,A creator uses a collection of black and white vintage buttons to make DIY Halloween decor.,"I have SO. MANY vintage buttons... mostly white and black so I decided to make some cute Halloween decor with them! I wish I had orange... I'd make a pumpkin too.
.
.
.
#buttoncrafts #vintagecottageclub #DIYHalloween #halloweencrafts [{'id': None, 'name': 'buttoncrafts', 'title': None, 'cover': None}, {'id': None, 'name': 'vintagecottageclub', 'title': None, 'cover': None}, {'id': None, 'name': 'diyhalloween', 'title': None, 'cover': None}, {'id': None, 'name': 'halloweencrafts', 'title': None, 'cover': None}]",1720.0,"Patches, pins, buttons and battle jackets"
tt_comm,tiktok_video:local_18d6a1e7c45f39652a8568890d83c7c2ed837a73be9d240979cd472a6837dc99,antique buttons; vintage jewelry,collection showcase; antiques,The creator showcases an antique button featuring a hand-painted portrait and paste stones from their collection.,"A tiny piece of wearable art ✨ This antique button features a completely hand-painted portrait surrounded by old hand-cut paste stones. The detail is absolutely incredible—and exactly why I will never stop digging through boxes of old buttons. 🖤

#AntiqueButtons #ButtonCollector #AntiqueJewelry #VintageJewelry #WearableArt      [{'id': None, 'name': 'antiquebuttons', 'title': None, 'cover': None}, {'id': None, 'name': 'buttoncollector', 'title': None, 'cover': None}, {'id': None, 'name': 'antiquejewelry', 'title': None, 'cover': None}, {'id': None, 'name': 'vintagejewelry', 'title': None, 'cover': None}, {'id': None, 'name': 'wearableart', 'title': None, 'cover': None}]",950.0,"Patches, pins, buttons and battle jackets"
tt_comm,tiktok_video:local_90e5fd905544fc8c543b970c5a6e3138e18a86b1bd67017930f6e93e92af4bd8,designer buttons; vintage buttons,fashion history; collection showcase,The creator discusses and displays their vintage collection of designer buttons from brands like Yves Saint Laurent.,"We consider buttons to be so much more than just fasteners! Here is a peek behind the scenes at the Modig button collection. We have gathered these buttons over the decades of working with vintage, from the estates of seamstresses, salvaged from destroyed and unwearable garments, and from some of our best estates, where the owners kept every spare button in the original designer envelope! 

Lisa has a button wall at her house displaying some of the rarest and most intricate. Yves Saint Laurent was know for his meticulously designed buttons. We always know when one of his pieces has had the buttons replaced - there is just something special about a YSL button! 

Designers often use the buttons to display their name or logo, or as a place to take a novelty theme to the next level! 

We know that we are a little button crazy, but there is nothing like having the perfect 1960's rhinestone ball button when you need it!

#buttons #designerbuttons #yvessaintlaurent #ysl #fashionhistory #designervintage #vintagebuttons #fyp #fashiontok #seamstress #designerfinds #vintageclothingstore #buyvintage  [{'id': None, 'name': 'buttons', 'title': None, 'cover': None}, {'id': None, 'name': 'designerbuttons', 'title': None, 'cover': None}, {'id': None, 'name': 'yvessaintlaurent', 'title': None, 'cover': None}, {'id': None, 'name': 'ysl', 'title': None, 'cover': None}, {'id': None, 'name': 'fashionhistory', 'title': None, 'cover': None}, {'id': None, 'name': 'designervintage', 'title': None, 'cover': None}, {'id': None, 'name': 'vintagebuttons', 'title': None, 'cover': None}, {'id': None, 'name': 'fyp', 'title': None, 'cover': None}, {'id': None, 'name': 'fashiontok', 'title': None, 'cover': None}, {'id': None, 'name': 'seamstress', 'title': None, 'cover': None}, {'id': None, 'name': 'designerfinds', 'title': None, 'cover': None}, {'id': None, 'name': 'vintageclothingstore', 'title': None, 'cover': None}, {'id': None, 'name': 'buyvintage', 'title': None, 'cover': None}]",20300.0,"Patches, pins, buttons and battle jackets"
tt_comm,tiktok_video:local_ea8cf88f34fe4682ebcbee03dfb894b2c84654474449c03dd9612e8a6831bf83,vintage buttons; sewing notions,crafting; collection showcase,A video displaying a large collection of assorted vintage sewing buttons.,"#vintagebuttons  [{'id': None, 'name': 'vintagebuttons', 'title': None, 'cover': None}]",233.0,"Patches, pins, buttons and battle jackets"
tt_comm,tiktok_video:local_e8ff0a7bd75aa0d368d143fea0d682c3d2e2e4d201d7029c124fbd4191627375,DVDs; physical media,organization; movie collecting,The creator highlights the constant shelf rearranging that comes with collecting physical media and DVDs.,"And I would still choose owning physical media over and over again.. 🙃💗 #physicalmedia #physicalmediaforever #physicalmediacollector #dvdcollection #moviecollection  [{'id': None, 'name': 'physicalmedia', 'title': None, 'cover': None}, {'id': None, 'name': 'physicalmediaforever', 'title': None, 'cover': None}, {'id': None, 'name': 'physicalmediacollector', 'title': None, 'cover': None}, {'id': None, 'name': 'dvdcollection', 'title': None, 'cover': None}, {'id': None, 'name': 'moviecollection', 'title': None, 'cover': None}]",6657.0,Physical media (Blu-ray/DVD/steelbook/VHS/CD/vinyl/books)
tt_comm,tiktok_video:local_fd40c61480b4f5431cd00901ad7a4f3d79009d8b94b8c590226c0fbefa0f8049,DVDs; Blu-rays,decluttering; collection cull,The creator shows a stack of movies they plan to remove from their physical media collection.,"Movies I’m getting rid of from our physical media collection! 

#physicalmediacollection #physicalmediaforever 
#physicalmedia  [{'id': None, 'name': 'physicalmediacollection', 'title': None, 'cover': None}, {'id': None, 'name': 'physicalmediaforever', 'title': None, 'cover': None}, {'id': None, 'name': 'physicalmedia', 'title': None, 'cover': None}]",1008.0,Physical media (Blu-ray/DVD/steelbook/VHS/CD/vinyl/books)
tt_comm,tiktok_video:local_e8535dc88a4f07f38d555cd97c0d99f8ef27a156fb9c7643d4e9244edec45311,physical media; DVDs,collection showcase; retro media,The creator shares various media items and gear owned due to collecting physical media.,"Things I own cause I collect physical media #physicalmedia #dvds #movies  [{'id': None, 'name': 'physicalmedia', 'title': None, 'cover': None}, {'id': None, 'name': 'dvds', 'title': None, 'cover': None}, {'id': None, 'name': 'movies', 'title': None, 'cover': None}]",107900.0,Physical media (Blu-ray/DVD/steelbook/VHS/CD/vinyl/books)
tt_comm,tiktok_video:local_6d932d6f172b19e4eead33450a28af7de50cd146a2cbcb6c60d436adedced921,DVDs; Blu-rays,thrift haul; movie collecting,The creator shares a haul of DVDs acquired from a library sale for an upcoming movie marathon.,"some dvds i got at the library sale📀🙂‍↕️im having a spooky marathon at the start of fall

#physicalmedia #dvd #dvdcollection #nostalgia #physicalmediacollector 

@TJ Maxx @Marshalls @Sony Pictures @Universal Pictures @Warner Bros.  [{'id': None, 'name': 'physicalmedia', 'title': None, 'cover': None}, {'id': None, 'name': 'dvd', 'title': None, 'cover': None}, {'id': None, 'name': 'dvdcollection', 'title': None, 'cover': None}, {'id': None, 'name': 'nostalgia', 'title': None, 'cover': None}, {'id': None, 'name': 'physicalmediacollector', 'title': None, 'cover': None}]",9379.0,Physical media (Blu-ray/DVD/steelbook/VHS/CD/vinyl/books)
tt_comm,tiktok_video:local_995fefdeb87f9292a73c0a0bf3abd1bfa8052a94dd4cfe07182f08627ddf22ea,VHS tapes; DVDs,room transformation; nostalgia,The creator reveals a room transformed into a retro media space filled with VHS tapes and DVDs.,"Do you believe in time travel? 📺📼📀🍿🎟️
#tvroom #nostalgia #physicalmedia
#vhs #dvd [{'id': None, 'name': 'tvroom', 'title': None, 'cover': None}, {'id': None, 'name': 'nostalgia', 'title': None, 'cover': None}, {'id': None, 'name': 'physicalmedia', 'title': None, 'cover': None}, {'id': None, 'name': 'vhs', 'title': None, 'cover': None}, {'id': None, 'name': 'dvd', 'title': None, 'cover': None}]",74700.0,Physical media (Blu-ray/DVD/steelbook/VHS/CD/vinyl/books)
tt_comm,tiktok_video:local_21c9f7530174c5e55408e7884ad8b2d0f18d223ba3b6e8801e340a034fc191f4,DVDs; movies,thrift haul; backlog review,The creator goes through a backlog stack of thrifted DVDs and reviews titles.,"Making our way through the Backlog of DVD’s. Probably have like 5 more of these to go 😮‍💨 #physicalmedia #thrifthaul #movies #thrift #dvd  [{'id': None, 'name': 'physicalmedia', 'title': None, 'cover': None}, {'id': None, 'name': 'thrifthaul', 'title': None, 'cover': None}, {'id': None, 'name': 'movies', 'title': None, 'cover': None}, {'id': None, 'name': 'thrift', 'title': None, 'cover': None}, {'id': None, 'name': 'dvd', 'title': None, 'cover': None}]",952.0,Physical media (Blu-ray/DVD/steelbook/VHS/CD/vinyl/books)
tt_comm,tiktok_video:local_fb04903aaefbf3953901e4d14f2335a89a37bf76b463c3af5098ac726dc0a35f,DVDs; physical media,recommendations; display,The creator fills a wall DVD rack with titles they describe as underrated movies and shows.,"I decided to fill up my wall DVD rack with some movies/shows that I think are underrated and deserve more decognition 🙃🎬🎞️ #physicalmedia #physicalmediaforever #physicalmediacollector #dvdcollection #underratedmovies  [{'id': None, 'name': 'physicalmedia', 'title': None, 'cover': None}, {'id': None, 'name': 'physicalmediaforever', 'title': None, 'cover': None}, {'id': None, 'name': 'physicalmediacollector', 'title': None, 'cover': None}, {'id': None, 'name': 'dvdcollection', 'title': None, 'cover': None}, {'id': None, 'name': 'underratedmovies', 'title': None, 'cover': None}]",389.0,Physical media (Blu-ray/DVD/steelbook/VHS/CD/vinyl/books)
tt_comm,tiktok_video:local_c5184cf8cd8ffc07319fb454defe381d7eb134103fdca5162b3780ed748b6832,Blu-ray/DVDs; Steelbooks,haul; collecting,The creator showcases a physical media haul featuring a limited edition steelbook and Blu-ray.,"I love steelbooks 😮‍💨💜 #marsattacks #longlegs #weaponsmovie #physicalmedia #steelbook  [{'id': None, 'name': 'marsattacks', 'title': None, 'cover': None}, {'id': None, 'name': 'longlegs', 'title': None, 'cover': None}, {'id': None, 'name': 'weaponsmovie', 'title': None, 'cover': None}, {'id': None, 'name': 'physicalmedia', 'title': None, 'cover': None}, {'id': None, 'name': 'steelbook', 'title': None, 'cover': None}]",6223.0,Physical media (Blu-ray/DVD/steelbook/VHS/CD/vinyl/books)
tt_comm,tiktok_video:local_4624d24aef1e6c00d3aee3b969cf4a142f4eb62096dbc4da81f54e677d566ad1,Blu-ray/DVDs,collecting; advocacy,The creator suggests building a physical media collection as an alternative to streaming subscriptions.,"I Can Do It Myself! #horrortok #horrormovie #physicalmedia #streaming #nosferatu  [{'id': None, 'name': 'horrortok', 'title': None, 'cover': None}, {'id': None, 'name': 'horrormovie', 'title': None, 'cover': None}, {'id': None, 'name': 'physicalmedia', 'title': None, 'cover': None}, {'id': None, 'name': 'streaming', 'title': None, 'cover': None}, {'id': None, 'name': 'nosferatu', 'title': None, 'cover': None}]",219200.0,Physical media (Blu-ray/DVD/steelbook/VHS/CD/vinyl/books)
tt_comm,tiktok_video:local_951c3dbefdef3d42f41c8274a2d15a99eadb3f9a00747ceab81d3d6733f6aced,Blu-ray/DVDs,haul; collecting,A collector displays recent movie additions on DVD and Blu-ray for their physical media collection.,"The recent additions for my physical media collection, just in time for spooky season.🥰🎃🍿🍂 #physicalmedia #dvds #dvdhaul #cozyhome #moviehaul  [{'id': None, 'name': 'physicalmedia', 'title': None, 'cover': None}, {'id': None, 'name': 'dvds', 'title': None, 'cover': None}, {'id': None, 'name': 'dvdhaul', 'title': None, 'cover': None}, {'id': None, 'name': 'cozyhome', 'title': None, 'cover': None}, {'id': None, 'name': 'moviehaul', 'title': None, 'cover': None}]",2142.0,Physical media (Blu-ray/DVD/steelbook/VHS/CD/vinyl/books)
tt_comm,tiktok_video:local_f487b70bae7b4551379edc9e00891dc49762b915b82271ea1067ac808249043c,Blu-ray/DVDs,store browsing; collecting,The creator highlights a large physical media section at a Walmart store in Las Vegas.,"Walmart, this location (eastern & serene) in Las Vegas has a huge physical media section! Blu-ray, 4K, DVD's! 
#physicalmedia [{'id': None, 'name': 'physicalmedia', 'title': None, 'cover': None}]",2313.0,Physical media (Blu-ray/DVD/steelbook/VHS/CD/vinyl/books)
tt_comm,tiktok_video:local_bfac0f64b4c84cb25a618ed6949307286cbd5f83c51b6f4abf8f23ac44b2684b,VHS tapes; vinyl records,collecting; advocacy,"The creator showcases a collection of physical media formats including VHS tapes, vinyl, and DVDs.","PHYSICAL MEDIA IS KING 
keeping Blu rays, DVDs, VHS, and vinyl ALIVE FOREVER 

#physicalmedia #physicalmediaforever #vhs #vinylrecords #horrortok  [{'id': None, 'name': 'physicalmedia', 'title': None, 'cover': None}, {'id': None, 'name': 'physicalmediaforever', 'title': None, 'cover': None}, {'id': None, 'name': 'vhs', 'title': None, 'cover': None}, {'id': None, 'name': 'vinylrecords', 'title': None, 'cover': None}, {'id': None, 'name': 'horrortok', 'title': None, 'cover': None}]",5236.0,Physical media (Blu-ray/DVD/steelbook/VHS/CD/vinyl/books)
tt_comm,tiktok_video:local_1a05e6e3897e77dfd4126d90ca97f6d527af0b5fbdb359c8e9d389bafd1e0b0f,Blu-ray/DVDs,unboxing; collecting,The creator opens a Blu-ray movie case and reveals an included digital download code.,"#physicalmedia #filmtok #bluray #movies #fyp  [{'id': None, 'name': 'physicalmedia', 'title': None, 'cover': None}, {'id': None, 'name': 'filmtok', 'title': None, 'cover': None}, {'id': None, 'name': 'bluray', 'title': None, 'cover': None}, {'id': None, 'name': 'movies', 'title': None, 'cover': None}, {'id': None, 'name': 'fyp', 'title': None, 'cover': None}]",8486.0,Physical media (Blu-ray/DVD/steelbook/VHS/CD/vinyl/books)
tt_comm,tiktok_video:local_e0160a04f40416fc93313d2949896d42abf44d9c53d10c88e8288522f6a24094,Blu-ray/DVDs; video games,collecting; advocacy,"The creator advocates for physical media ownership over streaming, showing off a large home movie and game collection.","Real ownership. I can buy, trade, sell, and do what I want with them. 

Maybe I’m old school, but I still like owning the things I pay for.

Streaming is convenient, and digital definitely has its place. But whether it’s movies or games, I like knowing that years from now I can still pull it off the shelf and enjoy it whenever I want.

#PhysicalMedia #MovieCollection #Bluray #DVDCollection #MovieRoom [{'id': None, 'name': 'physicalmedia', 'title': None, 'cover': None}, {'id': None, 'name': 'moviecollection', 'title': None, 'cover': None}, {'id': None, 'name': 'bluray', 'title': None, 'cover': None}, {'id': None, 'name': 'dvdcollection', 'title': None, 'cover': None}, {'id': None, 'name': 'movieroom', 'title': None, 'cover': None}]",211600.0,Physical media (Blu-ray/DVD/steelbook/VHS/CD/vinyl/books)
tt_comm,tiktok_video:local_000e73227ae6c7ec56383df88c7af097f19d0b4ffb52b0c25a4a5c5fcdb4ea04,Blu-ray/DVDs,haul; thrift / yard sale,The creator displays DVDs and Blu-rays acquired from library book sales across New York City.,"taking advantage of the library book sales across nyc🙂‍↕️📀📼

📍St Agnes Library 

#physicalmedia #dvd #dvdcollection #nyc #nostalgia  [{'id': None, 'name': 'physicalmedia', 'title': None, 'cover': None}, {'id': None, 'name': 'dvd', 'title': None, 'cover': None}, {'id': None, 'name': 'dvdcollection', 'title': None, 'cover': None}, {'id': None, 'name': 'nyc', 'title': None, 'cover': None}, {'id': None, 'name': 'nostalgia', 'title': None, 'cover': None}]",32800.0,Physical media (Blu-ray/DVD/steelbook/VHS/CD/vinyl/books)
tt_comm,tiktok_video:local_c7f3d82d2a770ff032a521d12468c26c9b490242ad32db8581df34e8f8ec50a9,video games,collecting; advocacy,A creator flips through a binder of physical PlayStation game discs while advocating to preserve physical media.,"SAVE PHYSICAL MEDIA 💿 #gaming #foryou #gamingontiktok  [{'id': None, 'name': 'gaming', 'title': None, 'cover': None}, {'id': None, 'name': 'foryou', 'title': None, 'cover': None}, {'id': None, 'name': 'gamingontiktok', 'title': None, 'cover': None}]",1000000.0,Video games and retro gaming
tt_comm,tiktok_video:local_0414abbbae284fbc628e5226f71bcb9fce35cc531a1f93e5108c54700649990a,Blu-ray/DVDs,advocacy; collecting,The creator passionately urges viewers to build their own DVD and Blu-ray collections so content cannot be taken away.,"a rant/propaganda for physical media!! curate your own dvd collection!!!!!! now!!!!!!!! and then NO ONE can take away your beloved movies from you 🖤📀🖤 #horrorfilm #physicalmedia #horrormovies #gothgirl #booktok  [{'id': None, 'name': 'horrorfilm', 'title': None, 'cover': None}, {'id': None, 'name': 'physicalmedia', 'title': None, 'cover': None}, {'id': None, 'name': 'horrormovies', 'title': None, 'cover': None}, {'id': None, 'name': 'gothgirl', 'title': None, 'cover': None}, {'id': None, 'name': 'booktok', 'title': None, 'cover': None}]",5776.0,Physical media (Blu-ray/DVD/steelbook/VHS/CD/vinyl/books)
tt_comm,tiktok_video:local_774ce529b9686c861a7bce696f5309d6ee8a87d6b00aa8e5e8a2b30e3bd5fa8e,steelbook; Blu-ray,collection showcase; review,A creator shares ratings and purchase details for Arcane Season 1 and Season 2 steelbooks from their physical media collection.,"Arcane Season 1 Steelbook
Release Date 10/08/2024
Season 1 8.5/10
Steelbook 7/10
Purchased from Walmart 
Arcane Season 2 Steelbook
Release Date 10/28/25
Season 2 7.5/10
Steelbook 8/10
Purchased From Shout Factory #moviecollection #physicalmedia #steelbookcollection #steelbook  [{'id': None, 'name': 'moviecollection', 'title': None, 'cover': None}, {'id': None, 'name': 'physicalmedia', 'title': None, 'cover': None}, {'id': None, 'name': 'steelbookcollection', 'title': None, 'cover': None}, {'id': None, 'name': 'steelbook', 'title': None, 'cover': None}]",534.0,Physical media (Blu-ray/DVD/steelbook/VHS/CD/vinyl/books)
tt_comm,tiktok_video:local_e4e363d373910e9e65c47159e6f7958f630cb4c5456e12e4960926724191b947,books; vintage book,thrifting; thrift haul,A creator thrifting in Oregon highlights the media section at a thrift store and discovers an early printing of a book.,"🗺️Thrifting & Traveling USA📍Locations ALWAYS in caption. 
Thrift the Oregon Coast with me Part 6

Stop # 241📍St. Vinnie's #Thrift Store, #Florence, #Oregon 

#physicalmedia #vhs  [{'id': None, 'name': 'thrift', 'title': None, 'cover': None}, {'id': None, 'name': 'florence', 'title': None, 'cover': None}, {'id': None, 'name': 'oregon', 'title': None, 'cover': None}, {'id': None, 'name': 'physicalmedia', 'title': None, 'cover': None}, {'id': None, 'name': 'vhs', 'title': None, 'cover': None}]",323.0,Physical media (Blu-ray/DVD/steelbook/VHS/CD/vinyl/books)
tt_comm,tiktok_video:local_8ad61e1e94e68b6575bd9f0a896b276b5a2856c454d4c4c8bcfaf839065ab121,steelbook; Blu-ray,cover art; collection showcase,A creator launches a physical media series highlighting favorite movie cover art across selected steelbooks and discs.,"Welcome to our new series Phycial Media Fridays!! We’re so excited to kick this off because we love collecting physical media. We’re starting off by discussing favorite cover art! What’s you fav and what topic should we talk about next?? 📼📀

#physcialmediafriday #physicalmedia #steelbook  
#creatorsearchinsights #filmtok  [{'id': None, 'name': 'physcialmediafriday', 'title': None, 'cover': None}, {'id': None, 'name': 'physicalmedia', 'title': None, 'cover': None}, {'id': None, 'name': 'steelbook', 'title': None, 'cover': None}, {'id': None, 'name': 'creatorsearchinsights', 'title': None, 'cover': None}, {'id': None, 'name': 'filmtok', 'title': None, 'cover': None}]",540.0,Physical media (Blu-ray/DVD/steelbook/VHS/CD/vinyl/books)
tt_comm,tiktok_video:local_6767d5817bfb86b124df44207c3a223b0891be4a3ccd8704a4031148e373c292,Blu-ray; disc case,customization; physical media,A collector swaps a Shaun of the Dead Blu-ray disc into a red case.,"the red cases go crazy 😤🔥

#bluray #physicalmedia #shaunofthedead #dvd #physicalmediacollector  [{'id': None, 'name': 'bluray', 'title': None, 'cover': None}, {'id': None, 'name': 'physicalmedia', 'title': None, 'cover': None}, {'id': None, 'name': 'shaunofthedead', 'title': None, 'cover': None}, {'id': None, 'name': 'dvd', 'title': None, 'cover': None}, {'id': None, 'name': 'physicalmediacollector', 'title': None, 'cover': None}]",7303.0,Physical media (Blu-ray/DVD/steelbook/VHS/CD/vinyl/books)
tt_comm,tiktok_video:local_dc93929cde86108f71f98a4bfe47efaafac935cabba107fcb06155d9c88dcd28,4K Blu-ray,movie review; playback,A creator plays Spider-Man 3 from a 4K Ultra HD Blu-ray set and shares thoughts on the movie.,"This movie has plenty of issues, but I still find it entertaining. What did you think?

#spiderman3 #samraimi #physicalmedia #moviecollection #4kbluray  [{'id': None, 'name': 'spiderman3', 'title': None, 'cover': None}, {'id': None, 'name': 'samraimi', 'title': None, 'cover': None}, {'id': None, 'name': 'physicalmedia', 'title': None, 'cover': None}, {'id': None, 'name': 'moviecollection', 'title': None, 'cover': None}, {'id': None, 'name': '4kbluray', 'title': None, 'cover': None}]",7999.0,Physical media (Blu-ray/DVD/steelbook/VHS/CD/vinyl/books)
tt_comm,tiktok_video:local_4532d7426f1b51b6e6c92d5d5cf9e471877aed7585db0086a44a88a28539a10b,4K Blu-ray; Blu-ray,collection upgrade,A physical media collector demonstrates upgrading a movie copy from standard Blu-ray to 4K Ultra HD.,"Upgrading to 4k #physicalmedia #bluray #4k #collector #collectorcheck  [{'id': None, 'name': 'physicalmedia', 'title': None, 'cover': None}, {'id': None, 'name': 'bluray', 'title': None, 'cover': None}, {'id': None, 'name': '4k', 'title': None, 'cover': None}, {'id': None, 'name': 'collector', 'title': None, 'cover': None}, {'id': None, 'name': 'collectorcheck', 'title': None, 'cover': None}]",6236.0,Physical media (Blu-ray/DVD/steelbook/VHS/CD/vinyl/books)
tt_comm,tiktok_video:local_f05bb4f173c595d2ca7db7cfd4d5e26f52c5a871e66cbacdab55695ff429e49a,4K Blu-ray,recommendations; collection showcase,A creator presents five essential 4K Blu-ray releases they consider must-owns for video and audio quality.,"5 ESSENTIAL 4K BLU-RAYS THAT ARE A MUST OWN 💿✅
​
Collecting 4K isn't just about owning movies—it’s about preserving the best picture and sound quality available. These 5 are non-negotiable for the shelf. 📽️✨
​
Do you own any of these 5? 🤔
​
#bluray #physicalmedia #4k #filmtok #movietok  [{'id': None, 'name': 'bluray', 'title': None, 'cover': None}, {'id': None, 'name': 'physicalmedia', 'title': None, 'cover': None}, {'id': None, 'name': '4k', 'title': None, 'cover': None}, {'id': None, 'name': 'filmtok', 'title': None, 'cover': None}, {'id': None, 'name': 'movietok', 'title': None, 'cover': None}]",7053.0,Physical media (Blu-ray/DVD/steelbook/VHS/CD/vinyl/books)
tt_comm,tiktok_video:local_ce4c4d4465b0829eff4efdcbf9dcaaeb2b5971697aca47ba543703935aeee06b,4K Blu-ray,collection showcase; collecting expenses,A creator displays their extensive 4K Blu-ray collection while joking about spending on physical media.,"I’m not ‘broke’, I just have a very high quality physical library 😂 
​
Anyone else have this problem? 👀 
​
#bluray #4kbluray #physicalmedia #filmtok #movietok  [{'id': None, 'name': 'bluray', 'title': None, 'cover': None}, {'id': None, 'name': '4kbluray', 'title': None, 'cover': None}, {'id': None, 'name': 'physicalmedia', 'title': None, 'cover': None}, {'id': None, 'name': 'filmtok', 'title': None, 'cover': None}, {'id': None, 'name': 'movietok', 'title': None, 'cover': None}]",22600.0,Physical media (Blu-ray/DVD/steelbook/VHS/CD/vinyl/books)
tt_comm,tiktok_video:local_1855d11907244147201fac1636d49f9fe3130c06b6d9bd523981e4f7d2f2f0cd,Blu-ray; DVD,retail showcase; new releases,A creator highlights new movie releases on Blu-ray and DVD found on retail shelves at Walmart.,"Walmart New Releases Blu-Ray, 4K! Evil Dead Burn, Scary Movie, Toy Story 5 and more!!! 
#physicalmedia #evildeadburn  [{'id': None, 'name': 'physicalmedia', 'title': None, 'cover': None}, {'id': None, 'name': 'evildeadburn', 'title': None, 'cover': None}]",890.0,Physical media (Blu-ray/DVD/steelbook/VHS/CD/vinyl/books)
tt_comm,tiktok_video:local_d5f669dd7892a625495e9291c49bb02b6334c56b441b6e485197f90e74702949,4K player; Blu-ray disc,product showcase; hardware playback,A creator demonstrates inserting a Criterion Collection Blu-ray disc into a Panasonic 4K player.,"I should know. I’m a member #filmtok #physicalmedia #4kbluray #4kplayer #fyp  [{'id': None, 'name': 'filmtok', 'title': None, 'cover': None}, {'id': None, 'name': 'physicalmedia', 'title': None, 'cover': None}, {'id': None, 'name': '4kbluray', 'title': None, 'cover': None}, {'id': None, 'name': '4kplayer', 'title': None, 'cover': None}, {'id': None, 'name': 'fyp', 'title': None, 'cover': None}]",40500.0,Physical media (Blu-ray/DVD/steelbook/VHS/CD/vinyl/books)
tt_comm,tiktok_video:local_700855c09613959c35fe908df169dd8e7868e65d9c139936eda6752d998f4186,4K Blu-ray; Blu-ray movies,collecting tips; bargain hunting,The creator offers advice and price-tracking strategies for building an affordable 4K and Blu-ray movie collection.,"Tips for start a buy ray and 4K movie collection. #physicalmedia #physicalmediaforever #bluray #4kbluray  [{'id': None, 'name': 'physicalmedia', 'title': None, 'cover': None}, {'id': None, 'name': 'physicalmediaforever', 'title': None, 'cover': None}, {'id': None, 'name': 'bluray', 'title': None, 'cover': None}, {'id': None, 'name': '4kbluray', 'title': None, 'cover': None}]",17600.0,Physical media (Blu-ray/DVD/steelbook/VHS/CD/vinyl/books)
tt_comm,tiktok_video:local_6bb4c328fe64c0f321d90f6666012d207e0149de3ea451aaad57016658464316,4K Blu-ray; Blu-ray movies,new releases; movie showcase,"A creator presents new 4K and Blu-ray physical media releases, highlighting cover art and bonus features.","New BluRay & 4K Releases!!!

#movies #physicalmedia #fyp #4k #bluray @Disney @Sony Pictures @Vinegar Syndrome  [{'id': None, 'name': 'movies', 'title': None, 'cover': None}, {'id': None, 'name': 'physicalmedia', 'title': None, 'cover': None}, {'id': None, 'name': 'fyp', 'title': None, 'cover': None}, {'id': None, 'name': '4k', 'title': None, 'cover': None}, {'id': None, 'name': 'bluray', 'title': None, 'cover': None}]",738.0,Physical media (Blu-ray/DVD/steelbook/VHS/CD/vinyl/books)
tt_comm,tiktok_video:local_83b3e2eb73b816e4b03f81b0dc3ac598109f2b19f10d1f9a07b3602b8066e844,4K Ultra HD; Blu-ray movies,retail shopping; new releases,A creator browses retail store shelves highlighting newly released 4K Ultra HD and Blu-ray movie titles.,"Best day of the week! 😁 #newreleasetuesday #4k #bluray #toystory #evildead  [{'id': None, 'name': 'newreleasetuesday', 'title': None, 'cover': None}, {'id': None, 'name': '4k', 'title': None, 'cover': None}, {'id': None, 'name': 'bluray', 'title': None, 'cover': None}, {'id': None, 'name': 'toystory', 'title': None, 'cover': None}, {'id': None, 'name': 'evildead', 'title': None, 'cover': None}]",5127.0,Physical media (Blu-ray/DVD/steelbook/VHS/CD/vinyl/books)
tt_comm,tiktok_video:local_a5ce4aa58e60b5a9e5ac0fc3da6b6d72b8ae3eca4b8457d17799dbc911b5bbc4,gaming console; 4K Blu-ray,console playback; user experience,A creator shares an experience regarding playing 4K Blu-ray discs on a PlayStation 5 console.,"Dolby Vision was the cherry on top #physicalmedia #4kbluray #filmtok #ps5 #fyp  [{'id': None, 'name': 'physicalmedia', 'title': None, 'cover': None}, {'id': None, 'name': '4kbluray', 'title': None, 'cover': None}, {'id': None, 'name': 'filmtok', 'title': None, 'cover': None}, {'id': None, 'name': 'ps5', 'title': None, 'cover': None}, {'id': None, 'name': 'fyp', 'title': None, 'cover': None}]",196700.0,Physical media (Blu-ray/DVD/steelbook/VHS/CD/vinyl/books)
tt_comm,tiktok_video:local_def7d416c871f46bd51a593885d4fbdae2e9d61589db4b54794891869ca10d66,4K UHD Blu-ray; physical movies,movie viewing; physical media,A creator showcases watching animated movies on 4K UHD Blu-ray on their television screen.,"Watching minions and monsters on 4K U HD Blu-ray #4kuhdbluray #minionsandmonsters #physicalmovies  #physicalmedia  [{'id': None, 'name': '4kuhdbluray', 'title': None, 'cover': None}, {'id': None, 'name': 'minionsandmonsters', 'title': None, 'cover': None}, {'id': None, 'name': 'physicalmovies', 'title': None, 'cover': None}, {'id': None, 'name': 'physicalmedia', 'title': None, 'cover': None}]",1475.0,Physical media (Blu-ray/DVD/steelbook/VHS/CD/vinyl/books)
tt_comm,tiktok_video:local_4a91348fca3a55dbc810d99f2ad82e321b56b0cffd54470d54c2b4b7e3a4d028,Disney 4K Blu-ray; slipcovers,collection showcase; physical media,A collector displays their collection of Disney animated 4K Blu-ray movies with slipcovers.,"My Disney Animated 4K Bluray Collection (No Pixar)#4KBluray #bluraycollection #disney #PhysicalMedia #slipcover  [{'id': None, 'name': '4kbluray', 'title': None, 'cover': None}, {'id': None, 'name': 'bluraycollection', 'title': None, 'cover': None}, {'id': None, 'name': 'disney', 'title': None, 'cover': None}, {'id': None, 'name': 'physicalmedia', 'title': None, 'cover': None}, {'id': None, 'name': 'slipcover', 'title': None, 'cover': None}]",20300.0,Physical media (Blu-ray/DVD/steelbook/VHS/CD/vinyl/books)
tt_comm,tiktok_video:local_22ac8bd6abb17f170ceb8255d9aef8fee07e320b239dd25ee50813ead68fcbd0,4K Blu-ray; Blu-ray discs,recommendations; bargain hunting,"The creator recommends four 4K Blu-ray movies for television viewing, noting they were purchased on sale.","Four 4K Blu-Rays that really bring out the best in your TV (PS. All of these discs, I bought on sale and rarely do I pay full price. There always seems to be a site that is running a sale on a decent amount of movies) #4kbluray #physicalmedia #dvd #bluray  [{'id': None, 'name': '4kbluray', 'title': None, 'cover': None}, {'id': None, 'name': 'physicalmedia', 'title': None, 'cover': None}, {'id': None, 'name': 'dvd', 'title': None, 'cover': None}, {'id': None, 'name': 'bluray', 'title': None, 'cover': None}]",5965.0,Physical media (Blu-ray/DVD/steelbook/VHS/CD/vinyl/books)
tt_comm,tiktok_video:local_941af937a48016eb62d1a560ba99adef621cd6dda7ed00009f4bbe615a834df3,4K Blu-ray; limited editions,unboxing; film collecting,"A creator unboxes a limited edition Arrow Video 4K Blu-ray release of The Good, the Bad and the Ugly.","The Good, the Bad and the Ugly 🪦 Unboxing the Limited Edition 4K Blu-ray from @Arrow Video #physicalmedia #filmcollector #bluraycollector #unboxing #arrowvideo  [{'id': None, 'name': 'physicalmedia', 'title': None, 'cover': None}, {'id': None, 'name': 'filmcollector', 'title': None, 'cover': None}, {'id': None, 'name': 'bluraycollector', 'title': None, 'cover': None}, {'id': None, 'name': 'unboxing', 'title': None, 'cover': None}, {'id': None, 'name': 'arrowvideo', 'title': None, 'cover': None}]",668.0,Physical media (Blu-ray/DVD/steelbook/VHS/CD/vinyl/books)
tt_comm,tiktok_video:local_91294a8c522baa9ab69943cc7ed89ec707655c57d88f9c2b21df5516fafd51ed,4K Steelbook; Blu-ray,unboxing; order delivery,A creator unboxes an Amazon delivery containing a Toy Story 4K Steelbook.,"I got Toy Story 4K Steelbook from Amazon online yesterday and I got it today!
#toystory5 #disneypixar #4kbluray #steelbooks  [{'id': None, 'name': 'toystory5', 'title': None, 'cover': None}, {'id': None, 'name': 'disneypixar', 'title': None, 'cover': None}, {'id': None, 'name': '4kbluray', 'title': None, 'cover': None}, {'id': None, 'name': 'steelbooks', 'title': None, 'cover': None}]",145.0,Physical media (Blu-ray/DVD/steelbook/VHS/CD/vinyl/books)
tt_comm,tiktok_video:local_1c21b9a4f572ab9231c4b6c05c8c12e95a585795ed66c3b9f246f031cb846786,4K Blu-ray; physical media,movie collection; movie review,The creator showcases a 2001: A Space Odyssey 4K Blu-ray from their physical media collection.,"2001: A Space Odyssey was way ahead of its time. Is this the greatest sci-fi movie ever made? 

#2001aspaceodyssey #stanleykubrick #physicalmedia #moviecollection #4kbluray  [{'id': None, 'name': '2001aspaceodyssey', 'title': None, 'cover': None}, {'id': None, 'name': 'stanleykubrick', 'title': None, 'cover': None}, {'id': None, 'name': 'physicalmedia', 'title': None, 'cover': None}, {'id': None, 'name': 'moviecollection', 'title': None, 'cover': None}, {'id': None, 'name': '4kbluray', 'title': None, 'cover': None}]",1681.0,Physical media (Blu-ray/DVD/steelbook/VHS/CD/vinyl/books)
tt_comm,tiktok_video:local_c8244ad8d9527cfdd2de9426969fcffdad5c4b9cb6c9299214c1617a4d24330d,4K Blu-ray; physical media,unboxing; haul,The creator unboxes a haul of 4K Blu-ray horror movies ordered from Gruv.,"I ordered a few 4k blurays from one of Gruv’s deals and it has arrived! #physicalmedia #4kbluray #filmtok #haul #fyp  [{'id': None, 'name': 'physicalmedia', 'title': None, 'cover': None}, {'id': None, 'name': '4kbluray', 'title': None, 'cover': None}, {'id': None, 'name': 'filmtok', 'title': None, 'cover': None}, {'id': None, 'name': 'haul', 'title': None, 'cover': None}, {'id': None, 'name': 'fyp', 'title': None, 'cover': None}]",8309.0,Physical media (Blu-ray/DVD/steelbook/VHS/CD/vinyl/books)
tt_comm,tiktok_video:local_5863fcd2f3b8bcfdc8d433e9531d92ed7ea1c2d5802f2c5dd816b0ddc5aba7d6,4K Blu-ray; limited edition,unboxing; collection showcase,The creator unboxes an Arrow Video limited edition 4K Blu-ray release of For a Few Dollars More.,"For a Few Dollars More 💵 Unboxing the Limited Edition 4K Blu-ray from @Arrow Video 
-
-
#physicalmedia #filmcollector #bluraycollector #movierecommendations #movieunboxing  [{'id': None, 'name': 'physicalmedia', 'title': None, 'cover': None}, {'id': None, 'name': 'filmcollector', 'title': None, 'cover': None}, {'id': None, 'name': 'bluraycollector', 'title': None, 'cover': None}, {'id': None, 'name': 'movierecommendations', 'title': None, 'cover': None}, {'id': None, 'name': 'movieunboxing', 'title': None, 'cover': None}]",1425.0,Physical media (Blu-ray/DVD/steelbook/VHS/CD/vinyl/books)
tt_comm,tiktok_video:local_ebf6a3da7715f3270b43313a2d52ac1c04fbc8e45b90d7afa9950a8c595242eb,4K Blu-ray; physical media,collection showcase; movie review,The creator highlights a 4K Blu-ray copy of Blade Runner: The Final Cut from their collection.,"Blade Runner is one of the best looking sci-fi movies I’ve seen.

#bladerunner #physicalmedia #moviecollection #4kbluray  [{'id': None, 'name': 'bladerunner', 'title': None, 'cover': None}, {'id': None, 'name': 'physicalmedia', 'title': None, 'cover': None}, {'id': None, 'name': 'moviecollection', 'title': None, 'cover': None}, {'id': None, 'name': '4kbluray', 'title': None, 'cover': None}]",1366.0,Physical media (Blu-ray/DVD/steelbook/VHS/CD/vinyl/books)
tt_comm,tiktok_video:local_ef6f2b378a809fd76a393a58ef3893977d5924e7a4f1bbed9a655ac1e03fd64a,video games; retro games,collection showcase,"The creator shares a quick tour of their massive collection of roughly 12,000 video games.","A Quick Look at my collection of around 12,000 video games! #creatorsearchinsights 
#gamingsetup #gamerlife #collection #nostalgia  [{'id': None, 'name': 'creatorsearchinsights', 'title': None, 'cover': None}, {'id': None, 'name': 'gamingsetup', 'title': None, 'cover': None}, {'id': None, 'name': 'gamerlife', 'title': None, 'cover': None}, {'id': None, 'name': 'collection', 'title': None, 'cover': None}, {'id': None, 'name': 'nostalgia', 'title': None, 'cover': None}]",181100.0,Video games and retro gaming
tt_comm,tiktok_video:local_6fbc29058667a06cb564f2e546a56c492554f99f50b1e31a110ca22ef617b456,video games; PS5 game,unboxing; backlog,The creator unboxes a PS5 game and adds it to a large shelf collection of unplayed games.,"Who can relate 😔 #gaming #ps5 #collection 
@Hunter  [{'id': None, 'name': 'gaming', 'title': None, 'cover': None}, {'id': None, 'name': 'ps5', 'title': None, 'cover': None}, {'id': None, 'name': 'collection', 'title': None, 'cover': None}]",98500.0,Video games and retro gaming
tt_comm,tiktok_video:local_b9d90dffe08671f153661ae36b9b49e8786427116aceb3738106b1c38e48deac,video games; retro games,collection showcase; game room,The creator shares a look at their 30-year video game collection and room setup.,"whoops, I meant to say 30 years of collecting lawl. I've been busy doing yard work and gardening, I can't think of a reel idea as I am really exhausted. I usually resort to sharing my collection since it's a lot easier for me.

And.. more yard work tomorrow 😭
.
.
.
.
.
#retrogamecollector #moderngaming #moderninteriordesign #gameroomsetup #gaygamer  [{'id': None, 'name': 'retrogamecollector', 'title': None, 'cover': None}, {'id': None, 'name': 'moderngaming', 'title': None, 'cover': None}, {'id': None, 'name': 'moderninteriordesign', 'title': None, 'cover': None}, {'id': None, 'name': 'gameroomsetup', 'title': None, 'cover': None}, {'id': None, 'name': 'gaygamer', 'title': None, 'cover': None}]",52800.0,Video games and retro gaming
tt_comm,tiktok_video:local_4299a33494137c5cec498fed545052fe587dd3d4fa6245d75ea9310089bd1452,collector's box; video game memorabilia,unboxing; gift,The creator unboxes a Red Dead Redemption 2 collector's box received as a birthday gift.,"Unboxing coffret collector Red Dead Redemption 2 🤠

Le plus grand jeu vidéo auquel j'ai joué, chef d'oeuvre absolu en avance sur son temps.

Le plus beau cadeau d'anniversaire qu'on puisse m'offrir 🎂

#reddeadredemption2 #collector #jeuxvideo #gaming #fyp @Rockstar Games @Photoingame  [{'id': None, 'name': 'reddeadredemption2', 'title': None, 'cover': None}, {'id': None, 'name': 'collector', 'title': None, 'cover': None}, {'id': None, 'name': 'jeuxvideo', 'title': None, 'cover': None}, {'id': None, 'name': 'gaming', 'title': None, 'cover': None}, {'id': None, 'name': 'fyp', 'title': None, 'cover': None}]",332300.0,Video games and retro gaming
tt_comm,tiktok_video:local_4ec55e85fb09ec71c2168961a86ebfb1b6322c329cc6e53bc1b331961b3810fb,retro video games,collection showcase; market discussion,"A creator reorganizes shelves for incoming childhood games, noting the deflating retro game market makes it a good time to buy.","Reorganizing our shelves during lunch since we got a huge batch of our childhood games coming in the mail next couple of weeks. 

Since the retrogame market has finally deflated and it's facing a correction, we thought it would be a good time to get them. I just hope it goes down even further for others to get. :) 
.
.
.
.
.
#retrogamecollector #gameshelf #gamercouple #videogamer #gaygamer [{'id': None, 'name': 'retrogamecollector', 'title': None, 'cover': None}, {'id': None, 'name': 'gameshelf', 'title': None, 'cover': None}, {'id': None, 'name': 'gamercouple', 'title': None, 'cover': None}, {'id': None, 'name': 'videogamer', 'title': None, 'cover': None}, {'id': None, 'name': 'gaygamer', 'title': None, 'cover': None}]",2311.0,Video games and retro gaming
tt_comm,tiktok_video:local_884e7086d72250e622224200617690bd912e998044f76e0786b2c06296654af5,video games,collecting advice,A creator responds to a comment by offering tips and advice on collecting video games in front of their collection.,"Replying to @jayson_miller123 Here's a few tips that work for me and my videogame collecting. Hope this helps and good luck

#videogames #videogamecollector #videogamecollection #retrogames #retrogaming #gaming #advice  [{'id': None, 'name': 'videogames', 'title': None, 'cover': None}, {'id': None, 'name': 'videogamecollector', 'title': None, 'cover': None}, {'id': None, 'name': 'videogamecollection', 'title': None, 'cover': None}, {'id': None, 'name': 'retrogames', 'title': None, 'cover': None}, {'id': None, 'name': 'retrogaming', 'title': None, 'cover': None}, {'id': None, 'name': 'gaming', 'title': None, 'cover': None}, {'id': None, 'name': 'advice', 'title': None, 'cover': None}]",6140.0,Video games and retro gaming
tt_comm,tiktok_video:local_c6f21704b421caee8315ae292f9e5de6280838e839702126c82f30621953ac79,retro gaming consoles; retro video games,collection showcase,"A video presents an extensive collection of retro gaming consoles, controllers, and game cartridges organized on shelves.","#retrocollection #retrogaming #retro #retrogamer #retrogames #nintendo #90s #videogames #retrocollector #ps #gaming #playstation #sega #gamer #games #retrogame #80s #gameroom #gamerlife #retrocommunity #videogame #gamecollection #collector #mancave #videogamecollection #classicgaming #atari #collection #collecting  [{'id': None, 'name': 'retrocollection', 'title': None, 'cover': None}, {'id': None, 'name': 'retrogaming', 'title': None, 'cover': None}, {'id': None, 'name': 'retro', 'title': None, 'cover': None}, {'id': None, 'name': 'retrogamer', 'title': None, 'cover': None}, {'id': None, 'name': 'retrogames', 'title': None, 'cover': None}, {'id': None, 'name': 'nintendo', 'title': None, 'cover': None}, {'id': None, 'name': '90s', 'title': None, 'cover': None}, {'id': None, 'name': 'videogames', 'title': None, 'cover': None}, {'id': None, 'name': 'retrocollector', 'title': None, 'cover': None}, {'id': None, 'name': 'ps', 'title': None, 'cover': None}, {'id': None, 'name': 'gaming', 'title': None, 'cover': None}, {'id': None, 'name': 'playstation', 'title': None, 'cover': None}, {'id': None, 'name': 'sega', 'title': None, 'cover': None}, {'id': None, 'name': 'gamer', 'title': None, 'cover': None}, {'id': None, 'name': 'games', 'title': None, 'cover': None}, {'id': None, 'name': 'retrogame', 'title': None, 'cover': None}, {'id': None, 'name': '80s', 'title': None, 'cover': None}, {'id': None, 'name': 'gameroom', 'title': None, 'cover': None}, {'id': None, 'name': 'gamerlife', 'title': None, 'cover': None}, {'id': None, 'name': 'retrocommunity', 'title': None, 'cover': None}, {'id': None, 'name': 'videogame', 'title': None, 'cover': None}, {'id': None, 'name': 'gamecollection', 'title': None, 'cover': None}, {'id': None, 'name': 'collector', 'title': None, 'cover': None}, {'id': None, 'name': 'mancave', 'title': None, 'cover': None}, {'id': None, 'name': 'videogamecollection', 'title': None, 'cover': None}, {'id': None, 'name': 'classicgaming', 'title': None, 'cover': None}, {'id': None, 'name': 'atari', 'title': None, 'cover': None}, {'id': None, 'name': 'collection', 'title': None, 'cover': None}, {'id': None, 'name': 'collecting', 'title': None, 'cover': None}]",1700000.0,Video games and retro gaming
tt_comm,tiktok_video:local_aec5001676f7d92423a711f9dc2ad07aedb372df25056c8979eac4dfe3aa0ed3,retro gaming console; emulation console,product showcase; item promotion,"A creator showcases a Retro TV Pixxel console, highlighting its multi-console emulation and library of preloaded classic games.","Retrotvpixel 🕹️🎮 Has more than 50+ consoles and 70,000 classic retro games! Including ps2,Xbox,psp and much more!🤩#retrogaming #gameconsoles #retroconsole #tiktokmademebuyit  [{'id': None, 'name': 'retrogaming', 'title': None, 'cover': None}, {'id': None, 'name': 'gameconsoles', 'title': None, 'cover': None}, {'id': None, 'name': 'retroconsole', 'title': None, 'cover': None}, {'id': None, 'name': 'tiktokmademebuyit', 'title': None, 'cover': None}]",186600.0,Video games and retro gaming
tt_comm,tiktok_video:local_26cc33ba93720361e261343aa6b96249272c2943e7003b18fb99c9cb45408df0,handheld consoles; video games,collection haul; reselling,"A creator displays a large acquired lot of video games and Game Boy Advance consoles, inviting viewers to message for buying or selling.","this was the biggest videogame collection i’ve ever bought 

dm to buy/sell
follow for more

#itemobject #pokemon #nintendo #videogames #nostalgia  [{'id': None, 'name': 'itemobject', 'title': None, 'cover': None}, {'id': None, 'name': 'pokemon', 'title': None, 'cover': None}, {'id': None, 'name': 'nintendo', 'title': None, 'cover': None}, {'id': None, 'name': 'videogames', 'title': None, 'cover': None}, {'id': None, 'name': 'nostalgia', 'title': None, 'cover': None}]",6235.0,Video games and retro gaming
tt_comm,tiktok_video:local_c6f5eaf80c43695dcca0d18ba528625c03b1d86a1d33cec3a5d9a58a074f6780,collector's edition video game; video game memorabilia,unboxing,"A creator unboxes the God of War Ragnarok Collector's Edition for PS5, showing contents like a Mjolnir hammer replica.","Unboxing God of War Ragnarok Collectors Edition for PS5  

#fyp #foryou #foryoupage #viral #tiktok #trending #follow #tiktokbrasil #explore #video #f #unboxingvideos #unboxing #therapy #gamers #gta6 [{'id': None, 'name': 'fyp', 'title': None, 'cover': None}, {'id': None, 'name': 'foryou', 'title': None, 'cover': None}, {'id': None, 'name': 'foryoupage', 'title': None, 'cover': None}, {'id': None, 'name': 'viral', 'title': None, 'cover': None}, {'id': None, 'name': 'tiktok', 'title': None, 'cover': None}, {'id': None, 'name': 'trending', 'title': None, 'cover': None}, {'id': None, 'name': 'follow', 'title': None, 'cover': None}, {'id': None, 'name': 'tiktokbrasil', 'title': None, 'cover': None}, {'id': None, 'name': 'explore', 'title': None, 'cover': None}, {'id': None, 'name': 'video', 'title': None, 'cover': None}, {'id': None, 'name': 'f', 'title': None, 'cover': None}, {'id': None, 'name': 'unboxingvideos', 'title': None, 'cover': None}, {'id': None, 'name': 'unboxing', 'title': None, 'cover': None}, {'id': None, 'name': 'therapy', 'title': None, 'cover': None}, {'id': None, 'name': 'gamers', 'title': None, 'cover': None}, {'id': None, 'name': 'gta6', 'title': None, 'cover': None}]",1000000.0,Video games and retro gaming
tt_comm,tiktok_video:local_29b339571af11027302d0a89aa4b6258f5b94b97c0f0d1ec29a356db9114ba83,retro gaming consoles; vintage video games,collection maintenance; gameroom showcase,A creator documents the process of cleaning and organizing vintage consoles and game cartridges in their retro games room.,"Cleaning a collection is no joke 🤣 but I love my retro games room ♥️ #retrogames #gamesroom #collector #fyp #retrogaming  [{'id': None, 'name': 'retrogames', 'title': None, 'cover': None}, {'id': None, 'name': 'gamesroom', 'title': None, 'cover': None}, {'id': None, 'name': 'collector', 'title': None, 'cover': None}, {'id': None, 'name': 'fyp', 'title': None, 'cover': None}, {'id': None, 'name': 'retrogaming', 'title': None, 'cover': None}]",10600.0,Video games and retro gaming
tt_comm,tiktok_video:local_57a7fed989867997cb7f9ac3a784a245dfa6c8b8cccca3575a6c9a54de3381dc,Nintendo Switch games; physical media,collection showcase; organization,"A creator aligns physical Nintendo Switch game cases on a shelf, highlighting the satisfaction of physical media collecting.","These are the things that make physical game collecting so satisfying #gaming #switch2 #nintendoswitch #gamecollection #gameroom  [{'id': None, 'name': 'gaming', 'title': None, 'cover': None}, {'id': None, 'name': 'switch2', 'title': None, 'cover': None}, {'id': None, 'name': 'nintendoswitch', 'title': None, 'cover': None}, {'id': None, 'name': 'gamecollection', 'title': None, 'cover': None}, {'id': None, 'name': 'gameroom', 'title': None, 'cover': None}]",134600.0,Physical media (Blu-ray/DVD/steelbook/VHS/CD/vinyl/books)
tt_comm,tiktok_video:local_158a07f94e38e633a9e11a379f7635d0c88dec002e43737933f3ad05dcb34878,Nintendo Switch; video games,collection tour; rare item showcase,A creator tours their Nintendo game collection and highlights a rare Thunderbolt Pokémon Fragment edition Nintendo Switch console.,"I have EVERY Nintendo Switch Game! 😅 (... I think?) #Nintendo #nintendoswitch #switch #videogame #collector #collecting #gaming #games #pokemon #gameroom #gameroomtour  [{'id': None, 'name': 'nintendo', 'title': None, 'cover': None}, {'id': None, 'name': 'nintendoswitch', 'title': None, 'cover': None}, {'id': None, 'name': 'switch', 'title': None, 'cover': None}, {'id': None, 'name': 'videogame', 'title': None, 'cover': None}, {'id': None, 'name': 'collector', 'title': None, 'cover': None}, {'id': None, 'name': 'collecting', 'title': None, 'cover': None}, {'id': None, 'name': 'gaming', 'title': None, 'cover': None}, {'id': None, 'name': 'games', 'title': None, 'cover': None}, {'id': None, 'name': 'pokemon', 'title': None, 'cover': None}, {'id': None, 'name': 'gameroom', 'title': None, 'cover': None}, {'id': None, 'name': 'gameroomtour', 'title': None, 'cover': None}]",100800.0,Video games and retro gaming
tt_comm,tiktok_video:local_5863a1f4d007b5549234cd51d8a073168fcef2467ff73f3b88cbcc5280c2a671,video games,budget collecting; advice,A creator presents a stack of video games while arguing that building a game collection does not require excessive spending.,"You don’t need to break the bank to build a game collection #gaming #gamecollector #gameroom #retrogaming  [{'id': None, 'name': 'gaming', 'title': None, 'cover': None}, {'id': None, 'name': 'gamecollector', 'title': None, 'cover': None}, {'id': None, 'name': 'gameroom', 'title': None, 'cover': None}, {'id': None, 'name': 'retrogaming', 'title': None, 'cover': None}]",1258.0,Video games and retro gaming
tt_comm,tiktok_video:local_ac9fbcbbef1a995848c6b8b7a88b3093913d1595c806720942c6661a8add888b,video game memorabilia; action figures,collection showcase,"The creator displays an extensive collection of The Last of Us merchandise, games, and figures.","My collection 🤭 #tlou #thelastofus #thelastofus2 #gamecollection #collector @Naughty Dog  [{'id': None, 'name': 'tlou', 'title': None, 'cover': None}, {'id': None, 'name': 'thelastofus', 'title': None, 'cover': None}, {'id': None, 'name': 'thelastofus2', 'title': None, 'cover': None}, {'id': None, 'name': 'gamecollection', 'title': None, 'cover': None}, {'id': None, 'name': 'collector', 'title': None, 'cover': None}]",527100.0,Video games and retro gaming
tt_comm,tiktok_video:local_33a79f8780ec5c519805a0b1b290447cffb00e71e99fac8c262303cd39a43c75,video games; physical media,collection showcase,A creator shows a small set of Switch 2 cases alongside a large collection of physical Switch 1 games.,"My Switch 2 Collection will probably remain this small for a long time. I just prefer not to get Game Key Cards.
.
.
.
.
.
#nintendoswitch2 #nintendoswitchcollection #gamecollection #gameroomdecor #gaygamer [{'id': None, 'name': 'nintendoswitch2', 'title': None, 'cover': None}, {'id': None, 'name': 'nintendoswitchcollection', 'title': None, 'cover': None}, {'id': None, 'name': 'gamecollection', 'title': None, 'cover': None}, {'id': None, 'name': 'gameroomdecor', 'title': None, 'cover': None}, {'id': None, 'name': 'gaygamer', 'title': None, 'cover': None}]",516400.0,Physical media (Blu-ray/DVD/steelbook/VHS/CD/vinyl/books)
tt_comm,tiktok_video:local_85aaefb32511d05280bb230aaf7d945ca0f20a6ed33286a26a45c9dbc06a5790,video games; physical media,diy customization; collection display,The creator demonstrates printing custom aesthetic spine inserts to upgrade the look of their game collection.,"I should’ve done this sooner my collection looks so much after this 🥹 #nintendo #nintendoswitch #gamecollection #physicalmedia #gaming  [{'id': None, 'name': 'nintendo', 'title': None, 'cover': None}, {'id': None, 'name': 'nintendoswitch', 'title': None, 'cover': None}, {'id': None, 'name': 'gamecollection', 'title': None, 'cover': None}, {'id': None, 'name': 'physicalmedia', 'title': None, 'cover': None}, {'id': None, 'name': 'gaming', 'title': None, 'cover': None}]",212600.0,Physical media (Blu-ray/DVD/steelbook/VHS/CD/vinyl/books)
tt_comm,tiktok_video:local_850bba9b782dbfab0cc304446a994a1473a277d0589a6d1e14573a5dbce91aad,video games; retro gaming,collection showcase,The creator shares an update on their growing physical video game collection housed in a new media cabinet.,"My physical game collection has grown so much over the last few months. 🎮

Visiting local game shops, finding hidden gems, and meeting people who share the same passion for collecting has been one of the best parts of the journey. The collection has grown enough that I recently picked up a new media cabinet to give everything a proper home, so here’s an update on what I’ve collected so far.

What’s one game in your collection that you’ll never get rid of? 👇

#physicalmedia #gamecollection #retrogaming #gamingsetup #gaminglife  [{'id': None, 'name': 'physicalmedia', 'title': None, 'cover': None}, {'id': None, 'name': 'gamecollection', 'title': None, 'cover': None}, {'id': None, 'name': 'retrogaming', 'title': None, 'cover': None}, {'id': None, 'name': 'gamingsetup', 'title': None, 'cover': None}, {'id': None, 'name': 'gaminglife', 'title': None, 'cover': None}]",40400.0,Video games and retro gaming
tt_comm,tiktok_video:local_4ad40e2a3b29cbd8c8fe263ed2b0d1e51c5f4f8e8bfe12cf07435f0bfb85e825,video games; physical media,collection showcase,The creator showcases an enormous stack representing nine years of collecting physical Nintendo Switch games.,"This is what 9 years of playing on the Switch looks like. Would you believe this isn’t even ALL of my switch games?

#nintendo #switch #switch2 #gamecollection #fyp  [{'id': None, 'name': 'nintendo', 'title': None, 'cover': None}, {'id': None, 'name': 'switch', 'title': None, 'cover': None}, {'id': None, 'name': 'switch2', 'title': None, 'cover': None}, {'id': None, 'name': 'gamecollection', 'title': None, 'cover': None}, {'id': None, 'name': 'fyp', 'title': None, 'cover': None}]",453600.0,Physical media (Blu-ray/DVD/steelbook/VHS/CD/vinyl/books)
tt_comm,tiktok_video:local_2fb6775c2b6cb4fb064d4d4cc638617089c2bec86827c89661e050c1ecad3f97,k-pop music; lyrics,music video; fan content,Color-coded lyric video for the song Gameboy by K-pop girl group KATSEYE.,"Gameboy - KATSEYE (캣츠아이) (Color Coded Lyrics) #KATSEYE #lyrics #viral #fyp #HYBE  [{'id': None, 'name': 'KATSEYE', 'title': None, 'cover': None}, {'id': None, 'name': 'lyrics', 'title': None, 'cover': None}, {'id': None, 'name': 'viral', 'title': None, 'cover': None}, {'id': None, 'name': 'fyp', 'title': None, 'cover': None}, {'id': None, 'name': 'HYBE', 'title': None, 'cover': None}]",48000.0,Unassigned (mixed/other)
tt_comm,tiktok_video:local_a25d8e43d330456071038d662c20cda12c5d0f22e24e8509c52e99f10376aff6,k-pop music,music clip; group lineup commentary,Clip featuring KATSEYE performing Gameboy while the creator comments on group member count.,"Ngl they better use tf outta April 1st! Have Manon pull up like April fools day. 5 ain’t it, it’s always gonna be 6 or nothing at all! There’s too much going on and they’re still pretty new.😭🫠
.
.
.
.
.
.
#katseye #gameboy #fyp #2020smusic #meretmanon  [{'id': None, 'name': 'katseye', 'title': None, 'cover': None}, {'id': None, 'name': 'gameboy', 'title': None, 'cover': None}, {'id': None, 'name': 'fyp', 'title': None, 'cover': None}, {'id': None, 'name': '2020smusic', 'title': None, 'cover': None}, {'id': None, 'name': 'meretmanon', 'title': None, 'cover': None}]",109700.0,Unassigned (mixed/other)
tt_comm,tiktok_video:local_ed333847b92549d86b768ad2c2d7bf986e63d4f4c874df21899b11034e536d07,Blu-ray; physical media,new release; shopping haul,The creator shows new movie releases in a store and selects a Blu-ray to purchase.,"It’s new release Tuesday! Today I’m just taking 1 😮‍💨 

Out now from @Disney @Pixar we got ✨Toy Story 5 

& 

From @Warner Bros Pictures we got ✨Evil Dead Burn 

Which one did you pick up? Let me know ! 

#bluray #physicalmedia #moviecollection #bluraycollector #bluraycollection  [{'id': None, 'name': 'bluray', 'title': None, 'cover': None}, {'id': None, 'name': 'physicalmedia', 'title': None, 'cover': None}, {'id': None, 'name': 'moviecollection', 'title': None, 'cover': None}, {'id': None, 'name': 'bluraycollector', 'title': None, 'cover': None}, {'id': None, 'name': 'bluraycollection', 'title': None, 'cover': None}]",5358.0,Physical media (Blu-ray/DVD/steelbook/VHS/CD/vinyl/books)
tt_comm,tiktok_video:local_31a9441408805c354897e806f442322f9f8d148b0dbfbb1689a6e6a05d22f624,Blu-ray; physical media,collection showcase; organization,A movie enthusiast starts reorganizing their extensive personal Blu-ray collection.,"Started the slow process of reorganizing the movie room! #physicalmedia #bluraycollection #trending #moviecollection #fyp  [{'id': None, 'name': 'physicalmedia', 'title': None, 'cover': None}, {'id': None, 'name': 'bluraycollection', 'title': None, 'cover': None}, {'id': None, 'name': 'trending', 'title': None, 'cover': None}, {'id': None, 'name': 'moviecollection', 'title': None, 'cover': None}, {'id': None, 'name': 'fyp', 'title': None, 'cover': None}]",389.0,Physical media (Blu-ray/DVD/steelbook/VHS/CD/vinyl/books)
tt_comm,tiktok_video:local_d821cc09d34db32364f9cb65af753e713bbe9ecc6319c89f1ab5b72e99e6661b,Blu-ray; steelbook; franchise memorabilia,collection showcase,A collector displays their 'Back to the Future' memorabilia and physical media collection.,"Replying to @coby.b61 #backtothefuture #physicalmedia #steelbook #bluraycollection #vintage  [{'id': None, 'name': 'backtothefuture', 'title': None, 'cover': None}, {'id': None, 'name': 'physicalmedia', 'title': None, 'cover': None}, {'id': None, 'name': 'steelbook', 'title': None, 'cover': None}, {'id': None, 'name': 'bluraycollection', 'title': None, 'cover': None}, {'id': None, 'name': 'vintage', 'title': None, 'cover': None}]",515.0,Physical media (Blu-ray/DVD/steelbook/VHS/CD/vinyl/books)
tt_comm,tiktok_video:local_cbe5d95eb903aacfa6e425ef4a9ca45afeb4d01fd49d0258fad511e6e5b33427,Blu-ray; physical media,collection showcase,The creator shows the first part of their curated 30-movie Blu-ray collection.,Part 1/2 of my entire blu-ray collection as of 09/2026. I have a bit over 30 movies each of these I love as I don’t really blind buy or buy movies I know I don’t like. [],7.0,Physical media (Blu-ray/DVD/steelbook/VHS/CD/vinyl/books)
tt_comm,tiktok_video:local_55d25d6c3a7d8d6491082256ba4c83f00e1359341972bfa851178bc850ef8431,Blu-ray; 4K Ultra HD,collection showcase,The creator displays the second shelf of their physical media and Blu-ray collection.,Pt 2/2 the second shelf of the Blu-ray collection. I’ll do a game collection short overhaul next. [],38.0,Physical media (Blu-ray/DVD/steelbook/VHS/CD/vinyl/books)
tt_comm,tiktok_video:local_2ffdb6a4d6712f574b02809f63531a6cb589986ceb1281d4217ddb86e93fcb44,Blu-ray; box set,inspection; unboxing,A collector inspects 39 discs from a newly acquired House M.D. Blu-ray box set.,"Let’s check through 39 Blu-ray Discs in my new House MD purchase to make sure they’re all ok! #physicalmedia #physicalmediacollector #bluray #housemd #dvdcollection  [{'id': None, 'name': 'physicalmedia', 'title': None, 'cover': None}, {'id': None, 'name': 'physicalmediacollector', 'title': None, 'cover': None}, {'id': None, 'name': 'bluray', 'title': None, 'cover': None}, {'id': None, 'name': 'housemd', 'title': None, 'cover': None}, {'id': None, 'name': 'dvdcollection', 'title': None, 'cover': None}]",28100.0,Physical media (Blu-ray/DVD/steelbook/VHS/CD/vinyl/books)
tt_comm,tiktok_video:local_4492b026b178e25d65dee6905c45ae5817dd746db0e29c89d46274c01f332fcb,Blu-ray/DVDs; physical media,collection display; packing,A creator shows packing up a massive physical media collection of over 5000 movies into bins with bubble wrap.,"Over 5000 movies in various formats… and unlimited bubble wrap?!? I wish!! Someone sponsor me so I can have unlimited bubble wrap please 🥹
•
•
•
#moviecollector #moviecollection #physicalmedia #physicalmediacollector #physicalmediaforever #physicalmediacollection #bluraycollector #bluraycollection #moving #packing [{'id': None, 'name': 'moviecollector', 'title': None, 'cover': None}, {'id': None, 'name': 'moviecollection', 'title': None, 'cover': None}, {'id': None, 'name': 'physicalmedia', 'title': None, 'cover': None}, {'id': None, 'name': 'physicalmediacollector', 'title': None, 'cover': None}, {'id': None, 'name': 'physicalmediaforever', 'title': None, 'cover': None}, {'id': None, 'name': 'physicalmediacollection', 'title': None, 'cover': None}, {'id': None, 'name': 'bluraycollector', 'title': None, 'cover': None}, {'id': None, 'name': 'bluraycollection', 'title': None, 'cover': None}, {'id': None, 'name': 'moving', 'title': None, 'cover': None}, {'id': None, 'name': 'packing', 'title': None, 'cover': None}]",12900.0,Physical media (Blu-ray/DVD/steelbook/VHS/CD/vinyl/books)
tt_comm,tiktok_video:local_4a66ec98eee7332e435e5480d84afb3a592364bd82468bfdea7b2e8aec3974f9,Blu-ray/DVDs,mail day; promotional item,The creator reveals a Landman Season 2 Blu-ray sent over by Alliance and Paramount Pictures.,"Another mail day! Thank you Alliance and @Paramount Pictures for sending this over! 

Available now we got ✨Landman season 2 

#bluray #physicalmedia #moviecollection #bluraycollector #bluraycollection  [{'id': None, 'name': 'bluray', 'title': None, 'cover': None}, {'id': None, 'name': 'physicalmedia', 'title': None, 'cover': None}, {'id': None, 'name': 'moviecollection', 'title': None, 'cover': None}, {'id': None, 'name': 'bluraycollector', 'title': None, 'cover': None}, {'id': None, 'name': 'bluraycollection', 'title': None, 'cover': None}]",292.0,Physical media (Blu-ray/DVD/steelbook/VHS/CD/vinyl/books)
tt_comm,tiktok_video:local_58e52513b8af097818ff23d06642b11c281868a13bc937bb180591dc265d34d6,Blu-ray/DVDs,collection display; rankings,A collector showcases their top ten favorite 1980s movies on Blu-ray and 4K Blu-ray.,"My 10 favorite 80’s movies

#physicalmedia #moviecollection #4kbluray #80smovies  [{'id': None, 'name': 'physicalmedia', 'title': None, 'cover': None}, {'id': None, 'name': 'moviecollection', 'title': None, 'cover': None}, {'id': None, 'name': '4kbluray', 'title': None, 'cover': None}, {'id': None, 'name': '80smovies', 'title': None, 'cover': None}]",1080.0,Physical media (Blu-ray/DVD/steelbook/VHS/CD/vinyl/books)
tt_comm,tiktok_video:local_aada0e428572e0df85c0ca1cb816b4e362f4d3ad4fd4bab8b62a477e7c172fcc,Blu-ray/DVDs,haul; pickup,The creator shows a new Faces of Death Blu-ray pickup still in plastic wrap.,"New Blu-ray Pickups This Week!! 💿🔥🔥🔥👌🏼

#facesofdeath #evildeadburn #toystory5 #bluraycollection #bluraycollector  [{'id': None, 'name': 'facesofdeath', 'title': None, 'cover': None}, {'id': None, 'name': 'evildeadburn', 'title': None, 'cover': None}, {'id': None, 'name': 'toystory5', 'title': None, 'cover': None}, {'id': None, 'name': 'bluraycollection', 'title': None, 'cover': None}, {'id': None, 'name': 'bluraycollector', 'title': None, 'cover': None}]",465.0,Physical media (Blu-ray/DVD/steelbook/VHS/CD/vinyl/books)
tt_comm,tiktok_video:local_1fe318bd5b2eba12a0b33fa60d59f298c28b3a9236bb034a3599bc460949c388,Blu-ray/DVDs,pickup; giveaway,A creator presents Evil Dead Burn 4K and Scary Movie Blu-ray pickups while giving away their digital codes.,"Evil Dead Burn 4K, Scary Movie Blu-ray pick-ups for today! Digital codes to first to grab them, let me know who got them! 
#physicalmedia #bluraycollection #evildeadburn  [{'id': None, 'name': 'physicalmedia', 'title': None, 'cover': None}, {'id': None, 'name': 'bluraycollection', 'title': None, 'cover': None}, {'id': None, 'name': 'evildeadburn', 'title': None, 'cover': None}]",567.0,Physical media (Blu-ray/DVD/steelbook/VHS/CD/vinyl/books)
tt_comm,tiktok_video:local_e53635abda40719b8c2861e279ae0be0c9e0b2e33077e13b5399212260ea26de,Blu-ray/DVDs,sourcing guide; buying tips,"The creator discusses local and online places to find DVDs and Blu-rays, including thrift stores and online marketplaces.","Where to find DVDs #physicalmedia #dvdcollection #moviecollection #bluraycollection #criterioncollection  [{'id': None, 'name': 'physicalmedia', 'title': None, 'cover': None}, {'id': None, 'name': 'dvdcollection', 'title': None, 'cover': None}, {'id': None, 'name': 'moviecollection', 'title': None, 'cover': None}, {'id': None, 'name': 'bluraycollection', 'title': None, 'cover': None}, {'id': None, 'name': 'criterioncollection', 'title': None, 'cover': None}]",9555.0,Physical media (Blu-ray/DVD/steelbook/VHS/CD/vinyl/books)
tt_comm,tiktok_video:local_f5f054ba120210a51b70b6f8f9e2767dda3cbdcfb10d2fb21eba718dc20aca89,Blu-ray/DVDs,haul; collection display,A creator reveals adding a new Barbarian Blu-ray to their extensive physical media collection.,"#bluray #bluraycollection #horror #horrormovies #physicalmedia  [{'id': None, 'name': 'bluray', 'title': None, 'cover': None}, {'id': None, 'name': 'bluraycollection', 'title': None, 'cover': None}, {'id': None, 'name': 'horror', 'title': None, 'cover': None}, {'id': None, 'name': 'horrormovies', 'title': None, 'cover': None}, {'id': None, 'name': 'physicalmedia', 'title': None, 'cover': None}]",719.0,Physical media (Blu-ray/DVD/steelbook/VHS/CD/vinyl/books)
tt_comm,tiktok_video:local_7591f2c7c66e53d138e05e816b1cf9f9cde602d1d8eccddd5378e41f89f41ec1,Blu-ray/DVDs,collection display; organization,The creator reveals three new tall bookshelves displaying an extensive collection of Blu-rays and DVDs.,"NEW MOVIE SHELVES WHATS UP 

#fyp #bluraycollection #filmtok #letterboxd #new  [{'id': None, 'name': 'fyp', 'title': None, 'cover': None}, {'id': None, 'name': 'bluraycollection', 'title': None, 'cover': None}, {'id': None, 'name': 'filmtok', 'title': None, 'cover': None}, {'id': None, 'name': 'letterboxd', 'title': None, 'cover': None}, {'id': None, 'name': 'new', 'title': None, 'cover': None}]",9315.0,Physical media (Blu-ray/DVD/steelbook/VHS/CD/vinyl/books)
tt_comm,tiktok_video:local_03175cd71f799095016e9fbd361710476bf7adff7b063e0a482a16ac4875c916,Blu-ray/DVDs; figurines,collection display,"The creator replies to a comment by showcasing their growing collection of Blu-rays, DVDs, and collectibles.","Replying to @The Super (Not) Funny Show My Blu-Ray Collection July 2023 #blurays #movies #collection #maxmax24 #best #fyp [{'id': None, 'name': 'blurays', 'title': None, 'cover': None}, {'id': None, 'name': 'movies', 'title': None, 'cover': None}, {'id': None, 'name': 'collection', 'title': None, 'cover': None}, {'id': None, 'name': 'maxmax24', 'title': None, 'cover': None}, {'id': None, 'name': 'best', 'title': None, 'cover': None}, {'id': None, 'name': 'fyp', 'title': None, 'cover': None}]",3505.0,Physical media (Blu-ray/DVD/steelbook/VHS/CD/vinyl/books)
tt_comm,tiktok_video:local_13b1f719b330b02f419abdc839b8ee9f99af16375aeb91e13973abb2c769d57f,Blu-ray/DVDs,product review; packaging flaw,The creator highlights a packaging issue with the Saw 8-film Blu-ray collection where discs fall out.,"SAW 8 film collection on blu ray only bad thing about it is the discs wont stay attached to they fall #Saw #physicalmedia #fyp #xyzbca #jigsaw  [{'id': None, 'name': 'saw', 'title': None, 'cover': None}, {'id': None, 'name': 'physicalmedia', 'title': None, 'cover': None}, {'id': None, 'name': 'fyp', 'title': None, 'cover': None}, {'id': None, 'name': 'xyzbca', 'title': None, 'cover': None}, {'id': None, 'name': 'jigsaw', 'title': None, 'cover': None}]",328.0,Physical media (Blu-ray/DVD/steelbook/VHS/CD/vinyl/books)
tt_comm,tiktok_video:local_f133727fc14169e792393ab5101f1c4791039fb5048c75233e793abd235ec9dd,Blu-ray,collection showcase; collecting journey,A creator documents starting a new Blu-ray physical media collection from scratch.,"I’m starting my #bluray collection from scratch, and I have no idea how big this is going to get… but you’re invited to watch me build it. #collection #media  [{'id': None, 'name': 'bluray', 'title': None, 'cover': None}, {'id': None, 'name': 'collection', 'title': None, 'cover': None}, {'id': None, 'name': 'media', 'title': None, 'cover': None}]",4284.0,Physical media (Blu-ray/DVD/steelbook/VHS/CD/vinyl/books)
tt_comm,tiktok_video:local_e88b58ccb1a28c2b268d50be5d5447d9cd3e22bd7ac6ed55a87a5670ed19ea0b,Blu-ray,collection showcase; mail day,A creator celebrates completing their Outlander series collection on Blu-ray after receiving a final delivery.,"at long last, my outlander collection is complete all eight seasons on Blu-ray so happy to get this today in the mail. I’m so excited to revisit the series on Blu-ray at some point next year probably on outlander day is when I’ll start.  []",171.0,Physical media (Blu-ray/DVD/steelbook/VHS/CD/vinyl/books)
tt_comm,tiktok_video:local_6ad887a3012d1e12cf77769f5699962c89a1c44c888fb9166d7f58bd8a000549,Blu-ray; DVDs,collection maintenance; physical media,A collector cleans and dusts a large library of Blu-ray and DVD movie cases.,"Only 900 more to go #physicalmedia #bluray #bluraycollection #bluraycollector #moviecollection [{'id': None, 'name': 'physicalmedia', 'title': None, 'cover': None}, {'id': None, 'name': 'bluray', 'title': None, 'cover': None}, {'id': None, 'name': 'bluraycollection', 'title': None, 'cover': None}, {'id': None, 'name': 'bluraycollector', 'title': None, 'cover': None}, {'id': None, 'name': 'moviecollection', 'title': None, 'cover': None}]",6289.0,Physical media (Blu-ray/DVD/steelbook/VHS/CD/vinyl/books)
tt_comm,tiktok_video:local_cbc9f352e1f01be8c95ce3ff45888f6f849f78ba152e710c095f8a2297239c9f,retro gaming; video games,collection showcase; community engagement,"A creator presents their extensive video game collection, displaying a Super Nintendo cartridge and asking for suggestions.","GG Updates and Comment a Game if I have missed it! #videogames #collection #6000 #ubisoft #live  [{'id': None, 'name': 'videogames', 'title': None, 'cover': None}, {'id': None, 'name': 'collection', 'title': None, 'cover': None}, {'id': None, 'name': '6000', 'title': None, 'cover': None}, {'id': None, 'name': 'ubisoft', 'title': None, 'cover': None}, {'id': None, 'name': 'live', 'title': None, 'cover': None}]",52300.0,Video games and retro gaming
tt_comm,tiktok_video:local_89652eeccdd00524f138dc5c0a3a2132f9756618182be0d83d24131be9639ce5,Xbox games; retro gaming,room organization; game collection,A creator organizes their 20-game original Xbox collection while upgrading their gaming room.,"The gaming room upgrade continues! Today we’re organizing my original XBOX collection. I grew up with PlayStation, so my XBOX collection is still pretty small, with just 20 games.
Which games deserve a spot in the collection?
#Gamingroom #gamecollection #retrogaming #roommakeover #XBOX #collectibles #physicalmedia [{'id': None, 'name': 'gamingroom', 'title': None, 'cover': None}, {'id': None, 'name': 'gamecollection', 'title': None, 'cover': None}, {'id': None, 'name': 'retrogaming', 'title': None, 'cover': None}, {'id': None, 'name': 'roommakeover', 'title': None, 'cover': None}, {'id': None, 'name': 'xbox', 'title': None, 'cover': None}, {'id': None, 'name': 'collectibles', 'title': None, 'cover': None}, {'id': None, 'name': 'physicalmedia', 'title': None, 'cover': None}]",2632.0,Video games and retro gaming
tt_comm,tiktok_video:local_b0d5a43d3be39f3768bfcbcc98826480a41531bb1569a183b0ec243634cf1241,PS5 games; video games,collection update; mail day,A creator shares an update on their PS5 game shelf following the arrival of Resident Evil games.,"Ps5 game collection update, Resident Evil games arrived today!
#residentevil #re #re4 #re2 #viral  [{'id': None, 'name': 'residentevil', 'title': None, 'cover': None}, {'id': None, 'name': 're', 'title': None, 'cover': None}, {'id': None, 'name': 're4', 'title': None, 'cover': None}, {'id': None, 'name': 're2', 'title': None, 'cover': None}, {'id': None, 'name': 'viral', 'title': None, 'cover': None}]",10700.0,Video games and retro gaming
tt_comm,tiktok_video:local_a299efffdf91e8b2d2cce2c3b8037a173dd76f37624b0e2bfc24093e7a5f5bed,video games; game consoles,collection showcase; room organization,"A creator displays their extensive physical media, consoles, and video game collection while discussing storage.","i dread the day i’m forced to move all my ps4 games onto my shelf #videogame #bedroom #gamecollection #physicalmedia #nostalgia  [{'id': None, 'name': 'videogame', 'title': None, 'cover': None}, {'id': None, 'name': 'bedroom', 'title': None, 'cover': None}, {'id': None, 'name': 'gamecollection', 'title': None, 'cover': None}, {'id': None, 'name': 'physicalmedia', 'title': None, 'cover': None}, {'id': None, 'name': 'nostalgia', 'title': None, 'cover': None}]",65000.0,Video games and retro gaming
tt_comm,tiktok_video:local_12ff2b55c29964338221fe8a0719c9402b8ef6c12c6a3ec45a2f8cc6b1b07b94,video games,collection showcase,A creator displays their personal collection of Grand Theft Auto franchise games.,"I think that's all my gta games I own #gta5 #gta3 #gta4 #gtasa #supra_gamer  [{'id': None, 'name': 'gta5', 'title': None, 'cover': None}, {'id': None, 'name': 'gta3', 'title': None, 'cover': None}, {'id': None, 'name': 'gta4', 'title': None, 'cover': None}, {'id': None, 'name': 'gtasa', 'title': None, 'cover': None}, {'id': None, 'name': 'supra_gamer', 'title': None, 'cover': None}]",67500.0,Video games and retro gaming
tt_comm,tiktok_video:local_ea3ec88cc8799f3d97d0bf8961d973be742c7b4dab222b60738f8b83337a3a76,retro gaming; Super Nintendo,game valuation; collection showcase,"A creator shows a Super Nintendo Chrono Trigger cartridge, highlighting a purported high valuation.","What’s your most valuable or most played video game?

#nintendo #retrogaming #gameroom #retrocollective #gamingsetup #nintendoswitch #nintendolife #nintendofan [{'id': None, 'name': 'nintendo', 'title': None, 'cover': None}, {'id': None, 'name': 'retrogaming', 'title': None, 'cover': None}, {'id': None, 'name': 'gameroom', 'title': None, 'cover': None}, {'id': None, 'name': 'retrocollective', 'title': None, 'cover': None}, {'id': None, 'name': 'gamingsetup', 'title': None, 'cover': None}, {'id': None, 'name': 'nintendoswitch', 'title': None, 'cover': None}, {'id': None, 'name': 'nintendolife', 'title': None, 'cover': None}, {'id': None, 'name': 'nintendofan', 'title': None, 'cover': None}]",889300.0,Video games and retro gaming
tt_comm,tiktok_video:local_00cca1d5ba9169b62628c2e7e0ab874784622aa776373f025a71bd3a31070af9,retro gaming; PS3 games,collection showcase; room organization,A creator organizes their collection of PS3 games onto shelves as part of a gaming room makeover.,"Upgrading my gaming room until it becomes legendary! This time, we’re going through my PS3 games. What are the absolute must-haves for a great collection? And should we do PS4 next — or something completely different?
#gamecollection #Gamingroom #PS3 #roommakeover #RetroGaming #toys #playstation [{'id': None, 'name': 'gamecollection', 'title': None, 'cover': None}, {'id': None, 'name': 'gamingroom', 'title': None, 'cover': None}, {'id': None, 'name': 'ps3', 'title': None, 'cover': None}, {'id': None, 'name': 'roommakeover', 'title': None, 'cover': None}, {'id': None, 'name': 'retrogaming', 'title': None, 'cover': None}, {'id': None, 'name': 'toys', 'title': None, 'cover': None}, {'id': None, 'name': 'playstation', 'title': None, 'cover': None}]",24900.0,Video games and retro gaming
tt_comm,tiktok_video:local_a0c668e5ee32f610f4c97b33f5f91026cf999f50f968c102b5cc50cba6063773,video games; collectibles,collecting philosophy; backlog management,A creator discusses treating video game collections as personal libraries rather than task checklists to complete.,"Your game collection isn’t a checklist, it’s a library.  #gaming #videogames #gamecollection #backlog #retrogaming  [{'id': None, 'name': 'gaming', 'title': None, 'cover': None}, {'id': None, 'name': 'videogames', 'title': None, 'cover': None}, {'id': None, 'name': 'gamecollection', 'title': None, 'cover': None}, {'id': None, 'name': 'backlog', 'title': None, 'cover': None}, {'id': None, 'name': 'retrogaming', 'title': None, 'cover': None}]",51600.0,Video games and retro gaming
tt_comm,tiktok_video:local_0cb9c99326187bca82cacc6a20497e0198fd7bfe0695707bf002ef41c9ddbed7,Nintendo DS games; retro gaming,store inventory; retail pricing,A store owner showcases the most expensive Nintendo DS games in inventory and solicits collection sales.,"The most expensive DS games in my store will shock you!
To sell us your games go to our website! (link in bio)
To sell me your collection email:
admin@myquickflips.com
QuickFlips Video Games
3120 Pimlico Pkwy
Suite 112
Lexington, KY 40517 []",344200.0,Video games and retro gaming
tt_comm,tiktok_video:local_b6aca6554c7fed60ab8e94353c82f60547e7c0e53a5ba849507525a4ebe264f0,video games; retro gaming,collection showcase; viewer reply,A creator responds to a comment by showcasing their extensive collection of Resident Evil video game releases.,"Replying to @FOR GAME Do I have EVERY Resident Evil games?! #residentevil #collection #retrogaming #videogames #gaming  [{'id': None, 'name': 'residentevil', 'title': None, 'cover': None}, {'id': None, 'name': 'collection', 'title': None, 'cover': None}, {'id': None, 'name': 'retrogaming', 'title': None, 'cover': None}, {'id': None, 'name': 'videogames', 'title': None, 'cover': None}, {'id': None, 'name': 'gaming', 'title': None, 'cover': None}]",564000.0,Video games and retro gaming
tt_comm,tiktok_video:local_708a6c4080234ecff833ace4f309eb0d74770fa0319f35bc7b355e83cf7116bd,Steelbooks; Blu-ray/DVDs,unboxing; product showcase,A physical media collector showcases and highlights four premium magnetic movie steelbook releases.,"Lets highlight four Premium Steelbooks from Media Psychos! @Media Psychos 

As a Physical Media Collector, there's nothing more important than the quality of each release. Sure, sometimes just having the hardcopy of a movie or tv show is enough but when a company or studio goes above and beyond to give collectors a top of the line Bluray or 4K release with all of the bells and whistles...yeah, that's what we really like.

Media Psychos have release four really cool magnetic steelbook cases for James Bond 007's Dr. No and From Russia With Love (Classic Action), Crouching Tiger Hidden Dragon (Kung Fu), and Sinister (Horror) ! I have my hands on them, so I wanted to highlight their beauty and detail.

#Steelbook #MovieCollection #PhysicalMedia #Movies #MovieRecommendation  [{'id': None, 'name': 'steelbook', 'title': None, 'cover': None}, {'id': None, 'name': 'moviecollection', 'title': None, 'cover': None}, {'id': None, 'name': 'physicalmedia', 'title': None, 'cover': None}, {'id': None, 'name': 'movies', 'title': None, 'cover': None}, {'id': None, 'name': 'movierecommendation', 'title': None, 'cover': None}]",1290.0,Physical media (Blu-ray/DVD/steelbook/VHS/CD/vinyl/books)
tt_comm,tiktok_video:local_c9a8ea78ef82fd4f11db2e0b99f8ee4dc354653a227fc88973e17b9651f25a63,Steelbooks; physical media,item protection; viewer question,A creator demonstrates protective shells on steelbooks and asks viewers whether they prefer using them.,"How do you guys feel about steelbook covers? #steelbook #physicalmedia #fyp #filmtok #physicalmediacollector  [{'id': None, 'name': 'steelbook', 'title': None, 'cover': None}, {'id': None, 'name': 'physicalmedia', 'title': None, 'cover': None}, {'id': None, 'name': 'fyp', 'title': None, 'cover': None}, {'id': None, 'name': 'filmtok', 'title': None, 'cover': None}, {'id': None, 'name': 'physicalmediacollector', 'title': None, 'cover': None}]",29400.0,Physical media (Blu-ray/DVD/steelbook/VHS/CD/vinyl/books)
tt_comm,tiktok_video:local_47d46445a761195a1f03cea964d98a52dff324d58e45d208f7f693154f33aaaf,Steelbooks; video games,unboxing; collection showcase,A creator unboxes an anticipated Silent Hill: Townfall steelbook case for their collection.,"i have pretty high hopes for silent hill townfall and as soon as i saw this steelbook i had to grab it 🪽

#silenthill #girlgamer #videogames #steelbook #nerd [{'id': None, 'name': 'silenthill', 'title': None, 'cover': None}, {'id': None, 'name': 'girlgamer', 'title': None, 'cover': None}, {'id': None, 'name': 'videogames', 'title': None, 'cover': None}, {'id': None, 'name': 'steelbook', 'title': None, 'cover': None}, {'id': None, 'name': 'nerd', 'title': None, 'cover': None}]",6791.0,Physical media (Blu-ray/DVD/steelbook/VHS/CD/vinyl/books)
tt_comm,tiktok_video:local_6d911e1444d04226fef40ca104d3cc7b569f1e3b71e67c791292f0b3f6f75a7b,Steelbooks; Blu-ray/DVDs,product showcase; viewer question,A creator showcases several movie steelbooks and asks audience members which titles they plan to buy.,"Which one of these steelbooks will you be picking up? #movie #steelbook #physicalmedia #spiderman #preorder  [{'id': None, 'name': 'movie', 'title': None, 'cover': None}, {'id': None, 'name': 'steelbook', 'title': None, 'cover': None}, {'id': None, 'name': 'physicalmedia', 'title': None, 'cover': None}, {'id': None, 'name': 'spiderman', 'title': None, 'cover': None}, {'id': None, 'name': 'preorder', 'title': None, 'cover': None}]",3169.0,Physical media (Blu-ray/DVD/steelbook/VHS/CD/vinyl/books)
tt_comm,tiktok_video:local_2df37727ef29bb883404efde96c6d53a42b5c91d01f40f02dab6b2ed24aaff87,Steelbooks,collection display; room decor,A creator documents the process of mounting a collection of 113 steelbooks onto a wall display.,"Building my steelbook wall ✨
Had to find a new way to display my (113 😅) steelbooks in the new apartment and I love how it turned out 🔥
What do you think?

——
#steelbook #homeinterior #gaming  [{'id': None, 'name': 'steelbook', 'title': None, 'cover': None}, {'id': None, 'name': 'homeinterior', 'title': None, 'cover': None}, {'id': None, 'name': 'gaming', 'title': None, 'cover': None}]",6000000.0,Physical media (Blu-ray/DVD/steelbook/VHS/CD/vinyl/books)
tt_comm,tiktok_video:local_e4b6e7361e2a648dcd9d1a0be33d972c2578dd8f32d4f73d27e4dc7deecbc770,steelbook; 4K Blu-ray,unboxing; movie collection,A collector unboxes an exclusive Spider-Man 3 Manta-Lab 4K steelbook.,"Let unbox Manta-Lab’s new “Spider-Man 3” Double Lenticular 4K Steelbook! 🕷️ This is an exclusive set and I’m so hype to complete this trilogy in the premium format soon. 2 to go!🔥 what did you think of Spider-Man 3?
-
#4kbluray #steelbook #spiderman #tobeymaguire #moviecollection  [{'id': None, 'name': '4kbluray', 'title': None, 'cover': None}, {'id': None, 'name': 'steelbook', 'title': None, 'cover': None}, {'id': None, 'name': 'spiderman', 'title': None, 'cover': None}, {'id': None, 'name': 'tobeymaguire', 'title': None, 'cover': None}, {'id': None, 'name': 'moviecollection', 'title': None, 'cover': None}]",758900.0,Physical media (Blu-ray/DVD/steelbook/VHS/CD/vinyl/books)
tt_comm,tiktok_video:local_ac139b7a18c09f238045224c586902de72aba7f41b1b9cb23af1f95464dea321,steelbook; 4K Blu-ray,collection showcase; horror movies,"A collector displays a stack of horror 4K steelbooks, including Evil Dead and Saw X.","HUGE one for you guys, more to come 🫣
#physicalmedia #bluraycollection #steelbookcollection #steelbook #physicalmediaforever  [{'id': None, 'name': 'physicalmedia', 'title': None, 'cover': None}, {'id': None, 'name': 'bluraycollection', 'title': None, 'cover': None}, {'id': None, 'name': 'steelbookcollection', 'title': None, 'cover': None}, {'id': None, 'name': 'steelbook', 'title': None, 'cover': None}, {'id': None, 'name': 'physicalmediaforever', 'title': None, 'cover': None}]",16700.0,Physical media (Blu-ray/DVD/steelbook/VHS/CD/vinyl/books)
tt_comm,tiktok_video:local_d3cc183c33efec9dd95a4bfe58fa698fdec3af19c4590314e303e512982eda35,steelbook; physical media,collector guide; collection showcase,"The creator introduces steelbooks, explaining what they are and showing various movie examples.","#STEELBOOK 101! What is a steelbook and why they make great additions to any movie collection! Whats your favorite steelbook? #steelbookcollection #moviecollection #fyp #movietok #steelbookcollector #physicalmediacollector  [{'id': None, 'name': 'steelbook', 'title': None, 'cover': None}, {'id': None, 'name': 'steelbookcollection', 'title': None, 'cover': None}, {'id': None, 'name': 'moviecollection', 'title': None, 'cover': None}, {'id': None, 'name': 'fyp', 'title': None, 'cover': None}, {'id': None, 'name': 'movietok', 'title': None, 'cover': None}, {'id': None, 'name': 'steelbookcollector', 'title': None, 'cover': None}, {'id': None, 'name': 'physicalmediacollector', 'title': None, 'cover': None}]",103000.0,Physical media (Blu-ray/DVD/steelbook/VHS/CD/vinyl/books)
tt_comm,tiktok_video:local_3fe64161d72a802381af9572b060e207c13c83a5e3741da05f2bcfd980f55d65,steelbook; 4K Blu-ray,collection showcase; recent pickups,"A creator shares recent 4K steelbook additions to their movie collection, asking viewers for favorites.","I've been able to add some great steelbooks and 4k movies to my collection recently. Let me know which one of these are your favorite #physicalmedia #moviecollection #steelbookcollection #steelbook  [{'id': None, 'name': 'physicalmedia', 'title': None, 'cover': None}, {'id': None, 'name': 'moviecollection', 'title': None, 'cover': None}, {'id': None, 'name': 'steelbookcollection', 'title': None, 'cover': None}, {'id': None, 'name': 'steelbook', 'title': None, 'cover': None}]",8288.0,Physical media (Blu-ray/DVD/steelbook/VHS/CD/vinyl/books)
tt_comm,tiktok_video:local_d3819559ef29cc3cd13625b6d4f8c103be06d69b14af56e3b46846870801d31b,steelbook; physical media,unboxing; recent pickups,The creator unboxes an All The President's Men movie steelbook addition.,"I have no money #steelbook #physicalmedia #movie  [{'id': None, 'name': 'steelbook', 'title': None, 'cover': None}, {'id': None, 'name': 'physicalmedia', 'title': None, 'cover': None}, {'id': None, 'name': 'movie', 'title': None, 'cover': None}]",1646.0,Physical media (Blu-ray/DVD/steelbook/VHS/CD/vinyl/books)
tt_comm,tiktok_video:local_e79922b223ead0058bbe691f7308fb263b0e8f85ec04ee2e48d84d3224edd66d,steelbook; 4K UHD,upcoming release; physical media news,The creator discusses an upcoming 4K steelbook release for the movie Obsession.,"EDIT: High chance this is France only for now, but highly expect a US release as well. Obsession is getting a 4K steelbook this coming October. I know I’ll be picking this up, will you? 

#filmtok #obsessionmovie #obsession #physicalmedia #horrormovie  [{'id': None, 'name': 'filmtok', 'title': None, 'cover': None}, {'id': None, 'name': 'obsessionmovie', 'title': None, 'cover': None}, {'id': None, 'name': 'obsession', 'title': None, 'cover': None}, {'id': None, 'name': 'physicalmedia', 'title': None, 'cover': None}, {'id': None, 'name': 'horrormovie', 'title': None, 'cover': None}]",136300.0,Physical media (Blu-ray/DVD/steelbook/VHS/CD/vinyl/books)
tt_comm,tiktok_video:local_d5c0adb35aa5d7fbb8051f9dcdb88a445d1af8e67806b1d5ef349370b8808fd3,steelbook; 4K Blu-ray,item value; collection showcase,The creator compares original purchase costs to current resale values for valuable steelbooks.,"My most valuable steelbooks. I purchased all of these in 2024
#steelbook #steelbookcollection #physicalmedia #moviecollection #4kbluray  [{'id': None, 'name': 'steelbook', 'title': None, 'cover': None}, {'id': None, 'name': 'steelbookcollection', 'title': None, 'cover': None}, {'id': None, 'name': 'physicalmedia', 'title': None, 'cover': None}, {'id': None, 'name': 'moviecollection', 'title': None, 'cover': None}, {'id': None, 'name': '4kbluray', 'title': None, 'cover': None}]",21200.0,Physical media (Blu-ray/DVD/steelbook/VHS/CD/vinyl/books)
tt_comm,tiktok_video:local_7064eec0d29a2ccec31ce53c1f03cad49eb9502e2473a79ad7d9efddd89536df,steelbook; 4K Ultra HD,recent pickups; collection showcase,The creator showcases a newly secured limited edition Project Hail Mary 4K steelbook.,"PROJECT HAIL MARY STEELBOOK SECURED! let me know if you’ve ordered yours, or if you plan on it! and as always have a nice day! #filmtok #movietok #projecthailmary #ryangosling #fyp  [{'id': None, 'name': 'filmtok', 'title': None, 'cover': None}, {'id': None, 'name': 'movietok', 'title': None, 'cover': None}, {'id': None, 'name': 'projecthailmary', 'title': None, 'cover': None}, {'id': None, 'name': 'ryangosling', 'title': None, 'cover': None}, {'id': None, 'name': 'fyp', 'title': None, 'cover': None}]",27800.0,Physical media (Blu-ray/DVD/steelbook/VHS/CD/vinyl/books)
tt_comm,tiktok_video:local_eb8c906f099c3f277bfdfaf0c7d86f4dd1fac88e43a1a0bc0c48bc939edf9e5e,steelbook; 4K Blu-ray,product review; physical media release,The creator shares a detailed overview of the 28 Days Later 4K steelbook release.,"Here's an up-close & detailed look at the 28 Days Later 4K Steelbook release from Sony Pictures @Sony Pictures

28 Days Later is back from the dead and no longer impossible to watch or find on Physical Media. This time with a new 4K upgrade, this iconic horror movie looks better than it ever has, all while still keeping it's dark and gritty look.

PLOT:
28 Days Later is a 2002 British post-apocalyptic horror film directed by Danny Boyle and written by Alex Garland. It stars Cillian Murphy as a bicycle courier who awakens from a coma to discover that the accidental release of a highly contagious, aggression-inducing virus has caused the breakdown of society. Naomie Harris, Christopher Eccleston, Megan Burns, and Brendan Gleeson appear in supporting roles.

#28DaysLater #28YearsLater #HorrorMovie #Movies #Steelbook  [{'id': None, 'name': '28dayslater', 'title': None, 'cover': None}, {'id': None, 'name': '28yearslater', 'title': None, 'cover': None}, {'id': None, 'name': 'horrormovie', 'title': None, 'cover': None}, {'id': None, 'name': 'movies', 'title': None, 'cover': None}, {'id': None, 'name': 'steelbook', 'title': None, 'cover': None}]",1001.0,Physical media (Blu-ray/DVD/steelbook/VHS/CD/vinyl/books)
tt_comm,tiktok_video:local_33393b6302af43384636df10d7ee5d3d5b0c4774e9c241aea163d7f33b868aaf,steelbook; 4K Blu-ray,unboxing; physical media,The creator unboxes the Arrival 10th anniversary 4K steelbook edition.,"Arrival 10th anniversary 4k steelbook unboxing

#arrival #steelbook #physicalmedia #moviecollection #4kbluray  [{'id': None, 'name': 'arrival', 'title': None, 'cover': None}, {'id': None, 'name': 'steelbook', 'title': None, 'cover': None}, {'id': None, 'name': 'physicalmedia', 'title': None, 'cover': None}, {'id': None, 'name': 'moviecollection', 'title': None, 'cover': None}, {'id': None, 'name': '4kbluray', 'title': None, 'cover': None}]",1378.0,Physical media (Blu-ray/DVD/steelbook/VHS/CD/vinyl/books)
tt_comm,tiktok_video:local_50628dd64512c7b005a0f344d32d4341cd2175cac51c2071bb01d079730d7ce4,steelbook; Blu-ray/DVDs,product discussion; collector concern,"A creator reacts to a Project Hail Mary 4K steelbook listing, questioning whether there is a product error or missing disc.","amazon if you mess this up… #projecthailmary #physicalmedia #dvd  [{'id': None, 'name': 'projecthailmary', 'title': None, 'cover': None}, {'id': None, 'name': 'physicalmedia', 'title': None, 'cover': None}, {'id': None, 'name': 'dvd', 'title': None, 'cover': None}]",19700.0,Physical media (Blu-ray/DVD/steelbook/VHS/CD/vinyl/books)
tt_comm,tiktok_video:local_73e8b1af3c3d0e6d97726cb2bad8250d108c3091b7ca6074f36378ad9f81990f,steelbook; physical media,haul; showcase,A creator shares a haul of 4K steelbooks and expresses her growing passion for collecting physical media.,"So grateful 🙌🙌 also I just love collecting 4k steelbooks now. It’s bad #physicalmedia #steelbook #4kultrahd  [{'id': None, 'name': 'physicalmedia', 'title': None, 'cover': None}, {'id': None, 'name': 'steelbook', 'title': None, 'cover': None}, {'id': None, 'name': '4kultrahd', 'title': None, 'cover': None}]",4896.0,Physical media (Blu-ray/DVD/steelbook/VHS/CD/vinyl/books)
tt_comm,tiktok_video:local_7b534188ac118db457ae99377242602b0471ed646b7725491f6cd6c74850a3b4,steelbook; physical media,collection showcase,The creator displays an extensive movie steelbook collection to encourage keeping physical media alive.,"keep physical media alive 😁 #filmtok #physicalmedia #movietok #collection #steelbook  [{'id': None, 'name': 'filmtok', 'title': None, 'cover': None}, {'id': None, 'name': 'physicalmedia', 'title': None, 'cover': None}, {'id': None, 'name': 'movietok', 'title': None, 'cover': None}, {'id': None, 'name': 'collection', 'title': None, 'cover': None}, {'id': None, 'name': 'steelbook', 'title': None, 'cover': None}]",21800.0,Physical media (Blu-ray/DVD/steelbook/VHS/CD/vinyl/books)
tt_comm,tiktok_video:local_915dd7525c1d91d34ca8cb28c94b16f150c84b4e002a9a3b14d91188aafc5f46,steelbook; physical media,haul; collection showcase,A physical media collector presents an expensive haul of new steelbook additions to her collection.,"An expensive haul but some more goodies to add to my collection #physicalmedia #steelbook #4k  [{'id': None, 'name': 'physicalmedia', 'title': None, 'cover': None}, {'id': None, 'name': 'steelbook', 'title': None, 'cover': None}, {'id': None, 'name': '4k', 'title': None, 'cover': None}]",14300.0,Physical media (Blu-ray/DVD/steelbook/VHS/CD/vinyl/books)
tt_comm,tiktok_video:local_bc62f8f276c5d4848ce3f7b3d3642cf06cfe85c3aad6a9a64b9df3b61412720a,steelbook; Blu-ray/DVDs,unboxing; franchise collecting,A creator unboxes a Resident Evil steelbook box set and asks viewers to name their favorite film in the series.,"Despite ripping the plastic off, I never dove into this stunning collection of the Mills Jovovich RESIDENT EVIL movies!!

Huge fan of when franchises are collected and placed into Steelbook box sets like this. 

Do you have a fav RE film in this boxset? Let me know 🙌🏻

#residentevilmovie #millajovovich #residenteviledit #moviecollection #steelbookcollection  [{'id': None, 'name': 'residentevilmovie', 'title': None, 'cover': None}, {'id': None, 'name': 'millajovovich', 'title': None, 'cover': None}, {'id': None, 'name': 'residenteviledit', 'title': None, 'cover': None}, {'id': None, 'name': 'moviecollection', 'title': None, 'cover': None}, {'id': None, 'name': 'steelbookcollection', 'title': None, 'cover': None}]",8668.0,Physical media (Blu-ray/DVD/steelbook/VHS/CD/vinyl/books)
tt_comm,tiktok_video:local_33d5d7ed9aeab1338eff79ceac117e58520c7d393807a8863d2a844c7b5fd400,trading cards; grading service,pricing update; submission prep,A creator discusses decreasing PSA grading prices while preparing cards to send for grading.,"PSA grading prices are finally decreasing!

21 Woodlands Close #02-24 , Primz Bizhub [{'id': None, 'name': '02', 'title': None, 'cover': None}]",17000.0,Unassigned (mixed/other)
tt_comm,tiktok_video:local_6e472a0cbc24a43beaebbb3af9fcccd129065ff02cd3330b13cc85d1312f2b3f,crochet coasters; crochet supplies,diy crafts; hobby activity,A creator documents trying crochet as a new hobby by making pond coasters.,"welcome to the hobby maxxing diaries 🌷 trying a new hobby by crocheting these adorable whimsical pond coasters 🪷 this might be my new favorite diy craft 🧶
@etmstudi0 @Nami Matcha 

#crochet #hobbies #sidequest #hobbies #motivation  [{'id': None, 'name': 'crochet', 'title': None, 'cover': None}, {'id': None, 'name': 'hobbies', 'title': None, 'cover': None}, {'id': None, 'name': 'sidequest', 'title': None, 'cover': None}, {'id': None, 'name': 'hobbies', 'title': None, 'cover': None}, {'id': None, 'name': 'motivation', 'title': None, 'cover': None}]",529300.0,"Sewing, craft and notions"
tt_comm,tiktok_video:local_c880b7400f73f7b7078614fb89c78faf4a6532fafee5f7efec2186f5aa983e46,unclear,lifestyle flex; motivation,A motivational video displays scenes of modern architecture and stacks of cash to emphasize entrepreneurial ambition.,"#viral #motivation #luxury #entrepreneur #richtok  [{'id': None, 'name': 'viral', 'title': None, 'cover': None}, {'id': None, 'name': 'motivation', 'title': None, 'cover': None}, {'id': None, 'name': 'luxury', 'title': None, 'cover': None}, {'id': None, 'name': 'entrepreneur', 'title': None, 'cover': None}, {'id': None, 'name': 'richtok', 'title': None, 'cover': None}]",14000.0,Unassigned (mixed/other)
tt_comm,tiktok_video:local_caa0ae20fa4df2aca917e6e6f352e4e85d90f732adeb368ce90d34eac92cf6a0,unclear,morning routine; lifestyle vlog,The creator documents a morning routine and daily activities inside an apartment without featuring specific collectible items.,"Spend a morning in my life getting back into routine 🎀 #morningroutine #morningvlog #luxurylifestyle #luxuryapartment  [{'id': None, 'name': 'morningroutine', 'title': None, 'cover': None}, {'id': None, 'name': 'morningvlog', 'title': None, 'cover': None}, {'id': None, 'name': 'luxurylifestyle', 'title': None, 'cover': None}, {'id': None, 'name': 'luxuryapartment', 'title': None, 'cover': None}]",36800.0,Unassigned (mixed/other)
tt_comm,tiktok_video:local_68a5abdddea8755125fc238c85c74d28d2d59f34533e9bb4f9ff9e953c0da2a3,women's fashion; beauty products,product recommendations; spending,"A creator recommends various fashion, beauty, and budgeting items she considers worth the money.","There was no way to choose only 5! 🤎#thingsthatareworththemoney #blackgirlluxury #fyp [{'id': None, 'name': 'thingsthatareworththemoney', 'title': None, 'cover': None}, {'id': None, 'name': 'blackgirlluxury', 'title': None, 'cover': None}, {'id': None, 'name': 'fyp', 'title': None, 'cover': None}]",27400.0,"Beauty, fragrance and personal care"
tt_comm,tiktok_video:local_2afa0680b280925bd61f06aaa37b9a6a8a13cb63f69b6fa756c849c6daa6d434,home decor; bedroom furniture,lifestyle flex; interior design,A creator shows off an opulent pink-themed luxury bedroom and decor.,"My Favorite Place💗🔥 #fyp #fypシ #fypage #luxurylife #blackrichgirltiktok #lyxurybedroom #luxuryhome #lavishhome [{'id': None, 'name': 'fyp', 'title': None, 'cover': None}, {'id': None, 'name': 'fypシ', 'title': None, 'cover': None}, {'id': None, 'name': 'fypage', 'title': None, 'cover': None}, {'id': None, 'name': 'luxurylife', 'title': None, 'cover': None}, {'id': None, 'name': 'blackrichgirltiktok', 'title': None, 'cover': None}, {'id': None, 'name': 'lyxurybedroom', 'title': None, 'cover': None}, {'id': None, 'name': 'luxuryhome', 'title': None, 'cover': None}, {'id': None, 'name': 'lavishhome', 'title': None, 'cover': None}]",3300000.0,"Home, kitchen and decor"
tt_comm,tiktok_video:local_f9d11b953a7b3935abe80fea215d8cb9a238c5aae100a0d6e2920c97dfdc5ab6,vintage dresses; 50s fashion,collection showcase; vintage styling,The creator models and discusses original 1950s vintage dresses acquired from antique stores.,"Some of my favorite original dresses! :) 🦩
#vintagefashion #creatorsearchinsights #50sfashion #vintage #50s  [{'id': None, 'name': 'vintagefashion', 'title': None, 'cover': None}, {'id': None, 'name': 'creatorsearchinsights', 'title': None, 'cover': None}, {'id': None, 'name': '50sfashion', 'title': None, 'cover': None}, {'id': None, 'name': 'vintage', 'title': None, 'cover': None}, {'id': None, 'name': '50s', 'title': None, 'cover': None}]",16800.0,Vintage and secondhand clothing / thrift
tt_comm,tiktok_video:local_e4d3f6f924f80f1c1dcb227593570a88948937219c279700da564749f0b5dc5c,vintage boots; footwear,collection showcase,The creator shares various pairs of 1960s and 1970s vintage boots from her personal collection.,"And this isn’t even half of my collection 🤭

#vintageboots #vintagefashion #collector #60s #70s [{'id': None, 'name': 'vintageboots', 'title': None, 'cover': None}, {'id': None, 'name': 'vintagefashion', 'title': None, 'cover': None}, {'id': None, 'name': 'collector', 'title': None, 'cover': None}, {'id': None, 'name': '60s', 'title': None, 'cover': None}, {'id': None, 'name': '70s', 'title': None, 'cover': None}]",631000.0,Unassigned (mixed/other)
tt_comm,tiktok_video:local_37fd2065113f30b40d24ba2ad85ace6ecdbc02572a6559e5eced10f36cc2606b,vintage clothing,fashion trends; store inventory,A shop owner shares fall fashion trends she observes customers buying in her vintage clothing store.,"No. 5 is controversial, what do you think? These are 6 fall 2026 fashion trends I’m seeing people buy in my vintage and preloved clothing shop right now! 

Friendly reminder, everything you want already exists! 🕊️ []",55300.0,Vintage and secondhand clothing / thrift
tt_comm,tiktok_video:local_a411c2a61d5a70015032522b82650351821388d0af438e193e7f3b5c278bfc3b,vintage dresses,collection showcase,A creator displays and models vintage day dresses from the 1930s and 1940s from her collection.,"A part of my collection of 1930s and 1940s day dresses🤍

Which one is your favourite? 

#vintagefashion [{'id': None, 'name': 'vintagefashion', 'title': None, 'cover': None}]",131900.0,Vintage and secondhand clothing / thrift
tt_comm,tiktok_video:local_08f63f798384c54200b60adc088bea53ae64f1f11bee1f01199e489f9a56b608,vintage dresses,outfit showcase,A creator models a vintage slip dress acquired from a seller and expresses enthusiasm for it.,"never taking it off @ShikiVintage ✨ #vintageslipdress #vintagefashion #vintagestyle  [{'id': None, 'name': 'vintageslipdress', 'title': None, 'cover': None}, {'id': None, 'name': 'vintagefashion', 'title': None, 'cover': None}, {'id': None, 'name': 'vintagestyle', 'title': None, 'cover': None}]",37900.0,Vintage and secondhand clothing / thrift
tt_comm,tiktok_video:local_99bc62e0b85bd6a41f433b160090e428c7232e8133def950fd13055c9c7300fa,vintage dresses,collection showcase; try-on,A creator showcases and tries on vintage Gunne Sax dresses dating from the late 1960s to early 1980s.,"Which one is your fav? These are all from the late 60s to the early 80s :) #gunnesax #vintagefashion  [{'id': None, 'name': 'gunnesax', 'title': None, 'cover': None}, {'id': None, 'name': 'vintagefashion', 'title': None, 'cover': None}]",101500.0,Vintage and secondhand clothing / thrift
tt_comm,tiktok_video:local_c79e4b5abc2425445b1c370a172a91c8d97c4627233ce38bda247fe2646e9d53,vintage clothing,styling; thrift haul,A creator styles thrifted 1920s-inspired gothic outfits and shares a story about finding a dress at an antique mall.,"i insist you cant resist a jazz vampire

i challenged myself to pull together this trio of fully thrifted (minus the shoes) 1920s inspired gothic looks from out of my closet (i suppose its four looks if you count my camisole, slip & shawl)

i purchased the red dress in this video because a fellow shopper/total stranger saw me wandering around the antique mall and dragged me to the booth it was in and told me she thought i was meant to have it - it was such a lovely interaction and i think of her each time i wear it 

outfit details:
both hats, shawls, dresses, camisole, slip, stole, blouse & skirt are thrifted
tights from target
shoes from @americanduchess 

#gothic #1920s #1920sfashion #alternativestyle #vintagefashion [{'id': None, 'name': 'gothic', 'title': None, 'cover': None}, {'id': None, 'name': '1920s', 'title': None, 'cover': None}, {'id': None, 'name': '1920sfashion', 'title': None, 'cover': None}, {'id': None, 'name': 'alternativestyle', 'title': None, 'cover': None}, {'id': None, 'name': 'vintagefashion', 'title': None, 'cover': None}]",178400.0,Vintage and secondhand clothing / thrift
tt_comm,tiktok_video:local_1699a8972895d30dbc48b9cb05429113862d5deb2ba0a4146c89c99620522037,vintage dresses,unboxing; outfit showcase,A creator shows off and models a newly delivered vintage 1950s-style dress.,"50s dress just came who dis?! 

#vintagestyle #vintagefashion #1960s #60sfashion #50s  [{'id': None, 'name': 'vintagestyle', 'title': None, 'cover': None}, {'id': None, 'name': 'vintagefashion', 'title': None, 'cover': None}, {'id': None, 'name': '1960s', 'title': None, 'cover': None}, {'id': None, 'name': '60sfashion', 'title': None, 'cover': None}, {'id': None, 'name': '50s', 'title': None, 'cover': None}]",93000.0,Vintage and secondhand clothing / thrift
tt_comm,tiktok_video:local_0a3971aa1fafc745b019087c87e475cce8b45542166368ca39aa502c77c1712f,vintage clothing,fashion commentary; outfit showcase,A creator models a vintage outfit while discussing the skill required to evaluate vintage items beyond their labels.,"Vintage is a skill! Whether it’s clothing, art, furniture, music, or film - to understand something beyond its labels and guides is crucial to being the informed consumer #vintage #vintagefashion #vintagestyle #thrifting #fashion   [{'id': None, 'name': 'vintage', 'title': None, 'cover': None}, {'id': None, 'name': 'vintagefashion', 'title': None, 'cover': None}, {'id': None, 'name': 'vintagestyle', 'title': None, 'cover': None}, {'id': None, 'name': 'thrifting', 'title': None, 'cover': None}, {'id': None, 'name': 'fashion', 'title': None, 'cover': None}]",49700.0,Vintage and secondhand clothing / thrift
tt_comm,tiktok_video:local_bf9a17b6aef365993674cbc71ee5050e488ffd08ef2c6be9fe5b395c1ffd4aaf,vintage clothing,outfit comparison; fashion showcase,Two creators showcase contrasting 1980s preppy and goth fashion styles inside a vintage clothing store.,"@Violet Sky 80s #80sfashion #vintagefashion #80sgoth #tradgoth #retrofashion  [{'id': None, 'name': '80sfashion', 'title': None, 'cover': None}, {'id': None, 'name': 'vintagefashion', 'title': None, 'cover': None}, {'id': None, 'name': '80sgoth', 'title': None, 'cover': None}, {'id': None, 'name': 'tradgoth', 'title': None, 'cover': None}, {'id': None, 'name': 'retrofashion', 'title': None, 'cover': None}]",537000.0,Vintage and secondhand clothing / thrift
tt_comm,tiktok_video:local_a1afc7e1c49c31e806f79c1fe6b191ee022278055b69a1ca256632c4c27b9ae0,music memorabilia; vintage jewelry,thrift find; item showcase,A creator showcases a vintage Beatles ring she purchased for $2.50 as a staple accessory.,"genuinely the best $2.50 i’ve ever spent 🤭🤭 #vintagefashion #60s #beatles #60sfashion #vintage  [{'id': None, 'name': 'vintagefashion', 'title': None, 'cover': None}, {'id': None, 'name': '60s', 'title': None, 'cover': None}, {'id': None, 'name': 'beatles', 'title': None, 'cover': None}, {'id': None, 'name': '60sfashion', 'title': None, 'cover': None}, {'id': None, 'name': 'vintage', 'title': None, 'cover': None}]",476200.0,Vintage and secondhand clothing / thrift
tt_comm,tiktok_video:local_418bc04b9a991fa141898c238f2e3431e2c03925dec5349248c1f457271488f2,vintage clothing; retro apparel,outfit of the day,A creator displays her 1950s-style outfit of the day featuring a vintage belt before heading to a gig.,"Ootd! Full @Freddies of Pinewood outfit plus my old falling apart shoes and vintage belt! Off to my gig now ❤️ #1950s #vintagefashion #freddiesofpinewood #pinup #rockabilly  [{'id': None, 'name': '1950s', 'title': None, 'cover': None}, {'id': None, 'name': 'vintagefashion', 'title': None, 'cover': None}, {'id': None, 'name': 'freddiesofpinewood', 'title': None, 'cover': None}, {'id': None, 'name': 'pinup', 'title': None, 'cover': None}, {'id': None, 'name': 'rockabilly', 'title': None, 'cover': None}]",3754.0,Vintage and secondhand clothing / thrift
tt_comm,tiktok_video:local_e61abae748d408bc3344c5ba4318f5cabdb25dc392183a3e12d8308c9c005a5d,vintage clothing; 1920s fashion,outfit showcase; historical fashion,The creator showcases multiple 1920s-inspired vintage outfits and invites viewers to choose their favorite.,"Choose your outfit! #1920s #flapper #fashionhistory #vintage #chooseyouroutfit  [{'id': None, 'name': '1920s', 'title': None, 'cover': None}, {'id': None, 'name': 'flapper', 'title': None, 'cover': None}, {'id': None, 'name': 'fashionhistory', 'title': None, 'cover': None}, {'id': None, 'name': 'vintage', 'title': None, 'cover': None}, {'id': None, 'name': 'chooseyouroutfit', 'title': None, 'cover': None}]",561.0,Vintage and secondhand clothing / thrift
tt_comm,tiktok_video:local_9a2b3148eec6b3d2f03e6a5ee316d32f1e6201329aefab46c4975fc47ce986a1,1920s dress; vintage clothing,outfit showcase,A creator showcases a 1920s-inspired beaded flapper dress and period styling.,"VON🦚 #1920sfashion #vintageinspired #1920sdress #1920style #thineyebrows  [{'id': None, 'name': '1920sfashion', 'title': None, 'cover': None}, {'id': None, 'name': 'vintageinspired', 'title': None, 'cover': None}, {'id': None, 'name': '1920sdress', 'title': None, 'cover': None}, {'id': None, 'name': '1920style', 'title': None, 'cover': None}, {'id': None, 'name': 'thineyebrows', 'title': None, 'cover': None}]",433500.0,Vintage and secondhand clothing / thrift
tt_comm,tiktok_video:local_6fd1307421f1643d5f896d91385ad0a4b004e2f6adfa9bbfc782465b2e13c788,vintage fashion; secondhand platforms,platform comparison; shopping tips,A creator discusses underrated secondhand platforms for sourcing vintage fashion.,"Underrated Secondhand and Vintage Platforms for Vintage Girls #secondhandstyle #secondhandfashion #secondhand #vintagefashion #ebay  [{'id': None, 'name': 'secondhandstyle', 'title': None, 'cover': None}, {'id': None, 'name': 'secondhandfashion', 'title': None, 'cover': None}, {'id': None, 'name': 'secondhand', 'title': None, 'cover': None}, {'id': None, 'name': 'vintagefashion', 'title': None, 'cover': None}, {'id': None, 'name': 'ebay', 'title': None, 'cover': None}]",230900.0,Vintage and secondhand clothing / thrift
tt_comm,tiktok_video:local_e305b498141c93af4ebbca9e125c9f685c0a422121301d4d59821277deca8729,vintage sweatshirts; vintage denim,clothing showcase; collection,"A creator highlights items from their vintage clothing collection, including Levi's jeans and a graphic sweatshirt.","It has been a wonderful past few weeks #truevintage #targetaudience #vintageclothing #vintagefashion #fashioninspo  [{'id': None, 'name': 'truevintage', 'title': None, 'cover': None}, {'id': None, 'name': 'targetaudience', 'title': None, 'cover': None}, {'id': None, 'name': 'vintageclothing', 'title': None, 'cover': None}, {'id': None, 'name': 'vintagefashion', 'title': None, 'cover': None}, {'id': None, 'name': 'fashioninspo', 'title': None, 'cover': None}]",11900.0,Vintage and secondhand clothing / thrift
tt_comm,tiktok_video:local_bacd65cd2240454f3107a5a498089db626798e240106bd5ca29d77c2d851b3c5,vinyl records,item damage; music memorabilia,The creator mentions accidentally sitting on a Tommy James vinyl record.,"Whoooops sat on my Tommy James record. Sorry, Tommy #1960s #vintage #vintagefashion  [{'id': None, 'name': '1960s', 'title': None, 'cover': None}, {'id': None, 'name': 'vintage', 'title': None, 'cover': None}, {'id': None, 'name': 'vintagefashion', 'title': None, 'cover': None}]",3245.0,Physical media (Blu-ray/DVD/steelbook/VHS/CD/vinyl/books)
tt_comm,tiktok_video:local_53022f19d549cdd0d9f9731a7ea0169d03e25ee7bf06cc62f65f061c19b547a4,vintage tops; 2000s fashion,haul; try-on,The creator presents a fall try-on haul featuring vintage and 2000s-style tops.,"Part one! Part two already available!   #fall #outfitinspo #girlblog #haul #2000s  [{'id': None, 'name': 'fall', 'title': None, 'cover': None}, {'id': None, 'name': 'outfitinspo', 'title': None, 'cover': None}, {'id': None, 'name': 'girlblog', 'title': None, 'cover': None}, {'id': None, 'name': 'haul', 'title': None, 'cover': None}, {'id': None, 'name': '2000s', 'title': None, 'cover': None}]",41300.0,Unassigned (mixed/other)
tt_comm,tiktok_video:local_ff37f03490e614b8d8981b2c60612b57e0a96aa163f5a557723724c1733560a7,1920s dress; vintage clothing,outfit showcase,A creator poses while displaying a 1920s vintage-style outfit and accessories.,"It’s only awkward if you make it awkward

#vintage #fyp #1920s #vintagefashion #viral  [{'id': None, 'name': 'vintage', 'title': None, 'cover': None}, {'id': None, 'name': 'fyp', 'title': None, 'cover': None}, {'id': None, 'name': '1920s', 'title': None, 'cover': None}, {'id': None, 'name': 'vintagefashion', 'title': None, 'cover': None}, {'id': None, 'name': 'viral', 'title': None, 'cover': None}]",31300.0,Vintage and secondhand clothing / thrift
tt_comm,tiktok_video:local_748d07eddc6394504c2479b0afb4e159ee6e3b4070528f6fc48e03e83702c480,boots; selvedge denim,outfit of the day,A creator presents an outfit featuring Frye boots and selvedge denim jeans.,"went Frye on the foot #frye #fashion #vintage #selvedgedenim #OOTD @the.hiddenrivet @Colour Plane  [{'id': None, 'name': 'frye', 'title': None, 'cover': None}, {'id': None, 'name': 'fashion', 'title': None, 'cover': None}, {'id': None, 'name': 'vintage', 'title': None, 'cover': None}, {'id': None, 'name': 'selvedgedenim', 'title': None, 'cover': None}, {'id': None, 'name': 'OOTD', 'title': None, 'cover': None}]",44100.0,Unassigned (mixed/other)
tt_comm,tiktok_video:local_ceaddcd97a0ab4eb8f03a75470f346fad887d235e9edc2759d277c10bdb4c84f,vintage electronics; physical media,collection showcase; nostalgia,The creator displays an assortment of vintage tech devices and physical media players.,"long live physical media <3 #fyp #physicalmedia #oldtech #vintage #ipod  [{'id': None, 'name': 'fyp', 'title': None, 'cover': None}, {'id': None, 'name': 'physicalmedia', 'title': None, 'cover': None}, {'id': None, 'name': 'oldtech', 'title': None, 'cover': None}, {'id': None, 'name': 'vintage', 'title': None, 'cover': None}, {'id': None, 'name': 'ipod', 'title': None, 'cover': None}]",2465.0,Physical media (Blu-ray/DVD/steelbook/VHS/CD/vinyl/books)
tt_comm,tiktok_video:local_72defb395abc1587642afd40eb89edfbe3ddde851d93fb22833b849138e2eec2,cassette players; handmade home decor,upcycling; product promotion,A seller promotes a handmade wall decor piece created from an upcycled vintage Sony Walkman equipped with a Bluetooth connector.,"We breathe new life into old cassette players🎞️
Every piece is 100% handmade.
Equipped with bluetooth connector, needs external speaker for audio output.
Perfect for your room aesthetic or unique gift.
Check link in bio for availability.
 
#VintageAudio #HandmadeDecor #RetroTech #VintageDecor #HomeDecor  [{'id': None, 'name': 'vintageaudio', 'title': None, 'cover': None}, {'id': None, 'name': 'handmadedecor', 'title': None, 'cover': None}, {'id': None, 'name': 'retrotech', 'title': None, 'cover': None}, {'id': None, 'name': 'vintagedecor', 'title': None, 'cover': None}, {'id': None, 'name': 'homedecor', 'title': None, 'cover': None}]",1976.0,"Home, kitchen and decor"
tt_comm,tiktok_video:local_5fe1e035fd492f0be484028f6c1c5c21962b8379b3447cd2e0c57506a99ec622,vintage electric fan; antique appliances,engineering history; educational,The creator explains the mechanical gear and worm track oscillation mechanism of an early 1900s antique electric fan.,"This Fan Literally Walks On Gears ⚙️

This early 1900s electric fan manufactured by the American Electric Fan Company uses an exposed curved gear track to sweep air across a room. Rather than hiding its moving components inside a sealed housing, the fan showcases its heavy cast-iron pedestal and external mechanical gearing directly beneath the motor casing.  

The oscillation mechanism relies on a small worm gear connected to the motor’s drive shaft. As the fan runs, this gear engages with a stationary curved rack mounted atop the base column, slowly walking back and forth along the gear teeth to push the entire motor assembly in a continuous, side-to-side arc.  

During the early years of home electrification, engineers developed a wide variety of competing mechanical solutions to achieve wide airflow coverage before internal gearboxes became the industry standard. Today, surviving gear-driven desktop fans remain prime examples of early 20th-century American industrial engineering.  

Original video credit: IG/@imreallynotafan. 

No copyright infringement intended. Content is shared for educational and commentary purposes only. Full credit goes to the original creator. For any questions or copyright concerns, please contact me via the email in the channel description.  

#vintage #technology #education #learning #interiordesign #facts []",412400.0,"Automotive: parts, cars, motorcycles"
tt_comm,tiktok_video:local_ee887f247106b7d121facba2caad24b9e9429142b8eaba66c92b22b854f66a71,CD-ROM; retro computer,thrift find; nostalgia,The video shows a vintage family computer setup and highlights a thrifted Pocahontas CD-ROM game.,"return to the old ways of the family computer #retrotech #familycomputer #nostalgia [{'id': None, 'name': 'retrotech', 'title': None, 'cover': None}, {'id': None, 'name': 'familycomputer', 'title': None, 'cover': None}, {'id': None, 'name': 'nostalgia', 'title': None, 'cover': None}]",758100.0,Physical media (Blu-ray/DVD/steelbook/VHS/CD/vinyl/books)
tt_comm,tiktok_video:local_07105c1296c0fa25f5cf1e5404ad85f1c615a5319ec15dc433543936152775e6,PlayStation 2 game; video game disc,order fulfillment; packaging,DKOldies revisits an old video showing the retrieval and packaging of a PS2 video game for shipment.,"Revisiting an old shipping video! What's your favorite game in the PS2?

#retrogaming #DKOldies #retrogamestore #playstation #ps2 #lordoftherings [{'id': None, 'name': 'retrogaming', 'title': None, 'cover': None}, {'id': None, 'name': 'dkoldies', 'title': None, 'cover': None}, {'id': None, 'name': 'retrogamestore', 'title': None, 'cover': None}, {'id': None, 'name': 'playstation', 'title': None, 'cover': None}, {'id': None, 'name': 'ps2', 'title': None, 'cover': None}, {'id': None, 'name': 'lordoftherings', 'title': None, 'cover': None}]",1000000.0,Video games and retro gaming
tt_comm,tiktok_video:local_19727ff09b80481b69814080e645a251b4193b7b6a97f36c2e6c6f7dd727dec4,music promotion; folk music,song promotion; streaming,A creator shares and promotes a 1970s-style song streaming on Spotify and YouTube.,"If you need a moment of pure peace today, close your eyes and listen to this 🍂""My Little Bird"" (feat. Juni Jones) — broadcasting the lost classics from another timeline. Full track streaming on Spotify and YouTube!Save this sound for when you need to unwind 🎧#folktok #70saesthetic #acousticguitar #vintageaudio #calmingmusic #peacefulvibes #guitartok #lostsongs #newmusic #fyp #alternativerealityradio #junijones #mylittlebird []",192500.0,Unassigned (mixed/other)
tt_comm,tiktok_video:local_56fbb9a987342cd9495a63a865f74ba025e19dfb43f1cf861c3ede303e4b14e9,turntables; vinyl records,audio setup; item showcase,A video highlights a vintage turntable audio setup alongside a record stand and visualizer.,"Check out this cool record stand and graphic visualizer by @PETRU 
#iggypop #stooges #1969 #iggy #60s #60smusic #60srock #rocknroll #vinyl #hifi #vintageaudio #colorful #musicroom #recordcollection #records  [{'id': None, 'name': 'iggypop', 'title': None, 'cover': None}, {'id': None, 'name': 'stooges', 'title': None, 'cover': None}, {'id': None, 'name': '1969', 'title': None, 'cover': None}, {'id': None, 'name': 'iggy', 'title': None, 'cover': None}, {'id': None, 'name': '60s', 'title': None, 'cover': None}, {'id': None, 'name': '60smusic', 'title': None, 'cover': None}, {'id': None, 'name': '60srock', 'title': None, 'cover': None}, {'id': None, 'name': 'rocknroll', 'title': None, 'cover': None}, {'id': None, 'name': 'vinyl', 'title': None, 'cover': None}, {'id': None, 'name': 'hifi', 'title': None, 'cover': None}, {'id': None, 'name': 'vintageaudio', 'title': None, 'cover': None}, {'id': None, 'name': 'colorful', 'title': None, 'cover': None}, {'id': None, 'name': 'musicroom', 'title': None, 'cover': None}, {'id': None, 'name': 'recordcollection', 'title': None, 'cover': None}, {'id': None, 'name': 'records', 'title': None, 'cover': None}]",28700.0,Physical media (Blu-ray/DVD/steelbook/VHS/CD/vinyl/books)
tt_comm,tiktok_video:local_3b02468b825bab94cff78aeea867904edc49f6f5724e9bdc0c6e2477ce5d1277,vintage audio equipment; vinyl records,audio setup; collection showcase,"A creator showcases an extensive vintage audio setup featuring a turntable, reel-to-reel player, and records.","What an amazing vintage audio setup ! #audio #vinyl #hifi #audiophile  [{'id': None, 'name': 'audio', 'title': None, 'cover': None}, {'id': None, 'name': 'vinyl', 'title': None, 'cover': None}, {'id': None, 'name': 'hifi', 'title': None, 'cover': None}, {'id': None, 'name': 'audiophile', 'title': None, 'cover': None}]",46400.0,Physical media (Blu-ray/DVD/steelbook/VHS/CD/vinyl/books)
tt_comm,tiktok_video:local_44575f2b920e74763af80fd567dabab34275d6201942e894c288f4ea442cc63e,stereo systems; vinyl records,content promotion; setup showcase,A creator showcases a vintage stereo system and vinyl records while linking to a longer video.,"New Long Video!!! 🔗 #vintageaudio #vintagehifi #stereosetup #70smusic #vinylrecords #physicalmedia #andygibb #beegees [{'id': None, 'name': 'vintageaudio', 'title': None, 'cover': None}, {'id': None, 'name': 'vintagehifi', 'title': None, 'cover': None}, {'id': None, 'name': 'stereosetup', 'title': None, 'cover': None}, {'id': None, 'name': '70smusic', 'title': None, 'cover': None}, {'id': None, 'name': 'vinylrecords', 'title': None, 'cover': None}, {'id': None, 'name': 'physicalmedia', 'title': None, 'cover': None}, {'id': None, 'name': 'andygibb', 'title': None, 'cover': None}, {'id': None, 'name': 'beegees', 'title': None, 'cover': None}]",10900.0,Physical media (Blu-ray/DVD/steelbook/VHS/CD/vinyl/books)
tt_comm,tiktok_video:local_28a69de488727d4904a7efcbe8c53b52faa73d23305f1f96ea4a046e4d072bc2,vintage music; 1950s memorabilia,playlist showcase; vintage aesthetic,The creator shares a 1950s-inspired daily music playlist alongside vintage photographs and illustrations.,"my daily playlist 👛💓 #traditional #tradwife #housewife #50s #fyp  [{'id': None, 'name': 'traditional', 'title': None, 'cover': None}, {'id': None, 'name': 'tradwife', 'title': None, 'cover': None}, {'id': None, 'name': 'housewife', 'title': None, 'cover': None}, {'id': None, 'name': '50s', 'title': None, 'cover': None}, {'id': None, 'name': 'fyp', 'title': None, 'cover': None}]",58300.0,Sports memorabilia and equipment
tt_comm,tiktok_video:local_a915c50cfcbfd31ec288f05a22137c314b63966533ccc2ae404656ac3d1a22a6,vintage music; streaming playlist,music curation; song recommendations,A video curating a list of vintage melodies and songs using a music streaming interface display.,"beautiful melodies 🎶✨#vintage #music [{'id': None, 'name': 'vintage', 'title': None, 'cover': None}, {'id': None, 'name': 'music', 'title': None, 'cover': None}]",1900000.0,Unassigned (mixed/other)
tt_comm,tiktok_video:local_b41abc16871ab6c598793cb405499b12cd854b259db3d00abdeba6bcfb7e88a8,blind box watch; Hello Kitty merchandise,unboxing; store review,The creator reviews an M&G Life store experience while unboxing a Hello Kitty blind box watch.,"speechless mau ngontenin blindbox jam tangan taunya dibeliin staff😭🩷 thank u untuk staff @mglife.id pelayanan dan fasilitasnya oke bangettt ga expect kalau bisa spend time unboxing blindbox di sini. thank u juga buat staffnyaaa positive vibes bgt! aku bakal balik lagiii
location: store m&g life Cibinong City Mall
#blindbox #jamtangan #cutestuff #unboxing #toys  [{'id': None, 'name': 'blindbox', 'title': None, 'cover': None}, {'id': None, 'name': 'jamtangan', 'title': None, 'cover': None}, {'id': None, 'name': 'cutestuff', 'title': None, 'cover': None}, {'id': None, 'name': 'unboxing', 'title': None, 'cover': None}, {'id': None, 'name': 'toys', 'title': None, 'cover': None}]",258200.0,Reselling / seller how-to / marketplace ops
tt_comm,tiktok_video:local_17878708e5ae46e01b425ffd89d45fb748f9b660054add62183df1763afc7c88,sewing buttons; mother of pearl buttons,identification guide; collection showcase,The creator shares six tips to identify real mother of pearl buttons versus plastic look-alikes.,"Welcome to my button series I guess!! Go through my current real Mother of Pearl Button collection ✨✨ here are some tips to help you identify real vs plastic: 

1: They should have heft. True MOP buttons are much heavier than plastic look-alikes. 

2. Feel! MOP buttons are made from shells! There should be a bit of grit, either on the front or the back. Sometimes they’re ground down and smoothed to provide better shine on the front so always check the back too! 

3. Sound. When (gently!) dropped, they should sound more like you’re dropping a smooth pebble (versus a small piece of plastic). 

4. Location! Usually collectors recognize what they have, and will often put them in a seperate baggie. If not, they likely have made their way to the bottom of the jar during their shuffles, because they’re heavier than the plastic buttons! 

5. Signs of damage. MOP buttons will break and chip more easily than plastic. Check the edges for signs of layered chipping. Even button holes can lead to these signs. Look carefully! 

6. Colors! MOP buttons are natural! Even “sets” will likely have color variation, streaks, or waves. 

Good luck and happy hunting ☺️ #sewing #antiquebuttons #knittok #sewingnotions #memade  [{'id': None, 'name': 'sewing', 'title': None, 'cover': None}, {'id': None, 'name': 'antiquebuttons', 'title': None, 'cover': None}, {'id': None, 'name': 'knittok', 'title': None, 'cover': None}, {'id': None, 'name': 'sewingnotions', 'title': None, 'cover': None}, {'id': None, 'name': 'memade', 'title': None, 'cover': None}]",1274.0,"Patches, pins, buttons and battle jackets"
tt_comm,tiktok_video:local_0af238726a3b162f71eef621498ac0c94105d1d01ba791f16e39459ed27de9df,sewing buttons; vintage buttons,product showcase; store inventory,A shop showcases an assortment of vintage sewing buttons available for starting a collection.,"Con interrupciones y finalmente lo encontramos! Si quieres iniciar tu colección de botones tenemos un surtido de botones vintage que son una preciosidad! 💚

#pequeñocomercio #asmr #merceria #unboxing #botones #botonesvintage #buttons  [{'id': None, 'name': 'pequeñocomercio', 'title': None, 'cover': None}, {'id': None, 'name': 'asmr', 'title': None, 'cover': None}, {'id': None, 'name': 'merceria', 'title': None, 'cover': None}, {'id': None, 'name': 'unboxing', 'title': None, 'cover': None}, {'id': None, 'name': 'botones', 'title': None, 'cover': None}, {'id': None, 'name': 'botonesvintage', 'title': None, 'cover': None}, {'id': None, 'name': 'buttons', 'title': None, 'cover': None}]",2000000.0,"Patches, pins, buttons and battle jackets"
tt_comm,tiktok_video:local_643c0ba22e90345a89f9a504d79b898ed8925b565c726e14b464e0c3e82617d3,sewing buttons,reselling; thrift shopping,A reseller notes the surprisingly high prices of jars of buttons found at Goodwill.,"Proof that resellers are always learning something about something. I knew that some people collect buttons or create art with them… but I really didn’t think about how much they cost these days. 

##thriftstorefinds##thriftfinds##resellercommunity##goodwillfinds##reseller [{'id': None, 'name': 'thriftstorefinds', 'title': None, 'cover': None}, {'id': None, 'name': 'thriftfinds', 'title': None, 'cover': None}, {'id': None, 'name': 'resellercommunity', 'title': None, 'cover': None}, {'id': None, 'name': 'goodwillfinds', 'title': None, 'cover': None}, {'id': None, 'name': 'reseller', 'title': None, 'cover': None}]",15600.0,"Patches, pins, buttons and battle jackets"
tt_comm,tiktok_video:local_af75eb32779fb903770d1237548bba51ad348e88f8496376946226da8c56ec0e,sewing buttons,collection showcase,The creator displays jars of sewing buttons and highlights favorite pieces from their collection.,"Buttons! 💫 #buttons #sewing #collection #buttoncollection #create  [{'id': None, 'name': 'buttons', 'title': None, 'cover': None}, {'id': None, 'name': 'sewing', 'title': None, 'cover': None}, {'id': None, 'name': 'collection', 'title': None, 'cover': None}, {'id': None, 'name': 'buttoncollection', 'title': None, 'cover': None}, {'id': None, 'name': 'create', 'title': None, 'cover': None}]",542.0,"Patches, pins, buttons and battle jackets"
tt_comm,tiktok_video:local_39b62d1727b9d59a033e3eb672f8cc3e2987241118fbbf2159ac0b449357d02f,sewing buttons,sorting; crafts,The creator sorts a button collection to create a rainbow peace sign art project.,"I'm making a rainbow peace sign on a round canvas 🌈☮️ #buttons #collections #buttoncollection #sorting #satisfying #rainbow #autisticadults #neurospicy #autisticafab #autisticwomen #neurodivergent #asmr #mycollection #specialinterest  [{'id': None, 'name': 'buttons', 'title': None, 'cover': None}, {'id': None, 'name': 'collections', 'title': None, 'cover': None}, {'id': None, 'name': 'buttoncollection', 'title': None, 'cover': None}, {'id': None, 'name': 'sorting', 'title': None, 'cover': None}, {'id': None, 'name': 'satisfying', 'title': None, 'cover': None}, {'id': None, 'name': 'rainbow', 'title': None, 'cover': None}, {'id': None, 'name': 'autisticadults', 'title': None, 'cover': None}, {'id': None, 'name': 'neurospicy', 'title': None, 'cover': None}, {'id': None, 'name': 'autisticafab', 'title': None, 'cover': None}, {'id': None, 'name': 'autisticwomen', 'title': None, 'cover': None}, {'id': None, 'name': 'neurodivergent', 'title': None, 'cover': None}, {'id': None, 'name': 'asmr', 'title': None, 'cover': None}, {'id': None, 'name': 'mycollection', 'title': None, 'cover': None}, {'id': None, 'name': 'specialinterest', 'title': None, 'cover': None}]",88100.0,"Patches, pins, buttons and battle jackets"
tt_comm,tiktok_video:local_6d5a920b1e21f7195ed66670d6faf328225c944c2fa7dd3fe52432b6b2ae6758,sewing buttons; vintage buttons,sorting; family estate,The creator sifts through a tin of vintage buttons inherited from their grandmother.,"We’re going through my grandmas house who’s moving to an assisted living facility. I’ll show more of the things I adopted later but I wanted to go through the collection off buttons this evening. #buttons #grandma  [{'id': None, 'name': 'buttons', 'title': None, 'cover': None}, {'id': None, 'name': 'grandma', 'title': None, 'cover': None}]",143.0,"Patches, pins, buttons and battle jackets"
tt_comm,tiktok_video:local_30b89927d1982dc7db2d730bd06742259273639b55d789afda69cd5881eaef44,sewing buttons; vintage buttons,collection sorting; organization,The creator displays a large donated vintage button collection sorted by color and type across drawers.,"Many months ago we got this UNBELIEVABLE donation from @gretchenafisher - pounds and pounds of her mother's button collection.
I actually have a much larger project with buttons that I keep hoping to get to, but in the meantime, I had the most fun pouring through the boxes and bags and more boxes and more bags of buttons to find some of my favorites.  And then, of course, had to sort them by color and type and size.  And this is such a tiny tiny fraction of the donation....
Which drawer is your favorite?  I think mine is the green...
Thank you @gretchenafisher for this immense joy.
.
.
.
.
.
#button #buttoncollector #vintagebutton #vintagebuttons  [{'id': None, 'name': 'button', 'title': None, 'cover': None}, {'id': None, 'name': 'buttoncollector', 'title': None, 'cover': None}, {'id': None, 'name': 'vintagebutton', 'title': None, 'cover': None}, {'id': None, 'name': 'vintagebuttons', 'title': None, 'cover': None}]",44600.0,"Patches, pins, buttons and battle jackets"
tt_comm,tiktok_video:local_385988d29b3b91d049138e934c138e90ffba4d2ea4071303efbf61aea2413ea4,buttons; craft supplies,collection showcase; crafting advice,The creator displays a found collection of assorted buttons and asks viewers for suggestions on what to do with them.,"So many buttons! I can’t believe I found these! 

#buttoncollection #buttons #oldschool  [{'id': None, 'name': 'buttoncollection', 'title': None, 'cover': None}, {'id': None, 'name': 'buttons', 'title': None, 'cover': None}, {'id': None, 'name': 'oldschool', 'title': None, 'cover': None}]",2299.0,"Patches, pins, buttons and battle jackets"
tt_comm,tiktok_video:local_24a8394f19257d8d1ae582f63905e26fd7ef10c45144c286895edd8a72b3926a,antique buttons; vintage buttons,collection showcase; collecting history,"A creator shares her lifelong button collection stored inside an antique dental cabinet, detailing materials from Victorian silver to bakelite.","Since I was a teenager I've been collecting buttons. I've bought jars of them at estate sales, antique shops, and button shops. Many of them were sewn into my clothing (back when I sewed my own clothes), and now I display my favorite buttons in this antique dental cabinet which was once used by a dentist to store medicine, tools, and even gold teeth! Many of my buttons are from mother-of-pearl, while others are enamel, glass, bakelite, wood, and bone. Some of my favorites are sterling silver from the Victorian era. They were so precious, they were stored in velvet jewelry boxes, which I still use to hold my sterling silver buttons. Occasionally, I’ll switch out buttons on my ready-made clothing or sew them onto pillows, but mostly I just visit them in this cabinet, wishing I knew the stories they could tell. #chefshannon #fyp #buttoncollection #tulsa #collector [{'id': None, 'name': 'chefshannon', 'title': None, 'cover': None}, {'id': None, 'name': 'fyp', 'title': None, 'cover': None}, {'id': None, 'name': 'buttoncollection', 'title': None, 'cover': None}, {'id': None, 'name': 'tulsa', 'title': None, 'cover': None}, {'id': None, 'name': 'collector', 'title': None, 'cover': None}]",30900.0,"Patches, pins, buttons and battle jackets"
tt_comm,tiktok_video:local_c68ed82eb64ac68cd0bab6f50e61b435a4d96ede96e4d1b68f43ceb9c1c4bf0b,vintage buttons; novelty buttons,collection showcase; collection tour,The creator gives a tour of a vintage button collection featuring novelty designs like Pikachu and rubber duckies.,"vintage button collection tour because we all need more whimsy 🪡 my favorite is the little pikachu and rubber duckies! Some are wooden, some ceramic. #buttons #craftsupplies #whimsy #collection #vintage  [{'id': None, 'name': 'buttons', 'title': None, 'cover': None}, {'id': None, 'name': 'craftsupplies', 'title': None, 'cover': None}, {'id': None, 'name': 'whimsy', 'title': None, 'cover': None}, {'id': None, 'name': 'collection', 'title': None, 'cover': None}, {'id': None, 'name': 'vintage', 'title': None, 'cover': None}]",346.0,"Patches, pins, buttons and battle jackets"
tt_comm,tiktok_video:local_2a059a3c04e122ee7d5813488ec8694081f4e01da041f7b159b15af1d70669f7,vintage buttons; glass buttons,sorting; collection care,The creator sorts through a large collection of vintage and antique buttons by hand on a tabletop.,"#buttons #vintage #collecting   #antiques #glassbuttons
something therapeutic about sorting a button collection  [{'id': None, 'name': 'buttons', 'title': None, 'cover': None}, {'id': None, 'name': 'vintage', 'title': None, 'cover': None}, {'id': None, 'name': 'collecting', 'title': None, 'cover': None}, {'id': None, 'name': 'antiques', 'title': None, 'cover': None}, {'id': None, 'name': 'glassbuttons', 'title': None, 'cover': None}]",585.0,"Patches, pins, buttons and battle jackets"
tt_comm,tiktok_video:local_598611fc5c89bc42c46941d905118116c2e4dc53ff8cd765e7e081abe1544639,sewing buttons; garment buttons,clothing repair; collection utility,The creator searches through a button collection to find a replacement button to sew onto a baby romper.,"Now to sew these on😋 #buttons #buttoncollection #buttonhunt #findingbuttons #buttonreplacement  [{'id': None, 'name': 'buttons', 'title': None, 'cover': None}, {'id': None, 'name': 'buttoncollection', 'title': None, 'cover': None}, {'id': None, 'name': 'buttonhunt', 'title': None, 'cover': None}, {'id': None, 'name': 'findingbuttons', 'title': None, 'cover': None}, {'id': None, 'name': 'buttonreplacement', 'title': None, 'cover': None}]",695.0,"Patches, pins, buttons and battle jackets"
tt_comm,tiktok_video:local_c49abb0e6f31218a76012c196237696c32924bcfd7ddc13840ac94d30dd6b069,buttons,collection showcase,The creator highlights unique individual buttons from a large personal collection stored in metal containers.,This is only the tip of the button iceberg [],972.0,"Patches, pins, buttons and battle jackets"
tt_comm,tiktok_video:local_4fe5d413abd0bdd3dd69da42756cc64dcc3f5301baa5c1e0ce6cc6e1b7f0a433,vintage buttons; collectible pins,collection organization; asmr,"The creator begins organizing an uncle's 50-year-old collection of thousands of vintage buttons and pins, asking viewers for organization tips.","A little button ASMR
Just getting started on organizing my uncles 50 year collection, there are  thousands to go through.
How would you organize them?
#buttons #pins #collector  [{'id': None, 'name': 'buttons', 'title': None, 'cover': None}, {'id': None, 'name': 'pins', 'title': None, 'cover': None}, {'id': None, 'name': 'collector', 'title': None, 'cover': None}]",395.0,"Patches, pins, buttons and battle jackets"
tt_comm,tiktok_video:local_d511a9d29c08093bc91fd2b41ca4e9033cf729d2a0d23cd3b8ed3ef7cc8f0023,buttons,collection tour,"The creator shows a large, organized collection of themed buttons.","When I say I collect buttons this is what I mean #collections #buttons #grandmahobbies #collectiontour  [{'id': None, 'name': 'collections', 'title': None, 'cover': None}, {'id': None, 'name': 'buttons', 'title': None, 'cover': None}, {'id': None, 'name': 'grandmahobbies', 'title': None, 'cover': None}, {'id': None, 'name': 'collectiontour', 'title': None, 'cover': None}]",869.0,"Patches, pins, buttons and battle jackets"
tt_comm,tiktok_video:local_0da69e30d39e80133671994a548843abddf2b29ed1829de52dba889d768be412,Labubu animation; character slippers,ai animation; storytelling,An animated narrative shows the character Labubu buying and delivering slippers.,"🩴 Labubu Buys New Slippers for His Little Owner 💕 | Sweet Surprise on Longboard 🛹 #labubu #labubumonster #LabubuStory #labubuvideo #labubuai [{'id': None, 'name': 'labubu', 'title': None, 'cover': None}, {'id': None, 'name': 'labubumonster', 'title': None, 'cover': None}, {'id': None, 'name': 'labubustory', 'title': None, 'cover': None}, {'id': None, 'name': 'labubuvideo', 'title': None, 'cover': None}, {'id': None, 'name': 'labubuai', 'title': None, 'cover': None}]",1500000.0,Unassigned (mixed/other)
tt_comm,tiktok_video:local_416be4c4a402c054bfb3f6dc40e353a9cdc2ccb64b5ee782e8d0d452ad657e03,Labubu animation,storytelling; animation,An animated short features Labubu characters preparing and baking a cake.,"labubu cake history #labubu #labubuthemonsters #animation #stories #cute [{'id': None, 'name': 'labubu', 'title': None, 'cover': None}, {'id': None, 'name': 'labubuthemonsters', 'title': None, 'cover': None}, {'id': None, 'name': 'animation', 'title': None, 'cover': None}, {'id': None, 'name': 'stories', 'title': None, 'cover': None}, {'id': None, 'name': 'cute', 'title': None, 'cover': None}]",401400.0,Unassigned (mixed/other)
tt_comm,tiktok_video:local_3c7fa35a36d65343056d8685722dc436720217cc33bd6f7481de952cbac88472,mobile app; software,app showcase; nostalgia,"The creator promotes Shufl fm, a mobile application designed to emulate an iPod interface.","app is called Shufl fm btw #spotify #ipod #2000s #music #fyp  [{'id': None, 'name': 'spotify', 'title': None, 'cover': None}, {'id': None, 'name': 'ipod', 'title': None, 'cover': None}, {'id': None, 'name': '2000s', 'title': None, 'cover': None}, {'id': None, 'name': 'music', 'title': None, 'cover': None}, {'id': None, 'name': 'fyp', 'title': None, 'cover': None}]",22700.0,"Military, police and collectible memorabilia"
tt_comm,tiktok_video:local_8e610d5761a851807d9cf8d81655dda4dc26884fc821af530ee791e4d7916b11,iPhone; mobile widgets,software customization; nostalgia,The creator demonstrates an iPhone setup featuring an iPod-themed widget interface.,"POV: You Have an iPod on Your iPhone. 

#ipod #homescreen #iphonesetup #widget #nostalgia  [{'id': None, 'name': 'ipod', 'title': None, 'cover': None}, {'id': None, 'name': 'homescreen', 'title': None, 'cover': None}, {'id': None, 'name': 'iphonesetup', 'title': None, 'cover': None}, {'id': None, 'name': 'widget', 'title': None, 'cover': None}, {'id': None, 'name': 'nostalgia', 'title': None, 'cover': None}]",243300.0,"Military, police and collectible memorabilia"
