conversation_rank,bucket,query,row_type,post_id,comment_id,subreddit,title,text,author,score,upvote_ratio,reddit_comment_count,posted_at,url,parent_id,depth,flash_community,flash_specific_category,flash_topic,flash_short_summary,flash_confidence,flash_evidence_row_id
1,general_recent,ebay,post,https://www.reddit.com/r/Ebay/comments/1tbjxra/order_a_pair_of_vans_get_a_free_firearm,,Ebay,"order a pair of VANS, get a free firearm…","So something really crazy happened when I ordered my sister a birthday present on ebay. I had the gift, a pair of VANS, sent directly to her in another state. This morning as she’s opening the package, we’re on the phone and I hear her voice get weird. Turns out not only was it a pair of sneakers, but also a gun loaded with ammunition. Quite a strange freebie, right? She decided to call the cops not knowing if it’s illegal / registered, etc. Meanwhile I messaged the seller who didn’t end up getting back to me for hours. And I tired very hard to contact someone at ebay with no success at all bc everything is AI and I could not figure out a way to speak to a human. Still now almost 12 hours later haven’t heard anything back from ebay after leaving the report that a loaded possibly illegal firearm arrived with my order. moral of the story … think twice before ordering from ebay and esp. sending directly to someone as a gift bc u never know what they’ll receive. and ebay, this is why u need an option for customers to reach a human!!",honeydooomelon,4220,0.85,1200,2026-05-13T00:35:04Z,https://www.reddit.com/r/Ebay/comments/1tbjxra/order_a_pair_of_vans_get_a_free_firearm/,,,Sneakers/Streetwear; General marketplace,sneakers; firearms,incorrect order; customer support,A buyer alleges a loaded firearm arrived with an eBay order of Vans sneakers and criticizes automated customer support.,high,reddit:t3_1tbjxra
1,general_recent,ebay,comment,https://www.reddit.com/r/Ebay/comments/1tbjxra/order_a_pair_of_vans_get_a_free_firearm,t1_oljcv1q,Ebay,"order a pair of VANS, get a free firearm…",Something about this story isn’t right feels off,EmbarrassedAffect672,369,,,2026-05-13T09:53:35Z,https://www.reddit.com/r/Ebay/comments/1tbjxra/order_a_pair_of_vans_get_a_free_firearm/,t3_1tbjxra,0,General marketplace,,skepticism,"A commenter expresses skepticism about the poster's story, stating that something feels off.",high,reddit:t1_oljcv1q
1,general_recent,ebay,comment,https://www.reddit.com/r/Ebay/comments/1tbjxra/order_a_pair_of_vans_get_a_free_firearm,t1_ollfqsg,Ebay,"order a pair of VANS, get a free firearm…","F that, i just ordered 100 pairs of vans after reading this.",Educational-Drop-926,201,,,2026-05-13T16:32:21Z,https://www.reddit.com/r/Ebay/comments/1tbjxra/order_a_pair_of_vans_get_a_free_firearm/,t1_oliyor3,1,Sneakers/Streetwear,sneakers,order reaction,A user claims they ordered 100 pairs of Vans after reading the post.,medium,reddit:t1_ollfqsg
1,general_recent,ebay,comment,https://www.reddit.com/r/Ebay/comments/1tbjxra/order_a_pair_of_vans_get_a_free_firearm,t1_oljwvku,Ebay,"order a pair of VANS, get a free firearm…","Hahaha! I have to agree that this is the last reason to avoid eBay. Guns are expensive, this had to be a really bad mistake, assuming it actually happened. No one would do this intentionally, even getting rid of a gun used in a crime this isn't a good way to do it.",VladStark,186,,,2026-05-13T12:10:24Z,https://www.reddit.com/r/Ebay/comments/1tbjxra/order_a_pair_of_vans_get_a_free_firearm/,t1_oliyor3,1,General marketplace,firearms,marketplace safety; skepticism,"A commenter argues that receiving an expensive firearm would be a mistake rather than intentional, questioning the situation.",high,reddit:t1_oljwvku
1,general_recent,ebay,comment,https://www.reddit.com/r/Ebay/comments/1tbjxra/order_a_pair_of_vans_get_a_free_firearm,t1_oljk98r,Ebay,"order a pair of VANS, get a free firearm…","I just ordered 12 pairs of Vans , wish me luck !",Reddiculusness,85,,,2026-05-13T10:50:22Z,https://www.reddit.com/r/Ebay/comments/1tbjxra/order_a_pair_of_vans_get_a_free_firearm/,t3_1tbjxra,0,Sneakers/Streetwear,sneakers,order reaction,A commenter states they just ordered 12 pairs of Vans and asks for luck.,medium,reddit:t1_oljk98r
2,general_recent,ebay,post,https://www.reddit.com/r/Ebay/comments/1vurw2a/seller_sent_decoy_package,,Ebay,Seller sent decoy package,"Seller used the tracking number of a decoy package containing this note and now eBay is saying the item was delivered. They seemed reputable (99.8% positive on 20k feedback) and member since 2001. But it's a little sketchy to sell items that are ""expected to arrive"". I should mention I was never contacted about this beforehand so it feels kind of disrespectful. Should I start up a return so there's documentation? Have any of you experienced this as a buyer or seller?",Allan0n,3761,0.99,125,2026-08-21T20:35:56Z,https://www.reddit.com/r/Ebay/comments/1vurw2a/seller_sent_decoy_package/,,,General marketplace,eBay,Decoy packages; Return cases,The author asks whether to open a return after an eBay seller sent a decoy package with a note.,high,reddit:t3_1vurw2a
2,general_recent,ebay,comment,https://www.reddit.com/r/Ebay/comments/1vurw2a/seller_sent_decoy_package,t1_p542f6b,Ebay,Seller sent decoy package,"Do NOT file an item not received. File an Item Not As Described (INAD). In eBay's eyes, you received something. Item Not Received (INR) is for when you didn't receive anything. If you receive something, even if it's not the item you ordered, file an Item Not As Described.",tyw7,832,,,2026-08-21T22:12:41Z,https://www.reddit.com/r/Ebay/comments/1vurw2a/seller_sent_decoy_package/,t3_1vurw2a,0,General marketplace,eBay,Disputes; Item Not As Described,The commenter advises filing an Item Not As Described claim rather than Item Not Received since a package was delivered.,high,reddit:t1_p542f6b
2,general_recent,ebay,comment,https://www.reddit.com/r/Ebay/comments/1vurw2a/seller_sent_decoy_package,t1_p541wp3,Ebay,Seller sent decoy package,Start INAD. Now. Do not engage in conversation with the seller. Let the process run.,G7Scanlines,578,,,2026-08-21T22:10:06Z,https://www.reddit.com/r/Ebay/comments/1vurw2a/seller_sent_decoy_package/,t3_1vurw2a,0,General marketplace,eBay,Disputes; Item Not As Described,The commenter advises immediately filing an INAD claim and avoiding further conversation with the seller.,high,reddit:t1_p541wp3
2,general_recent,ebay,comment,https://www.reddit.com/r/Ebay/comments/1vurw2a/seller_sent_decoy_package,t1_p54291c,Ebay,Seller sent decoy package,File an INAD,Fledgehole,393,,,2026-08-21T22:11:49Z,https://www.reddit.com/r/Ebay/comments/1vurw2a/seller_sent_decoy_package/,t3_1vurw2a,0,General marketplace,eBay,Disputes; Item Not As Described,The commenter advises the buyer to file an INAD case.,high,reddit:t1_p54291c
2,general_recent,ebay,comment,https://www.reddit.com/r/Ebay/comments/1vurw2a/seller_sent_decoy_package,t1_p54p5ot,Ebay,Seller sent decoy package,Thanks. I started the return.,Allan0n,118,,,2026-08-22T00:14:14Z,https://www.reddit.com/r/Ebay/comments/1vurw2a/seller_sent_decoy_package/,t1_p541wp3,1,General marketplace,eBay,Return process,The author states they have initiated the return.,high,reddit:t1_p54p5ot
2,general_recent,ebay,comment,https://www.reddit.com/r/Ebay/comments/1vurw2a/seller_sent_decoy_package,t1_p54978x,Ebay,Seller sent decoy package,File INAD and report them.,Cyrano4747,79,,,2026-08-21T22:47:22Z,https://www.reddit.com/r/Ebay/comments/1vurw2a/seller_sent_decoy_package/,t3_1vurw2a,0,General marketplace,eBay,Disputes; Seller reporting,The commenter recommends filing an INAD claim and reporting the seller.,high,reddit:t1_p54978x
3,general_recent,ebay,post,https://www.reddit.com/r/Ebay/comments/1qb1iqs/nice_buyer_interaction_and_pretty_wild_from_usps,,Ebay,Nice Buyer Interaction (and pretty wild from USPS),"Buyer sent me a message yesterday to let me know that a card that I shipped him at the end of 2024 had finally arrived 😅. I thought it was pretty awesome for them to reach out after this long, and really pretty crazy that a package could arrive at the correct recipient a year later, especially considering the buyer had moved to a new address mid year. I’m somewhat impressed!",Medran,2632,1,101,2026-01-12T17:40:43Z,https://www.reddit.com/r/Ebay/comments/1qb1iqs/nice_buyer_interaction_and_pretty_wild_from_usps/,,,Other / emerging,trading cards,shipping delays; buyer communication,A seller shares that a buyer received a shipped card a year later despite moving addresses.,medium,reddit:t3_1qb1iqs
3,general_recent,ebay,comment,https://www.reddit.com/r/Ebay/comments/1qb1iqs/nice_buyer_interaction_and_pretty_wild_from_usps,t1_nz77hs7,Ebay,Nice Buyer Interaction (and pretty wild from USPS),It's nice to see that the buyer was honest and approached you about it. That's rare...,JelloHamSandwich,451,,,2026-01-12T17:52:00Z,https://www.reddit.com/r/Ebay/comments/1qb1iqs/nice_buyer_interaction_and_pretty_wild_from_usps/,t3_1qb1iqs,0,General marketplace,buyer behavior,buyer honesty,The commenter notes that it is rare and nice to see an honest buyer reach out.,high,reddit:t1_nz77hs7
3,general_recent,ebay,comment,https://www.reddit.com/r/Ebay/comments/1qb1iqs/nice_buyer_interaction_and_pretty_wild_from_usps,t1_nz7u6pm,Ebay,Nice Buyer Interaction (and pretty wild from USPS),What’s more rare is the buyer being honest and the seller declining taking it back also being honest about getting insurance payout for the card,Aggravating_Break840,152,,,2026-01-12T19:34:31Z,https://www.reddit.com/r/Ebay/comments/1qb1iqs/nice_buyer_interaction_and_pretty_wild_from_usps/,t1_nz77hs7,1,Other / emerging,trading cards,shipping insurance; seller honesty,The commenter remarks on the rarity of both buyer honesty and seller transparency regarding insurance payouts.,medium,reddit:t1_nz7u6pm
3,general_recent,ebay,comment,https://www.reddit.com/r/Ebay/comments/1qb1iqs/nice_buyer_interaction_and_pretty_wild_from_usps,t1_nz76ycb,Ebay,Nice Buyer Interaction (and pretty wild from USPS),"I had it once. Got something delivered a little over a year delayed. Tried to contact the seller, but seller is no longer registered. That was around COVID time. The package travelled back and forth through US a few times, like someone was playing Pong on a large scale.",nochkin,101,,,2026-01-12T17:49:36Z,https://www.reddit.com/r/Ebay/comments/1qb1iqs/nice_buyer_interaction_and_pretty_wild_from_usps/,t3_1qb1iqs,0,General marketplace,package delivery,delayed shipping; unregistered seller,A user recounts receiving a package over a year late during COVID after it routed back and forth.,high,reddit:t1_nz76ycb
3,general_recent,ebay,comment,https://www.reddit.com/r/Ebay/comments/1qb1iqs/nice_buyer_interaction_and_pretty_wild_from_usps,t1_nz7oxg1,Ebay,Nice Buyer Interaction (and pretty wild from USPS),Honesty is a rare commodity these days.,rrk100,88,,,2026-01-12T19:10:15Z,https://www.reddit.com/r/Ebay/comments/1qb1iqs/nice_buyer_interaction_and_pretty_wild_from_usps/,t1_nz77hs7,1,General marketplace,buyer behavior,honesty,The commenter states that honesty is a rare commodity.,high,reddit:t1_nz7oxg1
3,general_recent,ebay,comment,https://www.reddit.com/r/Ebay/comments/1qb1iqs/nice_buyer_interaction_and_pretty_wild_from_usps,t1_nz79gd8,Ebay,Nice Buyer Interaction (and pretty wild from USPS),"This happened to me once. I ordered a Neo Destiny Shining Raichu and the seller shipped it in a plain white envelope via USPS without even buying the label from eBay (they were a pretty new account and obviously very inexperienced) Well, it never arrived, seller apologized and refunded. Like four months later the most ragged envelope I've ever seen shows up at my door and inside, with no protection whatsoever, is a now-demolished Shining Raichu lol. I went to go ask if they wanted it back or for me to pay a reduced price for it because of the damage, but their eBay account didn't exist anymore. I sent it to PSA and got a 1 on it, and have now started a PSA 1 Shining Neo collection lol",hockey_and_techno,52,,,2026-01-12T18:00:45Z,https://www.reddit.com/r/Ebay/comments/1qb1iqs/nice_buyer_interaction_and_pretty_wild_from_usps/,t3_1qb1iqs,0,TCG/Pokemon,Pokemon cards,damaged shipping; card grading,A buyer received a damaged Neo Destiny Shining Raichu months late after a refund and graded it PSA 1.,high,reddit:t1_nz79gd8
4,general_recent,ebay,post,https://www.reddit.com/r/Ebay/comments/1srkbx4/over_friendly_seller,,Ebay,Over friendly Seller,Received this message after buying from this seller..seems he enjoys the process a little too much! He noticed his typo shortly after and we had a good laugh about it,FleanNCresh,2477,0.98,81,2026-04-21T11:01:51Z,https://www.reddit.com/r/Ebay/comments/1srkbx4/over_friendly_seller/,,,General marketplace,,Buyer-seller communication; Customer service,A buyer reports laughing over an accidental typo in a message received from a seller.,high,reddit:t3_1srkbx4
4,general_recent,ebay,comment,https://www.reddit.com/r/Ebay/comments/1srkbx4/over_friendly_seller,t1_ohfs5rw,Ebay,Over friendly Seller,You gotta do what you gotta do to get those 5 stars.,OkProgrammer7392,433,,,2026-04-21T13:09:55Z,https://www.reddit.com/r/Ebay/comments/1srkbx4/over_friendly_seller/,t3_1srkbx4,0,General marketplace,,Seller feedback; Ratings,A commenter quips that sellers must do whatever it takes to obtain five-star reviews.,medium,reddit:t1_ohfs5rw
4,general_recent,ebay,comment,https://www.reddit.com/r/Ebay/comments/1srkbx4/over_friendly_seller,t1_ohg56lw,Ebay,Over friendly Seller,now that deserves a positive feedback,[deleted],239,,,2026-04-21T14:18:19Z,https://www.reddit.com/r/Ebay/comments/1srkbx4/over_friendly_seller/,t3_1srkbx4,0,General marketplace,,Seller feedback; Customer service,A commenter states that the seller's interaction deserves positive feedback.,medium,reddit:t1_ohg56lw
4,general_recent,ebay,comment,https://www.reddit.com/r/Ebay/comments/1srkbx4/over_friendly_seller,t1_ohhjx0x,Ebay,Over friendly Seller,Respond with “Come again?” 🤣🤣,xXDillDoughXx,141,,,2026-04-21T18:16:01Z,https://www.reddit.com/r/Ebay/comments/1srkbx4/over_friendly_seller/,t3_1srkbx4,0,General marketplace,,Buyer-seller communication,A commenter suggests responding to the seller's message with a joke.,low,reddit:t1_ohhjx0x
4,general_recent,ebay,comment,https://www.reddit.com/r/Ebay/comments/1srkbx4/over_friendly_seller,t1_ohg8x5c,Ebay,Over friendly Seller,He got it!,FleanNCresh,77,,,2026-04-21T14:36:29Z,https://www.reddit.com/r/Ebay/comments/1srkbx4/over_friendly_seller/,t1_ohg56lw,1,General marketplace,,Seller feedback,The author confirms that the seller received the positive feedback.,high,reddit:t1_ohg8x5c
4,general_recent,ebay,comment,https://www.reddit.com/r/Ebay/comments/1srkbx4/over_friendly_seller,t1_ohhij5f,Ebay,Over friendly Seller,Times are tough... gotten be full service these days,Sufficient_War_1891,66,,,2026-04-21T18:09:30Z,https://www.reddit.com/r/Ebay/comments/1srkbx4/over_friendly_seller/,t1_ohfs5rw,1,General marketplace,,Customer service; Seller feedback,A commenter jokes about sellers needing to provide full service to succeed.,medium,reddit:t1_ohhij5f
5,general_recent,ebay,post,https://www.reddit.com/r/Ebay/comments/1w2z9ea/another_day_of_ebay,,Ebay,Another day of ebay,"I accepted the seller offer and then goes crazy, like what on earth. His listing price was $400, he sends me an offer $300. Update: the item is listed at $425 still sitting there For any confusion, I was the buyer",Standard-Birthday408,2330,0.99,171,2026-08-31T01:17:48Z,https://www.reddit.com/r/Ebay/comments/1w2z9ea/another_day_of_ebay/,,,General marketplace,eBay,Buyer-seller dispute; Offers,A buyer states that an eBay seller acted erratically after the buyer accepted the seller's $300 offer.,high,reddit:t3_1w2z9ea
5,general_recent,ebay,comment,https://www.reddit.com/r/Ebay/comments/1w2z9ea/another_day_of_ebay,t1_p6xfjq0,Ebay,Another day of ebay,"Lists for $400, send offer for $300 accepts, doesn’t like it, says would take $400 and even $500 lol",oceanhollywood,457,,,2026-08-31T05:29:42Z,https://www.reddit.com/r/Ebay/comments/1w2z9ea/another_day_of_ebay/,t3_1w2z9ea,0,General marketplace,eBay,Seller behavior; Negotiation,A commenter mocks the seller's contradictory actions regarding listing prices and offers.,high,reddit:t1_p6xfjq0
5,general_recent,ebay,comment,https://www.reddit.com/r/Ebay/comments/1w2z9ea/another_day_of_ebay,t1_p6xe22k,Ebay,Another day of ebay,What a goon,Gas-Drawls,231,,,2026-08-31T05:17:18Z,https://www.reddit.com/r/Ebay/comments/1w2z9ea/another_day_of_ebay/,t3_1w2z9ea,0,General marketplace,eBay,Seller criticism,A commenter criticizes the seller by calling them a goon.,medium,reddit:t1_p6xe22k
5,general_recent,ebay,comment,https://www.reddit.com/r/Ebay/comments/1w2z9ea/another_day_of_ebay,t1_p6xrsbx,Ebay,Another day of ebay,That's how my toddler negotiates,Accurate-Flow8078,190,,,2026-08-31T07:15:23Z,https://www.reddit.com/r/Ebay/comments/1w2z9ea/another_day_of_ebay/,t1_p6xfjq0,1,General marketplace,eBay,Negotiation,A user compares the seller's negotiating tactics to those of a toddler.,high,reddit:t1_p6xrsbx
5,general_recent,ebay,comment,https://www.reddit.com/r/Ebay/comments/1w2z9ea/another_day_of_ebay,t1_p6xikpu,Ebay,Another day of ebay,This was the part that made me spit my water out when he send me that,Standard-Birthday408,185,,,2026-08-31T05:55:24Z,https://www.reddit.com/r/Ebay/comments/1w2z9ea/another_day_of_ebay/,t1_p6xfjq0,1,General marketplace,eBay,Buyer-seller communication,The user reacts with amusement to the message received from the seller.,high,reddit:t1_p6xikpu
5,general_recent,ebay,comment,https://www.reddit.com/r/Ebay/comments/1w2z9ea/another_day_of_ebay,t1_p6xp2su,Ebay,Another day of ebay,"""I would like to return"" 🤣",SpecialKaySC,82,,,2026-08-31T06:51:27Z,https://www.reddit.com/r/Ebay/comments/1w2z9ea/another_day_of_ebay/,t3_1w2z9ea,0,General marketplace,eBay,Returns,A commenter jokingly quotes a return request in response to the situation.,medium,reddit:t1_p6xp2su
6,general_recent,ebay,post,https://www.reddit.com/r/Ebay/comments/1w18u4i/the_best_way,,Ebay,The best way,,AppropriateReward628,2241,0.97,121,2026-08-29T01:21:47Z,https://www.reddit.com/r/Ebay/comments/1w18u4i/the_best_way/,,,Unclear,,,Post contains only a title with no body text or usable context.,low,reddit:t3_1w18u4i
6,general_recent,ebay,comment,https://www.reddit.com/r/Ebay/comments/1w18u4i/the_best_way,t1_p6kd8zc,Ebay,The best way,LOL,Inochimaru,188,,,2026-08-29T06:51:16Z,https://www.reddit.com/r/Ebay/comments/1w18u4i/the_best_way/,t3_1w18u4i,0,Unclear,,reaction,"Commenter reacts with ""LOL"" without additional context.",low,reddit:t1_p6kd8zc
6,general_recent,ebay,comment,https://www.reddit.com/r/Ebay/comments/1w18u4i/the_best_way,t1_p6k9sox,Ebay,The best way,"Love it 🤣 Buyers ask so much stupid shit. Worst of all, more questions = definitely no purchase",IloveKaitlyn,160,,,2026-08-29T06:21:35Z,https://www.reddit.com/r/Ebay/comments/1w18u4i/the_best_way/,t3_1w18u4i,0,General marketplace,,buyer behavior; customer service,Commenter complains that buyers ask foolish questions and that more questions correlate with not purchasing.,medium,reddit:t1_p6k9sox
6,general_recent,ebay,comment,https://www.reddit.com/r/Ebay/comments/1w18u4i/the_best_way,t1_p6kjklq,Ebay,The best way,I used to be nice and send the offer for them...then the offer would sit there for 4 days and eventually expire. Meanwhile i couldnt edit the listing. Now i tell them to send the offer and i will accept. This way it charges them instantly,_cansir,152,,,2026-08-29T07:45:37Z,https://www.reddit.com/r/Ebay/comments/1w18u4i/the_best_way/,t3_1w18u4i,0,General marketplace,,offers; selling strategy,Seller now requires buyers to send offers to trigger instant payment instead of sending offers that expire.,high,reddit:t1_p6kjklq
6,general_recent,ebay,comment,https://www.reddit.com/r/Ebay/comments/1w18u4i/the_best_way,t1_p6lhvpo,Ebay,The best way,"I put a game up for $43, not accepting offers. Somebody messaged me just “$20.” LOL. I didn’t respond. It sold at $43 within an hour",thegracelesswonder,59,,,2026-08-29T12:18:57Z,https://www.reddit.com/r/Ebay/comments/1w18u4i/the_best_way/,t3_1w18u4i,0,Electronics,video games,offers; pricing,"Seller ignored a lowball $20 message for a game listed at $43, which then sold for full price within an hour.",medium,reddit:t1_p6lhvpo
6,general_recent,ebay,comment,https://www.reddit.com/r/Ebay/comments/1w18u4i/the_best_way,t1_p6nafsk,Ebay,The best way,yea 4 day offers are nonsense,jrr6415sun,43,,,2026-08-29T17:41:46Z,https://www.reddit.com/r/Ebay/comments/1w18u4i/the_best_way/,t1_p6kjklq,1,General marketplace,,offers; platform policy,Commenter agrees that four-day offer durations are nonsense.,high,reddit:t1_p6nafsk
7,general_recent,ebay,post,https://www.reddit.com/r/Ebay/comments/1r91qdw/seller_packaged_phone_in_mayonnaise_packets,,Ebay,Seller packaged phone in mayonnaise packets,I got a good deal on an iPhone 8 for a project and this is what the seller thought would substitute for bubble wrap.,W_town,2216,1,291,2026-02-19T15:12:14Z,https://www.reddit.com/r/Ebay/comments/1r91qdw/seller_packaged_phone_in_mayonnaise_packets/,,,Electronics,smartphones,packaging; shipping,The author shares that a seller used mayonnaise packets instead of bubble wrap to package an iPhone 8.,high,reddit:t3_1r91qdw
7,general_recent,ebay,comment,https://www.reddit.com/r/Ebay/comments/1r91qdw/seller_packaged_phone_in_mayonnaise_packets,t1_o6b1kn1,Ebay,Seller packaged phone in mayonnaise packets,"It's unconventional and kind of smart, but the potential hazards....",Curious-Antelope6171,602,,,2026-02-19T20:47:30Z,https://www.reddit.com/r/Ebay/comments/1r91qdw/seller_packaged_phone_in_mayonnaise_packets/,t3_1r91qdw,0,Electronics,smartphones,packaging; shipping,"The commenter notes that using mayonnaise packets as packaging is unconventional and somewhat smart, but has potential hazards.",high,reddit:t1_o6b1kn1
7,general_recent,ebay,comment,https://www.reddit.com/r/Ebay/comments/1r91qdw/seller_packaged_phone_in_mayonnaise_packets,t1_o6b5zp3,Ebay,Seller packaged phone in mayonnaise packets,"If they had put the phone in a sealed Ziploc bag then it would have been fine, but to leave it loose was a bold choice.",activoice,357,,,2026-02-19T21:08:53Z,https://www.reddit.com/r/Ebay/comments/1r91qdw/seller_packaged_phone_in_mayonnaise_packets/,t1_o6b1kn1,1,Electronics,smartphones,packaging; shipping,"A user states the packaging would have been fine in a sealed bag, but leaving the phone loose was bold.",high,reddit:t1_o6b5zp3
7,general_recent,ebay,comment,https://www.reddit.com/r/Ebay/comments/1r91qdw/seller_packaged_phone_in_mayonnaise_packets,t1_o6b1az2,Ebay,Seller packaged phone in mayonnaise packets,Damn that’s risky hahah if one bursted in shipping they’d be screwed,puppuphooray,69,,,2026-02-19T20:46:13Z,https://www.reddit.com/r/Ebay/comments/1r91qdw/seller_packaged_phone_in_mayonnaise_packets/,t3_1r91qdw,0,Electronics,smartphones,packaging; shipping,The commenter notes that the packaging is risky because a burst packet during shipping would cause severe damage.,high,reddit:t1_o6b1az2
7,general_recent,ebay,comment,https://www.reddit.com/r/Ebay/comments/1r91qdw/seller_packaged_phone_in_mayonnaise_packets,t1_o6b6jce,Ebay,Seller packaged phone in mayonnaise packets,Very much agree. I'd have bagged it.,Curious-Antelope6171,65,,,2026-02-19T21:11:32Z,https://www.reddit.com/r/Ebay/comments/1r91qdw/seller_packaged_phone_in_mayonnaise_packets/,t1_o6b5zp3,2,Electronics,smartphones,packaging; shipping,The commenter agrees that the item should have been placed inside a bag.,high,reddit:t1_o6b6jce
7,general_recent,ebay,comment,https://www.reddit.com/r/Ebay/comments/1r91qdw/seller_packaged_phone_in_mayonnaise_packets,t1_o6cscn3,Ebay,Seller packaged phone in mayonnaise packets,"Crazy, the opposite just happened to me. I ordered a bunch of mayo packets and they used a iPhone as packaging.",Juicethc420,58,,,2026-02-20T02:38:25Z,https://www.reddit.com/r/Ebay/comments/1r91qdw/seller_packaged_phone_in_mayonnaise_packets/,t3_1r91qdw,0,Electronics,smartphones,packaging,A user claims they ordered mayonnaise packets and an iPhone was used as packaging material.,high,reddit:t1_o6cscn3
8,general_recent,ebay,post,https://www.reddit.com/r/Ebay/comments/1potn2c/i_folded_instantly,,Ebay,I folded instantly,Listed this sweater for $26. Got a $6.50 offer. Buyer’s message: “Please I just love this so much… Star light star bright please accept my offer tonight.” The sweater literally says Star light star bright. I accepted. I am weak. 🎄❄️,SharingMyStorys,2047,0.97,180,2025-12-17T10:53:26Z,https://www.reddit.com/r/Ebay/comments/1potn2c/i_folded_instantly/,,,Other / emerging,clothing; sweater,offers; buyer negotiation,A seller accepted a low offer of $6.50 on a $26 sweater after the buyer sent a matching rhyme.,high,reddit:t3_1potn2c
8,general_recent,ebay,comment,https://www.reddit.com/r/Ebay/comments/1potn2c/i_folded_instantly,t1_nuj8riy,Ebay,I folded instantly,I recently had a dude send an offer of $69.69 w the message: “The best price. You cant say no” - (offer was .31 cent less than my asking price). Sold 😔👍,Frothydawg,625,,,2025-12-17T16:26:44Z,https://www.reddit.com/r/Ebay/comments/1potn2c/i_folded_instantly/,t3_1potn2c,0,General marketplace,online sales,offers; buyer negotiation,"A seller accepted an offer of $69.69, which was 31 cents below asking price, accompanied by a humorous message.",high,reddit:t1_nuj8riy
8,general_recent,ebay,comment,https://www.reddit.com/r/Ebay/comments/1potn2c/i_folded_instantly,t1_nuj0emr,Ebay,I folded instantly,Good this close to Christmas you take it and run,Beginning-Discount53,239,,,2025-12-17T15:46:17Z,https://www.reddit.com/r/Ebay/comments/1potn2c/i_folded_instantly/,t3_1potn2c,0,Other / emerging,clothing; sweater,selling strategy; holiday sales,A user advises taking any sale this close to Christmas and running with it.,medium,reddit:t1_nuj0emr
8,general_recent,ebay,comment,https://www.reddit.com/r/Ebay/comments/1potn2c/i_folded_instantly,t1_nuje0n1,Ebay,I folded instantly,"""You miss 100% of the shots you don't take"" - Michael Scott",Clear-Hand3945,140,,,2025-12-17T16:52:29Z,https://www.reddit.com/r/Ebay/comments/1potn2c/i_folded_instantly/,t3_1potn2c,0,Other / emerging,clothing,unclear reaction,A user quotes Michael Scott regarding taking chances in response to a buyer's offer message.,low,reddit:t1_nuje0n1
8,general_recent,ebay,comment,https://www.reddit.com/r/Ebay/comments/1potn2c/i_folded_instantly,t1_nujdf5p,Ebay,I folded instantly,Watch it come in the day after Christmas and they return it 😂,KillerRed09,123,,,2025-12-17T16:49:33Z,https://www.reddit.com/r/Ebay/comments/1potn2c/i_folded_instantly/,t3_1potn2c,0,Other / emerging,clothing; sweater,returns; holiday sales,A commenter jokes that the buyer might receive the item after Christmas and return it.,medium,reddit:t1_nujdf5p
8,general_recent,ebay,comment,https://www.reddit.com/r/Ebay/comments/1potn2c/i_folded_instantly,t1_nul7wal,Ebay,I folded instantly,I routinely drop stuff to $69 and of course some of my expensive things to $420.69 Gotta have some fun with this right.,Old23s,110,,,2025-12-17T22:20:27Z,https://www.reddit.com/r/Ebay/comments/1potn2c/i_folded_instantly/,t1_nuj8riy,1,General marketplace,online sales,pricing strategy,A seller states they routinely drop prices to novelty numbers like $69 or $420.69 for fun.,high,reddit:t1_nul7wal
9,general_recent,ebay,post,https://www.reddit.com/r/Ebay/comments/1ppdskw/no_shame,,Ebay,No shame 💀,Accepts offer and then offers to pay 3 months later smh my head,Clubpenguin8888,1796,0.98,179,2025-12-18T01:08:46Z,https://www.reddit.com/r/Ebay/comments/1ppdskw/no_shame/,,,General marketplace,online sales,delayed payment; buyer offers,A poster expresses frustration that a buyer accepted an offer but requested to pay three months later.,high,reddit:t3_1ppdskw
9,general_recent,ebay,comment,https://www.reddit.com/r/Ebay/comments/1ppdskw/no_shame,t1_nunlr9q,Ebay,No shame 💀,"Ive avoided a lot of headache by making all my listings ""require immediate payment"" So many of this; and fake accounts purchasing my items without payment wasting my time.",2wiceasnice,563,,,2025-12-18T08:16:36Z,https://www.reddit.com/r/Ebay/comments/1ppdskw/no_shame/,t3_1ppdskw,0,General marketplace,online sales,immediate payment; unpaid items,A commenter states they avoid unpaid items and fake buyers by requiring immediate payment on listings.,high,reddit:t1_nunlr9q
9,general_recent,ebay,comment,https://www.reddit.com/r/Ebay/comments/1ppdskw/no_shame,t1_nuniyy8,Ebay,No shame 💀,"Back then, best offers were binding and you could get buyers unpaid item strikes for this behavior. nowadays, offers are not binding and the item remains for sale for anyone that pays first.",ssateneth2,193,,,2025-12-18T07:47:53Z,https://www.reddit.com/r/Ebay/comments/1ppdskw/no_shame/,t3_1ppdskw,0,General marketplace,online sales,best offer policy; unpaid item strikes,A commenter contrasts past binding offers and unpaid strikes with current rules where items remain available until paid.,high,reddit:t1_nuniyy8
9,general_recent,ebay,comment,https://www.reddit.com/r/Ebay/comments/1ppdskw/no_shame,t1_nuocmyo,Ebay,No shame 💀,Why isn’t “Immediate Payment Required” the default option for sellers?,EevelBob,172,,,2025-12-18T12:34:33Z,https://www.reddit.com/r/Ebay/comments/1ppdskw/no_shame/,t1_nunlr9q,1,General marketplace,online sales,immediate payment; seller settings,A commenter questions why immediate payment required is not the default setting for sellers.,high,reddit:t1_nuocmyo
9,general_recent,ebay,comment,https://www.reddit.com/r/Ebay/comments/1ppdskw/no_shame,t1_nunj8fe,Ebay,No shame 💀,Absolutely kid - I just need an $830 deposit,DrPoopsMD,102,,,2025-12-18T07:50:33Z,https://www.reddit.com/r/Ebay/comments/1ppdskw/no_shame/,t3_1ppdskw,0,General marketplace,online sales,payment terms; deposit,A commenter sarcastically states they would accept the arrangement only with an $830 deposit.,medium,reddit:t1_nunj8fe
9,general_recent,ebay,comment,https://www.reddit.com/r/Ebay/comments/1ppdskw/no_shame,t1_nunuv7e,Ebay,No shame 💀,"Wow, okay I’ve asked for maybe 3 days until payday but 3 months???",Much-Teaching-4490,94,,,2025-12-18T09:52:53Z,https://www.reddit.com/r/Ebay/comments/1ppdskw/no_shame/,t3_1ppdskw,0,General marketplace,online sales,payment terms; delayed payment,A commenter expresses surprise at a three-month delay request compared to asking for a few days.,high,reddit:t1_nunuv7e
10,general_recent,ebay,post,https://www.reddit.com/r/Ebay/comments/1q68g4a/got_an_unfriendly_ebay_seller_heckling_me,,Ebay,Got an unfriendly eBay seller heckling me,"A few weeks ago I won 4 auctions of very rare comic books totaling almost $2,000 from one seller. Days went and nothing updated, I contacted the seller and asked if they have shipped the item yet or not. The seller responded with ""canceled due to problem with buyer's address"". No other message. Also, (and unsurprisingly) the items I won were relisted at a much higher price. I am guessing poor timing was the reason the auction ended up cheap, almost half of the comparable price from fixed price listing. Most people would have spent too much for Christmas and not have a few hundred dollars laying around to snap up a rare comic book. I reached out to eBay and explained the issue. Specifically, I had been using the same address with eBay for some 20 years, plus the seller's relisting for higher price, and suggested that seller may have lied in the reason for cancelation to avoid paying FVF. The cancellation reason in my purchase history got changed to ""seller canceled it"" Today I woke up to a ton of angry messages, the seller got hit with $200 in fees. Let's see how long before eBay responds to harassment claims.",Dickulture,1722,0.98,186,2026-01-07T06:52:26Z,https://www.reddit.com/r/Ebay/comments/1q68g4a/got_an_unfriendly_ebay_seller_heckling_me/,,,Other / emerging,comic books,order cancellation; seller dispute,A buyer reports an eBay seller canceled rare comic book auctions falsely and subsequently sent angry messages after incurring fees.,high,reddit:t3_1q68g4a
10,general_recent,ebay,comment,https://www.reddit.com/r/Ebay/comments/1q68g4a/got_an_unfriendly_ebay_seller_heckling_me,t1_ny5rmss,Ebay,Got an unfriendly eBay seller heckling me,"Good, bad sellers need to learn to stop being greedy pieces of garbage when selling stuff. I cant wait for this scumbag to get whats coming for him",Lower_Kick268,481,,,2026-01-07T07:06:34Z,https://www.reddit.com/r/Ebay/comments/1q68g4a/got_an_unfriendly_ebay_seller_heckling_me/,t3_1q68g4a,0,General marketplace,,seller conduct,A commenter expresses anger toward greedy sellers and supports consequences for the seller's behavior.,high,reddit:t1_ny5rmss
10,general_recent,ebay,comment,https://www.reddit.com/r/Ebay/comments/1q68g4a/got_an_unfriendly_ebay_seller_heckling_me,t1_ny5s4vh,Ebay,Got an unfriendly eBay seller heckling me,"Im really happy to see the comments so far have been supportive of you and what you did; I love it. As a seller, Ive sold a few items at a loss because of timing - but thats completely on me. I always honored my sales. If the seller didnt want them going that low; then set a reserve price in listings or set a BIN. Make sure you leave factual feedback for them to warn other potential buyers. Crossing my fingers you find the items you want from a decent seller at a similar price point 🙏",2wiceasnice,118,,,2026-01-07T07:10:53Z,https://www.reddit.com/r/Ebay/comments/1q68g4a/got_an_unfriendly_ebay_seller_heckling_me/,t3_1q68g4a,0,General marketplace,,seller best practices; order fulfillment,A seller supports honoring low-price auction sales and advises leaving factual feedback to warn other buyers.,high,reddit:t1_ny5s4vh
10,general_recent,ebay,comment,https://www.reddit.com/r/Ebay/comments/1q68g4a/got_an_unfriendly_ebay_seller_heckling_me,t1_ny5r4u7,Ebay,Got an unfriendly eBay seller heckling me,Great to hear. Hopefully this positive story will encourage others to do the same.,Clached,83,,,2026-01-07T07:02:18Z,https://www.reddit.com/r/Ebay/comments/1q68g4a/got_an_unfriendly_ebay_seller_heckling_me/,t3_1q68g4a,0,General marketplace,,buyer support,A commenter expresses satisfaction with the outcome and hopes it encourages other buyers to take similar action.,high,reddit:t1_ny5r4u7
10,general_recent,ebay,comment,https://www.reddit.com/r/Ebay/comments/1q68g4a/got_an_unfriendly_ebay_seller_heckling_me,t1_ny5x6sn,Ebay,Got an unfriendly eBay seller heckling me,I think he did,wlee1987,71,,,2026-01-07T07:55:46Z,https://www.reddit.com/r/Ebay/comments/1q68g4a/got_an_unfriendly_ebay_seller_heckling_me/,t1_ny5rmss,1,Unclear,,unclear reaction,"A user makes a brief, ambiguous statement agreeing that someone got what was coming to them.",low,reddit:t1_ny5x6sn
10,general_recent,ebay,comment,https://www.reddit.com/r/Ebay/comments/1q68g4a/got_an_unfriendly_ebay_seller_heckling_me,t1_ny5z78o,Ebay,Got an unfriendly eBay seller heckling me,Expensive lesson for him! Hope ebay takes your harassment claims more seriously than they did mine. A seller made threats to come to my home and made physical threats. He only lives 30 miles away so had to take him seriously. The ebay rep didn't believe me and asked how he would have got my number: Had to point out it's available on ebay seller reports.,InRainbows123207,49,,,2026-01-07T08:14:00Z,https://www.reddit.com/r/Ebay/comments/1q68g4a/got_an_unfriendly_ebay_seller_heckling_me/,t3_1q68g4a,0,General marketplace,,seller harassment; customer support,A commenter shares their past experience reporting seller threats and criticizes eBay's customer support response.,high,reddit:t1_ny5z78o
11,general_recent,ebay,post,https://www.reddit.com/r/Ebay/comments/1tt4ap1/next_door_neighbour_won_the_auction,,Ebay,Next door neighbour won the auction!,Just sold my barbecue on eBay and turned out the winning bidder was my next door neighbour. He was genuinely unaware it was me who was selling it. Just wondering if this has ever happened to anyone else?,dataisok,1345,0.99,357,2026-05-31T19:06:32Z,https://www.reddit.com/r/Ebay/comments/1tt4ap1/next_door_neighbour_won_the_auction/,,,Other / emerging,Barbecues; eBay,Local pickup; Buyer-seller connection,The author shares that their next-door neighbor unintentionally won their barbecue auction on eBay and asks if others experienced similar occurrences.,high,reddit:t3_1tt4ap1
11,general_recent,ebay,comment,https://www.reddit.com/r/Ebay/comments/1tt4ap1/next_door_neighbour_won_the_auction,t1_oozy2ru,Ebay,Next door neighbour won the auction!,No I have never sold my barbeque to my next door neighbour on eBay.,ConnorMackay95,781,,,2026-05-31T19:33:43Z,https://www.reddit.com/r/Ebay/comments/1tt4ap1/next_door_neighbour_won_the_auction/,t3_1tt4ap1,0,Other / emerging,Barbecues; eBay,Personal experience,The commenter states that they have never sold their barbecue to their next-door neighbor on eBay.,high,reddit:t1_oozy2ru
11,general_recent,ebay,comment,https://www.reddit.com/r/Ebay/comments/1tt4ap1/next_door_neighbour_won_the_auction,t1_oozt78v,Ebay,Next door neighbour won the auction!,He should request to cancel and you should accept it so you guys can just do it in cash and not pay eBay a %,BooRand,731,,,2026-05-31T19:09:56Z,https://www.reddit.com/r/Ebay/comments/1tt4ap1/next_door_neighbour_won_the_auction/,t3_1tt4ap1,0,General marketplace,eBay,Order cancellation; Fee avoidance,The commenter advises canceling the eBay transaction to complete the sale in cash and avoid paying eBay fees.,high,reddit:t1_oozt78v
11,general_recent,ebay,comment,https://www.reddit.com/r/Ebay/comments/1tt4ap1/next_door_neighbour_won_the_auction,t1_op071p9,Ebay,Next door neighbour won the auction!,I have never sold OPs barbecue to his neighbour.,LightningGoats,225,,,2026-05-31T20:17:43Z,https://www.reddit.com/r/Ebay/comments/1tt4ap1/next_door_neighbour_won_the_auction/,t1_oozy2ru,1,Other / emerging,Barbecues,Humor/reaction,The commenter jokingly remarks that they have never sold the original poster's barbecue to the neighbor.,high,reddit:t1_op071p9
11,general_recent,ebay,comment,https://www.reddit.com/r/Ebay/comments/1tt4ap1/next_door_neighbour_won_the_auction,t1_oozv48a,Ebay,Next door neighbour won the auction!,"Ha, I hope you had local pickup as a shipping option!",ivraatiems,91,,,2026-05-31T19:19:12Z,https://www.reddit.com/r/Ebay/comments/1tt4ap1/next_door_neighbour_won_the_auction/,t3_1tt4ap1,0,General marketplace,eBay,Local pickup; Shipping,The commenter hopes the seller included local pickup as an available shipping option on eBay.,high,reddit:t1_oozv48a
11,general_recent,ebay,comment,https://www.reddit.com/r/Ebay/comments/1tt4ap1/next_door_neighbour_won_the_auction,t1_oozyug2,Ebay,Next door neighbour won the auction!,"No, but Mike Piazza bought a guitar amp from me when he was with the Mets.",SFToddSouthside,72,,,2026-05-31T19:37:34Z,https://www.reddit.com/r/Ebay/comments/1tt4ap1/next_door_neighbour_won_the_auction/,t3_1tt4ap1,0,Electronics,Guitar amplifiers,Notable buyer; Personal experience,The commenter shares that baseball player Mike Piazza once purchased a guitar amplifier from them.,high,reddit:t1_oozyug2
12,general_recent,ebay,post,https://www.reddit.com/r/Ebay/comments/1vdxfqf/ebay_sellers_please_dont_do_this,,Ebay,Ebay sellers.. please don't do this,,_unas_annus_,1333,0.89,60,2026-08-02T23:50:01Z,https://www.reddit.com/r/Ebay/comments/1vdxfqf/ebay_sellers_please_dont_do_this/,,,General marketplace,eBay,seller etiquette,A post advises eBay sellers against engaging in an unspecified behavior.,low,reddit:t3_1vdxfqf
12,general_recent,ebay,comment,https://www.reddit.com/r/Ebay/comments/1vdxfqf/ebay_sellers_please_dont_do_this,t1_p1f0vsg,Ebay,Ebay sellers.. please don't do this,"Ew. I’m a full time seller. The only thing I put in my boxes other than the product is packing material. Also, them putting the blame on you for not wanting it, is gross. This would weigh into the feedback. Feedback isn’t only for the item you purchase but the service you receive.",bophus-again,333,,,2026-08-03T09:53:49Z,https://www.reddit.com/r/Ebay/comments/1vdxfqf/ebay_sellers_please_dont_do_this/,t3_1vdxfqf,0,General marketplace,eBay,seller etiquette; packaging,A seller argues that only products and packing material belong in packages and poor service warrants negative feedback.,high,reddit:t1_p1f0vsg
12,general_recent,ebay,comment,https://www.reddit.com/r/Ebay/comments/1vdxfqf/ebay_sellers_please_dont_do_this,t1_p1f4fl1,Ebay,Ebay sellers.. please don't do this,Surprised there's such mixed reactions on this. There's people who don't think it's unprofessional to broach the idea your customer's going to Hell? Lol,cheeruphoney,183,,,2026-08-03T10:21:13Z,https://www.reddit.com/r/Ebay/comments/1vdxfqf/ebay_sellers_please_dont_do_this/,t3_1vdxfqf,0,General marketplace,eBay,seller etiquette; customer communication,A user expresses surprise that some find it acceptable for a seller to suggest a customer is going to Hell.,high,reddit:t1_p1f4fl1
12,general_recent,ebay,comment,https://www.reddit.com/r/Ebay/comments/1vdxfqf/ebay_sellers_please_dont_do_this,t1_p1f7ej0,Ebay,Ebay sellers.. please don't do this,They’re begging for negative feedback with that crap.,majesticalexis,159,,,2026-08-03T10:43:27Z,https://www.reddit.com/r/Ebay/comments/1vdxfqf/ebay_sellers_please_dont_do_this/,t3_1vdxfqf,0,General marketplace,eBay,seller etiquette; buyer feedback,A commenter states that the seller's behavior invites negative feedback.,medium,reddit:t1_p1f7ej0
12,general_recent,ebay,comment,https://www.reddit.com/r/Ebay/comments/1vdxfqf/ebay_sellers_please_dont_do_this,t1_p1fece8,Ebay,Ebay sellers.. please don't do this,This isn’t a religious discussion. Keep comments ebay relevant. Locked because some people can’t control themselves.,Mycatreallyhatesyou,1,,,2026-08-03T11:30:41Z,https://www.reddit.com/r/Ebay/comments/1vdxfqf/ebay_sellers_please_dont_do_this/,t3_1vdxfqf,0,General marketplace,eBay,moderation,"A moderator locks the thread, stating comments must remain relevant to eBay rather than religion.",high,reddit:t1_p1fece8
13,general_recent,ebay,post,https://www.reddit.com/r/Ebay/comments/1wb6qei/this_ebay_seller_is_not_having_a_good_time,,Ebay,This eBay seller is NOT having a good time…,,sojirrom,1329,0.98,271,2026-09-09T00:52:14Z,https://www.reddit.com/r/Ebay/comments/1wb6qei/this_ebay_seller_is_not_having_a_good_time/,,,General marketplace,eBay sellers,seller experience,The post title states that an eBay seller is not having a good time.,low,reddit:t3_1wb6qei
13,general_recent,ebay,comment,https://www.reddit.com/r/Ebay/comments/1wb6qei/this_ebay_seller_is_not_having_a_good_time,t1_p8ouc63,Ebay,This eBay seller is NOT having a good time…,I'm sure the automated sorting machines will be very careful after reading that.,basicallyculchie,517,,,2026-09-09T05:13:22Z,https://www.reddit.com/r/Ebay/comments/1wb6qei/this_ebay_seller_is_not_having_a_good_time/,t3_1wb6qei,0,General marketplace,shipping,package handling,The user remarks on automated sorting machines reading messages on packages.,medium,reddit:t1_p8ouc63
13,general_recent,ebay,comment,https://www.reddit.com/r/Ebay/comments/1wb6qei/this_ebay_seller_is_not_having_a_good_time,t1_p8ough4,Ebay,This eBay seller is NOT having a good time…,"If things are getting broken, pack better. In fact, if you're not packing like it's going to be used in a rousing game of Package Football, you aren't going to get it to the end zone intact.",KerashiStorm,478,,,2026-09-09T05:14:16Z,https://www.reddit.com/r/Ebay/comments/1wb6qei/this_ebay_seller_is_not_having_a_good_time/,t3_1wb6qei,0,General marketplace,shipping,packaging quality,The commenter advises sellers to pack items securely enough to survive rough handling.,high,reddit:t1_p8ough4
13,general_recent,ebay,comment,https://www.reddit.com/r/Ebay/comments/1wb6qei/this_ebay_seller_is_not_having_a_good_time,t1_p8oxy0b,Ebay,This eBay seller is NOT having a good time…,"I shoot every package I send with a .22 If it can’t handle that, it gets repackaged",Rumseyman02,182,,,2026-09-09T05:40:59Z,https://www.reddit.com/r/Ebay/comments/1wb6qei/this_ebay_seller_is_not_having_a_good_time/,t1_p8ough4,1,General marketplace,shipping,package durability,The user claims they shoot packages with a .22 to test if they need repackaging.,medium,reddit:t1_p8oxy0b
13,general_recent,ebay,comment,https://www.reddit.com/r/Ebay/comments/1wb6qei/this_ebay_seller_is_not_having_a_good_time,t1_p8q136u,Ebay,This eBay seller is NOT having a good time…,*YEET INTO WALL* AI: stupid human,dan_dares,142,,,2026-09-09T10:59:46Z,https://www.reddit.com/r/Ebay/comments/1wb6qei/this_ebay_seller_is_not_having_a_good_time/,t1_p8ouc63,1,General marketplace,shipping,automated handling,The user posts a brief reaction depicting automated systems roughly tossing a package.,low,reddit:t1_p8q136u
13,general_recent,ebay,comment,https://www.reddit.com/r/Ebay/comments/1wb6qei/this_ebay_seller_is_not_having_a_good_time,t1_p8p1wc4,Ebay,This eBay seller is NOT having a good time…,"old boss used to do a shake test, if he could hear something rattling inside, then it needed to be repacked.",Available-Captain776,43,,,2026-09-09T06:12:08Z,https://www.reddit.com/r/Ebay/comments/1wb6qei/this_ebay_seller_is_not_having_a_good_time/,t3_1wb6qei,0,General marketplace,shipping,packaging standards,A user recounts that their former boss repacked boxes if a shake test revealed rattling.,high,reddit:t1_p8p1wc4
14,general_recent,ebay,post,https://www.reddit.com/r/Ebay/comments/1rxbfn5/found_an_invoice_for_my_first_ebay_sale_in_2004,,Ebay,Found an Invoice for my first eBay sale in 2004,Saw someone post the magazine article yesterday. This is from what I believe was my first eBay sale back in 2004. I was a HS teenager at the time. Good ole days of money orders. Thought I would share and possible bring back some memories for the old timers.,Difficult-Repair1295,1195,1,99,2026-03-18T18:09:05Z,https://www.reddit.com/r/Ebay/comments/1rxbfn5/found_an_invoice_for_my_first_ebay_sale_in_2004/,,,General marketplace,online selling,eBay history; payment methods,The author shares memories of their first eBay sale in 2004 using money orders.,high,reddit:t3_1rxbfn5
14,general_recent,ebay,comment,https://www.reddit.com/r/Ebay/comments/1rxbfn5/found_an_invoice_for_my_first_ebay_sale_in_2004,t1_ob6lj2c,Ebay,Found an Invoice for my first eBay sale in 2004,No idea why but this gave me flashbacks to loads of listings with L@@K in the title,Disciplined_20-04-15,257,,,2026-03-18T20:26:31Z,https://www.reddit.com/r/Ebay/comments/1rxbfn5/found_an_invoice_for_my_first_ebay_sale_in_2004/,t3_1rxbfn5,0,General marketplace,listing practices,eBay history; listing titles,The commenter recalls vintage eBay listings frequently using 'L@@K' in titles.,high,reddit:t1_ob6lj2c
14,general_recent,ebay,comment,https://www.reddit.com/r/Ebay/comments/1rxbfn5/found_an_invoice_for_my_first_ebay_sale_in_2004,t1_ob6oa42,Ebay,Found an Invoice for my first eBay sale in 2004,In 2004 you couldn’t give away SNES games. How times have changed.,Difficult-Repair1295,94,,,2026-03-18T20:39:20Z,https://www.reddit.com/r/Ebay/comments/1rxbfn5/found_an_invoice_for_my_first_ebay_sale_in_2004/,t1_ob6o4vd,1,Other / emerging,SNES video games,market demand; retro gaming,"The commenter states that in 2004 you couldn't give away SNES games, noting how times have changed.",high,reddit:t1_ob6oa42
14,general_recent,ebay,comment,https://www.reddit.com/r/Ebay/comments/1rxbfn5/found_an_invoice_for_my_first_ebay_sale_in_2004,t1_ob6ysln,Ebay,Found an Invoice for my first eBay sale in 2004,Gawd i miss the internet. Whatever we are doing today is an awful simulation.,flushbunking,82,,,2026-03-18T21:28:56Z,https://www.reddit.com/r/Ebay/comments/1rxbfn5/found_an_invoice_for_my_first_ebay_sale_in_2004/,t3_1rxbfn5,0,General marketplace,internet culture,nostalgia,The commenter expresses nostalgia for the earlier internet compared to today.,medium,reddit:t1_ob6ysln
14,general_recent,ebay,comment,https://www.reddit.com/r/Ebay/comments/1rxbfn5/found_an_invoice_for_my_first_ebay_sale_in_2004,t1_ob6o4vd,Ebay,Found an Invoice for my first eBay sale in 2004,What a bargain!,Environmental-Sock52,63,,,2026-03-18T20:38:38Z,https://www.reddit.com/r/Ebay/comments/1rxbfn5/found_an_invoice_for_my_first_ebay_sale_in_2004/,t3_1rxbfn5,0,General marketplace,eBay purchases,unclear reaction; pricing,The commenter reacts to the 2004 sale invoice by remarking what a bargain it was.,low,reddit:t1_ob6o4vd
14,general_recent,ebay,comment,https://www.reddit.com/r/Ebay/comments/1rxbfn5/found_an_invoice_for_my_first_ebay_sale_in_2004,t1_ob70imc,Ebay,Found an Invoice for my first eBay sale in 2004,"Ah, the days of waiting for checks and money orders before shipping out the item. Thanks for sharing!",MTKcollector,57,,,2026-03-18T21:37:19Z,https://www.reddit.com/r/Ebay/comments/1rxbfn5/found_an_invoice_for_my_first_ebay_sale_in_2004/,t3_1rxbfn5,0,General marketplace,online selling,payment methods; shipping practices,The commenter recalls having to wait for checks and money orders before shipping items.,high,reddit:t1_ob70imc
15,general_recent,ebay,post,https://www.reddit.com/r/Ebay/comments/1rhj3nn/got_a_response_a_year_later,,Ebay,Got a response a year later,Ordered a commander deck for MTG that never arrived and just received a message about it,Important_Pie4166,1086,0.96,29,2026-03-01T00:41:25Z,https://www.reddit.com/r/Ebay/comments/1rhj3nn/got_a_response_a_year_later/,,,TCG/Pokemon,Magic: The Gathering,Order delivery; Seller communication,A buyer received a message from a seller a year after an MTG commander deck failed to arrive.,high,reddit:t3_1rhj3nn
15,general_recent,ebay,comment,https://www.reddit.com/r/Ebay/comments/1rhj3nn/got_a_response_a_year_later,t1_o816zww,Ebay,Got a response a year later,"Lollll, perfect seller/buyer match-up",multipocalypse,318,,,2026-03-01T10:37:07Z,https://www.reddit.com/r/Ebay/comments/1rhj3nn/got_a_response_a_year_later/,t1_o7zdqu9,2,TCG/Pokemon,Magic: The Gathering,Buyer-seller interaction,A user jokingly comments that the forgetful buyer and delayed seller are a perfect match.,medium,reddit:t1_o816zww
15,general_recent,ebay,comment,https://www.reddit.com/r/Ebay/comments/1rhj3nn/got_a_response_a_year_later,t1_o7zacmz,Ebay,Got a response a year later,How did you never request a refund or anything?,Iwilllieawake,267,,,2026-03-01T01:37:04Z,https://www.reddit.com/r/Ebay/comments/1rhj3nn/got_a_response_a_year_later/,t3_1rhj3nn,0,TCG/Pokemon,Magic: The Gathering,Refund request,A user asks the original poster why they never requested a refund for the missing deck.,high,reddit:t1_o7zacmz
15,general_recent,ebay,comment,https://www.reddit.com/r/Ebay/comments/1rhj3nn/got_a_response_a_year_later,t1_o7zdqu9,Ebay,Got a response a year later,I did but I honestly kind of forgot about the order and the request ended up being closed due to inactivity,Important_Pie4166,174,,,2026-03-01T01:58:09Z,https://www.reddit.com/r/Ebay/comments/1rhj3nn/got_a_response_a_year_later/,t1_o7zacmz,1,TCG/Pokemon,Magic: The Gathering,Refund request; Order dispute,"The buyer explains they requested a refund but forgot about it, leading to the request closing due to inactivity.",high,reddit:t1_o7zdqu9
15,general_recent,ebay,comment,https://www.reddit.com/r/Ebay/comments/1rhj3nn/got_a_response_a_year_later,t1_o80vpvv,Ebay,Got a response a year later,*sends deck to New Jersey*,akumite,81,,,2026-03-01T08:48:53Z,https://www.reddit.com/r/Ebay/comments/1rhj3nn/got_a_response_a_year_later/,t3_1rhj3nn,0,TCG/Pokemon,Magic: The Gathering,Shipping; Humor,A commenter jokingly remarks about sending the deck to New Jersey.,low,reddit:t1_o80vpvv
15,general_recent,ebay,comment,https://www.reddit.com/r/Ebay/comments/1rhj3nn/got_a_response_a_year_later,t1_o7zoiqg,Ebay,Got a response a year later,"I mean, fair enough. Shit happens in life, good on them for making it right",Good_Reality5563,70,,,2026-03-01T03:03:45Z,https://www.reddit.com/r/Ebay/comments/1rhj3nn/got_a_response_a_year_later/,t3_1rhj3nn,0,TCG/Pokemon,Magic: The Gathering,Customer service; Seller resolution,A commenter commends the seller for attempting to resolve the missing order issue despite the long delay.,high,reddit:t1_o7zoiqg
16,general_recent,ebay,post,https://www.reddit.com/r/Ebay/comments/1vrhy6w/call_me_short_tempered_but_please_get_to_the_point,,Ebay,"Call me short tempered, but please get to the point","Getting my inbox spammed with essentially worthless messages just feels like such a nothing task. It's mostly from uninterested buyers too. This whole interaction could've been a message that said ""Hi, is this a genuine product? If so, could you take x please?"" But instead, some people just seem bored and want to play lowball footsies. Does anyone else get this kind of spam?",charjabugg_,1028,0.96,217,2026-08-18T07:11:06Z,https://www.reddit.com/r/Ebay/comments/1vrhy6w/call_me_short_tempered_but_please_get_to_the_point/,,,General marketplace,,buyer behavior; seller messaging,A seller complains about receiving spam messages and lowball inquiries from seemingly uninterested buyers.,high,reddit:t3_1vrhy6w
16,general_recent,ebay,comment,https://www.reddit.com/r/Ebay/comments/1vrhy6w/call_me_short_tempered_but_please_get_to_the_point,t1_p4dxz2q,Ebay,"Call me short tempered, but please get to the point",There you are!!! You sneaky bugger!! So what about the price? /s,DigitalDeath12,293,,,2026-08-18T09:47:01Z,https://www.reddit.com/r/Ebay/comments/1vrhy6w/call_me_short_tempered_but_please_get_to_the_point/,t3_1vrhy6w,0,General marketplace,,buyer behavior; seller messaging,"A commenter sarcastically asks about the price, mimicking annoying buyer messages.",medium,reddit:t1_p4dxz2q
16,general_recent,ebay,comment,https://www.reddit.com/r/Ebay/comments/1vrhy6w/call_me_short_tempered_but_please_get_to_the_point,t1_p4e3ht0,Ebay,"Call me short tempered, but please get to the point","""Can you bid against yourself and give me your absolute lowest price? I'll counter with something half that, best I can do.""",aiasthetall,159,,,2026-08-18T10:29:22Z,https://www.reddit.com/r/Ebay/comments/1vrhy6w/call_me_short_tempered_but_please_get_to_the_point/,t3_1vrhy6w,0,General marketplace,,negotiation; buyer behavior,A commenter mocks buyers who demand the seller offer their lowest price before lowballing them further.,high,reddit:t1_p4e3ht0
16,general_recent,ebay,comment,https://www.reddit.com/r/Ebay/comments/1vrhy6w/call_me_short_tempered_but_please_get_to_the_point,t1_p4dunnj,Ebay,"Call me short tempered, but please get to the point",>some people just seem bored and want to play lowball footsies this seriously probably is it. Boredom is the modern epidemic everyone talks about but no one acknowledges.,Modem_Sound_67,88,,,2026-08-18T09:19:39Z,https://www.reddit.com/r/Ebay/comments/1vrhy6w/call_me_short_tempered_but_please_get_to_the_point/,t3_1vrhy6w,0,General marketplace,,buyer behavior,A commenter agrees that buyers often send lowball messages simply out of boredom.,high,reddit:t1_p4dunnj
16,general_recent,ebay,comment,https://www.reddit.com/r/Ebay/comments/1vrhy6w/call_me_short_tempered_but_please_get_to_the_point,t1_p4e03hd,Ebay,"Call me short tempered, but please get to the point",‘Can I ask you a question’,Festegios,60,,,2026-08-18T10:03:50Z,https://www.reddit.com/r/Ebay/comments/1vrhy6w/call_me_short_tempered_but_please_get_to_the_point/,t3_1vrhy6w,0,General marketplace,,seller messaging; buyer behavior,A commenter quotes an unhelpful opening message frequently sent by buyers.,medium,reddit:t1_p4e03hd
16,general_recent,ebay,comment,https://www.reddit.com/r/Ebay/comments/1vrhy6w/call_me_short_tempered_but_please_get_to_the_point,t1_p4ef0ke,Ebay,"Call me short tempered, but please get to the point","You hear shuffling noises outside your door, when suddenly a folded piece of loose leaf slides in from underneath. Scared but intrigued, you slowly unfold it to reveal a note written in purple crayon… DO U WANT TO NEGOSHIATE WITH ME? CIRCLE ONE: YES NO",CapnCurt81,45,,,2026-08-18T11:46:39Z,https://www.reddit.com/r/Ebay/comments/1vrhy6w/call_me_short_tempered_but_please_get_to_the_point/,t3_1vrhy6w,0,General marketplace,,negotiation; buyer behavior,A commenter playfully mocks buyers' negotiation tactics using an exaggerated scenario.,medium,reddit:t1_p4ef0ke
17,general_recent,ebay,post,https://www.reddit.com/r/Ebay/comments/1uug0m0/anyone_else_like_leaving_little_thankyou_notes,,Ebay,Anyone else like leaving little thank-you notes? Hopefully this is a nice surprise for my buyer!,"I sold this copy of Pokémon Emerald in an auction so I thought it would be fun to leave this little thank-you note for my buyer. I try to include these little thank-you notes with drawings for bigger sales whenever I can, I wish I could make them for every sale but I don't have the time. Hopefully they like it!",tanetane_island,1024,0.97,168,2026-07-12T13:49:31Z,https://www.reddit.com/r/Ebay/comments/1uug0m0/anyone_else_like_leaving_little_thankyou_notes/,,,Other / emerging,video games; Pokemon Emerald,buyer experience; seller packaging,A seller shares that they include hand-drawn thank-you notes for buyers on larger sales like Pokémon Emerald.,high,reddit:t3_1uug0m0
17,general_recent,ebay,comment,https://www.reddit.com/r/Ebay/comments/1uug0m0/anyone_else_like_leaving_little_thankyou_notes,t1_ox3329o,Ebay,Anyone else like leaving little thank-you notes? Hopefully this is a nice surprise for my buyer!,"Wait you drew this? It's so cute 😭 I would die getting that as a collector. I use ebay branded packaging as a seller to make the experience more brand friendly and appealing to the buyer. It's worked out well so far. I can't draw, though 😭",Commercial_Look83,95,,,2026-07-12T14:02:10Z,https://www.reddit.com/r/Ebay/comments/1uug0m0/anyone_else_like_leaving_little_thankyou_notes/,t3_1uug0m0,0,General marketplace,packaging supplies,buyer experience; seller packaging,A commenter compliments the drawing and mentions using eBay-branded packaging to enhance the buyer experience.,high,reddit:t1_ox3329o
17,general_recent,ebay,comment,https://www.reddit.com/r/Ebay/comments/1uug0m0/anyone_else_like_leaving_little_thankyou_notes,t1_ox39xqq,Ebay,Anyone else like leaving little thank-you notes? Hopefully this is a nice surprise for my buyer!,"In the golden age of eBay (2000-2010) I would do this for every order. Now I don’t, I rarely get feedback, although that’s better than dealing with scammers.",The_OG_Goldfish,63,,,2026-07-12T14:37:13Z,https://www.reddit.com/r/Ebay/comments/1uug0m0/anyone_else_like_leaving_little_thankyou_notes/,t3_1uug0m0,0,General marketplace,online sales,seller experience; buyer feedback,A seller notes they stopped including thank-you notes with orders because they rarely receive feedback anymore.,high,reddit:t1_ox39xqq
17,general_recent,ebay,comment,https://www.reddit.com/r/Ebay/comments/1uug0m0/anyone_else_like_leaving_little_thankyou_notes,t1_ox35jo2,Ebay,Anyone else like leaving little thank-you notes? Hopefully this is a nice surprise for my buyer!,"I did! Thank you so much! Whenever I get nice notes from sellers it always makes my day, so I try to do the same when I have the time to 😊 Also I'm sorry this is a dumb question, but where do you get the eBay-branded packaging? Can you purchase it from eBay directly? I always reuse packaging but it would be awesome to upgrade the presentation of my packaging a little bit!",tanetane_island,39,,,2026-07-12T14:15:04Z,https://www.reddit.com/r/Ebay/comments/1uug0m0/anyone_else_like_leaving_little_thankyou_notes/,t1_ox3329o,1,General marketplace,packaging supplies,shipping supplies; seller packaging,The author asks where to obtain eBay-branded packaging to upgrade their current reused packaging.,high,reddit:t1_ox35jo2
17,general_recent,ebay,comment,https://www.reddit.com/r/Ebay/comments/1uug0m0/anyone_else_like_leaving_little_thankyou_notes,t1_ox345og,Ebay,Anyone else like leaving little thank-you notes? Hopefully this is a nice surprise for my buyer!,I once ordered a bunch of dragon stickers and got a cute little doodle of a dragon saying thank you. I loved it so much it sits hanging up on my wall to this day.,Prestigious-Rate-380,18,,,2026-07-12T14:07:56Z,https://www.reddit.com/r/Ebay/comments/1uug0m0/anyone_else_like_leaving_little_thankyou_notes/,t3_1uug0m0,0,Other / emerging,stickers,buyer experience,A buyer recalls saving and displaying a doodle included with an order of dragon stickers.,high,reddit:t1_ox345og
17,general_recent,ebay,comment,https://www.reddit.com/r/Ebay/comments/1uug0m0/anyone_else_like_leaving_little_thankyou_notes,t1_ox46afc,Ebay,Anyone else like leaving little thank-you notes? Hopefully this is a nice surprise for my buyer!,eBay has a supply store called ebayshippingsupplies. It's overpriced though unless you have a basic or higher store subscription and use the included credits on supplies.,REEB,11,,,2026-07-12T17:09:34Z,https://www.reddit.com/r/Ebay/comments/1uug0m0/anyone_else_like_leaving_little_thankyou_notes/,t1_ox35jo2,2,General marketplace,shipping supplies,packaging supplies; store subscription,A commenter explains where to find eBay shipping supplies and notes they are pricey without store subscription credits.,high,reddit:t1_ox46afc
18,general_recent,ebay,post,https://www.reddit.com/r/Ebay/comments/1nqzpzx/buyers_these_days,,Ebay,Buyers these days,,ClassicAverage3412,943,0.97,272,2025-09-26T12:13:29Z,https://www.reddit.com/r/Ebay/comments/1nqzpzx/buyers_these_days/,,,Unclear,,buyer behavior,A post titled 'Buyers these days' contains no body text.,low,reddit:t3_1nqzpzx
18,general_recent,ebay,comment,https://www.reddit.com/r/Ebay/comments/1nqzpzx/buyers_these_days,t1_ngaypjw,Ebay,Buyers these days,I sell jewelry and get sob stories about illness and fixed incomes. Maybe you just don’t need the necklace.,majesticalexis,310,,,2025-09-26T13:35:41Z,https://www.reddit.com/r/Ebay/comments/1nqzpzx/buyers_these_days/,t3_1nqzpzx,0,Other / emerging,jewelry,buyer sob stories; discounts,A jewelry seller reports receiving sob stories about illness and fixed incomes from buyers seeking necklaces.,high,reddit:t1_ngaypjw
18,general_recent,ebay,comment,https://www.reddit.com/r/Ebay/comments/1nqzpzx/buyers_these_days,t1_ngawey9,Ebay,Buyers these days,Tell them u only give discounts to 100% disabled ppl,User264785824,263,,,2025-09-26T13:23:11Z,https://www.reddit.com/r/Ebay/comments/1nqzpzx/buyers_these_days/,t3_1nqzpzx,0,General marketplace,,discount requests; seller response,The commenter suggests telling buyers that discounts are only provided to people who are 100% disabled.,medium,reddit:t1_ngawey9
18,general_recent,ebay,comment,https://www.reddit.com/r/Ebay/comments/1nqzpzx/buyers_these_days,t1_ngaulym,Ebay,Buyers these days,My grandma is in the hospital. I need to charge 70% more,ClassicAverage3412,260,,,2025-09-26T13:13:15Z,https://www.reddit.com/r/Ebay/comments/1nqzpzx/buyers_these_days/,t3_1nqzpzx,0,General marketplace,,seller pricing; buyer negotiations,The commenter states they need to charge 70% more because their grandma is in the hospital.,medium,reddit:t1_ngaulym
18,general_recent,ebay,comment,https://www.reddit.com/r/Ebay/comments/1nqzpzx/buyers_these_days,t1_ngauecu,Ebay,Buyers these days,"That’s funny, I charge a beggars fee of 70%",ATG915,207,,,2025-09-26T13:12:06Z,https://www.reddit.com/r/Ebay/comments/1nqzpzx/buyers_these_days/,t3_1nqzpzx,0,General marketplace,,seller fees; buyer negotiations,The commenter says they charge a beggars fee of 70%.,medium,reddit:t1_ngauecu
18,general_recent,ebay,comment,https://www.reddit.com/r/Ebay/comments/1nqzpzx/buyers_these_days,t1_ngaxzaw,Ebay,Buyers these days,"I'm 71% disabled, so I'm going to need you to pay a little extra.",FunnyID,71,,,2025-09-26T13:31:42Z,https://www.reddit.com/r/Ebay/comments/1nqzpzx/buyers_these_days/,t3_1nqzpzx,0,General marketplace,,seller pricing; buyer negotiations,The commenter remarks that they are 71% disabled and need the buyer to pay extra.,medium,reddit:t1_ngaxzaw
19,general_recent,ebay,post,https://www.reddit.com/r/Ebay/comments/1rwclpn/was_taking_photos_of_a_magazine_to_list_on_ebay,,Ebay,Was taking photos of a magazine to list on eBay and stumbled upon this 1998 ad for… eBay,,lloopiN,911,0.99,85,2026-03-17T17:09:17Z,https://www.reddit.com/r/Ebay/comments/1rwclpn/was_taking_photos_of_a_magazine_to_list_on_ebay/,,,General marketplace,vintage advertising,platform history,The author shares finding a 1998 eBay advertisement while photographing a magazine to list for sale.,high,reddit:t3_1rwclpn
19,general_recent,ebay,comment,https://www.reddit.com/r/Ebay/comments/1rwclpn/was_taking_photos_of_a_magazine_to_list_on_ebay,t1_oayxice,Ebay,Was taking photos of a magazine to list on eBay and stumbled upon this 1998 ad for… eBay,"It's as if they meant ebay to be a social network. ""meet each other"" ""just talk about their collections""",ProCommonSense,95,,,2026-03-17T17:51:13Z,https://www.reddit.com/r/Ebay/comments/1rwclpn/was_taking_photos_of_a_magazine_to_list_on_ebay/,t3_1rwclpn,0,General marketplace,vintage advertising,platform history,The commenter notes that an early eBay ad framed the platform almost like a social network for collectors.,high,reddit:t1_oayxice
19,general_recent,ebay,comment,https://www.reddit.com/r/Ebay/comments/1rwclpn/was_taking_photos_of_a_magazine_to_list_on_ebay,t1_oaz18x3,Ebay,Was taking photos of a magazine to list on eBay and stumbled upon this 1998 ad for… eBay,"I started in '99 when it was more like a nerdy Swap Meet. Instead of being limited to the rare comics were at your local comic shop, you could suddenly find whatever you wanted. The downside was that Ebay hosted the auction only. Payments were done with mailing Money Orders and you had to handle and enter in all of your shipping and tracking info. You also had to insert links into your auctions to photo sites just to have photos in your lisings. Yes, Ebay has higher fees now, but they now handle most of the logistics of selling that you had to figure out for yourself before.",BangingOnJunk,58,,,2026-03-17T18:07:56Z,https://www.reddit.com/r/Ebay/comments/1rwclpn/was_taking_photos_of_a_magazine_to_list_on_ebay/,t1_oayxice,1,General marketplace; Toys/Collectibles,comic books; online auctions,platform history; selling logistics,"A seller recalls 1999 eBay's manual logistics and money orders, contrasting higher modern fees with better automated seller support.",high,reddit:t1_oaz18x3
19,general_recent,ebay,comment,https://www.reddit.com/r/Ebay/comments/1rwclpn/was_taking_photos_of_a_magazine_to_list_on_ebay,t1_oayuv6w,Ebay,Was taking photos of a magazine to list on eBay and stumbled upon this 1998 ad for… eBay,Ah yes the money order days lol.,Beastly_Swagger,42,,,2026-03-17T17:39:00Z,https://www.reddit.com/r/Ebay/comments/1rwclpn/was_taking_photos_of_a_magazine_to_list_on_ebay/,t3_1rwclpn,0,General marketplace,payment methods,platform history,The commenter recalls the early days of eBay when transactions were paid via money orders.,high,reddit:t1_oayuv6w
19,general_recent,ebay,comment,https://www.reddit.com/r/Ebay/comments/1rwclpn/was_taking_photos_of_a_magazine_to_list_on_ebay,t1_oaz0s35,Ebay,Was taking photos of a magazine to list on eBay and stumbled upon this 1998 ad for… eBay,I’m still not over the video game I bought in 1997 with a money order that the seller never sent.,fabfan84,28,,,2026-03-17T18:05:48Z,https://www.reddit.com/r/Ebay/comments/1rwclpn/was_taking_photos_of_a_magazine_to_list_on_ebay/,t1_oayuv6w,1,Electronics; General marketplace,video games,buyer fraud; platform history,A buyer recalls paying for a video game with a money order in 1997 that the seller never sent.,high,reddit:t1_oaz0s35
19,general_recent,ebay,comment,https://www.reddit.com/r/Ebay/comments/1rwclpn/was_taking_photos_of_a_magazine_to_list_on_ebay,t1_oaz35n2,Ebay,Was taking photos of a magazine to list on eBay and stumbled upon this 1998 ad for… eBay,I wasn’t there until like 2002. It was the dumbest thing with the photos. They charged you extra for each photo so people would use something like photobucket for free and embed the html for each photo into the description. International shipping was super cheap back then. That was one thing that was really cool. Everyone would always ask you mark it as a gift and put like a $20 value to avoid customs duties.,Difficult-Repair1295,21,,,2026-03-17T18:16:33Z,https://www.reddit.com/r/Ebay/comments/1rwclpn/was_taking_photos_of_a_magazine_to_list_on_ebay/,t1_oaz18x3,2,General marketplace,online auctions,platform history; shipping logistics,"A user recalls 2002 eBay listing practices, including embedding HTML images, cheap international shipping, and customs avoidance requests.",high,reddit:t1_oaz35n2
20,general_recent,ebay,post,https://www.reddit.com/r/Ebay/comments/1tcnh42/i_underpaid_a_label_for_2200,,Ebay,"I underpaid a label for $2,200?!?!",I sold a bumper for 100 bucks off eBay. I don’t use it often but I opened up my app today to find I’m negative 2.3k due to a fedex underpaid bill. The package was revived with no issues and I received the bill 7 days after it was delivered to the buyer.,Relative-Bother3402,901,0.94,492,2026-05-14T04:31:23Z,https://www.reddit.com/r/Ebay/comments/1tcnh42/i_underpaid_a_label_for_2200/,,,Other / emerging,auto parts; car bumper,shipping fees; carrier adjustments,"An eBay seller reports a $2,300 FedEx underpayment charge after selling and shipping a car bumper for $100.",high,reddit:t3_1tcnh42
20,general_recent,ebay,comment,https://www.reddit.com/r/Ebay/comments/1tcnh42/i_underpaid_a_label_for_2200,t1_olpmc5a,Ebay,"I underpaid a label for $2,200?!?!",Brother shipped Pluto via Fedex,IamHimButNotReally,559,,,2026-05-14T06:02:13Z,https://www.reddit.com/r/Ebay/comments/1tcnh42/i_underpaid_a_label_for_2200/,t3_1tcnh42,0,Other / emerging,auto parts,shipping fees,A commenter jokingly remarks that the poster shipped Pluto via FedEx.,medium,reddit:t1_olpmc5a
20,general_recent,ebay,comment,https://www.reddit.com/r/Ebay/comments/1tcnh42/i_underpaid_a_label_for_2200,t1_olpoqz9,Ebay,"I underpaid a label for $2,200?!?!","I agree $2300 is insane, but $26 is equally insane on the other end. Im guessing you didnt enter the dimensions.",BYNX0,444,,,2026-05-14T06:22:28Z,https://www.reddit.com/r/Ebay/comments/1tcnh42/i_underpaid_a_label_for_2200/,t3_1tcnh42,0,Other / emerging,auto parts,shipping fees; package dimensions,"A user calls $2,300 insane but suggests the seller likely omitted package dimensions, making the initial $26 rate unrealistic.",high,reddit:t1_olpoqz9
20,general_recent,ebay,comment,https://www.reddit.com/r/Ebay/comments/1tcnh42/i_underpaid_a_label_for_2200,t1_olpp167,Ebay,"I underpaid a label for $2,200?!?!",I did a calculation of the exact bumper weight and size and yes $2300 is about right. Sorry man but you should’ve typed in the measurements correctly Edit: those calculations are also not including packaging which would make the shipment more expensive,Yourmomisagianth0e,339,,,2026-05-14T06:24:51Z,https://www.reddit.com/r/Ebay/comments/1tcnh42/i_underpaid_a_label_for_2200/,t3_1tcnh42,0,Other / emerging,auto parts; car bumper,shipping calculation; dimensional weight,"A commenter calculated the bumper's size and weight, concluding the $2,300 charge is roughly accurate without packaging.",high,reddit:t1_olpp167
20,general_recent,ebay,comment,https://www.reddit.com/r/Ebay/comments/1tcnh42/i_underpaid_a_label_for_2200,t1_olplh7j,Ebay,"I underpaid a label for $2,200?!?!","Dimensional postage, it’s over",PsychologicalArm2138,206,,,2026-05-14T05:55:04Z,https://www.reddit.com/r/Ebay/comments/1tcnh42/i_underpaid_a_label_for_2200/,t3_1tcnh42,0,Other / emerging,auto parts,dimensional weight; shipping fees,A commenter attributes the high shipping charge to dimensional postage.,high,reddit:t1_olplh7j
20,general_recent,ebay,comment,https://www.reddit.com/r/Ebay/comments/1tcnh42/i_underpaid_a_label_for_2200,t1_olpq2ol,Ebay,"I underpaid a label for $2,200?!?!",Now you better hope the buyer doesn’t file an Item not as described where you have to pay to have it shipped back 😳,0JustBrowsing0,180,,,2026-05-14T06:33:42Z,https://www.reddit.com/r/Ebay/comments/1tcnh42/i_underpaid_a_label_for_2200/,t3_1tcnh42,0,General marketplace; Other / emerging,auto parts,return shipping; disputes,A commenter warns the seller to hope the buyer does not file an item not as described return.,high,reddit:t1_olpq2ol
21,general_recent,ebay,post,https://www.reddit.com/r/Ebay/comments/1vbgg9y/bizarre_interaction,,Ebay,Bizarre interaction,mind you this item sold months ago.,Responsible_Past_449,892,0.96,67,2026-07-31T04:27:02Z,https://www.reddit.com/r/Ebay/comments/1vbgg9y/bizarre_interaction/,,,General marketplace,unspecified item,buyer-seller communication; past sale,The poster notes a bizarre interaction regarding an item that had already sold months ago.,medium,reddit:t3_1vbgg9y
21,general_recent,ebay,comment,https://www.reddit.com/r/Ebay/comments/1vbgg9y/bizarre_interaction,t1_p0tlcdb,Ebay,Bizarre interaction,Ok Andrea 👀,Elisefer,355,,,2026-07-31T06:04:28Z,https://www.reddit.com/r/Ebay/comments/1vbgg9y/bizarre_interaction/,t3_1vbgg9y,0,Unclear,,unclear reaction,"A commenter leaves a brief, vague reaction addressing someone named Andrea.",low,reddit:t1_p0tlcdb
21,general_recent,ebay,comment,https://www.reddit.com/r/Ebay/comments/1vbgg9y/bizarre_interaction,t1_p0tzijz,Ebay,Bizarre interaction,Exactly what Andrea would say,libertyprivate,128,,,2026-07-31T07:55:19Z,https://www.reddit.com/r/Ebay/comments/1vbgg9y/bizarre_interaction/,t3_1vbgg9y,0,Unclear,,unclear reaction,A commenter remarks that the statement is exactly what Andrea would say.,low,reddit:t1_p0tzijz
21,general_recent,ebay,comment,https://www.reddit.com/r/Ebay/comments/1vbgg9y/bizarre_interaction,t1_p0tsq27,Ebay,Bizarre interaction,I’m sure your item was one of one… Definitely the same one that Andrea stole from her back in the 80’s!,Undrwtrbsktwvr,122,,,2026-07-31T07:00:50Z,https://www.reddit.com/r/Ebay/comments/1vbgg9y/bizarre_interaction/,t3_1vbgg9y,0,General marketplace,unspecified item,buyer-seller communication,A commenter jokingly suggests the seller's item was the one Andrea allegedly stole in the 1980s.,low,reddit:t1_p0tsq27
21,general_recent,ebay,comment,https://www.reddit.com/r/Ebay/comments/1vbgg9y/bizarre_interaction,t1_p0tsyre,Ebay,Bizarre interaction,I need to know what the item was 😂,cheylow26,86,,,2026-07-31T07:02:41Z,https://www.reddit.com/r/Ebay/comments/1vbgg9y/bizarre_interaction/,t3_1vbgg9y,0,General marketplace,unspecified item,item inquiry,A commenter expresses curiosity about what specific item was involved in the interaction.,medium,reddit:t1_p0tsyre
21,general_recent,ebay,comment,https://www.reddit.com/r/Ebay/comments/1vbgg9y/bizarre_interaction,t1_p0twdpm,Ebay,Bizarre interaction,should have said yes. 😂,seattle0606,40,,,2026-07-31T07:30:00Z,https://www.reddit.com/r/Ebay/comments/1vbgg9y/bizarre_interaction/,t3_1vbgg9y,0,General marketplace,unspecified item,buyer-seller communication,A commenter suggests that the seller should have responded with yes.,low,reddit:t1_p0twdpm
22,general_recent,ebay,post,https://www.reddit.com/r/Ebay/comments/1qcvle6/got_a_belly_laugh_out_of_this_one_on_a_coin_i,,Ebay,Got a belly laugh out of this one. On a coin I have for sale. Wanted to share.,,TheDurianMage,886,0.98,177,2026-01-14T18:44:32Z,https://www.reddit.com/r/Ebay/comments/1qcvle6/got_a_belly_laugh_out_of_this_one_on_a_coin_i/,,,Coins,coins,seller experience,The author shares having a humorous reaction to a message received regarding a coin they have for sale.,medium,reddit:t3_1qcvle6
22,general_recent,ebay,comment,https://www.reddit.com/r/Ebay/comments/1qcvle6/got_a_belly_laugh_out_of_this_one_on_a_coin_i,t1_nzl7upn,Ebay,Got a belly laugh out of this one. On a coin I have for sale. Wanted to share.,The only known medicine for their condition comes from melted down antique coins bought at a bargain.,LidlessEyeHobbies,415,,,2026-01-14T18:58:43Z,https://www.reddit.com/r/Ebay/comments/1qcvle6/got_a_belly_laugh_out_of_this_one_on_a_coin_i/,t3_1qcvle6,0,Coins,antique coins,buyer interactions,A commenter jokes that the only treatment for the prospective buyer's condition comes from discounted melted antique coins.,high,reddit:t1_nzl7upn
22,general_recent,ebay,comment,https://www.reddit.com/r/Ebay/comments/1qcvle6/got_a_belly_laugh_out_of_this_one_on_a_coin_i,t1_nzlcd56,Ebay,Got a belly laugh out of this one. On a coin I have for sale. Wanted to share.,Tell them you can’t sell it for $25 because you have the same condition,SinnU2s,167,,,2026-01-14T19:19:07Z,https://www.reddit.com/r/Ebay/comments/1qcvle6/got_a_belly_laugh_out_of_this_one_on_a_coin_i/,t3_1qcvle6,0,Coins,coins,negotiation,A commenter suggests telling the prospective buyer they cannot sell the item for $25 due to having the same condition.,high,reddit:t1_nzlcd56
22,general_recent,ebay,comment,https://www.reddit.com/r/Ebay/comments/1qcvle6/got_a_belly_laugh_out_of_this_one_on_a_coin_i,t1_nzl8dwi,Ebay,Got a belly laugh out of this one. On a coin I have for sale. Wanted to share.,"What an amateur. A real pro would have ended it with ""Thank you in advance and God Bless!"" with a few 🙏✝❤sprinkled in for good measure.",ShowMeTheTrees,87,,,2026-01-14T19:01:05Z,https://www.reddit.com/r/Ebay/comments/1qcvle6/got_a_belly_laugh_out_of_this_one_on_a_coin_i/,t3_1qcvle6,0,Coins,coins,buyer interactions,"A user critiques the sender's approach, remarking that an experienced buyer would have concluded with blessings and religious emojis.",medium,reddit:t1_nzl8dwi
22,general_recent,ebay,comment,https://www.reddit.com/r/Ebay/comments/1qcvle6/got_a_belly_laugh_out_of_this_one_on_a_coin_i,t1_nzlcxkc,Ebay,Got a belly laugh out of this one. On a coin I have for sale. Wanted to share.,"lol do the uno reverse , tell them you also have a rare terminal illness with no cure and no recorded cases . If they would be so kindly to donate that 25 instead for medical expenses 🤣",Marinocif99,69,,,2026-01-14T19:21:42Z,https://www.reddit.com/r/Ebay/comments/1qcvle6/got_a_belly_laugh_out_of_this_one_on_a_coin_i/,t1_nzlcd56,1,Coins,coins,negotiation,A commenter humorously suggests claiming a rare terminal illness and asking the buyer to donate the $25 instead.,medium,reddit:t1_nzlcxkc
22,general_recent,ebay,comment,https://www.reddit.com/r/Ebay/comments/1qcvle6/got_a_belly_laugh_out_of_this_one_on_a_coin_i,t1_nzlcag5,Ebay,Got a belly laugh out of this one. On a coin I have for sale. Wanted to share.,"An eBay buyer recently messaged me asking for almost 75% off a $9.00 scented candle, believing, and stating openly that they are such a good person they have worked as a paraprofessional in a school for 25 years and that her mother was on oxygen at home and had COPD, and had recently died. So I should, probably, give her the requested discount. Her message did end with the standard, “God Bless and may your new year be a blessing ✝️♿️⛪️.” I guess I’m heartless, but I expressed my condolences for her loss, but inquired why she felt it was appropriate to share all that information that has absolutely nothing to do with an eBay sale. Needless to say, I declined the requested sale price.",Coffee-Lvr,48,,,2026-01-14T19:18:46Z,https://www.reddit.com/r/Ebay/comments/1qcvle6/got_a_belly_laugh_out_of_this_one_on_a_coin_i/,t3_1qcvle6,0,General marketplace,scented candles,buyer sob stories; negotiation,A seller recounts declining an eBay buyer who requested a large discount on a candle based on personal hardships.,high,reddit:t1_nzlcag5
23,general_recent,ebay,post,https://www.reddit.com/r/Ebay/comments/1w7rdjw/how_do_i_get_rid_of_these_fuckass_ebay_lives_is,,Ebay,"How do i get rid of these fuckass ebay ""lives"" is their a way to disable them or anything?",,-Alex-G-,859,0.98,83,2026-09-05T05:08:44Z,https://www.reddit.com/r/Ebay/comments/1w7rdjw/how_do_i_get_rid_of_these_fuckass_ebay_lives_is/,,,General marketplace,eBay Live,livestream shopping; feature disabling,The user asks how to disable or get rid of eBay Live streams.,high,reddit:t3_1w7rdjw
23,general_recent,ebay,comment,https://www.reddit.com/r/Ebay/comments/1w7rdjw/how_do_i_get_rid_of_these_fuckass_ebay_lives_is,t1_p7xb529,Ebay,"How do i get rid of these fuckass ebay ""lives"" is their a way to disable them or anything?",I hate eBay live and I hate ai slop,LeRoiCasoar,380,,,2026-09-05T06:08:50Z,https://www.reddit.com/r/Ebay/comments/1w7rdjw/how_do_i_get_rid_of_these_fuckass_ebay_lives_is/,t3_1w7rdjw,0,General marketplace,eBay Live,user sentiment; AI content,The commenter expresses hatred for eBay Live and AI slop.,high,reddit:t1_p7xb529
23,general_recent,ebay,comment,https://www.reddit.com/r/Ebay/comments/1w7rdjw/how_do_i_get_rid_of_these_fuckass_ebay_lives_is,t1_p7xjcnp,Ebay,"How do i get rid of these fuckass ebay ""lives"" is their a way to disable them or anything?",why do they all use ai pictures?,jrr6415sun,129,,,2026-09-05T07:16:22Z,https://www.reddit.com/r/Ebay/comments/1w7rdjw/how_do_i_get_rid_of_these_fuckass_ebay_lives_is/,t1_p7xb529,1,General marketplace,eBay Live,AI imagery; livestream shopping,The commenter asks why eBay Live streams all use AI pictures.,medium,reddit:t1_p7xjcnp
23,general_recent,ebay,comment,https://www.reddit.com/r/Ebay/comments/1w7rdjw/how_do_i_get_rid_of_these_fuckass_ebay_lives_is,t1_p7x7gb2,Ebay,"How do i get rid of these fuckass ebay ""lives"" is their a way to disable them or anything?","If you are using the eBay app, skip the main eBay app screen. Quit the eBay app, then tap and hold the app icon to choose your Watch List, Saved screen or Search screen instead. Or use a browser and bookmark a different page to reach eBay from.",eburtonlab,127,,,2026-09-05T05:39:06Z,https://www.reddit.com/r/Ebay/comments/1w7rdjw/how_do_i_get_rid_of_these_fuckass_ebay_lives_is/,t3_1w7rdjw,0,General marketplace,eBay app,workaround; app navigation,The commenter suggests avoiding eBay Live by bypassing the home screen using app shortcuts or browser bookmarks.,high,reddit:t1_p7x7gb2
23,general_recent,ebay,comment,https://www.reddit.com/r/Ebay/comments/1w7rdjw/how_do_i_get_rid_of_these_fuckass_ebay_lives_is,t1_p7xk18v,Ebay,"How do i get rid of these fuckass ebay ""lives"" is their a way to disable them or anything?",Laziness I think,Reasonable-Kick-2449,115,,,2026-09-05T07:22:06Z,https://www.reddit.com/r/Ebay/comments/1w7rdjw/how_do_i_get_rid_of_these_fuckass_ebay_lives_is/,t1_p7xjcnp,2,General marketplace,eBay Live,AI imagery,The commenter suggests that laziness is the reason AI pictures are used.,medium,reddit:t1_p7xk18v
23,general_recent,ebay,comment,https://www.reddit.com/r/Ebay/comments/1w7rdjw/how_do_i_get_rid_of_these_fuckass_ebay_lives_is,t1_p7xnpq2,Ebay,"How do i get rid of these fuckass ebay ""lives"" is their a way to disable them or anything?",That worked! Thank you.,SpleefmanSplifg,29,,,2026-09-05T07:53:32Z,https://www.reddit.com/r/Ebay/comments/1w7rdjw/how_do_i_get_rid_of_these_fuckass_ebay_lives_is/,t1_p7x7gb2,1,General marketplace,eBay app,workaround; feedback,"The commenter thanks the previous user, stating that the suggested workaround worked.",high,reddit:t1_p7xnpq2
24,general_recent,ebay,post,https://www.reddit.com/r/Ebay/comments/1o2k82u/lost_a_sale_because_i_included_a_free_gift,,Ebay,Lost a sale because I included a free gift.,"I recently sold a ring that converts into a pendant. The listing did not include a chain, and I have a specific disclaimer in my listings that anything other than the main item (props, other pieces of jewelry etc) are *not* included in the listing. I had some extra 925 nib chains, so I tossed one in as a free gift. Cause it's a pendant and a chain would be nice if they needed one, right? The item passed authentication but failed because it didn't match photos. Because of the free chain I added. This was verified by CS. The buyer didn't even have the choice to accept or reject, it was just automatically sent back. Maybe I'm just stupid or naive, idk. But now I've lost money and a sale in a very slow moving market.",tin_nyanko_22,847,0.92,201,2025-10-09T22:41:21Z,https://www.reddit.com/r/Ebay/comments/1o2k82u/lost_a_sale_because_i_included_a_free_gift/,,,Other / emerging,jewelry,authentication; order issues,The author lost a sale because authentication rejected a jewelry order for including an unlisted free chain.,high,reddit:t3_1o2k82u
24,general_recent,ebay,comment,https://www.reddit.com/r/Ebay/comments/1o2k82u/lost_a_sale_because_i_included_a_free_gift,t1_nipbeyb,Ebay,Lost a sale because I included a free gift.,This is a rookie mistake. When using authentic guarantee you only include what’s in the listing. Nothing else. Ever. Sorry you had to learn this way but I rec googling other stories on free gifts before doing this,AndrewJR25,498,,,2025-10-10T02:01:40Z,https://www.reddit.com/r/Ebay/comments/1o2k82u/lost_a_sale_because_i_included_a_free_gift/,t3_1o2k82u,0,General marketplace,authenticity guarantee,seller tips; authentication,"The commenter notes that when using Authenticity Guarantee, sellers must only include what is explicitly in the listing.",high,reddit:t1_nipbeyb
24,general_recent,ebay,comment,https://www.reddit.com/r/Ebay/comments/1o2k82u/lost_a_sale_because_i_included_a_free_gift,t1_nip5gap,Ebay,Lost a sale because I included a free gift.,Idk what inspired people to include free stuff in their sales but it will only cause you headache. Seen this happen multiple times.,[deleted],250,,,2025-10-10T01:27:25Z,https://www.reddit.com/r/Ebay/comments/1o2k82u/lost_a_sale_because_i_included_a_free_gift/,t3_1o2k82u,0,General marketplace,selling advice,order fulfillment,"The commenter advises against including free items in sales, stating it causes headaches.",high,reddit:t1_nip5gap
24,general_recent,ebay,comment,https://www.reddit.com/r/Ebay/comments/1o2k82u/lost_a_sale_because_i_included_a_free_gift,t1_niqnm93,Ebay,Lost a sale because I included a free gift.,">When using authentic guarantee you only include what’s in the listing. Nothing else. Ever. Yes, this. \^\^ Same thing on eBay International Shipping transactions. It messes up the customs paperwork because everything needs to be declared, so the hub will have to open the package, liquidate the extra stuff, then repack before forwarding. Causes delays, and creates room for error.",wastingtime101-,92,,,2025-10-10T08:27:45Z,https://www.reddit.com/r/Ebay/comments/1o2k82u/lost_a_sale_because_i_included_a_free_gift/,t1_nipbeyb,1,General marketplace,eBay International Shipping,shipping delays; customs,The commenter agrees and explains that extra items disrupt customs paperwork and cause delays in eBay International Shipping.,high,reddit:t1_niqnm93
24,general_recent,ebay,comment,https://www.reddit.com/r/Ebay/comments/1o2k82u/lost_a_sale_because_i_included_a_free_gift,t1_nipgjol,Ebay,Lost a sale because I included a free gift.,I sold a bunch of video games for a console I don’t collect for. After it sold I realized I had one more not in the listing. I’m sure the buyer won’t mind that I through it in. That’s about the only time I had free stuff.,DARR3Nv2,59,,,2025-10-10T02:31:19Z,https://www.reddit.com/r/Ebay/comments/1o2k82u/lost_a_sale_because_i_included_a_free_gift/,t3_1o2k82u,0,Electronics,video games,order fulfillment,The commenter recalls including an extra video game not in the original listing for a sold console bundle.,high,reddit:t1_nipgjol
24,general_recent,ebay,comment,https://www.reddit.com/r/Ebay/comments/1o2k82u/lost_a_sale_because_i_included_a_free_gift,t1_nippnb9,Ebay,Lost a sale because I included a free gift.,I once sold a Wii U and forgot to eject the super Mario bros U disc that I used to test it. I’m sure the buyer was happy they got a free game,Heikks,29,,,2025-10-10T03:27:08Z,https://www.reddit.com/r/Ebay/comments/1o2k82u/lost_a_sale_because_i_included_a_free_gift/,t1_nipgjol,1,Electronics,consoles; video games,order fulfillment,The commenter shares having accidentally left a Mario game disc inside a sold Wii U console.,high,reddit:t1_nippnb9
25,general_recent,ebay,post,https://www.reddit.com/r/Ebay/comments/1u5s64o/psa_authentication_box_arrived_empty,,Ebay,PSA authentication box arrived empty,"I've heard about this happening and I can't believe it happened to me. Here's a picture. I received two different orders while I was out of town. I came home all excited and one of the boxes was literally empty. Actually, the one that was empty had the PSA congratulations and authenticity card and the one with the card did not. Pretty minor point obviously. just interesting. I've heard if it's this situation you have to fight for a refund versus if the seller delivered something direct to you that was empty. I'm pissed! Interesting new piece of info. I just looked at the boxes for both and they both show 8 ounces. Basically the EXACT same information on each label. Seems that means they ran it through their Pitney Bowes machine, kept the card, and then sealed the package. UPDATE: eBay refunded me! I want to thank everyone for their support and ideas. It kept me relatively sane until I got the good news. Go USA soccer.",Severe-Ad-6853,806,0.97,89,2026-06-14T18:06:57Z,https://www.reddit.com/r/Ebay/comments/1u5s64o/psa_authentication_box_arrived_empty/,,,Sports Cards; TCG/Pokemon,trading cards; PSA authenticated cards,empty package; authenticity guarantee refund,The poster received an empty PSA authentication box instead of their card order and eventually obtained an eBay refund.,high,reddit:t3_1u5s64o
25,general_recent,ebay,comment,https://www.reddit.com/r/Ebay/comments/1u5s64o/psa_authentication_box_arrived_empty,t1_ornr1on,Ebay,PSA authentication box arrived empty,You'll need to get in contact with a human at eBay CS to deal with this. They should check the security video at the authentication center and refund you.,wastingtime101-,290,,,2026-06-14T20:02:02Z,https://www.reddit.com/r/Ebay/comments/1u5s64o/psa_authentication_box_arrived_empty/,t3_1u5s64o,0,Sports Cards; TCG/Pokemon,trading cards; PSA authenticated cards,customer support; authentication facility security,The commenter advises contacting eBay human customer support to review authentication center security footage and obtain a refund.,high,reddit:t1_ornr1on
25,general_recent,ebay,comment,https://www.reddit.com/r/Ebay/comments/1u5s64o/psa_authentication_box_arrived_empty,t1_ornxipq,Ebay,PSA authentication box arrived empty,Don't wait for them to auto-close against you and force you to appeal. Get a human before that - preferably tomorrow during business hours.,wastingtime101-,102,,,2026-06-14T20:34:11Z,https://www.reddit.com/r/Ebay/comments/1u5s64o/psa_authentication_box_arrived_empty/,t1_ornwbgg,2,Sports Cards; TCG/Pokemon,trading cards; PSA authenticated cards,appeals; customer support,The commenter advises speaking to a human during business hours before eBay automatically closes the case against the buyer.,high,reddit:t1_ornxipq
25,general_recent,ebay,comment,https://www.reddit.com/r/Ebay/comments/1u5s64o/psa_authentication_box_arrived_empty,t1_ornwbgg,Ebay,PSA authentication box arrived empty,"So when they come back and say rejected, there's a way I could elevate it I assume. I'm still waiting for the decline.",Severe-Ad-6853,98,,,2026-06-14T20:28:18Z,https://www.reddit.com/r/Ebay/comments/1u5s64o/psa_authentication_box_arrived_empty/,t1_ornr1on,1,Sports Cards; TCG/Pokemon,trading cards; PSA authenticated cards,dispute escalation; refund rejection,The commenter assumes there is a way to elevate the claim once an initial rejection occurs while awaiting a decline.,high,reddit:t1_ornwbgg
25,general_recent,ebay,comment,https://www.reddit.com/r/Ebay/comments/1u5s64o/psa_authentication_box_arrived_empty,t1_orokbbo,Ebay,PSA authentication box arrived empty,congratulations card is insult to injury,123supreme123,38,,,2026-06-14T22:31:27Z,https://www.reddit.com/r/Ebay/comments/1u5s64o/psa_authentication_box_arrived_empty/,t3_1u5s64o,0,Sports Cards; TCG/Pokemon,trading cards; PSA authenticated cards,empty package; authenticity card,The commenter states that including a congratulations card inside an empty package adds insult to injury.,high,reddit:t1_orokbbo
25,general_recent,ebay,comment,https://www.reddit.com/r/Ebay/comments/1u5s64o/psa_authentication_box_arrived_empty,t1_orpc94h,Ebay,PSA authentication box arrived empty,I've been told carriers can verify package weight through their system with the tracking number. It might be worthwhile to pursue that data both to and from the verification facility as additional proof.,eldofever58,14,,,2026-06-15T01:14:53Z,https://www.reddit.com/r/Ebay/comments/1u5s64o/psa_authentication_box_arrived_empty/,t3_1u5s64o,0,Sports Cards; TCG/Pokemon,authenticated cards,package tracking; dispute evidence,Commenter suggests tracking carrier package weights to and from the verification facility as proof.,high,reddit:t1_orpc94h
26,buyer_seller_pain,buyer scam,post,https://www.reddit.com/r/Ebay/comments/1sap033/has_anybody_seen_this_before,,Ebay,Has anybody seen this before?,"Let me preface by saying I don’t use ebay all that much, so I’m not familiar with any common hustles. I Recently ordered an anime figurine for a couple hundred bucks from a seller with a 95+% rating and 8.8k items sold, an account that’s been a member since 2015. Everything seems trustworthy. Today I got this text, and the sellers store page now has a banner saying “the seller is away until April 15th, expect delays until they return” or whatever. My first thought, given the seeming trustworthiness of the account, is that this is a charge dodge to get out of giving ebay its cut, rather than a scam against the buyer. Does anyone have any experience/feedback for something like this? EDIT: because it wasn’t clear, the item in question is a pre-order. The figurine hasn’t officially come out yet, and there are multiple sellers on the site offering pre-order sales. There are other sellers with higher ratings, but with under 2k item sales, that are offering the same item. As I’m unfamiliar with eBay ratings and what constitutes a high vs low rating, I figured the decade older account with 4-5x the sales of the others was more trustworthy. Edit 2: After reading all the replies I did some shopping around and found a listing on a reputable site for figure collecting that’s selling pre orders for like a hundred dollars cheaper, sooo… lucky me for getting the refund and getting out of dodge, lmao.",FemFennec,68,0.84,85,2026-04-02T18:09:07Z,https://www.reddit.com/r/Ebay/comments/1sap033/has_anybody_seen_this_before/,,,Toys/Collectibles,anime figurines,off-platform transactions; seller feedback,A buyer questions whether an eBay seller's message is an attempt to evade platform fees on an anime figurine pre-order.,high,reddit:t3_1sap033
26,buyer_seller_pain,buyer scam,comment,https://www.reddit.com/r/Ebay/comments/1sap033/has_anybody_seen_this_before,t1_odxeqlg,Ebay,Has anybody seen this before?,"Yes, seems like an attempt to evade eBay fees. You'll lose any eBay buyer protection which maybe would be an issue since this seller seems a bit shady",Imaginary_Top6176,145,,,2026-04-02T18:14:47Z,https://www.reddit.com/r/Ebay/comments/1sap033/has_anybody_seen_this_before/,t3_1sap033,0,Toys/Collectibles,anime figurines,buyer protection; fee avoidance,A user warns that taking transactions off-platform evades eBay fees and voids buyer protection.,high,reddit:t1_odxeqlg
26,buyer_seller_pain,buyer scam,comment,https://www.reddit.com/r/Ebay/comments/1sap033/has_anybody_seen_this_before,t1_odxeugz,Ebay,Has anybody seen this before?,"Scam, report for trying to do business off ebay.",PekinDuckOverlord,122,,,2026-04-02T18:15:17Z,https://www.reddit.com/r/Ebay/comments/1sap033/has_anybody_seen_this_before/,t3_1sap033,0,Toys/Collectibles,anime figurines,scams; off-platform transactions,A commenter calls the activity a scam and advises reporting the seller for conducting business off eBay.,high,reddit:t1_odxeugz
26,buyer_seller_pain,buyer scam,comment,https://www.reddit.com/r/Ebay/comments/1sap033/has_anybody_seen_this_before,t1_odxel8c,Ebay,Has anybody seen this before?,"Scam, never go off ebay",scubastevie,69,,,2026-04-02T18:14:06Z,https://www.reddit.com/r/Ebay/comments/1sap033/has_anybody_seen_this_before/,t3_1sap033,0,Toys/Collectibles,anime figurines,scams; off-platform transactions,A commenter states the situation is a scam and warns never to conduct transactions off eBay.,high,reddit:t1_odxel8c
26,buyer_seller_pain,buyer scam,comment,https://www.reddit.com/r/Ebay/comments/1sap033/has_anybody_seen_this_before,t1_odxh2ax,Ebay,Has anybody seen this before?,"This. 95% of 8k reviews is 400 pissed off customers. If u look at his detailed reviews you'll see them. Anything below 99% on ebay imo is a little sus. + offering to sell off ebay is a direct violation of their policy and will get him banned if they catch him. Report him or not, but don't buy from him.",Interesting-Ground18,60,,,2026-04-02T18:25:30Z,https://www.reddit.com/r/Ebay/comments/1sap033/has_anybody_seen_this_before/,t3_1sap033,0,Toys/Collectibles,anime figurines,seller feedback; policy violations,A user warns that a 95% rating reflects hundreds of negative reviews and selling off eBay violates policy.,high,reddit:t1_odxh2ax
26,buyer_seller_pain,buyer scam,comment,https://www.reddit.com/r/Ebay/comments/1sap033/has_anybody_seen_this_before,t1_odxg17j,Ebay,Has anybody seen this before?,95% positive is abysmal feedback,mr-nicktobi,37,,,2026-04-02T18:20:42Z,https://www.reddit.com/r/Ebay/comments/1sap033/has_anybody_seen_this_before/,t3_1sap033,0,Toys/Collectibles,anime figurines,seller feedback,A commenter states that a 95% positive feedback rating on eBay is abysmal.,high,reddit:t1_odxg17j
27,buyer_seller_pain,buyer scam,post,https://www.reddit.com/r/Ebay/comments/1v3kg4y/i_love_this_site,,Ebay,I love this site,"Just needed to rant about the wildest sequence of events on a putter I listed recently. 1. The First Buyer: Wins the auction, pays, and then immediately messages me saying ""Hey actually can you ship this to ""blank address"" instead?"" Classic address change attempt. I tell him per eBay policy I can only ship to the checkout address. He literally sends me a link to eBay's buyer help page to prove me wrong... except the page explicitly says ""Ask the seller to cancel and repurchase with the correct address."" I hit cancel under ""Problem with buyer's address."" 2. I figure I'll just send a Second Chance Offer to the runner-up bidder at $85 to wrap this up quickly. I messaged him being completely transparent about why the first sale fell through (big mistake, apparently). 3. The runner-up buyer replies back offering $72 because ""my lowest bid was 72 before that guy ran me up."" I politely decline and send him a link to recent sold showing it going for well over $85. 4. He gets instantly hostile, accuses me of shill bidding on my own auction to jack up the price, and threatens to leave me a bad rating and review... on an item he never even bought. https://preview.redd.it/xpn9s4821teh1.png?width=750&format=png&auto=webp&s=63853d7fd74455b7d2a238390b8d5807ecbeca6d https://preview.redd.it/hxfsz0l31teh1.png?width=746&format=png&auto=webp&s=f2161b5bfb44a0763e1d185a93e712b739a8bf0a",XR_JmanFN,29,0.87,14,2026-07-22T16:04:10Z,https://www.reddit.com/r/Ebay/comments/1v3kg4y/i_love_this_site/,,,Other / emerging,golf equipment,order cancellations; buyer dispute,A seller recounts cancelling an auction after an address change request and facing accusations from the runner-up bidder.,high,reddit:t3_1v3kg4y
27,buyer_seller_pain,buyer scam,comment,https://www.reddit.com/r/Ebay/comments/1v3kg4y/i_love_this_site,t1_oz3pbpw,Ebay,I love this site,Should've just left the scammer information to yourself. The Second Chance offer person doesn't need to know that.,GoldenGouf,30,,,2026-07-22T16:12:03Z,https://www.reddit.com/r/Ebay/comments/1v3kg4y/i_love_this_site/,t3_1v3kg4y,0,General marketplace,second chance offers,seller communication; buyer screening,A commenter advises that sellers should not disclose previous scammer issues to a Second Chance Offer recipient.,high,reddit:t1_oz3pbpw
27,buyer_seller_pain,buyer scam,comment,https://www.reddit.com/r/Ebay/comments/1v3kg4y/i_love_this_site,t1_oz5izzp,Ebay,I love this site,I dont think the 1st person was a scammer. I think they had not changed their default address. What you should have done is: told the 1st auction winner that you cant ship to an address that is not on the order but that you can cancel this order and create a new buy it now listing for them to buy with their correct address if they are legit then they buy it with the correct address. if they are scammed they will make up excuses and not buy it.,iRepTex,11,,,2026-07-22T20:45:08Z,https://www.reddit.com/r/Ebay/comments/1v3kg4y/i_love_this_site/,t3_1v3kg4y,0,General marketplace,address changes,scam prevention; order cancellation,A commenter suggests the initial buyer may not have been a scammer and recommends relisting for them to repurchase.,high,reddit:t1_oz5izzp
27,buyer_seller_pain,buyer scam,comment,https://www.reddit.com/r/Ebay/comments/1v3kg4y/i_love_this_site,t1_oz44871,Ebay,I love this site,Why not offer the winning bidder the winning price via buy-it-now after he changes his address?,Blackpooligan,11,,,2026-07-22T17:13:05Z,https://www.reddit.com/r/Ebay/comments/1v3kg4y/i_love_this_site/,t3_1v3kg4y,0,General marketplace,buy it now,selling procedure; address changes,A user asks why the seller did not offer the winning bidder the item via Buy-It-Now after updating their address.,high,reddit:t1_oz44871
27,buyer_seller_pain,buyer scam,comment,https://www.reddit.com/r/Ebay/comments/1v3kg4y/i_love_this_site,t1_oz4dgio,Ebay,I love this site,I think the presumption is that the bidder was a scammer,SquashSouffle,8,,,2026-07-22T17:50:20Z,https://www.reddit.com/r/Ebay/comments/1v3kg4y/i_love_this_site/,t1_oz44871,1,General marketplace,online auctions,scam suspicion,A commenter notes the presumption was that the original bidder was attempting a scam.,high,reddit:t1_oz4dgio
27,buyer_seller_pain,buyer scam,comment,https://www.reddit.com/r/Ebay/comments/1v3kg4y/i_love_this_site,t1_oz5dvtt,Ebay,I love this site,"Agreed. I've had dozens of buyers who follow up after placing an order and ask to change address and while it can be an indicator of a scammer it's entirely dependent on how they respond and follow up. After kindly telling them the policy and cancelling their orders they all re-purchased with the correct address, I shipped, and all the sales went well with positive feedback. Not everyone is a scammer.",RyanNoVA,7,,,2026-07-22T20:23:05Z,https://www.reddit.com/r/Ebay/comments/1v3kg4y/i_love_this_site/,t1_oz44871,1,General marketplace,address changes,order fulfillment; scam assessment,A user shares that address change requests often successfully conclude with cancellations and repurchases without being scams.,high,reddit:t1_oz5dvtt
28,buyer_seller_pain,buyer scam,post,https://www.reddit.com/r/Ebay/comments/1p9ta0y/is_this_normal_when_selling_to_the_us_genuinely,,Ebay,Is this normal when selling to the US? Genuinely asking,"I’m a new Canadian seller and I just did my first big batch of shipments to the US, and I’m honestly confused if I just got extremely unlucky or if this is a common experience. Most buyers were totally fine, package arrives, no issues, smooth sailing. But a handful of buyers… Wow. - One buyer saw Ontario, Canada on the label and somehow concluded the item shipped from China - The same person said 6 business day shipping was very slow - A few got standard import duties and assumed it was a COD scam - One refused delivery without asking me anything - Another filed item not as described before the package even reached them - One kept trying to change UPS delivery settings instead of messaging me - All of them ghosted me when I literally offered to help with their duties Meanwhile, one buyer who asked about potential fees before delivery? Smoothest transaction ever. So… Is this normal? Do US buyers often panic at duty notices and ignore tracking, or did I just get really unlucky?",try-a-typo,2,0.76,12,2025-11-29T16:36:16Z,https://www.reddit.com/r/Ebay/comments/1p9ta0y/is_this_normal_when_selling_to_the_us_genuinely/,,,General marketplace,cross-border ecommerce,shipping issues; import duties,A Canadian seller asks whether problematic reactions from US buyers regarding import duties and shipping are typical or just bad luck.,high,reddit:t3_1p9ta0y
28,buyer_seller_pain,buyer scam,comment,https://www.reddit.com/r/Ebay/comments/1p9ta0y/is_this_normal_when_selling_to_the_us_genuinely,t1_nrf9w46,Ebay,Is this normal when selling to the US? Genuinely asking,There are always a few idiots🤣,ClipandPlay,3,,,2025-11-29T19:22:39Z,https://www.reddit.com/r/Ebay/comments/1p9ta0y/is_this_normal_when_selling_to_the_us_genuinely/,t3_1p9ta0y,0,General marketplace,cross-border ecommerce,buyer behavior,A commenter asserts that there are always foolish buyers encountering transactions.,medium,reddit:t1_nrf9w46
28,buyer_seller_pain,buyer scam,comment,https://www.reddit.com/r/Ebay/comments/1p9ta0y/is_this_normal_when_selling_to_the_us_genuinely,t1_nrg688p,Ebay,Is this normal when selling to the US? Genuinely asking,"Yeah it was probably just bad luck, unfortunately they were tariffed items and I don't think many Americans know about the $800 exemption being removed yet.",try-a-typo,3,,,2025-11-29T22:28:01Z,https://www.reddit.com/r/Ebay/comments/1p9ta0y/is_this_normal_when_selling_to_the_us_genuinely/,t1_nrfu1b2,1,General marketplace,cross-border ecommerce,customs tariffs; import duties,"A commenter attributes the issues to bad luck, tariffed items, and Americans' lack of awareness about tariff exemption changes.",high,reddit:t1_nrg688p
28,buyer_seller_pain,buyer scam,comment,https://www.reddit.com/r/Ebay/comments/1p9ta0y/is_this_normal_when_selling_to_the_us_genuinely,t1_nrfdv73,Ebay,Is this normal when selling to the US? Genuinely asking,"You are describing EBay in general. I buy and sell on EBay but do not sell to other countries, only buy. My items have always been correctly adjusted by EBay to account for any fees. The items that you sell make a difference. I sell items I no longer need and items with a low return rate.",United-Adagio1543,2,,,2025-11-29T19:44:30Z,https://www.reddit.com/r/Ebay/comments/1p9ta0y/is_this_normal_when_selling_to_the_us_genuinely/,t3_1p9ta0y,0,General marketplace,cross-border ecommerce,platform experience; selling strategy,"A commenter states this describes eBay generally, notes fees are adjusted properly, and mentions only selling items with low return rates.",high,reddit:t1_nrfdv73
28,buyer_seller_pain,buyer scam,comment,https://www.reddit.com/r/Ebay/comments/1p9ta0y/is_this_normal_when_selling_to_the_us_genuinely,t1_nrfu1b2,Ebay,Is this normal when selling to the US? Genuinely asking,Sounds like you’ve just had bad luck. In my experience US buyers are about the same as those anywhere else. However it does really depend on what you sell - for my items (stamps) the US buyers are generally great and patient - as they are from any country.,gmotsimurgh,2,,,2025-11-29T21:16:13Z,https://www.reddit.com/r/Ebay/comments/1p9ta0y/is_this_normal_when_selling_to_the_us_genuinely/,t3_1p9ta0y,0,Other / emerging,stamps,buyer behavior; international shipping,"A commenter attributes the problem to bad luck, noting that in their experience selling stamps, US buyers are typically great and patient.",high,reddit:t1_nrfu1b2
29,buyer_seller_pain,buyer scam,post,https://www.reddit.com/r/Ebay/comments/1r3bnv4/returns_from_international,,Ebay,Returns from international,"Hoping someone can give me advice. I buy pallets and resell them. Not really for the money but I enjoy opening them and then I have to sell it so I can buy more. So I sold an armrest for a car. It’s not always easy to identify exactly which car it goes to but I did a lot of research and photo comparisons and I think I got it right. International buyer purchases and today is the 28th day and they message me cause it doesn’t fit their car and they want their money back. I told them to open a return and they tell me shipping will be too expensive and ask if I will pay shipping. They are convinced it’s not for their car. Maybe they are right or maybe they are trying to get the item for free. Either way, I’m wondering how does shipping back to sellers go when they are international. Will it be astronomical if I pay for the. To ship back? I have made no commitment to anything yet and the fact that they refuse to open a case tells me they are just trying to scam me.",Specialist-Table-760,1,1,5,2026-02-13T01:21:22Z,https://www.reddit.com/r/Ebay/comments/1r3bnv4/returns_from_international/,,,Other / emerging,car armrest; automotive parts,international returns; return fraud concern,A seller asks how international returns work after a buyer requested return shipping costs for a car armrest without opening a case.,high,reddit:t3_1r3bnv4
29,buyer_seller_pain,buyer scam,comment,https://www.reddit.com/r/Ebay/comments/1r3bnv4/returns_from_international,t1_o539ib0,Ebay,Returns from international,"Did you ship internationally yourself or did you use eBays EIS? If EIS then I believe depending on the return reason you're covered. If you shipped it yourself, it's up to you to determine if the cost to ship back plus the return is going to be worth it over just issuing the refund. Either way I would just tell them to open a return request and see if they even do that.",MinivanActivities,1,,,2026-02-13T01:49:50Z,https://www.reddit.com/r/Ebay/comments/1r3bnv4/returns_from_international/,t3_1r3bnv4,0,General marketplace,shipping service,international returns; return policy,"A commenter outlines seller coverage differences between eBay EIS and self-shipping, advising to wait for the buyer to open a return.",high,reddit:t1_o539ib0
29,buyer_seller_pain,buyer scam,comment,https://www.reddit.com/r/Ebay/comments/1r3bnv4/returns_from_international,t1_o53aryx,Ebay,Returns from international,"Thanks. I’m not sure how I know if it went through EIS or if they used their own shipper from Florida to then get it to them. I personally don’t offer international shipping except through EIS. I already told them to open a case so it sounds like if they open a case, I’m covered and I should just ignore their messages until they do. If my item really was an inad I feel bad but I can’t do much until they make the first step…",Specialist-Table-760,1,,,2026-02-13T01:57:31Z,https://www.reddit.com/r/Ebay/comments/1r3bnv4/returns_from_international/,t3_1r3bnv4,0,General marketplace,shipping service,international returns; buyer disputes,"The author notes uncertainty about whether the item used EIS or a freight forwarder, deciding to wait until the buyer opens a case.",high,reddit:t1_o53aryx
29,buyer_seller_pain,buyer scam,comment,https://www.reddit.com/r/Ebay/comments/1r3bnv4/returns_from_international,t1_o5a0imo,Ebay,Returns from international,"Sounds like you sent it to a freight forwarder who then sent it to the customer. You are only responsible for issuing a return label from the address you sent it to back to you if they open an INAD case. They aren’t covered by eBay’s money back guarantee anyways because they used a freight forwarder, I believe. Edit: If you sent it to Florida, it was a freight forwarder.",Arnie_T,1,,,2026-02-14T02:48:30Z,https://www.reddit.com/r/Ebay/comments/1r3bnv4/returns_from_international/,t1_o53aryx,1,General marketplace,freight forwarding,freight forwarding; return policy,A commenter explains that shipping to a freight forwarder limits seller return obligations and voids the buyer's eBay Money Back Guarantee.,high,reddit:t1_o5a0imo
30,buyer_seller_pain,buyer scam,post,https://www.reddit.com/r/Ebay/comments/1ofb5tn/buyer_looking_to_pay_90_via_ebay_10_cash,,Ebay,Buyer looking to pay 90% via eBay 10% cash,"Hi, Just trying to be safe not sorry. Got a buyer for an item ~5.500€. Local pickup. Buyer is looking to purchase the item via a rate pay solution but it only works below 5.000€. He proposed I send him a price offer while we’re face to face and he’ll pay the rest by cash. Is there any way he could scam me with this? Like the payment not going through eventually, or him canceling it after the actual payment? In my view, once eBay confirms the item is paid for, it’s safe for me to hand it out. Legally we’d have a contract for 5.000€ but I’d still have the difference in cash, so can’t find any real red flags?",estikei,0,0.5,5,2025-10-24T22:19:29Z,https://www.reddit.com/r/Ebay/comments/1ofb5tn/buyer_looking_to_pay_90_via_ebay_10_cash/,,,General marketplace,,Payment methods; Scam concerns,A seller asks if accepting split payment via eBay and cash for a local pickup could lead to a scam.,high,reddit:t3_1ofb5tn
30,buyer_seller_pain,buyer scam,comment,https://www.reddit.com/r/Ebay/comments/1ofb5tn/buyer_looking_to_pay_90_via_ebay_10_cash,t1_nl8i497,Ebay,Buyer looking to pay 90% via eBay 10% cash,"Sell the whole thing off-line for cash, and avoid the eBay fees.",MisterSirDudeGuy,3,,,2025-10-25T01:12:36Z,https://www.reddit.com/r/Ebay/comments/1ofb5tn/buyer_looking_to_pay_90_via_ebay_10_cash/,t3_1ofb5tn,0,General marketplace,,Offline transaction; Platform fees,A user suggests completing the sale entirely offline with cash to avoid eBay fees.,high,reddit:t1_nl8i497
30,buyer_seller_pain,buyer scam,comment,https://www.reddit.com/r/Ebay/comments/1ofb5tn/buyer_looking_to_pay_90_via_ebay_10_cash,t1_nl7ss5r,Ebay,Buyer looking to pay 90% via eBay 10% cash,Why not just pay all cash and meet at a bank?,cougfan12345,2,,,2025-10-24T22:34:51Z,https://www.reddit.com/r/Ebay/comments/1ofb5tn/buyer_looking_to_pay_90_via_ebay_10_cash/,t3_1ofb5tn,0,General marketplace,,Payment methods; Transaction safety,A commenter asks why the transaction cannot be done entirely in cash at a bank.,high,reddit:t1_nl7ss5r
30,buyer_seller_pain,buyer scam,comment,https://www.reddit.com/r/Ebay/comments/1ofb5tn/buyer_looking_to_pay_90_via_ebay_10_cash,t1_nl7utjc,Ebay,Buyer looking to pay 90% via eBay 10% cash,Probably because it would break the buyer’s bank.,estikei,1,,,2025-10-24T22:47:24Z,https://www.reddit.com/r/Ebay/comments/1ofb5tn/buyer_looking_to_pay_90_via_ebay_10_cash/,t3_1ofb5tn,0,General marketplace,,Payment methods,A commenter suggests the buyer may not have enough funds to pay entirely in cash.,high,reddit:t1_nl7utjc
30,buyer_seller_pain,buyer scam,comment,https://www.reddit.com/r/Ebay/comments/1ofb5tn/buyer_looking_to_pay_90_via_ebay_10_cash,t1_nlb5gho,Ebay,Buyer looking to pay 90% via eBay 10% cash,Against ebay policy if you met him on ebay. I wouldn't risk losing my account if he says something about the transaction taking place off platform,roccodmoore,1,,,2025-10-25T13:51:04Z,https://www.reddit.com/r/Ebay/comments/1ofb5tn/buyer_looking_to_pay_90_via_ebay_10_cash/,t3_1ofb5tn,0,General marketplace,,Platform policy; Account suspension,A user warns that off-platform transactions violate eBay policy and risk account loss.,high,reddit:t1_nlb5gho
30,buyer_seller_pain,buyer scam,comment,https://www.reddit.com/r/Ebay/comments/1ofb5tn/buyer_looking_to_pay_90_via_ebay_10_cash,t1_nln80av,Ebay,Buyer looking to pay 90% via eBay 10% cash,If you guys have established contact thru phone and haven’t discussed payment outside eBay on eBay’s messages. Do it all in cash? Cancel the order entirely.,General-Ease2907,1,,,2025-10-27T13:20:32Z,https://www.reddit.com/r/Ebay/comments/1ofb5tn/buyer_looking_to_pay_90_via_ebay_10_cash/,t3_1ofb5tn,0,General marketplace,,Offline transaction; Order cancellation,A commenter suggests canceling the eBay order and conducting the sale fully in cash if off-platform communication is unrecorded.,high,reddit:t1_nln80av
31,buyer_seller_pain,buyer scam,post,https://www.reddit.com/r/Ebay/comments/1pj9etb/new_items_with_flimsy_retail_packaging,,Ebay,New Items with Flimsy Retail Packaging,"I recently bought a large quantity of an item, from several different vendors, in order to resell on eBay. The items are all 100% new, unused, and in great shape, however the retail packaging is flimsy, and as such, arrives in somewhat rough shape. I apply tape to the edges and underside to help it retain it's shape, but as soon as I drop it off at the carrier, the box is so flimsy it won't arrive rectangular no matter what. How would you list this item's condition? Based on my understanding, the item is new according to eBay policies. However, I could certainly see some percentage of buyers who are picky about the retail packaging, or others who just want to scam a partial refund. I'm torn between: 1. Listing it as new, but clarifying retail-box condition on the first line of the description. 2. Listing it as open-box, but clarifying the items are 100% new/unused, but retail packaging condition may vary. I may lose a few views/sales, but perhaps be better protected. Thoughts?",CsXAway9001,0,0.5,2,2025-12-10T17:55:16Z,https://www.reddit.com/r/Ebay/comments/1pj9etb/new_items_with_flimsy_retail_packaging/,,,General marketplace,Unspecified items,Listing condition; Packaging issues,A seller asks how to list new items whose retail packaging is flimsy and arrives damaged.,high,reddit:t3_1pj9etb
31,buyer_seller_pain,buyer scam,comment,https://www.reddit.com/r/Ebay/comments/1pj9etb/new_items_with_flimsy_retail_packaging,t1_ntbvs24,Ebay,New Items with Flimsy Retail Packaging,Put them in a decent box and ship them that way. Don't let yourself get in a position where the original packaging is destroyed in the mail.,SouthernCritic,7,,,2025-12-10T18:21:21Z,https://www.reddit.com/r/Ebay/comments/1pj9etb/new_items_with_flimsy_retail_packaging/,t3_1pj9etb,0,General marketplace,Shipping supplies,Packaging advice,A commenter advises placing items inside a decent shipping box to prevent original packaging from being destroyed in transit.,high,reddit:t1_ntbvs24
31,buyer_seller_pain,buyer scam,comment,https://www.reddit.com/r/Ebay/comments/1pj9etb/new_items_with_flimsy_retail_packaging,t1_ntc8jkv,Ebay,New Items with Flimsy Retail Packaging,I would do New Open Box. That in my opinion give you the least headaches.,beachbellybob,2,,,2025-12-10T19:22:50Z,https://www.reddit.com/r/Ebay/comments/1pj9etb/new_items_with_flimsy_retail_packaging/,t3_1pj9etb,0,General marketplace,Listing condition,Condition grading,A commenter recommends listing the item as New Open Box to minimize potential headaches.,high,reddit:t1_ntc8jkv
32,buyer_seller_pain,return scam,post,https://www.reddit.com/r/Ebay/comments/1pbnnjt/sold_item_got_returned_to_me_what_to_do,,Ebay,Sold item got returned to me. What to do?,I sold something on eBay (which I rarely do). I've shipped the item a while ago and received the funds and forgot about it. Suddenly something dropped in my mailbox: the item I shipped. I checked my eBay and it says: The company or receiver name is incorrect. This will delay delivery. We're attempting to update this information. / The package will be returned to the sender. The shipping label was purchased from inside the eBay website by me.... What to do to avoid getting scammed when sending the item again?,Warm_weather1,1,0.67,3,2025-12-01T20:20:56Z,https://www.reddit.com/r/Ebay/comments/1pbnnjt/sold_item_got_returned_to_me_what_to_do/,,,General marketplace,eBay sales,Return to sender; Seller protection,An eBay seller asks how to avoid scams after a sold item was returned due to an incorrect receiver name.,high,reddit:t3_1pbnnjt
32,buyer_seller_pain,return scam,comment,https://www.reddit.com/r/Ebay/comments/1pbnnjt/sold_item_got_returned_to_me_what_to_do,t1_nrrv17r,Ebay,Sold item got returned to me. What to do?,"There's nothing you need to do. As long as you shipped the item to the address that was on the purchase order, you're fine. It is 100% the buyer's responsibility to provide the correct shipping address. When you receive the item back, just wait for the buyer to contact you. You can then submit a refund (minus any shipping costs). Again, you are under no obligation to do anything, but that's the decent thing to do.",SouthernCritic,4,,,2025-12-01T20:59:02Z,https://www.reddit.com/r/Ebay/comments/1pbnnjt/sold_item_got_returned_to_me_what_to_do/,t3_1pbnnjt,0,General marketplace,eBay sales,Buyer address responsibility; Refund policy,A user advises that buyers are responsible for providing correct addresses and suggests issuing a refund minus shipping after receiving the item.,high,reddit:t1_nrrv17r
32,buyer_seller_pain,return scam,comment,https://www.reddit.com/r/Ebay/comments/1pbnnjt/sold_item_got_returned_to_me_what_to_do,t1_nw3ewf8,Ebay,Sold item got returned to me. What to do?,"It turns out that what you wrote is incorrect. Today I got an email from Ebay that the buyer gets a refund because the item was not delivered. I purchased the UPS (NOT USPS, it's a German package) shipping label within ebay. The exact notification in the tracking is as follows: > The company or receiver name is incorrect. This will delay delivery. We're attempting to update this information. / The package will be returned to the sender. I emailed ebay to ask for my money back, which I should get, right? Why is ebay giving the buyer a refund in this case?",Warm_weather1,1,,,2025-12-26T22:18:38Z,https://www.reddit.com/r/Ebay/comments/1pbnnjt/sold_item_got_returned_to_me_what_to_do/,t1_nrrv17r,1,General marketplace,eBay sales,Item not received refund; Carrier issues,A seller questions why eBay refunded a buyer for non-delivery after a UPS package was returned for an incorrect recipient name.,high,reddit:t1_nw3ewf8
32,buyer_seller_pain,return scam,comment,https://www.reddit.com/r/Ebay/comments/1pbnnjt/sold_item_got_returned_to_me_what_to_do,t1_nrrvl5t,Ebay,Sold item got returned to me. What to do?,"There's a chance that the address is correct, but the shipping company made a mistake. In that case the shipping company is responsible for correct delivery free of charge of course. I purchased for a service and they have to deliver that service if the provided address is indeed correct. When purchasing the label, I never entered the address. It was automatically filled in by eBay because I purchased the shipping label within eBay.",Warm_weather1,0,,,2025-12-01T21:01:52Z,https://www.reddit.com/r/Ebay/comments/1pbnnjt/sold_item_got_returned_to_me_what_to_do/,t1_nrrv17r,1,General marketplace,eBay sales,Shipping label autofill; Carrier responsibility,"The author notes shipping companies are responsible if the address was correct, adding that eBay automatically populated the purchased label.",high,reddit:t1_nrrvl5t
33,buyer_seller_pain,seller protection,post,https://www.reddit.com/r/Ebay/comments/1skj0ku/auction_winners_can_no_longer_cancel_orders,,Ebay,Auction winners can no longer cancel orders.,"Just got this email. ""Protecting auction integrity on eBay Sta﻿rting May 1﻿3, 20﻿26, buyers in the US who win auctions on eBay will no longer see an option to cancel orders. Why we’re making this change Auctions on eBay work best when winning bidders follow through and pay. You have told us that canceled bids disrupt your sale, hurt the item’s value, and create overhead. To better protect you, we’ll be removing the option for buyers to cancel winning bids. What this means for you Fewer cancellation requests US buyers will no longer be able to submit cancellation requests after winning auctions. Auction sales are final While US buyers can still message you directly to request a cancellation, it’s up to you to grant or reject. Our policy states all auction sales are final and fully supports you in declining the request. Protection from negative feedback If the buyer leaves negative feedback due to a declined cancellation, you can request its removal through Seller Help within 90 days of the sale.""",Skarth,756,0.99,172,2026-04-13T18:12:03Z,https://www.reddit.com/r/Ebay/comments/1skj0ku/auction_winners_can_no_longer_cancel_orders/,,,General marketplace,Online Auctions,Cancellation Policy; eBay Policy,A user shares an eBay notification announcing that US auction winners will no longer have the option to cancel winning bids.,high,reddit:t3_1skj0ku
33,buyer_seller_pain,seller protection,comment,https://www.reddit.com/r/Ebay/comments/1skj0ku/auction_winners_can_no_longer_cancel_orders,t1_ofzg0cu,Ebay,Auction winners can no longer cancel orders.,"So did I. Is the ""item not described."" excuse going to be used more for unwanted items due to this I wonder.",Klin24,323,,,2026-04-13T18:14:20Z,https://www.reddit.com/r/Ebay/comments/1skj0ku/auction_winners_can_no_longer_cancel_orders/,t3_1skj0ku,0,General marketplace,Online Auctions,Return Abuse; Cancellation Policy,A commenter confirms receiving the email and wonders if buyers will increase false 'item not as described' claims for unwanted wins.,high,reddit:t1_ofzg0cu
33,buyer_seller_pain,seller protection,comment,https://www.reddit.com/r/Ebay/comments/1skj0ku/auction_winners_can_no_longer_cancel_orders,t1_ofzs12h,Ebay,Auction winners can no longer cancel orders.,Every rule change results in creative new ways to abuse the other rules.,who_am_i_to_say_so,170,,,2026-04-13T19:08:09Z,https://www.reddit.com/r/Ebay/comments/1skj0ku/auction_winners_can_no_longer_cancel_orders/,t1_ofzg0cu,1,General marketplace,Platform Policies,Rule Abuse; Policy Changes,A user comments that every rule change inevitably creates creative new ways to abuse other platform rules.,high,reddit:t1_ofzs12h
33,buyer_seller_pain,seller protection,comment,https://www.reddit.com/r/Ebay/comments/1skj0ku/auction_winners_can_no_longer_cancel_orders,t1_og0sok6,Ebay,Auction winners can no longer cancel orders.,You have captured the essence of all human social existence in one sentence,roninconn,74,,,2026-04-13T21:58:33Z,https://www.reddit.com/r/Ebay/comments/1skj0ku/auction_winners_can_no_longer_cancel_orders/,t1_ofzs12h,2,Unclear,General Discussion,Unclear reaction,A user broadly agrees with a prior comment about rule manipulation as an aspect of human social existence.,low,reddit:t1_og0sok6
33,buyer_seller_pain,seller protection,comment,https://www.reddit.com/r/Ebay/comments/1skj0ku/auction_winners_can_no_longer_cancel_orders,t1_ofzopkf,Ebay,Auction winners can no longer cancel orders.,"At face value: GOOD! It's lame that people have been able to cancel so easily. In reality: this just drags things out. Buyers will whine about something and want it canceled, then when it's not they'll file an INAD and get to return it anyway, assuming that the seller doesn't have returns on already. Feedback revision will still be declined initially (like it almost always is), and chargebacks will be even more bountiful. Good change, but it's a house of cards with nothing holding it up. <edit> It's going to be really funny in 6mo when they pat themselves on the back because buyer cancellations are way down.. anybody in their right mind will just cancel for the buyer (at no consequence to the buyer!) to avoid the drama later on.",Magic_Neil,51,,,2026-04-13T18:53:17Z,https://www.reddit.com/r/Ebay/comments/1skj0ku/auction_winners_can_no_longer_cancel_orders/,t3_1skj0ku,0,General marketplace,Online Auctions,Cancellation Policy; Return Abuse,A user argues that banning auction cancellations will only cause buyers to escalate to INAD claims and chargebacks.,high,reddit:t1_ofzopkf
33,buyer_seller_pain,seller protection,comment,https://www.reddit.com/r/Ebay/comments/1skj0ku/auction_winners_can_no_longer_cancel_orders,t1_ofzlelq,Ebay,Auction winners can no longer cancel orders.,"Probably, if a seller declines to honor a request to cancel. That's not really new.",SkippySkep,35,,,2026-04-13T18:38:36Z,https://www.reddit.com/r/Ebay/comments/1skj0ku/auction_winners_can_no_longer_cancel_orders/,t1_ofzg0cu,1,General marketplace,Online Auctions,Cancellation Policy; Return Abuse,"A commenter states buyers will probably use false INAD claims if sellers decline cancellation requests, noting that behavior is not new.",high,reddit:t1_ofzlelq
34,buyer_seller_pain,seller protection,post,https://www.reddit.com/r/Ebay/comments/1nsoaar/should_i_heed_the_warning_posted_by_another_seller,,Ebay,Should I heed the warning posted by another seller?,"I have an ongoing auction with a single bidder. When I searched their username, I found this warning posted by another eBay seller in the description of a sales listing. I'm not an incredibly experienced seller, so I'm not sure how to proceed. Should I give the buyer the benefit of the doubt, and proceed with the sale? Is there anything I can do to protect myself from a fraudulent INAD case?",FluorescentGlass,446,0.97,63,2025-09-28T13:25:19Z,https://www.reddit.com/r/Ebay/comments/1nsoaar/should_i_heed_the_warning_posted_by_another_seller/,,,General marketplace,online auction,buyer dispute; seller protection,An eBay seller asks whether to proceed with an auction bidder after finding a warning posted by another seller.,high,reddit:t3_1nsoaar
34,buyer_seller_pain,seller protection,comment,https://www.reddit.com/r/Ebay/comments/1nsoaar/should_i_heed_the_warning_posted_by_another_seller,t1_ngnx2w5,Ebay,Should I heed the warning posted by another seller?,I wouldn't risk it imo. Things like this have saved me in the past anytime I used to sell tech related items.,Single-Price-8237,202,,,2025-09-28T15:32:52Z,https://www.reddit.com/r/Ebay/comments/1nsoaar/should_i_heed_the_warning_posted_by_another_seller/,t3_1nsoaar,0,General marketplace; Electronics,tech items,seller advice; fraud prevention,"A commenter advises against taking the risk, noting past warnings saved them when selling tech-related items.",high,reddit:t1_ngnx2w5
34,buyer_seller_pain,seller protection,comment,https://www.reddit.com/r/Ebay/comments/1nsoaar/should_i_heed_the_warning_posted_by_another_seller,t1_ngopiqg,Ebay,Should I heed the warning posted by another seller?,I would 100% listen to feedback like this because it's way to specific to just be a grudge.,MSCOTTGARAND,142,,,2025-09-28T17:46:50Z,https://www.reddit.com/r/Ebay/comments/1nsoaar/should_i_heed_the_warning_posted_by_another_seller/,t3_1nsoaar,0,General marketplace,online auction,buyer evaluation; feedback,A commenter suggests heeding the warning because its specific details make it unlikely to be just a grudge.,high,reddit:t1_ngopiqg
34,buyer_seller_pain,seller protection,comment,https://www.reddit.com/r/Ebay/comments/1nsoaar/should_i_heed_the_warning_posted_by_another_seller,t1_ngnyc2x,Ebay,Should I heed the warning posted by another seller?,Why risk it?,Kortar,64,,,2025-09-28T15:39:00Z,https://www.reddit.com/r/Ebay/comments/1nsoaar/should_i_heed_the_warning_posted_by_another_seller/,t3_1nsoaar,0,General marketplace,online auction,risk assessment,A commenter questions why the seller would take the risk.,medium,reddit:t1_ngnyc2x
34,buyer_seller_pain,seller protection,comment,https://www.reddit.com/r/Ebay/comments/1nsoaar/should_i_heed_the_warning_posted_by_another_seller,t1_ngo32hs,Ebay,Should I heed the warning posted by another seller?,Cancel and block,chocobowler,48,,,2025-09-28T16:01:24Z,https://www.reddit.com/r/Ebay/comments/1nsoaar/should_i_heed_the_warning_posted_by_another_seller/,t3_1nsoaar,0,General marketplace,online auction,order cancellation; blocking buyers,A commenter recommends canceling the transaction and blocking the bidder.,high,reddit:t1_ngo32hs
34,buyer_seller_pain,seller protection,comment,https://www.reddit.com/r/Ebay/comments/1nsoaar/should_i_heed_the_warning_posted_by_another_seller,t1_ngp2mv1,Ebay,Should I heed the warning posted by another seller?,The fact that the seller gave such specific details says that it’s valid. I would never buy from someone with a review like that.,aprilenchanted,44,,,2025-09-28T18:48:31Z,https://www.reddit.com/r/Ebay/comments/1nsoaar/should_i_heed_the_warning_posted_by_another_seller/,t3_1nsoaar,0,General marketplace,online auction,feedback evaluation,A commenter views the warning as valid due to specific details and states they would avoid someone with such a review.,high,reddit:t1_ngp2mv1
35,buyer_seller_pain,seller protection,post,https://www.reddit.com/r/Ebay/comments/1tcfh46/ebay_got_my_back,,Ebay,eBay got my back 😳,Seller protection actually working. Buyer got refunded by eBay bc the item didn't arrive.. except it did and the post office missed a scan. eBay discovered this and gave my money back. It's a good thing too bc the post office missed 4 other scans that same day too UPDATE: Didn't think this would need an update but the buyer reached out today and said the thing actually came and he wanted to pay since he got refunded already. I told him it was cool and eBay already got me. But that was a very cool thing to do anyway,Lanky-Peak-2222,421,0.98,69,2026-05-13T22:41:39Z,https://www.reddit.com/r/Ebay/comments/1tcfh46/ebay_got_my_back/,,,General marketplace,eBay sales,Seller protection; Refunds,A seller shares that eBay reimbursed them under seller protection after a missed postal scan was discovered.,high,reddit:t3_1tcfh46
35,buyer_seller_pain,seller protection,comment,https://www.reddit.com/r/Ebay/comments/1tcfh46/ebay_got_my_back,t1_olnwyci,Ebay,eBay got my back 😳,No. Buyer gets refund and seller gets reimbursed. It’s nice when they do it.,Accomplished_Emu_658,43,,,2026-05-13T23:35:52Z,https://www.reddit.com/r/Ebay/comments/1tcfh46/ebay_got_my_back/,t1_olns5hz,1,General marketplace,eBay sales,Refund policy; Seller reimbursement,A commenter clarifies that the buyer receives a refund while eBay reimburses the seller.,high,reddit:t1_olnwyci
35,buyer_seller_pain,seller protection,comment,https://www.reddit.com/r/Ebay/comments/1tcfh46/ebay_got_my_back,t1_olns5hz,Ebay,eBay got my back 😳,Does that mean that the buyers have to pay for it?,Loose_Cow4020,34,,,2026-05-13T23:09:12Z,https://www.reddit.com/r/Ebay/comments/1tcfh46/ebay_got_my_back/,t3_1tcfh46,0,General marketplace,eBay sales,Buyer refund inquiry,A commenter asks whether buyers ultimately have to pay for the item.,high,reddit:t1_olns5hz
35,buyer_seller_pain,seller protection,comment,https://www.reddit.com/r/Ebay/comments/1tcfh46/ebay_got_my_back,t1_olp4v3h,Ebay,eBay got my back 😳,"That's great news, but... How the hell did eBay 'discover' someone getting an item after postal carriers missing scans? How does that work?",Red_it_Bans_4_Nothin,18,,,2026-05-14T03:48:14Z,https://www.reddit.com/r/Ebay/comments/1tcfh46/ebay_got_my_back/,t3_1tcfh46,0,General marketplace,eBay sales,Tracking verification,A commenter questions how eBay discovered an item was delivered despite missed postal scans.,high,reddit:t1_olp4v3h
35,buyer_seller_pain,seller protection,comment,https://www.reddit.com/r/Ebay/comments/1tcfh46/ebay_got_my_back,t1_olntay7,Ebay,eBay got my back 😳,how many business days since you mailed it off elapsed before you reimbursed the customer? I'm going on day 8 and did usps tracking request today.,Fun_Corner_2954,8,,,2026-05-13T23:15:32Z,https://www.reddit.com/r/Ebay/comments/1tcfh46/ebay_got_my_back/,t3_1tcfh46,0,General marketplace,eBay sales,Refund timeline; USPS tracking,"A commenter asks how many business days elapsed before reimbursing the buyer, noting their own tracking request.",high,reddit:t1_olntay7
35,buyer_seller_pain,seller protection,comment,https://www.reddit.com/r/Ebay/comments/1tcfh46/ebay_got_my_back,t1_oltczch,Ebay,eBay got my back 😳,That is why you always ask them to open an INR request. Without that eBay can’t reimburse you once the item actually gets delivered say a week after,Status_Coach_1628,7,,,2026-05-14T19:07:34Z,https://www.reddit.com/r/Ebay/comments/1tcfh46/ebay_got_my_back/,t1_olnwyci,2,General marketplace,eBay sales,INR request; Seller reimbursement,A commenter advises having buyers open an INR request so eBay can reimburse the seller upon delayed delivery.,high,reddit:t1_oltczch
36,buyer_seller_pain,seller protection,post,https://www.reddit.com/r/Ebay/comments/1oe3rv0/never_sell_luxury_items_on_ebay,,Ebay,Never sell luxury items on eBay,"I’ve been selling on eBay for years, and for the most part, my experience has been fine. I’ve sold tons of low-priced items with little to no issue. But recently, when trying to sell a few luxury pieces, I had this feeling eBay never protect their sellers. I sold a Louis Vuitton bucket hat ealier this year. Without any communication at all, the buyer directly filed a dispute through their bank, not even through eBay, not even talked to me. There was no message, no reason, no return, just a chargeback. eBay said they would “fight for my rights as a seller, and talked to the bank” but after 3 months of waiting, 3 MONTH! I lost both the money and the item. No explanation, no follow-up, nothing. There’s absolutely no real seller protection when the buyer goes through their bank instead of eBay. The second time, I sold a Balenciaga hat (with the original receipt from the store). The buyer insisted it was fake because it didn’t look identical to another Balenciaga product he owned, which is absurd, since even within the same brand, manufacturing differences are normal. I accepted the return request just to resolve it peacefully. But then the buyer left me a huge negative review, all caps shouting “FAKE” in his review, extremely rude and completely baseless. EBay refused to remove this feedback, even though I had proof of authenticity and accepted the return. And of course, sellers aren’t allowed to leave any kind of negative review for buyers, so we just have to take it. I’ve learned my lesson. EBay is not a safe place to sell luxury items. There’s zero protection for sellers dealing with high-value goods. Buyers can make false claims, file chargebacks, and eBay will just shrug and say “we tried.” If you ever plan to sell anything designer or pricey, don’t use eBay. It’s not worth the stress or the loss.",Dry-Buy4328,281,0.91,157,2025-10-23T13:49:30Z,https://www.reddit.com/r/Ebay/comments/1oe3rv0/never_sell_luxury_items_on_ebay/,,,Luxury Fashion,designer hats; apparel,seller protection; chargebacks,Poster warns against selling luxury items on eBay after losing a chargeback dispute and receiving negative feedback from an unhelpful return.,high,reddit:t3_1oe3rv0
36,buyer_seller_pain,seller protection,comment,https://www.reddit.com/r/Ebay/comments/1oe3rv0/never_sell_luxury_items_on_ebay,t1_nkykxsw,Ebay,Never sell luxury items on eBay,"Totally agree. Would also never sell watches, jewelry or anything breakable. It appears as if scammers are aware of how easy they can institute a charge back with zero risk.",rickabe,42,,,2025-10-23T14:11:26Z,https://www.reddit.com/r/Ebay/comments/1oe3rv0/never_sell_luxury_items_on_ebay/,t3_1oe3rv0,0,Luxury Fashion,watches; jewelry,chargebacks; scams,"Commenter agrees and states they would never sell watches, jewelry, or fragile items due to easy chargeback scams.",high,reddit:t1_nkykxsw
36,buyer_seller_pain,seller protection,comment,https://www.reddit.com/r/Ebay/comments/1oe3rv0/never_sell_luxury_items_on_ebay,t1_nkyjsxm,Ebay,Never sell luxury items on eBay,I was on call with specialist customer service from eBay and my account got banned for no reason I was uploading personal items on my private account (I have a business account as well) in which eBay said I’m allowed to do. It got banned because I was a threat to eBay’s platform but they can see i have over 1000+ full 5 star reviews & I currently have a guy payment disputing (chargeback) 7 items worth £1500 and I said to support and they said the buyer will 100% get a refund without question and support won’t step in. EBay has turned into a shit show,Zakzyy,37,,,2025-10-23T14:05:42Z,https://www.reddit.com/r/Ebay/comments/1oe3rv0/never_sell_luxury_items_on_ebay/,t3_1oe3rv0,0,General marketplace,personal items,account ban; chargebacks,User claims their eBay account was banned while on support and reports eBay refused to assist with seven chargeback disputes.,high,reddit:t1_nkyjsxm
36,buyer_seller_pain,seller protection,comment,https://www.reddit.com/r/Ebay/comments/1oe3rv0/never_sell_luxury_items_on_ebay,t1_nkynsy1,Ebay,Never sell luxury items on eBay,Yeah I pretty much only use eBay to sell my extra video games. Most expensive thing I have sold is like $180. Collectors generally aren’t shading and the low price point keeps scammers away. I have sold some Pokemon cards that were pretty expensive but they all go to an Authenticator first which gives me peace of mind.,DARR3Nv2,36,,,2025-10-23T14:25:45Z,https://www.reddit.com/r/Ebay/comments/1oe3rv0/never_sell_luxury_items_on_ebay/,t3_1oe3rv0,0,Other / emerging; TCG/Pokemon,video games; trading cards,authenticity guarantee; selling experience,Commenter sells lower-priced video games safely on eBay and uses eBay's authentication service for peace of mind on expensive Pokemon cards.,high,reddit:t1_nkynsy1
36,buyer_seller_pain,seller protection,comment,https://www.reddit.com/r/Ebay/comments/1oe3rv0/never_sell_luxury_items_on_ebay,t1_nkylhhz,Ebay,Never sell luxury items on eBay,"Only luxury items I sell are ones that can be authenticated by EBay, ship to eBay, they authenticate and I get my money… no problems yet…",MichaelmyerstattooCO,28,,,2025-10-23T14:14:09Z,https://www.reddit.com/r/Ebay/comments/1oe3rv0/never_sell_luxury_items_on_ebay/,t3_1oe3rv0,0,Luxury Fashion,luxury goods,authenticity guarantee; selling experience,Commenter only sells luxury goods on eBay that are eligible for the platform's authentication process and reports no issues.,high,reddit:t1_nkylhhz
36,buyer_seller_pain,seller protection,comment,https://www.reddit.com/r/Ebay/comments/1oe3rv0/never_sell_luxury_items_on_ebay,t1_nkyxret,Ebay,Never sell luxury items on eBay,"I sell watches occasionally, not full time just on the side when I feel like it, and it’s not common but occasionally they are over 5 grand. But they have the watch authentication thing which I absolutely love so I don’t have to deal with BS like this. You say you got a different watch than advertised? You say it’s fake? Nope, it was authenticated. Now they’re challenging the very reputable Authenticator and not me.",Lixx_Tetrax,13,,,2025-10-23T15:14:22Z,https://www.reddit.com/r/Ebay/comments/1oe3rv0/never_sell_luxury_items_on_ebay/,t3_1oe3rv0,0,Luxury Fashion,watches,authenticity guarantee; seller protection,Commenter sells expensive watches and appreciates eBay's authentication program for shielding sellers from false condition and counterfeit disputes.,high,reddit:t1_nkyxret
37,buyer_seller_pain,seller protection,post,https://www.reddit.com/r/Ebay/comments/1s72fhu/this_is_nice_of_ebay_is_this_new,,Ebay,"This is nice of ebay, is this new?","I recently had a buyer open a case because they never received their package after a couple weeks, I told them to wait for a few more days and if not I would refund the order, and after a few days it didn't arrive, so I refunded it. And today I just received 2 of these messages, since they ordered 2 items. ""We know you recently refunded the buyer because the item didn’t arrive. But good news—we confirmed the item was delivered, so we reimbursed you $9.99 for this order. Thanks for doing your best to provide a great experience for your buyer. Whenever you ship on time with an eBay label, you’re protected if the item is delivered later than expected. Learn more about our seller protections."" It's really rare for my packages to get lost, so maybe this has been a thing for a while. But I thought it would be helpful for any seller who also encounters this to know this and doesn't want to upset the buyer. Edit: [Bulls729](https://www.reddit.com/user/Bulls729/) said this automatic reimbursement only happens if you purchased the label through ebay.",IamGanondorf,169,0.97,40,2026-03-29T18:12:12Z,https://www.reddit.com/r/Ebay/comments/1s72fhu/this_is_nice_of_ebay_is_this_new/,,,General marketplace,shipping labels,seller protection; refunds,A seller shares an eBay notice reimbursing them after a refunded item with an eBay label was subsequently delivered.,high,reddit:t3_1s72fhu
37,buyer_seller_pain,seller protection,comment,https://www.reddit.com/r/Ebay/comments/1s72fhu/this_is_nice_of_ebay_is_this_new,t1_od6enwl,Ebay,"This is nice of ebay, is this new?","Yep! Recent change, but is ONLY available if you purchase the label through eBay.",Bulls729,67,,,2026-03-29T18:44:33Z,https://www.reddit.com/r/Ebay/comments/1s72fhu/this_is_nice_of_ebay_is_this_new/,t3_1s72fhu,0,General marketplace,shipping labels,seller protection,A commenter states the reimbursement protection is a recent change available only when buying labels through eBay.,high,reddit:t1_od6enwl
37,buyer_seller_pain,seller protection,comment,https://www.reddit.com/r/Ebay/comments/1s72fhu/this_is_nice_of_ebay_is_this_new,t1_od6ihmc,Ebay,"This is nice of ebay, is this new?","Assuming you used USPS, you can submit a missing mail request. Usually gets packages moving again within 2-3 days.",mustanggt50conv,18,,,2026-03-29T19:02:55Z,https://www.reddit.com/r/Ebay/comments/1s72fhu/this_is_nice_of_ebay_is_this_new/,t1_od6hwn5,1,General marketplace,shipping,missing mail; USPS,"A user suggests submitting a USPS missing mail search, noting it often resumes package movement within days.",high,reddit:t1_od6ihmc
37,buyer_seller_pain,seller protection,comment,https://www.reddit.com/r/Ebay/comments/1s72fhu/this_is_nice_of_ebay_is_this_new,t1_od6zfxa,Ebay,"This is nice of ebay, is this new?",Just had this happen. Did you have to contact them or did they do it automatically?,DBeast82,14,,,2026-03-29T20:26:50Z,https://www.reddit.com/r/Ebay/comments/1s72fhu/this_is_nice_of_ebay_is_this_new/,t3_1s72fhu,0,General marketplace,shipping,seller protection; reimbursement,A commenter asks whether eBay issued the reimbursement automatically or required contacting customer support.,high,reddit:t1_od6zfxa
37,buyer_seller_pain,seller protection,comment,https://www.reddit.com/r/Ebay/comments/1s72fhu/this_is_nice_of_ebay_is_this_new,t1_od6hwn5,Ebay,"This is nice of ebay, is this new?",Good to know. I recently refunded a buyer because of the same thing. Package is stuck in a distribution center and hasn't moved in 2 and half weeks.,CanBeOne,14,,,2026-03-29T19:00:08Z,https://www.reddit.com/r/Ebay/comments/1s72fhu/this_is_nice_of_ebay_is_this_new/,t3_1s72fhu,0,General marketplace,shipping,delayed delivery; refunds,A seller reports refunding a buyer after a package remained stuck at a distribution center for weeks.,high,reddit:t1_od6hwn5
37,buyer_seller_pain,seller protection,comment,https://www.reddit.com/r/Ebay/comments/1s72fhu/this_is_nice_of_ebay_is_this_new,t1_odd31cu,Ebay,"This is nice of ebay, is this new?","Let me guess, Indianapolis? That’s the only place that has lost any of mine. Just file the lost mail insurance claim. That is what they told me to do.",I_like_squirtles,3,,,2026-03-30T18:57:34Z,https://www.reddit.com/r/Ebay/comments/1s72fhu/this_is_nice_of_ebay_is_this_new/,t1_od6hwn5,1,General marketplace,shipping,lost mail; insurance claims,A commenter recommends filing a lost mail insurance claim based on guidance received for delayed shipments.,high,reddit:t1_odd31cu
38,buyer_seller_pain,seller protection,post,https://www.reddit.com/r/Ebay/comments/1rdhahv/inad_success,,Ebay,INAD Success!,"I recently sold a used GPU on ebay for the list price of $270. When the buyer received it, he messaged me saying there were signs of disassembly, noting that 1 screw was slightly chipped. I told him it was never disassembled, was listed as used, so there may be cosmetic issues, but it functions as intended. About 2 weeks later, after not responding to my message, he opened an item not as described claim. He claimed the item had been disassembled and that there was dust... on a USED GPU. After going back and forth with him and ebay, I was advised to accept the return under seller protections. When I received the GPU back, I took pictures and tested it, letting ebay know it was exactly how I pictured and described it. Ebay sided with me, and the buyer was only refunded $135, half of the original amount!",Jaded_Benefit_7652,143,0.99,44,2026-02-24T14:12:17Z,https://www.reddit.com/r/Ebay/comments/1rdhahv/inad_success/,,,Electronics,Graphics Cards,Returns & Disputes; Seller Protection,"A seller successfully contested an INAD claim for a used GPU on eBay, resulting in a partial refund.",high,reddit:t3_1rdhahv
38,buyer_seller_pain,seller protection,comment,https://www.reddit.com/r/Ebay/comments/1rdhahv/inad_success,t1_o75kzes,Ebay,INAD Success!,That's good luck. Make sure to block the buyer so he doesn't try to be a sore loser with other things you're selling,medullah,25,,,2026-02-24T15:53:58Z,https://www.reddit.com/r/Ebay/comments/1rdhahv/inad_success/,t3_1rdhahv,0,Electronics,Graphics Cards,Buyer Blocking,A commenter advises the seller to block the buyer to avoid further issues on other listings.,high,reddit:t1_o75kzes
38,buyer_seller_pain,seller protection,comment,https://www.reddit.com/r/Ebay/comments/1rdhahv/inad_success,t1_o75rko5,Ebay,INAD Success!,Thank you! It took a lot of calls to ebay! Very important to document every step of the process.,Jaded_Benefit_7652,21,,,2026-02-24T16:23:44Z,https://www.reddit.com/r/Ebay/comments/1rdhahv/inad_success/,t1_o75igs6,1,Electronics,Graphics Cards,Customer Support; Documentation,The author shares that resolving the case required multiple calls to eBay and careful documentation.,high,reddit:t1_o75rko5
38,buyer_seller_pain,seller protection,comment,https://www.reddit.com/r/Ebay/comments/1rdhahv/inad_success,t1_o75rc0r,Ebay,INAD Success!,"Yes, thank you! That is the first thing I did after it was finalized.",Jaded_Benefit_7652,16,,,2026-02-24T16:22:41Z,https://www.reddit.com/r/Ebay/comments/1rdhahv/inad_success/,t1_o75kzes,1,Electronics,Graphics Cards,Buyer Blocking,The author confirms blocking the buyer immediately after the case was finalized.,high,reddit:t1_o75rc0r
38,buyer_seller_pain,seller protection,comment,https://www.reddit.com/r/Ebay/comments/1rdhahv/inad_success,t1_o76wp3b,Ebay,INAD Success!,Seems like eBay ate the other 50℅,Dear_Ad6225,10,,,2026-02-24T19:27:52Z,https://www.reddit.com/r/Ebay/comments/1rdhahv/inad_success/,t3_1rdhahv,0,Electronics,Graphics Cards,Refunds,A commenter speculates that eBay covered the remaining 50 percent of the refund.,high,reddit:t1_o76wp3b
39,buyer_seller_pain,seller protection,post,https://www.reddit.com/r/Ebay/comments/1p8e4tn/buyer_signed_for_my_600_ebay_package_then_claimed,,Ebay,"Buyer Signed for My $600 eBay Package... Then Claimed ""Item Never Received."" Anyone Dealt With This?","So I recently sold a phone on eBay and clearly stated it was Broken — For Parts or Repair Only. I made it crystal clear in the listing that the phone was unstable, boot looping, and not in working condition. The buyer purchased it fully knowing it was broken, hoping he could use it rather than fix it. I sold it for $600 and required Signature Confirmation on delivery. USPS shows: “Delivered, Left with Individual” And the signature matches the buyer’s name exactly. Three days later, he messages me claiming he never received anything and opened a dispute saying “item not received.” I followed eBay’s procedure, confirmed the tracking number, and uploaded the proof. I can’t change the tracking since the package was already delivered. I’m pretty confident I’ll win because signature confirmation is the highest level of seller protection — but I’ll admit I’m still a bit anxious. Has anyone else dealt with a buyer signing for a package and then claiming they didn’t get it?",IsshomanZ,140,0.94,89,2025-11-27T21:56:20Z,https://www.reddit.com/r/Ebay/comments/1p8e4tn/buyer_signed_for_my_600_ebay_package_then_claimed/,,,Electronics,cell phones,item not received dispute; seller protection,A seller asks for experiences after a buyer signed for a $600 broken phone and filed an INR dispute.,high,reddit:t3_1p8e4tn
39,buyer_seller_pain,seller protection,comment,https://www.reddit.com/r/Ebay/comments/1p8e4tn/buyer_signed_for_my_600_ebay_package_then_claimed,t1_nr4fagb,Ebay,"Buyer Signed for My $600 eBay Package... Then Claimed ""Item Never Received."" Anyone Dealt With This?","Don't be anxious, it was delivered so you're covered. You uploaded the tracking to the case that shows the package was delivered, thats all you have to do. It won't come to this because eBays seller protections but if you sell on a different platform and you ever have a situation where a buyer claims the item wasn't delivered to their location you can get the GPS coordinates from USPS when the item was delivered. Seriously don't worry at all, you'll get to keep the funds.",Spockhighonspores,70,,,2025-11-27T22:04:25Z,https://www.reddit.com/r/Ebay/comments/1p8e4tn/buyer_signed_for_my_600_ebay_package_then_claimed/,t3_1p8e4tn,0,General marketplace,seller protection,delivery dispute; seller advice,A user reassures the seller that uploaded delivery tracking covers them and suggests requesting GPS coordinates if needed.,high,reddit:t1_nr4fagb
39,buyer_seller_pain,seller protection,comment,https://www.reddit.com/r/Ebay/comments/1p8e4tn/buyer_signed_for_my_600_ebay_package_then_claimed,t1_nr4qzrh,Ebay,"Buyer Signed for My $600 eBay Package... Then Claimed ""Item Never Received."" Anyone Dealt With This?",Buyer signed then immediately claimed empty white Mac laptop box received. I got FedEx to provide me with gps location and photo of the driver hauling big brown Amazon box that I shipped from the van. He rescinded the return immediately when I showed photos and said I’d contact local police. This happened exactly over a year ago during thanksgiving weekend. Then on Monday he did a chargeback with bank. Took three months but bank sided with me.,Life_Bee_5637,50,,,2025-11-27T23:19:10Z,https://www.reddit.com/r/Ebay/comments/1p8e4tn/buyer_signed_for_my_600_ebay_package_then_claimed/,t3_1p8e4tn,0,Electronics,laptops,delivery dispute; chargeback,A commenter recounts using FedEx GPS and delivery photos to fight an empty box claim and winning a subsequent bank chargeback.,high,reddit:t1_nr4qzrh
39,buyer_seller_pain,seller protection,comment,https://www.reddit.com/r/Ebay/comments/1p8e4tn/buyer_signed_for_my_600_ebay_package_then_claimed,t1_nr5jp8i,Ebay,"Buyer Signed for My $600 eBay Package... Then Claimed ""Item Never Received."" Anyone Dealt With This?",It was FedEx ground meaning FedEx used third party shipper as the final delivery. I pinged FedEx on Twitter and told them buyer is claiming they got an empty box instead of huge heavy any box and they took my note and contacted the third party shipper FedEx outsourced. Obviously the supervisor of the company wasn’t happy being accused of not doing things properly so he called me. I explained that I don’t think FedEx did anything wrong but buyer is a scammer and I need something to prove that the empty white box they claimed to have received is not what FedEx delivered. He was sympathetic and sent me screenshot of the monitor he was looking at which showed the camera reel of the driver in the van plus time and the address and GPS location stamped under the video.,Life_Bee_5637,29,,,2025-11-28T02:31:14Z,https://www.reddit.com/r/Ebay/comments/1p8e4tn/buyer_signed_for_my_600_ebay_package_then_claimed/,t1_nr5isdv,2,General marketplace,shipping carriers,carrier delivery proof; fraud dispute,A commenter describes obtaining van camera footage and GPS proof from a third-party FedEx delivery supervisor via Twitter.,high,reddit:t1_nr5jp8i
39,buyer_seller_pain,seller protection,comment,https://www.reddit.com/r/Ebay/comments/1p8e4tn/buyer_signed_for_my_600_ebay_package_then_claimed,t1_nr536ur,Ebay,"Buyer Signed for My $600 eBay Package... Then Claimed ""Item Never Received."" Anyone Dealt With This?","You will win, tracking shows delivered. The buyer can go pound sand",Warcraft_Fan,28,,,2025-11-28T00:39:58Z,https://www.reddit.com/r/Ebay/comments/1p8e4tn/buyer_signed_for_my_600_ebay_package_then_claimed/,t3_1p8e4tn,0,General marketplace,seller protection,delivery dispute,A user asserts the seller will win the dispute because tracking confirms delivery.,high,reddit:t1_nr536ur
39,buyer_seller_pain,seller protection,comment,https://www.reddit.com/r/Ebay/comments/1p8e4tn/buyer_signed_for_my_600_ebay_package_then_claimed,t1_nr5isdv,Ebay,"Buyer Signed for My $600 eBay Package... Then Claimed ""Item Never Received."" Anyone Dealt With This?",How did you get fedex to provide GPS?,SnooSprouts871,14,,,2025-11-28T02:25:07Z,https://www.reddit.com/r/Ebay/comments/1p8e4tn/buyer_signed_for_my_600_ebay_package_then_claimed/,t1_nr4qzrh,1,General marketplace,shipping carriers,shipping inquiry,A user asks how the commenter succeeded in getting FedEx to provide GPS coordinates.,high,reddit:t1_nr5isdv
40,buyer_seller_pain,seller protection,post,https://www.reddit.com/r/Ebay/comments/1prnhy5/help_buyer_disputed_a_charge_after_they_received,,Ebay,Help! Buyer disputed a charge after they received the item,"Hi everyone, I sold a digital camera on ebay for $160+$10 shipping. Buyer paid for it, I bought a shipping label directly from Ebay (UPS). Camera was delivered per UPS tracking and UPS uploaded a photo of the package on the buyers porch. Buyer never contacted me about any issues, I never talked to the buyer at all. Today I received a message from Ebay that buyer disputed the charge (with their bank?) because ""they don't recognize the transaction"". Please help, what do I do? What kind of ""proofs"" should I send? UPDATE: I uploaded to dispute all the proofs you guys suggested and I received a resolution: buyers bank sided with the buyer, but I got covered by Ebay sellers protection, so they didn't charge me. It still pisses me off that the buyer got the camera AND the money back ""just like that"", but it least it's not out of my pocket, so it's a positive outcome.",Ok_Stomach_5105,134,0.93,127,2025-12-20T20:10:19Z,https://www.reddit.com/r/Ebay/comments/1prnhy5/help_buyer_disputed_a_charge_after_they_received/,,,Electronics,digital cameras,chargebacks; seller protection,A seller received seller protection from eBay after a digital camera buyer won an unrecognized charge dispute.,high,reddit:t3_1prnhy5
40,buyer_seller_pain,seller protection,comment,https://www.reddit.com/r/Ebay/comments/1prnhy5/help_buyer_disputed_a_charge_after_they_received,t1_nv399rc,Ebay,Help! Buyer disputed a charge after they received the item,Proof of tracking and delivery Sounds like they are trying to scam basically Got the camera they wanted now they want there mkney to.,Azoth_N_Storn,164,,,2025-12-20T20:48:40Z,https://www.reddit.com/r/Ebay/comments/1prnhy5/help_buyer_disputed_a_charge_after_they_received/,t3_1prnhy5,0,Electronics,cameras,chargebacks; buyer fraud,A commenter advises providing delivery tracking and suggests the buyer is scamming to keep both the camera and money.,high,reddit:t1_nv399rc
40,buyer_seller_pain,seller protection,comment,https://www.reddit.com/r/Ebay/comments/1prnhy5/help_buyer_disputed_a_charge_after_they_received,t1_nv3qrpc,Ebay,Help! Buyer disputed a charge after they received the item,"The worst part is OP can reply, provide all documentation proving the item was delivered, do everything right, and the buyer could still end up with a refund and the item. Ebay bends over and takes it when it comes to credit card disputes. Credit card chargeback scammers are running wild on eBay right now.",Fister-Mantastic,60,,,2025-12-20T22:26:35Z,https://www.reddit.com/r/Ebay/comments/1prnhy5/help_buyer_disputed_a_charge_after_they_received/,t1_nv399rc,1,General marketplace,online marketplace,chargebacks; platform dispute handling,A user asserts that eBay easily concedes to credit card chargeback disputes despite proof of delivery.,high,reddit:t1_nv3qrpc
40,buyer_seller_pain,seller protection,comment,https://www.reddit.com/r/Ebay/comments/1prnhy5/help_buyer_disputed_a_charge_after_they_received,t1_nv3vc94,Ebay,Help! Buyer disputed a charge after they received the item,"So does it mean I can just buy something on ebay, receive it and then charge back claiming I didn't buy it, keep the item and be refunded? That actually works? Scamming cannot be THAT easy?",Ok_Stomach_5105,37,,,2025-12-20T22:53:45Z,https://www.reddit.com/r/Ebay/comments/1prnhy5/help_buyer_disputed_a_charge_after_they_received/,t1_nv3qrpc,2,General marketplace,online marketplace,chargeback scams; buyer fraud,A commenter questions whether buyers can easily scam on eBay by claiming an unrecognized transaction to keep items.,high,reddit:t1_nv3vc94
40,buyer_seller_pain,seller protection,comment,https://www.reddit.com/r/Ebay/comments/1prnhy5/help_buyer_disputed_a_charge_after_they_received,t1_nv3nern,Ebay,Help! Buyer disputed a charge after they received the item,"I'm surprised eBay is asking you to provide any information. As long as you shipped to the address they provided, you're supposed to be covered automatically for ""buyer doesn't recognize transaction"" chargebacks. I've had a couple and never had to provide anything.",bigtopjimmi,20,,,2025-12-20T22:07:02Z,https://www.reddit.com/r/Ebay/comments/1prnhy5/help_buyer_disputed_a_charge_after_they_received/,t3_1prnhy5,0,General marketplace,online marketplace,seller protection; chargebacks,"A user expresses surprise that eBay requested proof, stating shipping to the provided address should grant automatic coverage.",high,reddit:t1_nv3nern
40,buyer_seller_pain,seller protection,comment,https://www.reddit.com/r/Ebay/comments/1prnhy5/help_buyer_disputed_a_charge_after_they_received,t1_nv5m0oj,Ebay,Help! Buyer disputed a charge after they received the item,"Not gonna lie, this is the 100% reason why eBay should require buyers to reveal their actual real names in purchases, especially since sellers already have to (Thanks INFORM Act). No more guest accounts, no more PayPal or 3rd party pay processors. Straight eBay account and payment through eBay. Maybe even a two-factor authentication for purchases over $100. Like sorry, no unauthorized charge here, you confirmed via text message/email.",ggxarmy,16,,,2025-12-21T05:37:37Z,https://www.reddit.com/r/Ebay/comments/1prnhy5/help_buyer_disputed_a_charge_after_they_received/,t3_1prnhy5,0,General marketplace,online marketplace,fraud prevention; buyer verification,"A commenter suggests eBay should require real buyer names, eliminate guest accounts, and add two-factor authentication to prevent chargebacks.",high,reddit:t1_nv5m0oj
41,buyer_seller_pain,seller protection,post,https://www.reddit.com/r/Ebay/comments/1tf19f8/ebay_will_reimburse_sellers_for_postinr,,Ebay,eBay will reimburse sellers for Post-INR deliveries if an eBay label is used,"I thought this was more common knowledge since the update occurred last year, so I wanted to help spread awareness since it looks like it’s not well known. I used to ship with PirateShip but have moved to eBay labels because of this change. https://www.ebay.com/sellercenter/news/2025-september/inr-policy-updates https://www.ebay.com/help/policies/selling-policies/seller-protections?id=4345 (Scroll down to ‘**Other protections’** then click on ‘**eBay Money Back Guarantee requests’** under ‘**If a buyer reports that an item hasn't arrived’** it states ‘**Additionally, we’ll protect you if you use an eBay label and the item is delivered to the buyer after you’ve issued a refund. We'll automatically reimburse you for the item, remove defects, and exclude the case from service metrics.**’",Bulls729,86,0.95,42,2026-05-16T18:16:19Z,https://www.reddit.com/r/Ebay/comments/1tf19f8/ebay_will_reimburse_sellers_for_postinr/,,,General marketplace,shipping labels,seller protection; policy update,The author highlights an eBay policy reimbursing sellers when an item arrives after a refund if an eBay label was used.,high,reddit:t3_1tf19f8
41,buyer_seller_pain,seller protection,comment,https://www.reddit.com/r/Ebay/comments/1tf19f8/ebay_will_reimburse_sellers_for_postinr,t1_om6dabt,Ebay,eBay will reimburse sellers for Post-INR deliveries if an eBay label is used,"Its a good thing, but its not that common knowledge because ebay refused to for so long, and most sellers that run into items not getting delivered don’t often get the item delivered in the end.",Accomplished_Emu_658,24,,,2026-05-16T18:45:31Z,https://www.reddit.com/r/Ebay/comments/1tf19f8/ebay_will_reimburse_sellers_for_postinr/,t3_1tf19f8,0,General marketplace,shipping labels,seller protection; shipping issues,A commenter notes the policy is little known because eBay long refused it and undelivered items rarely arrive eventually.,high,reddit:t1_om6dabt
41,buyer_seller_pain,seller protection,comment,https://www.reddit.com/r/Ebay/comments/1tf19f8/ebay_will_reimburse_sellers_for_postinr,t1_om6l01u,Ebay,eBay will reimburse sellers for Post-INR deliveries if an eBay label is used,Usps has been losing items in limbo recently. I googled my status because my buyer did not received the item and last update was like a week old. After he opened the case the item started to update again and he received it the next day. He closed the case and happy ending. Just like it happened to many others item arrives at their city and stops updating then 1-2 weeks later it reappears.,_cansir,6,,,2026-05-16T19:26:11Z,https://www.reddit.com/r/Ebay/comments/1tf19f8/ebay_will_reimburse_sellers_for_postinr/,t1_om6dabt,1,General marketplace,postal shipping,shipping delay; tracking,A user describes USPS tracking stalling for weeks before suddenly delivering an item after a buyer opened a case.,high,reddit:t1_om6l01u
41,buyer_seller_pain,seller protection,comment,https://www.reddit.com/r/Ebay/comments/1tf19f8/ebay_will_reimburse_sellers_for_postinr,t1_om6nt4m,Ebay,eBay will reimburse sellers for Post-INR deliveries if an eBay label is used,It doesn’t help when USPS isn’t scanning the item upon acceptance either. We’ve had that issue several times lately that the scan isn’t showing until delivery or close to delivery,Calm_Initial,6,,,2026-05-16T19:41:10Z,https://www.reddit.com/r/Ebay/comments/1tf19f8/ebay_will_reimburse_sellers_for_postinr/,t3_1tf19f8,0,General marketplace,postal shipping,shipping delay; tracking,A commenter reports frequent issues with USPS failing to scan packages upon acceptance until delivery or near delivery.,high,reddit:t1_om6nt4m
41,buyer_seller_pain,seller protection,comment,https://www.reddit.com/r/Ebay/comments/1tf19f8/ebay_will_reimburse_sellers_for_postinr,t1_om6o867,Ebay,eBay will reimburse sellers for Post-INR deliveries if an eBay label is used,"Can confirm eBay is actively doing something. Had a hotend (3D printer part \~$100) shipped priority and extra coverage. Made it through multiple hubs and vanished 3 weeks later. Canceled the order, customer was cool. Told him if it arrives, keep it. Filed claim thru PO. PO emails me 2 weeks later saying they closed it and to start over with the ""Find Lost Package"" link. 4 hours later eBay emails me this: ""Hi Jason, We know you recently refunded the buyer because the item didn’t arrive. But good news—we confirmed the item was delivered, so we reimbursed you $100.00 for this order. Thanks for doing your best to provide a great experience for your buyer. Whenever you ship on time with an eBay label, you’re protected if the item is delivered later than expected. Learn more about our [seller protections](https://www.ebay.com/help/policies/selling-policies/seller-protections?id=4345)."" Not once did I do anything to engage with eBay about this. So in the end seems they're paying attention to packages even a PO loss and AFTER cancelation.",DeviantDav,6,,,2026-05-16T19:43:23Z,https://www.reddit.com/r/Ebay/comments/1tf19f8/ebay_will_reimburse_sellers_for_postinr/,t3_1tf19f8,0,Electronics; General marketplace,3D printer parts,seller protection; reimbursement,A seller confirms eBay automatically reimbursed $100 after a canceled 3D printer part order was delivered post-refund.,high,reddit:t1_om6o867
42,buyer_seller_pain,seller protection,post,https://www.reddit.com/r/Ebay/comments/1tep11y/bought_a_mint_ps5_bundle_on_ebay_for_329_and_now,,Ebay,Bought a “MINT” PS5 bundle on eBay for £329 and now seller wants me to change my return reason — need advice,"I bought a used PS5 bundle on eBay that included: \- PS5 console \- 2 controllers \- Charging dock The listing title literally said “MINT”. Before buying, I specifically asked the seller if there was anything wrong with the controllers because I wanted to avoid stick drift issues. He replied saying they were all good and working fine. Package arrives and: \- PS5 was wrapped in basically a single layer of bubble wrap \- One PS5 plate keeps falling off \- One controller has pretty severe stick drift \- Other controller has a touchpad and options button that keep getting stuck I opened an “Item Not As Described” return case because the condition clearly doesn’t match “MINT” and the controllers definitely aren’t fully working. Now the seller keeps messaging me asking me to change the reason to “damaged in transit”. He’s saying he tested and recorded everything before shipping and that it was all working before dispatch. I honestly don’t want to change it because: 1. I don’t know if eBay protection changes depending on the reason 2. The issues feel more like bad condition / undisclosed faults than shipping damage 3. The packaging was poor in the first place Am I right to keep it as INAD? Could changing it hurt my buyer protection or refund chances? Any advice appreciated because I don’t want to accidentally screw myself over here.",zeezeedude,75,0.88,51,2026-05-16T09:41:28Z,https://www.reddit.com/r/Ebay/comments/1tep11y/bought_a_mint_ps5_bundle_on_ebay_for_329_and_now/,,,Electronics,gaming consoles; video game controllers,return requests; item condition,A buyer seeks advice after an eBay seller requested changing an INAD return reason on a flawed PS5 bundle.,high,reddit:t3_1tep11y
42,buyer_seller_pain,seller protection,comment,https://www.reddit.com/r/Ebay/comments/1tep11y/bought_a_mint_ps5_bundle_on_ebay_for_329_and_now,t1_om3vrw7,Ebay,Bought a “MINT” PS5 bundle on eBay for £329 and now seller wants me to change my return reason — need advice,"Don't do that. You would need to close your INAD claim and once you do, eBay will consider the entire matter settled. You won't be able to open up a new claim and you won't be entitled to any sort of refund at all. Your seller knows this - he's hoping that you do not.",friskya,206,,,2026-05-16T10:21:43Z,https://www.reddit.com/r/Ebay/comments/1tep11y/bought_a_mint_ps5_bundle_on_ebay_for_329_and_now/,t3_1tep11y,0,Electronics; General marketplace,gaming consoles; buyer protection,return policy; dispute handling,"A commenter advises against closing an INAD claim, warning that eBay will consider the matter settled and deny a refund.",high,reddit:t1_om3vrw7
42,buyer_seller_pain,seller protection,comment,https://www.reddit.com/r/Ebay/comments/1tep11y/bought_a_mint_ps5_bundle_on_ebay_for_329_and_now,t1_om3rhqq,Ebay,Bought a “MINT” PS5 bundle on eBay for £329 and now seller wants me to change my return reason — need advice,I would just keep the INAD. I don’t see how shipping can cause stick drift. Seller doesn’t seem honest,NeuroticENTJ,46,,,2026-05-16T09:44:11Z,https://www.reddit.com/r/Ebay/comments/1tep11y/bought_a_mint_ps5_bundle_on_ebay_for_329_and_now/,t3_1tep11y,0,Electronics,gaming consoles; video game controllers,return requests; seller honesty,"A commenter recommends keeping the INAD case open, doubting that transit could cause controller stick drift.",high,reddit:t1_om3rhqq
42,buyer_seller_pain,seller protection,comment,https://www.reddit.com/r/Ebay/comments/1tep11y/bought_a_mint_ps5_bundle_on_ebay_for_329_and_now,t1_om3xhm7,Ebay,Bought a “MINT” PS5 bundle on eBay for £329 and now seller wants me to change my return reason — need advice,You can’t change return reason. He screwed up he pays.,Accomplished_Emu_658,43,,,2026-05-16T10:36:18Z,https://www.reddit.com/r/Ebay/comments/1tep11y/bought_a_mint_ps5_bundle_on_ebay_for_329_and_now/,t3_1tep11y,0,General marketplace,returns,return policy; seller dispute,A user states that the return reason cannot be changed and asserts the seller should pay for their mistake.,medium,reddit:t1_om3xhm7
42,buyer_seller_pain,seller protection,comment,https://www.reddit.com/r/Ebay/comments/1tep11y/bought_a_mint_ps5_bundle_on_ebay_for_329_and_now,t1_om46g3d,Ebay,Bought a “MINT” PS5 bundle on eBay for £329 and now seller wants me to change my return reason — need advice,"As others have said…DO NOT DO THAT. You get one bite of the apple for eBay returns. You’ve taken your bite. If you close this return, that’s it, you can not open another one. The seller is lying to you.",bophus-again,41,,,2026-05-16T11:44:35Z,https://www.reddit.com/r/Ebay/comments/1tep11y/bought_a_mint_ps5_bundle_on_ebay_for_329_and_now/,t3_1tep11y,0,General marketplace,buyer protection,return policy; dispute handling,"A commenter warns not to close the return, stating buyers only get one chance to open a claim on eBay.",high,reddit:t1_om46g3d
42,buyer_seller_pain,seller protection,comment,https://www.reddit.com/r/Ebay/comments/1tep11y/bought_a_mint_ps5_bundle_on_ebay_for_329_and_now,t1_om59mlg,Ebay,Bought a “MINT” PS5 bundle on eBay for £329 and now seller wants me to change my return reason — need advice,"This is correct. Keep the INAD open, ignore any further messages from him, and force eBay to step in. Also, i am sick of eBay sellers who can't figure out how to package things. Like sending collectibles or electronics in a too-big box without padding, it gets damaged in transit, and they act surprised and upset that you want to return it? Sellers like this make everyone selling on eBay look bad. Anyway in this case it seems like the seller is just a scammer, I'm just venting because this is a regular and relatable experience for me lol",StrongAroma,36,,,2026-05-16T15:26:23Z,https://www.reddit.com/r/Ebay/comments/1tep11y/bought_a_mint_ps5_bundle_on_ebay_for_329_and_now/,t1_om3vrw7,1,Electronics; General marketplace,packaging; buyer protection,return requests; packaging standards,A commenter advises keeping the INAD open to involve eBay and vents about sellers who package electronics poorly.,high,reddit:t1_om59mlg
43,buyer_seller_pain,seller protection,post,https://www.reddit.com/r/Ebay/comments/1vcl79x/seller_protection_saved_mebut_im_still_burned_out,,Ebay,Seller Protection Saved Me—But I’m Still Burned Out,"My last two sales have been horrible. First, someone bought an item and, a month later, opened a return claiming it was damaged. What they sent back was a completely destroyed item that I had never shipped in that condition. Fortunately, because it arrived in pieces, eBay ruled in my favor. Then, almost immediately afterward, another sale went sideways. The item required authentication, so I shipped it to eBay’s authentication center. Before it even arrived there, the buyer filed a payment dispute with their credit card company, claiming they didn’t recognize the charge. I explained that I was happy to refund them—but only after I received the bag back. By then, however, the bag had already passed authentication and was shipped to the buyer. Their credit card company sided with the buyer, who now has both a $1200 bag and the money. Thankfully, eBay stepped in and covered me under Seller Protection. So why am I still complaining if everything worked out? Because it’s exhausting. It feels increasingly discouraging to keep trying to do the right thing when so many other people seem perfectly willing to be dishonest. I’m grateful eBay protected me both times, but it’s hard not to come away wondering why basic honesty feels so rare.",Financial-Suspect462,75,0.95,22,2026-08-01T11:44:27Z,https://www.reddit.com/r/Ebay/comments/1vcl79x/seller_protection_saved_mebut_im_still_burned_out/,,,Luxury Fashion,handbags,seller protection; payment dispute,"A seller feels exhausted after dealing with a damaged return and a dispute over a $1,200 bag, despite eBay covering both.",high,reddit:t3_1vcl79x
43,buyer_seller_pain,seller protection,comment,https://www.reddit.com/r/Ebay/comments/1vcl79x/seller_protection_saved_mebut_im_still_burned_out,t1_p13f328,Ebay,Seller Protection Saved Me—But I’m Still Burned Out,"That's the world in general for you. You can be honest and strive to be a good human being as much as you can, but sadly there are others out there that just aren't on the same page. As for how they got that way or is it some misunderstanding, hard to tell...especially online. All we can do is truck through it and continue to do what we can and appreciate the good people that we do come across...that goes with life in general as well.",quanfused,22,,,2026-08-01T16:28:21Z,https://www.reddit.com/r/Ebay/comments/1vcl79x/seller_protection_saved_mebut_im_still_burned_out/,t3_1vcl79x,0,General marketplace,,seller experience,The commenter reflects philosophically on dealing with dishonest people online and trying to push through difficult selling situations.,medium,reddit:t1_p13f328
43,buyer_seller_pain,seller protection,comment,https://www.reddit.com/r/Ebay/comments/1vcl79x/seller_protection_saved_mebut_im_still_burned_out,t1_p13ng5e,Ebay,Seller Protection Saved Me—But I’m Still Burned Out,"Yeah I’ve had a few issues with sales recently using eBay. One pair of shoes I sent the authenticator ended up sending my shoes to the wrong buyer. Then another pair was authenticated through eBay in New Jersey and the buyer was located in New Jersey. Somehow the shipping company lost the package. Luckily both times eBay had my back and released the funds to me, but weird to have issues back to back after hundreds of sales without an issue.",J3sseVentura,7,,,2026-08-01T17:08:29Z,https://www.reddit.com/r/Ebay/comments/1vcl79x/seller_protection_saved_mebut_im_still_burned_out/,t3_1vcl79x,0,Sneakers/Streetwear,shoes,authentication; shipping issue,A seller shares that eBay covered them after authenticator misdelivery and lost package issues occurred with two pairs of shoes.,high,reddit:t1_p13ng5e
43,buyer_seller_pain,seller protection,comment,https://www.reddit.com/r/Ebay/comments/1vcl79x/seller_protection_saved_mebut_im_still_burned_out,t1_p15dn9f,Ebay,Seller Protection Saved Me—But I’m Still Burned Out,"Lucky you! Similar thing happened here with an Hermes scarf and eBay messed up the shipping label… Put a nine-year-old return address for myself and their address was undeliverable. But they had me pay for them! So now I’m out the money and the scarf is missing! I was even told I would be refunded and then two hours later received a note that they reversed it and paid the buyer because some silliness I had promised a refund, which was absolutely incorrect! But that was exactly my concern and question was what if this had been a $1200 bag?! In the end they get both yeah unacceptable! SMH.",Top_Reason_5073,4,,,2026-08-01T22:17:27Z,https://www.reddit.com/r/Ebay/comments/1vcl79x/seller_protection_saved_mebut_im_still_burned_out/,t3_1vcl79x,0,Luxury Fashion,scarves,shipping issue; buyer dispute,A seller reports losing money and an Hermès scarf after an incorrect shipping label and an overturned refund decision by eBay.,high,reddit:t1_p15dn9f
43,buyer_seller_pain,seller protection,comment,https://www.reddit.com/r/Ebay/comments/1vcl79x/seller_protection_saved_mebut_im_still_burned_out,t1_p16riiz,Ebay,Seller Protection Saved Me—But I’m Still Burned Out,The mental stress alone in cases like this is a killer. Glad it worked out in the end.,icatchlight,3,,,2026-08-02T03:12:21Z,https://www.reddit.com/r/Ebay/comments/1vcl79x/seller_protection_saved_mebut_im_still_burned_out/,t3_1vcl79x,0,General marketplace,,seller experience,The commenter highlights the mental stress of sales disputes and expresses relief that the original poster's situation was resolved.,medium,reddit:t1_p16riiz
44,buyer_seller_pain,seller protection,post,https://www.reddit.com/r/Ebay/comments/1v85lp3/3_incompetent_or_lying_buyers_in_1_day_wish,,Ebay,3 incompetent or lying buyers in 1 day. Wish seller protection was better.,"Buyer 1 can't read. Buyer 2 can't press ""CD Play"" button. CD works fine when you press the button. Buyer 3 either doesn't know how to install ram or is just lying? See test after I got it back. Le sigh. Just another day in the life, I guess.",slevin28,75,0.88,42,2026-07-27T16:37:51Z,https://www.reddit.com/r/Ebay/comments/1v85lp3/3_incompetent_or_lying_buyers_in_1_day_wish/,,,Electronics,CD Players; RAM,Buyer Disputes; Returns,The author vents about three buyers falsely claiming issues or improperly handling returned electronics such as a CD player and RAM.,high,reddit:t3_1v85lp3
44,buyer_seller_pain,seller protection,comment,https://www.reddit.com/r/Ebay/comments/1v85lp3/3_incompetent_or_lying_buyers_in_1_day_wish,t1_p03skis,Ebay,3 incompetent or lying buyers in 1 day. Wish seller protection was better.,Dude talks like cookie monster. I don't know why you thought anything good would come from dealing with someone who communicates like that.,WigglyLimpo,36,,,2026-07-27T17:57:49Z,https://www.reddit.com/r/Ebay/comments/1v85lp3/3_incompetent_or_lying_buyers_in_1_day_wish/,t3_1v85lp3,0,General marketplace,Buyer Communication,Buyer Behavior,The commenter critiques a buyer's poor communication style and questions why the seller engaged with them.,medium,reddit:t1_p03skis
44,buyer_seller_pain,seller protection,comment,https://www.reddit.com/r/Ebay/comments/1v85lp3/3_incompetent_or_lying_buyers_in_1_day_wish,t1_p04160b,Ebay,3 incompetent or lying buyers in 1 day. Wish seller protection was better.,"😆 I sell to a lot of non-native english speakers so that parts pretty normal, but they usually at least use a translation app or something to understand whats up.",slevin28,16,,,2026-07-27T18:33:46Z,https://www.reddit.com/r/Ebay/comments/1v85lp3/3_incompetent_or_lying_buyers_in_1_day_wish/,t1_p03skis,1,General marketplace,Buyer Communication,Language Barriers,"The author notes that selling to non-native English speakers is common, though they usually use translation apps.",medium,reddit:t1_p04160b
44,buyer_seller_pain,seller protection,comment,https://www.reddit.com/r/Ebay/comments/1v85lp3/3_incompetent_or_lying_buyers_in_1_day_wish,t1_p040a7f,Ebay,3 incompetent or lying buyers in 1 day. Wish seller protection was better.,r/eBayBuyerFails,wastingtime101-,10,,,2026-07-27T18:30:00Z,https://www.reddit.com/r/Ebay/comments/1v85lp3/3_incompetent_or_lying_buyers_in_1_day_wish/,t3_1v85lp3,0,General marketplace,Online Marketplaces,Subreddit Link,The commenter links to the subreddit r/eBayBuyerFails in response to the post.,high,reddit:t1_p040a7f
44,buyer_seller_pain,seller protection,comment,https://www.reddit.com/r/Ebay/comments/1v85lp3/3_incompetent_or_lying_buyers_in_1_day_wish,t1_p090k9u,Ebay,3 incompetent or lying buyers in 1 day. Wish seller protection was better.,"1000% for sure. Ebay pretty much never questions an INAD claim. I did at least report these for buyer abuse, but I feel like that's probably a ""push the elevator door close button so you think you're doing something even though that button does literally nothing"" type submission",slevin28,7,,,2026-07-28T12:16:38Z,https://www.reddit.com/r/Ebay/comments/1v85lp3/3_incompetent_or_lying_buyers_in_1_day_wish/,t1_p06tw34,1,General marketplace,eBay,INAD Claims; Seller Protection,The author claims eBay automatically accepts INAD claims and feels reporting buyers for abuse is largely ineffective.,high,reddit:t1_p090k9u
44,buyer_seller_pain,seller protection,comment,https://www.reddit.com/r/Ebay/comments/1v85lp3/3_incompetent_or_lying_buyers_in_1_day_wish,t1_p06tw34,Ebay,3 incompetent or lying buyers in 1 day. Wish seller protection was better.,I have a hunch alot of these buyers are just abusing the item damaged or inad claims because of buyers remorse,Old_End_6721,6,,,2026-07-28T02:43:18Z,https://www.reddit.com/r/Ebay/comments/1v85lp3/3_incompetent_or_lying_buyers_in_1_day_wish/,t3_1v85lp3,0,General marketplace,Online Marketplaces,INAD Abuse; Buyer Remorse,The commenter suspects many buyers file damaged or INAD claims out of buyer's remorse.,high,reddit:t1_p06tw34
45,shipping_delivery,shipping,post,https://www.reddit.com/r/Ebay/comments/1rp5h81/seller_wants_me_to_send_item_back_after_he_found,,Ebay,Seller wants me to send item back after he found it was limited edition . Even issued me full refund !,"I ordered a sega game gear shell off eBay that was sold out online the original site . It was listed as brand new and unused . I paid 20$ over retail as it was for a client order and I didnt make the original site buying time window and I was gonna eat the cost . It has been shipped and set to arrive today . Over night while I was asleep I got a string of messages from seller asking that I return the item , that he didn’t know it was limited edition, that it was actually used and he altered it , that it’s defective . And then just a full out refund, money is already back in my account , and that I write return to sender on the package . In all my 20 years of buying off of eBay I’ve never has something like this happen . What should I do ?",MatterHumble5776,801,0.92,95,2026-03-09T16:48:21Z,https://www.reddit.com/r/Ebay/comments/1rp5h81/seller_wants_me_to_send_item_back_after_he_found/,,,Electronics,video game consoles; console parts,seller remorse; returns,A buyer asks what to do after an eBay seller refunded an in-transit Sega Game Gear shell and requested it returned.,high,reddit:t3_1rp5h81
45,shipping_delivery,shipping,comment,https://www.reddit.com/r/Ebay/comments/1rp5h81/seller_wants_me_to_send_item_back_after_he_found,t1_o9ikaqo,Ebay,Seller wants me to send item back after he found it was limited edition . Even issued me full refund !,Sounds like you got a bargain.,Figgzyvan,649,,,2026-03-09T16:51:42Z,https://www.reddit.com/r/Ebay/comments/1rp5h81/seller_wants_me_to_send_item_back_after_he_found/,t3_1rp5h81,0,Electronics,video game consoles; console parts,buyer feedback,The commenter remarks that the buyer received a bargain.,high,reddit:t1_o9ikaqo
45,shipping_delivery,shipping,comment,https://www.reddit.com/r/Ebay/comments/1rp5h81/seller_wants_me_to_send_item_back_after_he_found,t1_o9ik5zr,Ebay,Seller wants me to send item back after he found it was limited edition . Even issued me full refund !,"Nothing. You do nothing. You bought it, he sent it, you have no issue. Case closed",GoodRabbitSoup,493,,,2026-03-09T16:51:05Z,https://www.reddit.com/r/Ebay/comments/1rp5h81/seller_wants_me_to_send_item_back_after_he_found/,t3_1rp5h81,0,Electronics,video game consoles; console parts,buyer advice; returns,"The commenter advises doing nothing, stating the transaction was completed and sent without issue.",high,reddit:t1_o9ik5zr
45,shipping_delivery,shipping,comment,https://www.reddit.com/r/Ebay/comments/1rp5h81/seller_wants_me_to_send_item_back_after_he_found,t1_o9il1nv,Ebay,Seller wants me to send item back after he found it was limited edition . Even issued me full refund !,No is a complete sentence.,Mycatreallyhatesyou,335,,,2026-03-09T16:55:12Z,https://www.reddit.com/r/Ebay/comments/1rp5h81/seller_wants_me_to_send_item_back_after_he_found/,t3_1rp5h81,0,Electronics,video game consoles; console parts,buyer advice; seller communication,The commenter states that 'no' is a complete sentence.,high,reddit:t1_o9il1nv
45,shipping_delivery,shipping,comment,https://www.reddit.com/r/Ebay/comments/1rp5h81/seller_wants_me_to_send_item_back_after_he_found,t1_o9ir2u1,Ebay,Seller wants me to send item back after he found it was limited edition . Even issued me full refund !,Ignore them. you are under no obligation to respond or return it.,Time-Cake2954,235,,,2026-03-09T17:23:31Z,https://www.reddit.com/r/Ebay/comments/1rp5h81/seller_wants_me_to_send_item_back_after_he_found/,t3_1rp5h81,0,Electronics,video game consoles; console parts,buyer advice; returns,"The commenter advises ignoring the seller, stating there is no obligation to respond or return the item.",high,reddit:t1_o9ir2u1
45,shipping_delivery,shipping,comment,https://www.reddit.com/r/Ebay/comments/1rp5h81/seller_wants_me_to_send_item_back_after_he_found,t1_o9irz79,Ebay,Seller wants me to send item back after he found it was limited edition . Even issued me full refund !,"Unfortunate but the seller should have waited for a reply before refunding. They sold it to you, you reserved it, transaction is over. I would block and not respond in any way.",CentralNJbuyer,77,,,2026-03-09T17:27:46Z,https://www.reddit.com/r/Ebay/comments/1rp5h81/seller_wants_me_to_send_item_back_after_he_found/,t3_1rp5h81,0,Electronics,video game consoles; console parts,buyer advice; seller remorse,"The commenter advises blocking the seller and not responding, noting the seller should have waited before refunding.",high,reddit:t1_o9irz79
46,shipping_delivery,shipping,post,https://www.reddit.com/r/Ebay/comments/1ohcdt0/did_i_just_get_a_drop_shipper,,Ebay,Did I just get a drop shipper?,"Buyer name and ship to are different including their location from their store. My label will clearly have my business name as return address. Should I just ship out and let it be? I’m not going to change my return address for anyone. I will leave out thank you business card and extra gift as I always include and in description, but I don’t want any negative feedback bc of this. Is this ok to ship with my return address having my business name?",SuspiciousWish422,615,0.92,200,2025-10-27T11:56:01Z,https://www.reddit.com/r/Ebay/comments/1ohcdt0/did_i_just_get_a_drop_shipper/,,,General marketplace,online selling,dropshipping; shipping labels,A seller asks if they should fulfill an order from a potential dropshipper while keeping their business return address.,high,reddit:t3_1ohcdt0
46,shipping_delivery,shipping,comment,https://www.reddit.com/r/Ebay/comments/1ohcdt0/did_i_just_get_a_drop_shipper,t1_nlmxcqt,Ebay,Did I just get a drop shipper?,Just ship it out to the address listed and be on your merry way. I get them from time to time. It hasn't been a problem yet.,SouthernCritic,440,,,2025-10-27T12:13:50Z,https://www.reddit.com/r/Ebay/comments/1ohcdt0/did_i_just_get_a_drop_shipper/,t3_1ohcdt0,0,General marketplace,online selling,dropshipping; order fulfillment,"The commenter advises shipping to the provided address, noting they encounter dropshippers occasionally without experiencing problems.",high,reddit:t1_nlmxcqt
46,shipping_delivery,shipping,comment,https://www.reddit.com/r/Ebay/comments/1ohcdt0/did_i_just_get_a_drop_shipper,t1_nlmy69m,Ebay,Did I just get a drop shipper?,I never include anything in mine so wouldn't think twice. Ship,staysleazy21,210,,,2025-10-27T12:19:29Z,https://www.reddit.com/r/Ebay/comments/1ohcdt0/did_i_just_get_a_drop_shipper/,t3_1ohcdt0,0,General marketplace,online selling,order fulfillment; packaging,"The commenter advises shipping the order, stating they never include extra materials in their own packages anyway.",high,reddit:t1_nlmy69m
46,shipping_delivery,shipping,comment,https://www.reddit.com/r/Ebay/comments/1ohcdt0/did_i_just_get_a_drop_shipper,t1_nlmxewo,Ebay,Did I just get a drop shipper?,"Yep. Think about it, you'll have a happy customer, with next to no ability for them to pull funny stuff and do a return, lol. If the return address still works without your business name, I'd just leave it off. I once had somebody have me dropship printer toner to a specific office inside the FBI. After clearing the shit out of my pants, I made money, and both parties were happy.",crysisnotaverted,118,,,2025-10-27T12:14:14Z,https://www.reddit.com/r/Ebay/comments/1ohcdt0/did_i_just_get_a_drop_shipper/,t3_1ohcdt0,0,General marketplace,printer toner,dropshipping; order fulfillment,The user advises shipping the item and shares a past experience dropshipping printer toner to an FBI office.,high,reddit:t1_nlmxewo
46,shipping_delivery,shipping,comment,https://www.reddit.com/r/Ebay/comments/1ohcdt0/did_i_just_get_a_drop_shipper,t1_nlmyqce,Ebay,Did I just get a drop shipper?,Ship it out and let it be. Customer will blame them if there is issue.,Accomplished_Emu_658,65,,,2025-10-27T12:23:15Z,https://www.reddit.com/r/Ebay/comments/1ohcdt0/did_i_just_get_a_drop_shipper/,t3_1ohcdt0,0,General marketplace,online selling,dropshipping; order fulfillment,"The commenter advises shipping the order, stating the end customer will hold the dropshipper accountable for any issues.",high,reddit:t1_nlmyqce
46,shipping_delivery,shipping,comment,https://www.reddit.com/r/Ebay/comments/1ohcdt0/did_i_just_get_a_drop_shipper,t1_nlo6jlm,Ebay,Did I just get a drop shipper?,I used to sell used appliance power cords. Had a drop shipper who bought multiple items from me over a couple years and had me send them to their buyers. I didn’t care because I got my sale… But I always loved the message that would come explaining how it was a gift and to please not include invoices etc etc. Yes you are such a great friend you have now bought 3 deep fat fryer power cords that you are sending to friends in 3 different states! What a guy!,abugguy,23,,,2025-10-27T16:18:43Z,https://www.reddit.com/r/Ebay/comments/1ohcdt0/did_i_just_get_a_drop_shipper/,t3_1ohcdt0,0,General marketplace,appliance power cords,dropshipping; seller experience,A seller recalls a recurring dropshipper who bought fryer cords claiming they were gifts for friends.,high,reddit:t1_nlo6jlm
47,shipping_delivery,shipping,post,https://www.reddit.com/r/Ebay/comments/1ouqnwi/honestly_tired_of_rude_buyers_if_you_want_it,,Ebay,"Honestly tired of rude buyers. If you want it tomorrow, buy it on Amazon.......oh wait, you can't, that's why you are here.","https://preview.redd.it/ej4zzxc1yp0g1.jpg?width=777&format=pjpg&auto=webp&s=0ed0425653612770a7faf2f98ac055ee4878ec7c Unique, hard to find item. He demanded a discount for slow shipment or he would cancel the order. So I cancelled for him. And blocked him. 20 mins later it's purchased by someone who lives 3 miles from him. Nice try. Cancelled that one based on attempt to bypass block. If you really need/want something, be polite.",CaptAubrey1805,569,0.93,207,2025-11-12T00:33:21Z,https://www.reddit.com/r/Ebay/comments/1ouqnwi/honestly_tired_of_rude_buyers_if_you_want_it/,,,General marketplace,e-commerce,buyer behavior; order cancellation,"A seller cancelled and blocked a buyer who demanded discounts for shipping, then cancelled a nearby secondary order.",high,reddit:t3_1ouqnwi
47,shipping_delivery,shipping,comment,https://www.reddit.com/r/Ebay/comments/1ouqnwi/honestly_tired_of_rude_buyers_if_you_want_it,t1_nodkbn0,Ebay,"Honestly tired of rude buyers. If you want it tomorrow, buy it on Amazon.......oh wait, you can't, that's why you are here.",Good for you. Life's too short to cater to rude people.,goddessofolympia,144,,,2025-11-12T00:39:55Z,https://www.reddit.com/r/Ebay/comments/1ouqnwi/honestly_tired_of_rude_buyers_if_you_want_it/,t3_1ouqnwi,0,General marketplace,e-commerce,buyer behavior; customer service,A commenter supports the seller's decision not to accommodate rude buyers.,high,reddit:t1_nodkbn0
47,shipping_delivery,shipping,comment,https://www.reddit.com/r/Ebay/comments/1ouqnwi/honestly_tired_of_rude_buyers_if_you_want_it,t1_nodod1v,Ebay,"Honestly tired of rude buyers. If you want it tomorrow, buy it on Amazon.......oh wait, you can't, that's why you are here.","I'm starting to get the ""its for a Christmas present please accept 40% below listed price"" people.",Kennaay1891,97,,,2025-11-12T01:04:01Z,https://www.reddit.com/r/Ebay/comments/1ouqnwi/honestly_tired_of_rude_buyers_if_you_want_it/,t3_1ouqnwi,0,General marketplace,e-commerce,buyer behavior; negotiation,A seller reports receiving lowball offers claiming items are for Christmas presents.,high,reddit:t1_nodod1v
47,shipping_delivery,shipping,comment,https://www.reddit.com/r/Ebay/comments/1ouqnwi/honestly_tired_of_rude_buyers_if_you_want_it,t1_nodlqmp,Ebay,"Honestly tired of rude buyers. If you want it tomorrow, buy it on Amazon.......oh wait, you can't, that's why you are here.",Right? And the reason I asked him when he needed it for was I would have been willing to eat a few bucks and ship it Priority for him. We do it often as a courtesy if a customer expresses an urgent need. Today's lesson: Don't be a dick.,CaptAubrey1805,87,,,2025-11-12T00:48:12Z,https://www.reddit.com/r/Ebay/comments/1ouqnwi/honestly_tired_of_rude_buyers_if_you_want_it/,t1_nodkbn0,1,General marketplace,e-commerce,shipping; customer service,The seller explains they would have covered Priority shipping as a courtesy had the buyer asked politely.,high,reddit:t1_nodlqmp
47,shipping_delivery,shipping,comment,https://www.reddit.com/r/Ebay/comments/1ouqnwi/honestly_tired_of_rude_buyers_if_you_want_it,t1_nodopqg,Ebay,"Honestly tired of rude buyers. If you want it tomorrow, buy it on Amazon.......oh wait, you can't, that's why you are here.","Oh yeah, and then you check thier profile and they've got 3 identical items listed......... 🙄",CaptAubrey1805,58,,,2025-11-12T01:06:10Z,https://www.reddit.com/r/Ebay/comments/1ouqnwi/honestly_tired_of_rude_buyers_if_you_want_it/,t1_nodod1v,1,General marketplace,e-commerce,reselling; buyer behavior,A commenter notes lowball buyers often have identical items listed for sale on their own profiles.,high,reddit:t1_nodopqg
47,shipping_delivery,shipping,comment,https://www.reddit.com/r/Ebay/comments/1ouqnwi/honestly_tired_of_rude_buyers_if_you_want_it,t1_nodrzxb,Ebay,"Honestly tired of rude buyers. If you want it tomorrow, buy it on Amazon.......oh wait, you can't, that's why you are here.",I've had people get so pissed off for no reason that they asked me to block them so they would never accidentally buy something from the company ever again. And then 6 months later messaged asking why they couldnt make a purchase.,badshadow,38,,,2025-11-12T01:25:49Z,https://www.reddit.com/r/Ebay/comments/1ouqnwi/honestly_tired_of_rude_buyers_if_you_want_it/,t3_1ouqnwi,0,General marketplace,e-commerce,buyer behavior; blocking buyers,A seller describes customers demanding to be blocked and later asking why they cannot purchase items.,high,reddit:t1_nodrzxb
48,shipping_delivery,shipping,post,https://www.reddit.com/r/Ebay/comments/1skd4mg/bought_my_dream_item_from_a_seller_with_good,,Ebay,Bought my dream item from a seller with good reviews...,"I'm incredibly disappointed. The item is a figure I've been after since it dropped last year but I haven't been able to afford until now, especially with inflated processing due to the line ending. I'm extra mad about this because the item was $319 + $59 for shipping, and I didn't see another listing from a separate buyer for $310 with $12 shipping, which has been sold between the time I ordered this item and now. I genuinely cannot calculate how this person would be losing $50, unless they suddenly calculated the market price shift AFTER I already purchased the item.",beamerboykells,544,0.96,157,2026-04-13T14:51:28Z,https://www.reddit.com/r/Ebay/comments/1skd4mg/bought_my_dream_item_from_a_seller_with_good/,,,Toys/Collectibles,figures,post-purchase issues; pricing,"A buyer expresses disappointment after purchasing an expensive figure and noticing a cheaper listing, questioning the seller's claim of losing money.",high,reddit:t3_1skd4mg
48,shipping_delivery,shipping,comment,https://www.reddit.com/r/Ebay/comments/1skd4mg/bought_my_dream_item_from_a_seller_with_good,t1_ofyda5k,Ebay,Bought my dream item from a seller with good reviews...,"I'd reply and tell them that's not how eBay works, and I expect them to ship at the agreed price. If they don't, report the message and leave negative feedback.",CodeCat0,562,,,2026-04-13T15:23:43Z,https://www.reddit.com/r/Ebay/comments/1skd4mg/bought_my_dream_item_from_a_seller_with_good/,t3_1skd4mg,0,Toys/Collectibles,figures,seller dispute; feedback,The commenter advises telling the seller to ship at the agreed price and reporting or leaving negative feedback if they refuse.,high,reddit:t1_ofyda5k
48,shipping_delivery,shipping,comment,https://www.reddit.com/r/Ebay/comments/1skd4mg/bought_my_dream_item_from_a_seller_with_good,t1_ofynrgm,Ebay,Bought my dream item from a seller with good reviews...,"This same thing actually happened to me, where a seller asked for more after purchase and I responded in this exact way. Seller canceled the order without further response and marked it as ""Buyer requested cancellation."" I was unable to leave feedback and eBay's support team was not helpful.",RM18CPR2,136,,,2026-04-13T16:10:32Z,https://www.reddit.com/r/Ebay/comments/1skd4mg/bought_my_dream_item_from_a_seller_with_good/,t1_ofyda5k,1,Toys/Collectibles,figures,order cancellation; seller dispute,"A commenter shares that an eBay seller falsely canceled their order as buyer-requested after demanding more money, blocking feedback.",high,reddit:t1_ofynrgm
48,shipping_delivery,shipping,comment,https://www.reddit.com/r/Ebay/comments/1skd4mg/bought_my_dream_item_from_a_seller_with_good,t1_ofykvtp,Ebay,Bought my dream item from a seller with good reviews...,"Plot twist: The seller is a drop shipper that bought the one you listed for $310 and was hoping to get a discount on it but didn't, so after being charged tax and shipping they are asking you to pay more so they can make a profit on a ""useless to them"" item they bought to resell to a targeted buyer lol.",Belkinnoob,106,,,2026-04-13T15:57:33Z,https://www.reddit.com/r/Ebay/comments/1skd4mg/bought_my_dream_item_from_a_seller_with_good/,t3_1skd4mg,0,Toys/Collectibles,figures,dropshipping; seller dispute,A user theorizes the seller may be a dropshipper trying to cover their own costs after failing to secure a profit.,medium,reddit:t1_ofykvtp
48,shipping_delivery,shipping,comment,https://www.reddit.com/r/Ebay/comments/1skd4mg/bought_my_dream_item_from_a_seller_with_good,t1_ofyd0h4,Ebay,Bought my dream item from a seller with good reviews...,"What a garbage seller. I'd respond with ""I appreciate the offer. However, I purchased the item at the listed price and will be awaiting your shipping information.""",SouthernCritic,90,,,2026-04-13T15:22:31Z,https://www.reddit.com/r/Ebay/comments/1skd4mg/bought_my_dream_item_from_a_seller_with_good/,t3_1skd4mg,0,Toys/Collectibles,figures,seller dispute; customer service,The commenter criticizes the seller and suggests stating that the item was bought at the listed price while awaiting shipping.,high,reddit:t1_ofyd0h4
48,shipping_delivery,shipping,comment,https://www.reddit.com/r/Ebay/comments/1skd4mg/bought_my_dream_item_from_a_seller_with_good,t1_ofydnm7,Ebay,Bought my dream item from a seller with good reviews...,Ask them if you find a cheaper price after can you get back the difference 😂 . Seller is ridiculous.,K_Bomaye,57,,,2026-04-13T15:25:23Z,https://www.reddit.com/r/Ebay/comments/1skd4mg/bought_my_dream_item_from_a_seller_with_good/,t3_1skd4mg,0,Toys/Collectibles,figures,seller dispute; pricing,The user calls the seller ridiculous and suggests asking if the buyer would receive a refund if finding a cheaper price.,high,reddit:t1_ofydnm7
49,shipping_delivery,shipping,post,https://www.reddit.com/r/Ebay/comments/1txny14/seller_shipped_items_without_packing_wants_me_to,,Ebay,"Seller shipped items without packing, wants me to properly pack it for a return. Do I have to?","Bought a large lot of anime figures, seller sent them like this. Falling apart box, paper towels as the only packaging material, etc. He acted shocked that they were damaged in transit. Some were outright broken while several had paint scratches. The box had several holes in it and some figures had fallen out in transit or were never shipped. After assembling the jumble to assess the damage I asked for him to send me a label or refund me the $130 shipping charge. He did neither and became non-communicative. Opened an INAD case and after 3 days had eBay step in to make a label. Now the seller is asking for even more pics of damage and asking me to buy a new box and properly package the figures. Since eBay settled the INAD case by making me a label I will be refunded as soon as the box is marked as delivered, can the seller cause me any issues by claiming that I didn't properly package them or that items are missing? He has been nothing but awful and I could see him saying either and making this shitty transaction eat up even more of my time.",cuddly_degenerate,505,0.98,267,2026-06-05T15:18:58Z,https://www.reddit.com/r/Ebay/comments/1txny14/seller_shipped_items_without_packing_wants_me_to/,,,Toys/Collectibles,anime figures,returns; shipping damage,A buyer asks if they must repackage damaged anime figures after a seller shipped them poorly and requested proper return packaging.,high,reddit:t3_1txny14
49,shipping_delivery,shipping,comment,https://www.reddit.com/r/Ebay/comments/1txny14/seller_shipped_items_without_packing_wants_me_to,t1_opxeqbn,Ebay,"Seller shipped items without packing, wants me to properly pack it for a return. Do I have to?","I would be slapping a label on that box and sending that right back the way it came. Let that be a lesson for the awful packing job. Don't waste any more time, money, or effort on a seller that clearly had none to offer.",PixelAesthetics,476,,,2026-06-05T16:10:32Z,https://www.reddit.com/r/Ebay/comments/1txny14/seller_shipped_items_without_packing_wants_me_to/,t3_1txny14,0,Toys/Collectibles,anime figures,returns; shipping,A commenter advises returning the package exactly as received rather than spending extra effort or money on proper repackaging.,high,reddit:t1_opxeqbn
49,shipping_delivery,shipping,comment,https://www.reddit.com/r/Ebay/comments/1txny14/seller_shipped_items_without_packing_wants_me_to,t1_opxbici,Ebay,"Seller shipped items without packing, wants me to properly pack it for a return. Do I have to?",He gets it how he sent it. Does he expect you to wrap each one in bubble wrap? 🤨,No_Statement_824,140,,,2026-06-05T15:56:10Z,https://www.reddit.com/r/Ebay/comments/1txny14/seller_shipped_items_without_packing_wants_me_to/,t3_1txny14,0,Toys/Collectibles,anime figures,returns; packaging,A commenter suggests sending the item back in the same condition it was received rather than using bubble wrap.,high,reddit:t1_opxbici
49,shipping_delivery,shipping,comment,https://www.reddit.com/r/Ebay/comments/1txny14/seller_shipped_items_without_packing_wants_me_to,t1_opxj7qj,Ebay,"Seller shipped items without packing, wants me to properly pack it for a return. Do I have to?","Feedback allows photos now, doesn’t it? 1000% add photos to the neg.",iamfury,108,,,2026-06-05T16:30:28Z,https://www.reddit.com/r/Ebay/comments/1txny14/seller_shipped_items_without_packing_wants_me_to/,t3_1txny14,0,Toys/Collectibles,anime figures,feedback; buyer dispute,A commenter recommends adding photos of the damage to negative feedback left for the seller.,high,reddit:t1_opxj7qj
49,shipping_delivery,shipping,comment,https://www.reddit.com/r/Ebay/comments/1txny14/seller_shipped_items_without_packing_wants_me_to,t1_opzx1zy,Ebay,"Seller shipped items without packing, wants me to properly pack it for a return. Do I have to?","eBay needs to remove the ridiculous “reasonable shipping cost” rating and replace it with how well the seller packaged the item. I spend so much time making sure my packages can survive drops and being crushed, it’s infuriating that others think it’s ok to ship like this. (Ive received my fair share as well), and there’s not a good way to warn others.",WellShitWhatYallDoin,78,,,2026-06-05T23:29:10Z,https://www.reddit.com/r/Ebay/comments/1txny14/seller_shipped_items_without_packing_wants_me_to/,t1_opxeqbn,1,General marketplace,shipping,platform feedback; packaging standards,A user argues eBay should replace the reasonable shipping cost rating with a metric evaluating seller packaging quality.,high,reddit:t1_opzx1zy
49,shipping_delivery,shipping,comment,https://www.reddit.com/r/Ebay/comments/1txny14/seller_shipped_items_without_packing_wants_me_to,t1_opxho5y,Ebay,"Seller shipped items without packing, wants me to properly pack it for a return. Do I have to?",Photo looks like someone's trash bin. I'd tape it up as best as possible and send it back. Seller can eat a dick in my opinion.,TycoonTed,52,,,2026-06-05T16:23:37Z,https://www.reddit.com/r/Ebay/comments/1txny14/seller_shipped_items_without_packing_wants_me_to/,t3_1txny14,0,Toys/Collectibles,anime figures,returns; packaging,A commenter critiques the original packing condition and advises taping the box as best as possible to return it.,high,reddit:t1_opxho5y
50,shipping_delivery,shipping,post,https://www.reddit.com/r/Ebay/comments/1tvx3x9/buyer_wants_to_cancel_after_shipped_to,,Ebay,Buyer Wants to Cancel After Shipped to Authentication,"Hi All, I'm in a weird pickle where the buyer of a watch I had listed wants to cancel after the watch has already been shipped to the authenticator. They're claiming it was an unauthorized purchase... idk. I had it listed at $2,650, they offered $2k, and I accepted. I think it was a lowball they weren't expecting to win. I have a sneaking suspicion they'll try to force a return once it arrives to them using SNAD or INAD. Can they do that after it's been authenticated? I have no idea how to handle this and don't want to get stuck with a huge loss. Thanks",Rare_Meal_5220,504,0.98,140,2026-06-03T17:54:11Z,https://www.reddit.com/r/Ebay/comments/1tvx3x9/buyer_wants_to_cancel_after_shipped_to/,,,Luxury Fashion,watches,order cancellations; authentication,A seller asks if a buyer can force an INAD return on a watch already shipped to authentication.,high,reddit:t3_1tvx3x9
50,shipping_delivery,shipping,comment,https://www.reddit.com/r/Ebay/comments/1tvx3x9/buyer_wants_to_cancel_after_shipped_to,t1_opkfisj,Ebay,Buyer Wants to Cancel After Shipped to Authentication,"Don’t cancel, and I think eBay authenticity guaranteed protects you from anything after such as chargebacks etc If you cancel they will get the money and the watch",User264785824,464,,,2026-06-03T18:49:01Z,https://www.reddit.com/r/Ebay/comments/1tvx3x9/buyer_wants_to_cancel_after_shipped_to/,t3_1tvx3x9,0,Luxury Fashion,watches,order cancellations; seller protection,"A commenter advises against canceling, suggesting eBay authenticity guarantee protects the seller from post-sale issues.",high,reddit:t1_opkfisj
50,shipping_delivery,shipping,comment,https://www.reddit.com/r/Ebay/comments/1tvx3x9/buyer_wants_to_cancel_after_shipped_to,t1_opkgshc,Ebay,Buyer Wants to Cancel After Shipped to Authentication,“Sorry sir/mam i cannot cancel as i already sent off to authentication”,Thesurvivor16,189,,,2026-06-03T18:54:35Z,https://www.reddit.com/r/Ebay/comments/1tvx3x9/buyer_wants_to_cancel_after_shipped_to/,t3_1tvx3x9,0,Luxury Fashion,watches,order cancellations; customer communication,A commenter provides a template response refusing cancellation because the item was already sent for authentication.,high,reddit:t1_opkgshc
50,shipping_delivery,shipping,comment,https://www.reddit.com/r/Ebay/comments/1tvx3x9/buyer_wants_to_cancel_after_shipped_to,t1_opkk0a3,Ebay,Buyer Wants to Cancel After Shipped to Authentication,Let the process play out. I never cancel after shipping Edit: Play not pay*,Delirious_Puppet,140,,,2026-06-03T19:08:56Z,https://www.reddit.com/r/Ebay/comments/1tvx3x9/buyer_wants_to_cancel_after_shipped_to/,t3_1tvx3x9,0,Luxury Fashion,watches,order cancellations; shipping policy,A commenter advises letting the process play out and notes they never cancel orders after shipping.,high,reddit:t1_opkk0a3
50,shipping_delivery,shipping,comment,https://www.reddit.com/r/Ebay/comments/1tvx3x9/buyer_wants_to_cancel_after_shipped_to,t1_opkjhnm,Ebay,Buyer Wants to Cancel After Shipped to Authentication,"Yeah definitely don’t cancel. It’s on its way to authentication, which I believe will protect you against an INAD claim. Let them know it’s on its way to authentication and you cannot cancel. I think they’re trying to scam you out of a watch.",NaabeGetOnSkype,114,,,2026-06-03T19:06:37Z,https://www.reddit.com/r/Ebay/comments/1tvx3x9/buyer_wants_to_cancel_after_shipped_to/,t3_1tvx3x9,0,Luxury Fashion,watches,order cancellations; scams,"A commenter advises refusing cancellation, believing authentication protects against INAD claims and suspecting a scam attempt.",high,reddit:t1_opkjhnm
50,shipping_delivery,shipping,comment,https://www.reddit.com/r/Ebay/comments/1tvx3x9/buyer_wants_to_cancel_after_shipped_to,t1_opknxnu,Ebay,Buyer Wants to Cancel After Shipped to Authentication,Unauthorized = buyers remorse lol,wangmobile,57,,,2026-06-03T19:26:50Z,https://www.reddit.com/r/Ebay/comments/1tvx3x9/buyer_wants_to_cancel_after_shipped_to/,t3_1tvx3x9,0,Luxury Fashion,watches,buyer claims; buyer remorse,A commenter suggests the buyer's claim of an unauthorized purchase is actually buyer's remorse.,high,reddit:t1_opknxnu
51,shipping_delivery,shipping,post,https://www.reddit.com/r/Ebay/comments/1q5w2mn/do_i_cancel_this_order,,Ebay,Do I cancel this order?,I sold a DVD I had listed for almost a year for $20 after dropping the price recently. I’m glad to be rid of it but the buyer messaged me several times about the condtion of it. I sent him additional photos and he went ahead and purchased it. I go to print a label and see this note from him. OVER A $20 PURCHASE. Do I go with my gut and cancel his order or go ahead and ship it and hope he doesn’t start trouble?,welcometosunnydale,502,0.92,283,2026-01-06T21:43:01Z,https://www.reddit.com/r/Ebay/comments/1q5w2mn/do_i_cancel_this_order/,,,Other / emerging,DVD; physical media,order cancellation; difficult buyers,A seller asks whether to cancel an order for a $20 DVD after receiving a concerning buyer note.,high,reddit:t3_1q5w2mn
51,shipping_delivery,shipping,comment,https://www.reddit.com/r/Ebay/comments/1q5w2mn/do_i_cancel_this_order,t1_ny3pxpl,Ebay,Do I cancel this order?,"You know in your gut, this buyer is going to be a headache.",Cant-decide1,573,,,2026-01-06T23:40:30Z,https://www.reddit.com/r/Ebay/comments/1q5w2mn/do_i_cancel_this_order/,t3_1q5w2mn,0,Other / emerging,DVD; physical media,buyer behavior,A commenter tells the seller that their gut is right and the buyer will be a headache.,high,reddit:t1_ny3pxpl
51,shipping_delivery,shipping,comment,https://www.reddit.com/r/Ebay/comments/1q5w2mn/do_i_cancel_this_order,t1_ny3mkna,Ebay,Do I cancel this order?,"I’d personally cancel it, but that’s just me",[deleted],238,,,2026-01-06T23:22:53Z,https://www.reddit.com/r/Ebay/comments/1q5w2mn/do_i_cancel_this_order/,t3_1q5w2mn,0,Other / emerging,DVD; physical media,order cancellation,A commenter states that they personally would cancel the order.,high,reddit:t1_ny3mkna
51,shipping_delivery,shipping,comment,https://www.reddit.com/r/Ebay/comments/1q5w2mn/do_i_cancel_this_order,t1_ny4t9fj,Ebay,Do I cancel this order?,They already are!,Own_Candidate9553,110,,,2026-01-07T03:10:25Z,https://www.reddit.com/r/Ebay/comments/1q5w2mn/do_i_cancel_this_order/,t1_ny3pxpl,1,Other / emerging,DVD; physical media,buyer behavior,A commenter asserts that the buyer is already proving to be a headache.,high,reddit:t1_ny4t9fj
51,shipping_delivery,shipping,comment,https://www.reddit.com/r/Ebay/comments/1q5w2mn/do_i_cancel_this_order,t1_ny4ka4v,Ebay,Do I cancel this order?,"Personally I’d cancel it, but keep in mind if you cancel they have the power to leave negative feedback (in which case this is the type of person who would). Good luck getting eBay to remove a negative feedback over a cancelled purchase.",Ruminator33,76,,,2026-01-07T02:21:25Z,https://www.reddit.com/r/Ebay/comments/1q5w2mn/do_i_cancel_this_order/,t1_ny3mkna,1,General marketplace,online selling,order cancellation; negative feedback,A commenter advises canceling but warns that the buyer can leave negative feedback that eBay may not remove.,high,reddit:t1_ny4ka4v
51,shipping_delivery,shipping,comment,https://www.reddit.com/r/Ebay/comments/1q5w2mn/do_i_cancel_this_order,t1_ny4osg2,Ebay,Do I cancel this order?,"That just happened to me but he requested the cancellation, which I accommodated, then he gave me negative feedback!",tomsmac,61,,,2026-01-07T02:45:56Z,https://www.reddit.com/r/Ebay/comments/1q5w2mn/do_i_cancel_this_order/,t1_ny4ka4v,2,General marketplace,online selling,buyer cancellation; negative feedback,A commenter shares that an accommodated buyer cancellation still resulted in negative feedback.,high,reddit:t1_ny4osg2
52,shipping_delivery,shipping,post,https://www.reddit.com/r/Ebay/comments/1u7q649/sale_canceled_for_my_security,,Ebay,Sale canceled for my security,got this email. it says dont ship it. dont refund it. dont contact the buyer. &#x200B; but the transaction isnt canceled. and it still prompts me to ship it. and i got paid. the buyer's account was deactivated. soo....now what?,chusifer24,501,0.95,54,2026-06-16T21:06:05Z,https://www.reddit.com/r/Ebay/comments/1u7q649/sale_canceled_for_my_security/,,,General marketplace,e-commerce,order cancellation; fraud prevention,"A seller asks what to do after receiving a security email instructing them not to ship an uncancelled, paid order.",high,reddit:t3_1u7q649
52,shipping_delivery,shipping,comment,https://www.reddit.com/r/Ebay/comments/1u7q649/sale_canceled_for_my_security,t1_os2o1u4,Ebay,Sale canceled for my security,Follow the instructions in the email. Do nothing. Relist the item.,iRepTex,227,,,2026-06-16T22:22:36Z,https://www.reddit.com/r/Ebay/comments/1u7q649/sale_canceled_for_my_security/,t3_1u7q649,0,General marketplace,e-commerce,seller advice; order cancellation,A user advises following the email instructions to do nothing and relist the item.,high,reddit:t1_os2o1u4
52,shipping_delivery,shipping,comment,https://www.reddit.com/r/Ebay/comments/1u7q649/sale_canceled_for_my_security,t1_os2r3bp,Ebay,Sale canceled for my security,Do nothing. Like it says. It tells you what to do. Listen to it. Block any alternate accounts that try to contact you about item.,Accomplished_Emu_658,171,,,2026-06-16T22:38:15Z,https://www.reddit.com/r/Ebay/comments/1u7q649/sale_canceled_for_my_security/,t3_1u7q649,0,General marketplace,e-commerce,seller advice; account blocking,A user recommends doing nothing as instructed by the email and blocking any alternate buyer accounts.,high,reddit:t1_os2r3bp
52,shipping_delivery,shipping,comment,https://www.reddit.com/r/Ebay/comments/1u7q649/sale_canceled_for_my_security,t1_os2phnv,Ebay,Sale canceled for my security,Don't be surprised if the money suddenly disappears.,nl-x,53,,,2026-06-16T22:29:58Z,https://www.reddit.com/r/Ebay/comments/1u7q649/sale_canceled_for_my_security/,t3_1u7q649,0,General marketplace,e-commerce,payment reversals,A user warns that the received payment might suddenly disappear.,high,reddit:t1_os2phnv
52,shipping_delivery,shipping,comment,https://www.reddit.com/r/Ebay/comments/1u7q649/sale_canceled_for_my_security,t1_os2t3zj,Ebay,Sale canceled for my security,"I just got one of those emails for an order that has been completed and delivered for weeks. I suspected that the account was just a bot, but that's fine with me as their money was just as good.",mr_data_lore,15,,,2026-06-16T22:48:17Z,https://www.reddit.com/r/Ebay/comments/1u7q649/sale_canceled_for_my_security/,t3_1u7q649,0,General marketplace,e-commerce,security alerts; bot accounts,A seller notes receiving a similar email for an order that was completed and delivered weeks prior.,high,reddit:t1_os2t3zj
52,shipping_delivery,shipping,comment,https://www.reddit.com/r/Ebay/comments/1u7q649/sale_canceled_for_my_security,t1_os4kzfm,Ebay,Sale canceled for my security,"Go to chat bot and say, I need an agent. They will put a prompt that says call back. They will call you on the number associated with the account. Tell them I got this email from you. They will put you on a hold and call their higher team.theie team will tell them the payment was fraudulent and will likely get taken back. As long as you have that conversation nothing negative will happen.",Bombadale,10,,,2026-06-17T05:06:06Z,https://www.reddit.com/r/Ebay/comments/1u7q649/sale_canceled_for_my_security/,t3_1u7q649,0,General marketplace,e-commerce,customer support; payment fraud,A user details steps to contact customer support regarding the fraudulent payment notice.,high,reddit:t1_os4kzfm
53,shipping_delivery,shipping,post,https://www.reddit.com/r/Ebay/comments/1om8vct/help_seller_cancelled_my_yamamoto_card_after,,Ebay,Help: Seller cancelled my Yamamoto card after World Series ended,"I bought a Yoshinobu Yamamoto autograph card 4 days ago. The eBay seller even made a shipping label (but I don't think he dropped it off at Post Office). Tonight, right after Yamamoto won game 7 of the World Series, he canceled and refunded my order. The reason listed as buyer requested cancellation. How can he claim that? I didn't cancel and he wouldn't have proof. Such suspicious timing too. What can I, as a buyer do, other than leave a negative rating for the seller? This is my worst eBay experience. Awful.",jnthn98,466,0.91,109,2025-11-02T05:02:56Z,https://www.reddit.com/r/Ebay/comments/1om8vct/help_seller_cancelled_my_yamamoto_card_after/,,,Sports Cards,baseball cards; autograph cards,order cancellation; seller dispute,Buyer asks what recourse exists after an eBay seller cancelled an autograph card order citing a false buyer request.,high,reddit:t3_1om8vct
53,shipping_delivery,shipping,comment,https://www.reddit.com/r/Ebay/comments/1om8vct/help_seller_cancelled_my_yamamoto_card_after,t1_nmnqci5,Ebay,Help: Seller cancelled my Yamamoto card after World Series ended,You can report him for falsely claiming you requested cancellation. eBay can’t force him to sell it but it’s against the terms to cancel for a false reason.,SingleRelationship25,484,,,2025-11-02T05:18:40Z,https://www.reddit.com/r/Ebay/comments/1om8vct/help_seller_cancelled_my_yamamoto_card_after/,t3_1om8vct,0,Sports Cards,baseball cards,reporting seller; order cancellation,"Commenter notes the buyer can report the seller for falsely claiming a buyer cancellation, though eBay cannot force the sale.",high,reddit:t1_nmnqci5
53,shipping_delivery,shipping,comment,https://www.reddit.com/r/Ebay/comments/1om8vct/help_seller_cancelled_my_yamamoto_card_after,t1_nmnsteh,Ebay,Help: Seller cancelled my Yamamoto card after World Series ended,"Wow this seller knew exactly what he was doing too. He obviously can’t be forced to sell this to you, but definitely report for the false claims and leave negative feedback explaining exactly what happened.",Kangaroo_Pocket,166,,,2025-11-02T05:40:38Z,https://www.reddit.com/r/Ebay/comments/1om8vct/help_seller_cancelled_my_yamamoto_card_after/,t3_1om8vct,0,Sports Cards,baseball cards,reporting seller; negative feedback,Commenter suggests reporting the seller for false claims and leaving negative feedback detailing the cancellation.,high,reddit:t1_nmnsteh
53,shipping_delivery,shipping,comment,https://www.reddit.com/r/Ebay/comments/1om8vct/help_seller_cancelled_my_yamamoto_card_after,t1_nmnrqax,Ebay,Help: Seller cancelled my Yamamoto card after World Series ended,He wants to sell it for more moola,PrudentSyllabub636,90,,,2025-11-02T05:30:44Z,https://www.reddit.com/r/Ebay/comments/1om8vct/help_seller_cancelled_my_yamamoto_card_after/,t3_1om8vct,0,Sports Cards,baseball cards,seller motive; price increase,Commenter claims the seller cancelled the order to sell the card for more money.,high,reddit:t1_nmnrqax
53,shipping_delivery,shipping,comment,https://www.reddit.com/r/Ebay/comments/1om8vct/help_seller_cancelled_my_yamamoto_card_after,t1_nmnsxur,Ebay,Help: Seller cancelled my Yamamoto card after World Series ended,"You can report him to eBay. If he already has a few cancellations in the past 12 months plus yours, eBay can raise their royalty fee from 13% to 18%+ on all his sales.",ManchesterURedDevils,54,,,2025-11-02T05:41:47Z,https://www.reddit.com/r/Ebay/comments/1om8vct/help_seller_cancelled_my_yamamoto_card_after/,t3_1om8vct,0,Sports Cards,baseball cards,reporting seller; fee penalty,Commenter explains eBay can raise the seller's fees if excessive cancellations occur after being reported.,high,reddit:t1_nmnsxur
54,shipping_delivery,shipping,post,https://www.reddit.com/r/Ebay/comments/1puxo54/buyer_freaking_out_in_chat,,Ebay,buyer freaking out in chat,"i shipped the item a few days after he purchased. it was shipped from mid state NY on the 17th, and as of the 24th (today), it is still in the queens warehouse. i told the buyer that once i drop it off, its out of my hands. i responded as nicely as i could without speaking my mind. i reported the message and im hoping they wont be able to leave a review.",Severe-Background-38,420,0.74,225,2025-12-24T21:21:37Z,https://www.reddit.com/r/Ebay/comments/1puxo54/buyer_freaking_out_in_chat/,,,General marketplace,online selling,shipping delay; buyer conflict,A seller discusses a buyer upset about shipping delays while the package remains held at a warehouse.,high,reddit:t3_1puxo54
54,shipping_delivery,shipping,comment,https://www.reddit.com/r/Ebay/comments/1puxo54/buyer_freaking_out_in_chat,t1_nvsz2r8,Ebay,buyer freaking out in chat,"Why did you say ""sorry for the late shipping"" in the first message pictured?",Gretel_Cosmonaut,261,,,2025-12-25T01:04:34Z,https://www.reddit.com/r/Ebay/comments/1puxo54/buyer_freaking_out_in_chat/,t3_1puxo54,0,General marketplace,online selling,shipping delay; customer communication,A commenter asks the poster why they apologized for late shipping in their initial message.,high,reddit:t1_nvsz2r8
54,shipping_delivery,shipping,comment,https://www.reddit.com/r/Ebay/comments/1puxo54/buyer_freaking_out_in_chat,t1_nvt18j7,Ebay,buyer freaking out in chat,"Please note: Any response whatsoever to abuse merely validates and reinforces their behaviour. Report to eBay and don’t respond, regardless of what the issue is.",Glasgow73,188,,,2025-12-25T01:21:05Z,https://www.reddit.com/r/Ebay/comments/1puxo54/buyer_freaking_out_in_chat/,t3_1puxo54,0,General marketplace,online selling,buyer conflict; customer support,A user advises reporting abusive buyers to eBay and refusing to respond to validate bad behavior.,high,reddit:t1_nvt18j7
54,shipping_delivery,shipping,comment,https://www.reddit.com/r/Ebay/comments/1puxo54/buyer_freaking_out_in_chat,t1_nvsylf0,Ebay,buyer freaking out in chat,>it was shipped from mid state NY on the 17th When was it supposed to be shipped?,blockbuster1001,128,,,2025-12-25T01:00:57Z,https://www.reddit.com/r/Ebay/comments/1puxo54/buyer_freaking_out_in_chat/,t3_1puxo54,0,General marketplace,online selling,shipping delay; handling time,A commenter inquires when the package was originally scheduled to be shipped.,high,reddit:t1_nvsylf0
54,shipping_delivery,shipping,comment,https://www.reddit.com/r/Ebay/comments/1puxo54/buyer_freaking_out_in_chat,t1_nvt9v1a,Ebay,buyer freaking out in chat,I think it’s because OP said they shipped it a few days after it was bought ?,ConsequenceLost1286,83,,,2025-12-25T02:26:39Z,https://www.reddit.com/r/Ebay/comments/1puxo54/buyer_freaking_out_in_chat/,t1_nvsz2r8,1,General marketplace,online selling,shipping delay; customer communication,A commenter suggests the poster apologized because the item was shipped several days after purchase.,high,reddit:t1_nvt9v1a
54,shipping_delivery,shipping,comment,https://www.reddit.com/r/Ebay/comments/1puxo54/buyer_freaking_out_in_chat,t1_nvv4exc,Ebay,buyer freaking out in chat,"Since OP has abandoned this post and not provided any information, I’m locking it.",Mycatreallyhatesyou,1,,,2025-12-25T12:54:56Z,https://www.reddit.com/r/Ebay/comments/1puxo54/buyer_freaking_out_in_chat/,t3_1puxo54,0,General marketplace,online selling,moderation,A moderator announces they are locking the thread due to lack of updates from the original poster.,high,reddit:t1_nvv4exc
55,shipping_delivery,shipping,post,https://www.reddit.com/r/Ebay/comments/1ucp4o0/june_22_2026_usps_rate_update,,Ebay,"June 22, 2026: USPS Rate Update","Copied from the [Announcement](https://community.ebay.com/forum/news-updates-57927/topic/usps-rate-update-464092/) posted on eBay Community: *""USPS pricing has been updated, and you will see* ***lower Ground Advantage rates for most 3–5 lb shipments***\*. These rates are available now when purchasing USPS labels on eBay.""\* \---------- It now costs more to ship a 9 oz package than a 3 lb package in many cases. 🤯 \---------- Edit to answer some questions that keep coming up: ***Q: Can't I just put 3 lb on the label even if my package is 10 oz?*** A: Technically, yes, however you'll risk a cost adjustment coming through a couple weeks down the line. USPS APV is set up to charge/credit differences based on dimensions, weight, packaging, etc, so they *can* apply an adjustment. This is a pretty weird change; IMO it's too early to know if they *will* apply an adjustment for these cases. The system is automated, so ... it's a risk. *Edit Jul 2nd: see* [*this comment below*](https://www.reddit.com/r/Ebay/comments/1ucp4o0/comment/ov5aam9/) *- USPS is applying cost adjustments for under-declared weight.* ***Q: I'm seeing the change at 2 lb 1 oz, is that wrong? The announcement says 3 lb.*** A: That's correct. Once you hit 1 lb, USPS rates are tiered per pound. 2 lb 1 oz is rated at 3 lb, so if you're trying to meet the 3 lb weight class, 2 lb 1 oz will get the job done. ***Q: How could a 9 oz package cost more than a 3 lb package? You're making this up, aren't you?*** A: I don't joke when it comes to shipping rates. See for yourself if you don't believe me. Go to the eBay shipping calc and enter 7 x 7 x 7 dimensions and 8 oz weight. Now change it to 3 lb. Now change it to 10 oz. Now change it to 2 lb. ***Q: Why do I see the lower rates for most of my 3-5 lb packages, but some are higher?*** A: The added discount does not apply to all zips. Effective Sept 16, 2024, USPS stopped offering an added discount to low volume zips, typically referred to as ""rural."" The list makes up a large percent of the country, but an incredibly small percent of shipping volume (I think I read 10%-ish). For ""rural"" zips you'll see the standard [commercial discounted rates](https://pe.usps.com/text/dmm300/Notice123.htm#_c451) published in the USPS DMM with no additional discount. ***Q: Why would USPS want heavier packages?*** A: (Educated opinion): I don't think it's about them wanting heavier packages. I think it's because 3 lb - 5 lb is the sweet spot of business they lose to UPS / FedEx and USPS wants to become the dominant player. 2 lb and below USPS already dominates the market so they don't need to incentivize sellers on those weight classes. ***Q: Are these 3-5 lb Ground Advantage rates the same everywhere \[online\]?*** A: Looks like it. So far these rates are confirmed active on eBay, Etsy, PirateShip, Stamps .com, PayPal, Veeqo/Amazon, Walmart, and USPS Click N Ship. (Not really a Q but including it anyway.) ***Q: This doesn't make any sense.*** A: Correct. This is a completely illogical change. In my opinion, USPS should apply that same low rate to anything 9 oz - 2 lb instead of charging more for those packages. Sadly, that's not how it's set up right now. Maybe USPS will come to their senses and make that kind of adjustment with the upcoming July rate changes and alleviate this weird dilemma they've thrown at sellers. 🤞",wastingtime101-,382,0.98,226,2026-06-22T16:18:40Z,https://www.reddit.com/r/Ebay/comments/1ucp4o0/june_22_2026_usps_rate_update/,,,General marketplace,shipping,shipping rates; carrier policies,The author shares updates on USPS Ground Advantage pricing where 3-5 lb packages can cost less than lighter shipments.,high,reddit:t3_1ucp4o0
55,shipping_delivery,shipping,comment,https://www.reddit.com/r/Ebay/comments/1ucp4o0/june_22_2026_usps_rate_update,t1_ot5lf78,Ebay,"June 22, 2026: USPS Rate Update",About to start shipping action figures packed with rocks.,FarOutJunk,263,,,2026-06-22T16:36:54Z,https://www.reddit.com/r/Ebay/comments/1ucp4o0/june_22_2026_usps_rate_update/,t3_1ucp4o0,0,Toys/Collectibles,action figures,shipping,A commenter states they are about to start shipping action figures packed with rocks.,high,reddit:t1_ot5lf78
55,shipping_delivery,shipping,comment,https://www.reddit.com/r/Ebay/comments/1ucp4o0/june_22_2026_usps_rate_update,t1_ot5n06a,Ebay,"June 22, 2026: USPS Rate Update",“Free brick with purchase!”.,Mycatreallyhatesyou,144,,,2026-06-22T16:43:47Z,https://www.reddit.com/r/Ebay/comments/1ucp4o0/june_22_2026_usps_rate_update/,t1_ot5lf78,1,Toys/Collectibles,action figures,shipping,A user responds suggesting a free brick with purchase in the context of shipping action figures.,medium,reddit:t1_ot5n06a
55,shipping_delivery,shipping,comment,https://www.reddit.com/r/Ebay/comments/1ucp4o0/june_22_2026_usps_rate_update,t1_ot5s67e,Ebay,"June 22, 2026: USPS Rate Update",this makes no sense lol,jrr6415sun,72,,,2026-06-22T17:06:11Z,https://www.reddit.com/r/Ebay/comments/1ucp4o0/june_22_2026_usps_rate_update/,t3_1ucp4o0,0,General marketplace,shipping,unclear reaction; shipping rates,A user expresses that the USPS shipping rate change makes no sense.,high,reddit:t1_ot5s67e
55,shipping_delivery,shipping,comment,https://www.reddit.com/r/Ebay/comments/1ucp4o0/june_22_2026_usps_rate_update,t1_ot63dlp,Ebay,"June 22, 2026: USPS Rate Update",Rock sales right now 📈,Interesting-Trip-119,64,,,2026-06-22T17:53:18Z,https://www.reddit.com/r/Ebay/comments/1ucp4o0/june_22_2026_usps_rate_update/,t3_1ucp4o0,0,General marketplace,shipping,unclear reaction,A user comments that rock sales are increasing in response to USPS shipping price structures.,medium,reddit:t1_ot63dlp
55,shipping_delivery,shipping,comment,https://www.reddit.com/r/Ebay/comments/1ucp4o0/june_22_2026_usps_rate_update,t1_ot5mlda,Ebay,"June 22, 2026: USPS Rate Update",Do we have to pad out shipments now. Or can we just enter 3lbs ifits cheaper than 8oz.,LieutenantHammer,47,,,2026-06-22T16:42:00Z,https://www.reddit.com/r/Ebay/comments/1ucp4o0/june_22_2026_usps_rate_update/,t3_1ucp4o0,0,General marketplace,shipping,shipping rates; seller questions,A commenter asks whether sellers must pad shipments or simply enter 3 lbs if it is cheaper than 8 oz.,high,reddit:t1_ot5mlda
56,shipping_delivery,shipping,post,https://www.reddit.com/r/Ebay/comments/1u2j162/ebay_authenticator_makes_a_mistake_costs_me_a_750,,Ebay,"eBay authenticator makes a mistake, costs me a $750 sale","I sold a Pokemon card on ebay recently- and because of the listing value (>$250) it has to go through authenticity guarantee. Ok no problem. After the sale is made, i ship it to the authenticator- who after 'inspecting' uploads a picture showing a very noticeable white scuff on the top left corner of the back (which wasn't there before) Artifact 1: https://preview.redd.it/6v50890wlj6h1.png?width=738&format=png&auto=webp&s=04ee1657c4652db9266ee210a80080b881cbb357 The customer is informed about this (as am I)- and the customer is given the option to continue with the purchase, ask for a partial refund or cancel. They canceled. Ok fair, I would too in their POV. I spoke to an agent about this because the card didn't have that when I sent it in, I was frustrated but just wanted to get some remediation at this point. Was told I should wait til the card is returned to me, in case theres any further damage and we can discuss reimbursement options. I get the card back, and it looks like this: Artifact 2: https://preview.redd.it/jei1doz7mj6h1.png?width=1200&format=png&auto=webp&s=188964cedb5aa07ec4b8b6e79f77f143d8ad3311 The top left corner is in BETTER condition than what the authenticator submitted (and is consistent with what I had listed it as). I spoke to another agent today, long story short was told nothing they can do, I already refunded the customer therefore case is already closed (wasn't even told a case was opened) blah blah, ate the shipping fee also and overall just a shitty, unreliable experience. Ebay authenticators, you're better than this. For those reading- if you ever go through something similar, apparently you should NOT refund or reimburse the customer until AFTER you receive the card back in your hands to ""continue the case"".",job_hunter17,378,0.9,87,2026-06-10T23:53:12Z,https://www.reddit.com/r/Ebay/comments/1u2j162/ebay_authenticator_makes_a_mistake_costs_me_a_750/,,,TCG/Pokemon,Pokemon cards,eBay Authenticity Guarantee; seller dispute,"A seller claims an eBay authenticator misidentified corner condition on a Pokemon card, leading to a cancelled $750 sale.",high,reddit:t3_1u2j162
56,shipping_delivery,shipping,comment,https://www.reddit.com/r/Ebay/comments/1u2j162/ebay_authenticator_makes_a_mistake_costs_me_a_750,t1_oqxuzfk,Ebay,"eBay authenticator makes a mistake, costs me a $750 sale","The first photo looks like a white scuff because of the lighting - in actuality, it is a bend shown on an angle. That angle of view is used for bends and dents because it allows the light to show the change in direction/break in card gloss, so that you can easily see the bend or dent. So it isn't that the corner is scuffed white, its that there is an actual bend in that corner, not quite creased but close to it, and the whiteness is how the light shines on it from that camera angle. The second photo shows the card dead-on with poor lighting. Without direct light and an angle, bends like that are impossible to see. I would ask you to submit a photo of the card in your hand with direct light at an angle and you should see the bend. I believe they are the same card, there is a telltale top edge issue just above the ""K"" in both photos, though it isn't super clear. If there is no bend on your card then perhaps the authenticators submitted the wrong photo, but from my experience chatting with authenticators about the process I believe that that is extremely unlikely.",CardLogx,146,,,2026-06-11T00:08:33Z,https://www.reddit.com/r/Ebay/comments/1u2j162/ebay_authenticator_makes_a_mistake_costs_me_a_750/,t3_1u2j162,0,TCG/Pokemon,Pokemon cards,condition assessment; eBay Authenticity Guarantee,"The commenter argues the authenticator's photo captured an angled corner bend rather than a white scuff, explaining lighting differences.",high,reddit:t1_oqxuzfk
56,shipping_delivery,shipping,comment,https://www.reddit.com/r/Ebay/comments/1u2j162/ebay_authenticator_makes_a_mistake_costs_me_a_750,t1_oqxwr3t,Ebay,"eBay authenticator makes a mistake, costs me a $750 sale",Let him think the authenticator bent the card then unbent it to make him lose the sale.,_cansir,88,,,2026-06-11T00:18:51Z,https://www.reddit.com/r/Ebay/comments/1u2j162/ebay_authenticator_makes_a_mistake_costs_me_a_750/,t1_oqxuzfk,1,TCG/Pokemon,Pokemon cards,authenticator skepticism,The commenter sarcastically suggests leaving the original poster to believe the authenticator intentionally bent and unbent the card.,high,reddit:t1_oqxwr3t
56,shipping_delivery,shipping,comment,https://www.reddit.com/r/Ebay/comments/1u2j162/ebay_authenticator_makes_a_mistake_costs_me_a_750,t1_oqy1q14,Ebay,"eBay authenticator makes a mistake, costs me a $750 sale","This looks like EBay authentication doing its job properly. If the card has a bent corner that isn’t shown in the listing photos, then that is a valid concern. And to OP: they probably saved you the headache of a INAD return and/or negative feedback.",Due-Landscape1658,48,,,2026-06-11T00:47:49Z,https://www.reddit.com/r/Ebay/comments/1u2j162/ebay_authenticator_makes_a_mistake_costs_me_a_750/,t1_oqxuzfk,1,TCG/Pokemon,Pokemon cards,eBay Authenticity Guarantee; item not as described,The commenter states eBay authentication functioned properly and likely saved the seller from an INAD return or negative feedback.,high,reddit:t1_oqy1q14
56,shipping_delivery,shipping,comment,https://www.reddit.com/r/Ebay/comments/1u2j162/ebay_authenticator_makes_a_mistake_costs_me_a_750,t1_oqxz8yk,Ebay,"eBay authenticator makes a mistake, costs me a $750 sale",LOL happens to the best of us.,CardLogx,19,,,2026-06-11T00:33:33Z,https://www.reddit.com/r/Ebay/comments/1u2j162/ebay_authenticator_makes_a_mistake_costs_me_a_750/,t1_oqxwr3t,2,TCG/Pokemon,Pokemon cards,seller experience,The commenter laughs and remarks that such situations happen to everyone.,low,reddit:t1_oqxz8yk
57,shipping_delivery,shipping,post,https://www.reddit.com/r/Ebay/comments/1ug5dkn/im_being_targeted_by_someone_who_keeps_buying_and,,Ebay,I’m being targeted by someone who keeps buying and canceling,"I am selling one item that this person kept sending the worst lowball offers on so I ignored them and just let the offers sit and expire. Then they messaged me more trying to combine multiple items I had for an even worse deal, so I ignored that too. Then finally they purchased the original item for the listing price. Next morning before I can ship they request it to be cancelled saying they bought it by mistake. I cancel it and message them that I am blocking them now(I know I shouldn’t have done that part, I was just really annoyed). Now 0 feedback accounts have purchased 10 other items and submitted cancellation requests on all of them immediately stating “wrong shipping address”. They are brand new accounts just created. So it seems obvious it’s that person. Is there anything that can be done to stop this? As I’m typing this another one just came through.",Bucketonbucket,376,0.95,148,2026-06-26T12:25:24Z,https://www.reddit.com/r/Ebay/comments/1ug5dkn/im_being_targeted_by_someone_who_keeps_buying_and/,,,General marketplace,,Buyer Harassment; Order Cancellations,A seller asks how to stop a blocked lowballer who is allegedly making new accounts to repeatedly buy and cancel items.,high,reddit:t3_1ug5dkn
57,shipping_delivery,shipping,comment,https://www.reddit.com/r/Ebay/comments/1ug5dkn/im_being_targeted_by_someone_who_keeps_buying_and,t1_otx3wwn,Ebay,I’m being targeted by someone who keeps buying and canceling,"Contact eBay CS, ask for a live agent, then ask for the trust and safety team. Give them every order number.",airplanesandmusic,212,,,2026-06-26T12:31:21Z,https://www.reddit.com/r/Ebay/comments/1ug5dkn/im_being_targeted_by_someone_who_keeps_buying_and/,t3_1ug5dkn,0,General marketplace,,Customer Support; Fraud Reporting,The commenter advises contacting eBay live support and asking for the trust and safety team with all order numbers.,high,reddit:t1_otx3wwn
57,shipping_delivery,shipping,comment,https://www.reddit.com/r/Ebay/comments/1ug5dkn/im_being_targeted_by_someone_who_keeps_buying_and,t1_otx9eak,Ebay,I’m being targeted by someone who keeps buying and canceling,"To chime in on this, ebay can and will look at the I.P addresses to verify if they are all being operated under the same internet connection. Which can end up in an I.P ban for this individual if ebay deems their intentions to be malicious & if they are being operated by the same person.",JMandBY,149,,,2026-06-26T12:59:49Z,https://www.reddit.com/r/Ebay/comments/1ug5dkn/im_being_targeted_by_someone_who_keeps_buying_and/,t1_otx3wwn,1,General marketplace,,Account Bans; Platform Investigation,The commenter states that eBay can check IP addresses to verify shared connections and potentially issue an IP ban for malicious intent.,high,reddit:t1_otx9eak
57,shipping_delivery,shipping,comment,https://www.reddit.com/r/Ebay/comments/1ug5dkn/im_being_targeted_by_someone_who_keeps_buying_and,t1_otx49s9,Ebay,I’m being targeted by someone who keeps buying and canceling,"Make a note of every account being used, block them all then report to eBay. Get through to a real rep, don’t deal with their Ai, it won’t be able to deal with this. eBay might block their ip address over this",DaftVapour,59,,,2026-06-26T12:33:16Z,https://www.reddit.com/r/Ebay/comments/1ug5dkn/im_being_targeted_by_someone_who_keeps_buying_and/,t3_1ug5dkn,0,General marketplace,,Customer Support; Account Blocking,"The commenter recommends recording every account, blocking them, and speaking to a human eBay representative to report the harassment.",high,reddit:t1_otx49s9
57,shipping_delivery,shipping,comment,https://www.reddit.com/r/Ebay/comments/1ug5dkn/im_being_targeted_by_someone_who_keeps_buying_and,t1_otx9wp6,Ebay,I’m being targeted by someone who keeps buying and canceling,I’m doing this right now,Bucketonbucket,41,,,2026-06-26T13:02:24Z,https://www.reddit.com/r/Ebay/comments/1ug5dkn/im_being_targeted_by_someone_who_keeps_buying_and/,t1_otx3wwn,1,General marketplace,,Customer Support,The author states they are currently following the advice to contact eBay customer support.,high,reddit:t1_otx9wp6
57,shipping_delivery,shipping,comment,https://www.reddit.com/r/Ebay/comments/1ug5dkn/im_being_targeted_by_someone_who_keeps_buying_and,t1_ou48rp3,Ebay,I’m being targeted by someone who keeps buying and canceling,Locking because of the amount of comments telling OP to block zero feedback users. YOU CANNOT BLOCK NEW ACCOUNTS.,Mycatreallyhatesyou,1,,,2026-06-27T12:36:31Z,https://www.reddit.com/r/Ebay/comments/1ug5dkn/im_being_targeted_by_someone_who_keeps_buying_and/,t3_1ug5dkn,0,General marketplace,,Moderation Action; Platform Features,"A moderator locks the thread, stating that users cannot block new or zero-feedback accounts on the platform.",high,reddit:t1_ou48rp3
58,shipping_delivery,shipping,post,https://www.reddit.com/r/Ebay/comments/1tf7g64/today_i_received_my_first_negative_rating_and_im,,Ebay,Today I received my first negative rating and I'm speechless,"The buyer made his order on Saturday at 2pm. My process time is set at 2 workdays. On Monday I gave the Order to the Post Office and on that same day, the shipment was processed at the postal center. Now he gave me a negative rating because the shipment was too slow. He ordered on Saturday, on Monday I shipped the goods and apparently it was delivered 4 days later. So what would you say - is this rating justified? I'm a bit speechless right now about how impatient some people are. I'm not Amazon Prime...",Electronic_Match_223,362,0.93,214,2026-05-16T22:25:32Z,https://www.reddit.com/r/Ebay/comments/1tf7g64/today_i_received_my_first_negative_rating_and_im/,,,General marketplace,e-commerce,negative feedback; shipping speed,A seller questions whether a negative rating for slow shipping is justified after fulfilling a weekend order on Monday.,high,reddit:t3_1tf7g64
58,shipping_delivery,shipping,comment,https://www.reddit.com/r/Ebay/comments/1tf7g64/today_i_received_my_first_negative_rating_and_im,t1_om7id1l,Ebay,Today I received my first negative rating and I'm speechless,"Did the negative feedback explicitly say shipping speed too slow? If so, you can dispute it",Prize_Avocado_8552,157,,,2026-05-16T22:28:22Z,https://www.reddit.com/r/Ebay/comments/1tf7g64/today_i_received_my_first_negative_rating_and_im/,t3_1tf7g64,0,General marketplace,e-commerce,feedback dispute,"A commenter asks if the feedback explicitly cited shipping speed, noting it can be disputed if so.",high,reddit:t1_om7id1l
58,shipping_delivery,shipping,comment,https://www.reddit.com/r/Ebay/comments/1tf7g64/today_i_received_my_first_negative_rating_and_im,t1_om7jd16,Ebay,Today I received my first negative rating and I'm speechless,"Yes he said the shipping speed was too slow. I already opened a dispute and hope it gets removed, since the tracking proves that I was in time.",Electronic_Match_223,129,,,2026-05-16T22:34:19Z,https://www.reddit.com/r/Ebay/comments/1tf7g64/today_i_received_my_first_negative_rating_and_im/,t1_om7id1l,1,General marketplace,e-commerce,feedback dispute; tracking,"The author confirms opening a dispute to remove the negative review, citing tracking that proves on-time shipping.",high,reddit:t1_om7jd16
58,shipping_delivery,shipping,comment,https://www.reddit.com/r/Ebay/comments/1tf7g64/today_i_received_my_first_negative_rating_and_im,t1_om7p270,Ebay,Today I received my first negative rating and I'm speechless,"You couldn't have possibly gotten it to the post office any faster. Even if you printed the label, packaged and dropped it in the box it wouldn't have moved until Monday...",QueensCity,103,,,2026-05-16T23:07:46Z,https://www.reddit.com/r/Ebay/comments/1tf7g64/today_i_received_my_first_negative_rating_and_im/,t1_om7jd16,2,General marketplace,shipping,handling time; carrier schedules,A commenter states the package could not have moved faster over the weekend until Monday anyway.,high,reddit:t1_om7p270
58,shipping_delivery,shipping,comment,https://www.reddit.com/r/Ebay/comments/1tf7g64/today_i_received_my_first_negative_rating_and_im,t1_om81c21,Ebay,Today I received my first negative rating and I'm speechless,I think a lot of people these days don’t know what business days are anymore.,ScooberSTi,83,,,2026-05-17T00:22:23Z,https://www.reddit.com/r/Ebay/comments/1tf7g64/today_i_received_my_first_negative_rating_and_im/,t1_om7z88v,4,General marketplace,e-commerce,business days; buyer expectations,A commenter observes that many buyers no longer understand the concept of business days.,high,reddit:t1_om81c21
58,shipping_delivery,shipping,comment,https://www.reddit.com/r/Ebay/comments/1tf7g64/today_i_received_my_first_negative_rating_and_im,t1_om7z88v,Ebay,Today I received my first negative rating and I'm speechless,Wonder if buyer realizes the post office is closed on Sundays...,_cansir,55,,,2026-05-17T00:09:13Z,https://www.reddit.com/r/Ebay/comments/1tf7g64/today_i_received_my_first_negative_rating_and_im/,t1_om7p270,3,General marketplace,shipping,postal operations,A commenter wonders if the buyer knows the post office is closed on Sundays.,high,reddit:t1_om7z88v
59,shipping_delivery,shipping,post,https://www.reddit.com/r/Ebay/comments/1v31kwz/the_rumors_are_true,,Ebay,The rumors are true...,"Just got my first shipping adjustment. The sad thing is all I had to do was add 3 oz and I would have been fine. I think this was an item I had already packaged up and I just said f it, let's see what happens.",bigtopjimmi,359,0.94,184,2026-07-22T01:22:11Z,https://www.reddit.com/r/Ebay/comments/1v31kwz/the_rumors_are_true/,,,General marketplace,Shipping,Shipping adjustment; Postage weight,The poster reports receiving their first shipping adjustment after not adding 3 ounces to an already packaged item.,high,reddit:t3_1v31kwz
59,shipping_delivery,shipping,comment,https://www.reddit.com/r/Ebay/comments/1v31kwz/the_rumors_are_true,t1_oz0o4oo,Ebay,The rumors are true...,Haven't kept up on the new USPS charges. So if I'm reading this right you paid for 3lbs but it actually weighs 1lb 14oz and they say you didn't pay enough?,jpeckinp23,148,,,2026-07-22T05:10:11Z,https://www.reddit.com/r/Ebay/comments/1v31kwz/the_rumors_are_true/,t3_1v31kwz,0,General marketplace,Shipping,USPS rates; Shipping weight,A commenter asks for clarification on whether USPS adjusted rates because a package paid at 3 pounds weighed less.,high,reddit:t1_oz0o4oo
59,shipping_delivery,shipping,comment,https://www.reddit.com/r/Ebay/comments/1v31kwz/the_rumors_are_true,t1_oz0pbwr,Ebay,The rumors are true...,The new USPS rates are significantly cheaper for 3 and 4lb than it is for 1 and 2lb.,dre2112,133,,,2026-07-22T05:19:14Z,https://www.reddit.com/r/Ebay/comments/1v31kwz/the_rumors_are_true/,t1_oz0o4oo,1,General marketplace,Shipping,USPS rates; Shipping costs,A commenter states that new USPS rates are significantly cheaper for packages weighing three and four pounds than lighter weights.,high,reddit:t1_oz0pbwr
59,shipping_delivery,shipping,comment,https://www.reddit.com/r/Ebay/comments/1v31kwz/the_rumors_are_true,t1_oz0p7lo,Ebay,The rumors are true...,"Yea 2.1 - 4lb packages are now same rate as 8 Oz in an attempt to steal business from ups/fed ex. So people are putting 2-3lbs on everything over 8 ounces for the cheaper rate. Some will double box or add enough cardboard to get it right. Others that don't are getting caught like op (just some, I haven't been hit)",Meh24999,94,,,2026-07-22T05:18:18Z,https://www.reddit.com/r/Ebay/comments/1v31kwz/the_rumors_are_true/,t1_oz0o4oo,1,General marketplace,Shipping,USPS rates; Package weight,A commenter explains people declare higher weights to get cheaper USPS rates and pad packages to meet the weight.,high,reddit:t1_oz0p7lo
59,shipping_delivery,shipping,comment,https://www.reddit.com/r/Ebay/comments/1v31kwz/the_rumors_are_true,t1_oz0xa2p,Ebay,The rumors are true...,Free bag of gravel with every order!,meyouseek,82,,,2026-07-22T06:20:30Z,https://www.reddit.com/r/Ebay/comments/1v31kwz/the_rumors_are_true/,t3_1v31kwz,0,General marketplace,Shipping,Package weight,A commenter quips about including a free bag of gravel with every order to add weight.,medium,reddit:t1_oz0xa2p
59,shipping_delivery,shipping,comment,https://www.reddit.com/r/Ebay/comments/1v31kwz/the_rumors_are_true,t1_oz0zb3v,Ebay,The rumors are true...,Start double boxing ur items guys lol,officialuknow,34,,,2026-07-22T06:36:43Z,https://www.reddit.com/r/Ebay/comments/1v31kwz/the_rumors_are_true/,t3_1v31kwz,0,General marketplace,Shipping,Packaging advice; Package weight,A commenter suggests double boxing items to add package weight.,high,reddit:t1_oz0zb3v
60,fees_payments_holds,fees,post,https://www.reddit.com/r/Ebay/comments/1s4efdb/desperate_returned_3000_item_to_seller_but_he,,Ebay,"Desperate: returned $3000 item to seller but he won't refund, eBay sided with him.","I did something very stupid. After ordering a used(!) equipment item I need for my small business I was hit with a 50% import duty. I was expecting it to be only 10% based on the custom's office own online calculator. So panicking I asked DHL if I could send the item back to the seller without paying the duty. They said no problem and within 1 hour they cancelled the custom clearance and started the return shipping process. I let the seller know, thinking it wouldn't be a huge problem because they offered a 30 days free return anyway. He told me that because I didn't accept the item it was technically undeliverable to me so he doesn't have to refund me, as per eBay policy. (I was not aware of this policy when I made the order). At this point I tried to contact DHL again and ask them to send the item to me, saying I would pay the duty and then do a normal return process. But the customs office refused to cancel the return and the item just went back to the seller. I have proof of return delivery with the seller signature. I opened a case with eBay but they closed it, siding with the seller. I am trying to convince the seller to keep a 200$ shipping fee + 100$ restocking fee and refund me the rest as there was no inventory loss. (He got the item back in less than 4 days). But he keeps telling me he doesn't owe me anything. How likely am I to succeed if I file for charge back through my credit card company? The bank said the decision will be handled by MasterCard and once they make a decision they won't go back to it. (I'm already traumatised by eBay closing the case immediately without asking me any questions...) Technically the eBay's terms and conditions are clear so I am at fault but from a transaction standpoint the seller had no inventory loss and is keeping my $3000. Please help me...",andrea_jpeg,342,0.79,139,2026-03-26T17:44:04Z,https://www.reddit.com/r/Ebay/comments/1s4efdb/desperate_returned_3000_item_to_seller_but_he/,,,General marketplace,business equipment,returns; import duties,"A buyer seeks advice after refusing an international shipment due to customs duties, leading eBay to deny their refund request.",high,reddit:t3_1s4efdb
60,fees_payments_holds,fees,comment,https://www.reddit.com/r/Ebay/comments/1s4efdb/desperate_returned_3000_item_to_seller_but_he,t1_ocmg0aj,Ebay,"Desperate: returned $3000 item to seller but he won't refund, eBay sided with him.",Ebay policy is pretty clear on this. Your only recourse is a charge back I think,CurvingZebra,396,,,2026-03-26T18:00:05Z,https://www.reddit.com/r/Ebay/comments/1s4efdb/desperate_returned_3000_item_to_seller_but_he/,t3_1s4efdb,0,General marketplace,business equipment,chargeback; platform policy,A commenter states eBay policy is clear on the matter and suggests a chargeback is the buyer's only recourse.,high,reddit:t1_ocmg0aj
60,fees_payments_holds,fees,comment,https://www.reddit.com/r/Ebay/comments/1s4efdb/desperate_returned_3000_item_to_seller_but_he,t1_ocmqm5e,Ebay,"Desperate: returned $3000 item to seller but he won't refund, eBay sided with him.",And one of this size is definitely going to get his account banned,egg_static5,251,,,2026-03-26T18:48:36Z,https://www.reddit.com/r/Ebay/comments/1s4efdb/desperate_returned_3000_item_to_seller_but_he/,t1_ocmg0aj,1,General marketplace,business equipment,account suspension; chargeback,A user warns that a chargeback of that dollar amount will definitely result in an account ban.,high,reddit:t1_ocmqm5e
60,fees_payments_holds,fees,comment,https://www.reddit.com/r/Ebay/comments/1s4efdb/desperate_returned_3000_item_to_seller_but_he,t1_ocmuwjt,Ebay,"Desperate: returned $3000 item to seller but he won't refund, eBay sided with him.","I would say that there is a high likelihood if the buyer doesnt have a history of high dollar (successful) transactions. at $3000, its ebays high dollar claims department that will handle the case. But in the buyers situation, $3k is no small amount, and probably worth it to them to get the money back. I do understand the buyer point of view and frustration, but also understand why the seller is playing strictly according to the rule book. It's like when someone threatens to sue - all potential negotiation and goodwill gestures is out the window, and everyone says and does everything according to the rule book.",123supreme123,95,,,2026-03-26T19:08:14Z,https://www.reddit.com/r/Ebay/comments/1s4efdb/desperate_returned_3000_item_to_seller_but_he/,t1_ocmqm5e,2,General marketplace,business equipment,chargeback; dispute resolution,"A commenter evaluates the likelihood of an account ban, noting eBay's handling of large claims and seller adherence to rules.",high,reddit:t1_ocmuwjt
60,fees_payments_holds,fees,comment,https://www.reddit.com/r/Ebay/comments/1s4efdb/desperate_returned_3000_item_to_seller_but_he,t1_ocmipfp,Ebay,"Desperate: returned $3000 item to seller but he won't refund, eBay sided with him.","Ebay considers what you did refusal of delivery. So, your only option is a chargeback and you will most likely win all or most of your money back. Ebay may put restrictions on your account and they can suspend it, but my guess would be an online shopping market slap on the wrist and it will just get documented internally.",SubZeroIsCool,70,,,2026-03-26T18:12:19Z,https://www.reddit.com/r/Ebay/comments/1s4efdb/desperate_returned_3000_item_to_seller_but_he/,t3_1s4efdb,0,General marketplace,business equipment,chargeback; delivery refusal,"A commenter explains that refusal of delivery leaves a chargeback as the main option, predicting the buyer will likely win.",high,reddit:t1_ocmipfp
60,fees_payments_holds,fees,comment,https://www.reddit.com/r/Ebay/comments/1s4efdb/desperate_returned_3000_item_to_seller_but_he,t1_ocmxkyy,Ebay,"Desperate: returned $3000 item to seller but he won't refund, eBay sided with him.","Bank will rule in your favor. But yes Ebay sides with seller when buyer refuses delivery. Two things can be true at once: 1) seller should have refunded you out of ethics. It’s wrong, and that’s why the bank will side with you. Or the law would, except that’s a whole mess with seller being overseas 2) buyers should do their research before importing an item, on the current tariff rates, especially with everything going on. You have no idea how annoying it is when you sell an item and the buyer is overseas and they “didn’t know how much customs was.” From the seller’s perspective, your customs situation is a problem between you and your country and they should not have anything to do with it or be hurt by it (in this case, be responsible for hundreds of dollars in shipping)",thecosmojane,48,,,2026-03-26T19:20:42Z,https://www.reddit.com/r/Ebay/comments/1s4efdb/desperate_returned_3000_item_to_seller_but_he/,t3_1s4efdb,0,General marketplace,business equipment,chargeback; import duties,"A commenter expects the bank to rule for the buyer, while noting eBay's policy on refused delivery and seller frustrations.",high,reddit:t1_ocmxkyy
61,fees_payments_holds,fees,post,https://www.reddit.com/r/Ebay/comments/1vv6e60/found_my_undelivered_pokemon_cards_being_sold_by,,Ebay,Found my undelivered pokemon cards being sold by another seller on Ebay (25k worth),"So to cut it short as i have another post regarding this and don’t know how to bump it back up, but here it is. On the 9th of August i won an Auction for Pokemon cards nearly 25,000 AUD worth & paid the seller 10th of August in the early morning, the seller then messages me and says he will not ship the cards due to incorrect shipping fee charges & i should request a refund….which i waited until after the estimated delivery date and submitted IND & now awaiting for a refund or for Ebay to kick in not sure how it works im new to this, IND submitted 19th or 20th. The seller is in Australia & i the buyer am in Australia, before i purchased i had the seller prove he had the cards in hand as i requested time stamps and more photos. Now i found the same cards on Ebay listed by a seller in United States, Same Cert Same cards different photos. My Cards….. Edit; The new seller is the person that lost the winning bid to me i have just figured it out…… Update: 27/AUG/2026 Ebay has stepped in and refunded my money which they said could take another 7-10 days.",SatisfactionWhich465,254,0.88,99,2026-08-22T08:06:02Z,https://www.reddit.com/r/Ebay/comments/1vv6e60/found_my_undelivered_pokemon_cards_being_sold_by/,,,TCG/Pokemon,Pokemon cards,non-delivery; refunds,A buyer reports an undelivered high-value Pokemon card purchase where eBay eventually intervened to issue a refund.,high,reddit:t3_1vv6e60
61,fees_payments_holds,fees,comment,https://www.reddit.com/r/Ebay/comments/1vv6e60/found_my_undelivered_pokemon_cards_being_sold_by,t1_p578e4d,Ebay,Found my undelivered pokemon cards being sold by another seller on Ebay (25k worth),Sounds like the account in Australia might be a scammer and possibly legit one in us that they stole pictures from,decjr06,78,,,2026-08-22T11:17:09Z,https://www.reddit.com/r/Ebay/comments/1vv6e60/found_my_undelivered_pokemon_cards_being_sold_by/,t3_1vv6e60,0,TCG/Pokemon,Pokemon cards,scams; listing fraud,The commenter suggests the Australian seller might be a scammer using stolen photos from a legitimate US listing.,high,reddit:t1_p578e4d
61,fees_payments_holds,fees,comment,https://www.reddit.com/r/Ebay/comments/1vv6e60/found_my_undelivered_pokemon_cards_being_sold_by,t1_p56mj7x,Ebay,Found my undelivered pokemon cards being sold by another seller on Ebay (25k worth),you should’ve opened a Item not received!,BallParticular4130,45,,,2026-08-22T08:13:48Z,https://www.reddit.com/r/Ebay/comments/1vv6e60/found_my_undelivered_pokemon_cards_being_sold_by/,t3_1vv6e60,0,TCG/Pokemon,Pokemon cards,buyer dispute; marketplace procedures,The commenter advises that the buyer should have opened an Item Not Received case.,high,reddit:t1_p56mj7x
61,fees_payments_holds,fees,comment,https://www.reddit.com/r/Ebay/comments/1vv6e60/found_my_undelivered_pokemon_cards_being_sold_by,t1_p56nt2l,Ebay,Found my undelivered pokemon cards being sold by another seller on Ebay (25k worth),"They did open an INR (item not received). I've noticed lately a handful of people saying IND (item not delivered) which gets confusing because of INAD (item not as described). OP, no idea what you're asking here, or if you're just venting. You opened the INR so go back to it on the date eBay shows and ask them to step in if the seller doesn't voluntarily refund before then. This info is on eBay help pages or easily googled.",wastingtime101-,25,,,2026-08-22T08:24:57Z,https://www.reddit.com/r/Ebay/comments/1vv6e60/found_my_undelivered_pokemon_cards_being_sold_by/,t1_p56mj7x,1,TCG/Pokemon,Pokemon cards,buyer dispute; marketplace procedures,The commenter clarifies the buyer already filed an INR case and explains the next steps for eBay's intervention.,high,reddit:t1_p56nt2l
61,fees_payments_holds,fees,comment,https://www.reddit.com/r/Ebay/comments/1vv6e60/found_my_undelivered_pokemon_cards_being_sold_by,t1_p57t7av,Ebay,Found my undelivered pokemon cards being sold by another seller on Ebay (25k worth),"I think they're both scammers. There's no reason not to just fully refund the customer in this situation, the only reason you'd make them do an INR instead would be to drag out time. Time for payments to process. I'd bet they're both compromised profiles by the same person. A new profile can't get paid out until well after a sale has been delivered. Established selling profiles get paid in about 48 hours whether the sale has shipped or not. My guess is they're accessing established profiles and snatching the cash. At least eBay will handle the refund, so that part isn't an issue unless the scammer knows how to play the automated system. They would still get their refund it would just take longer.",NeroTheTyrade,21,,,2026-08-22T13:24:23Z,https://www.reddit.com/r/Ebay/comments/1vv6e60/found_my_undelivered_pokemon_cards_being_sold_by/,t1_p578e4d,1,TCG/Pokemon,Pokemon cards,scams; payout policy,The commenter theorizes both accounts may be compromised profiles controlled by a scammer attempting to delay payouts.,high,reddit:t1_p57t7av
61,fees_payments_holds,fees,comment,https://www.reddit.com/r/Ebay/comments/1vv6e60/found_my_undelivered_pokemon_cards_being_sold_by,t1_p57kkkd,Ebay,Found my undelivered pokemon cards being sold by another seller on Ebay (25k worth),Buying or Selling something worth that much on eBay is a risk I wish I had the means for.,ryanlee1981,10,,,2026-08-22T12:35:57Z,https://www.reddit.com/r/Ebay/comments/1vv6e60/found_my_undelivered_pokemon_cards_being_sold_by/,t3_1vv6e60,0,General marketplace,high-value transactions,platform risk,The commenter remarks on the significant financial risk of buying or selling very high-value items on eBay.,high,reddit:t1_p57kkkd
62,fees_payments_holds,fees,post,https://www.reddit.com/r/Ebay/comments/1qjabr7/recieved_a_refund_for_an_item_over_a_year_ago_now,,Ebay,"Recieved a refund for an item over a year ago, now a collections agency is asking for $1500!!!","In 2024 my car's timing chain went loose. I tried replacing it myself, but didn't do a great job. I hired a mechanic friend to replace the engine for me in his spare time. I found a used, but confirmed working, lower mileage engine from a salvage yard ebay seller. They said they would ship same day or next day in the Ebay ad, and I needed the engine in time for the weekend, since that was my friends only availability for the next month. I made the purchase and was contacted by the ebay seller to provide my address for the shipper. I gave the shipper all requested info, including the address to the shipping location, a garrage in a residential location that my mechanc friend rents from time to time. The engine was not shipped same day or the next day. It was shipped 1 day late, and as a result did not arrive in time for the weekend. Luckily, my friend still inspected the original engine and found that I had not damaged it as much as I had thought. He was able to complete the repair properly without needing to swap in a new engine. Since the engine I had purchased was not shipped on time and arrived late, I opened a dispute with ebay to return the item. The dispute was decided in my favor, and the item was returned to the seller via the same shipping company. I recieved a full refund. The Ebay seller arranged the return shipment. At no point did I ever agree to pay shipping costs. Now, over a year later, the owner of the garage that received the engine is being sent letters from a collections agency requiring over $1500 for the return shipping! The original cost of the engine with shipping included from the Ebay seller was only $1100. I'm not sure why the return shipping would cost this much. They obviously have the wrong information about who is responsible for the payment, since the garage owner is in no way related to the purchase or return other than being the delivery and pickup location. The Ebay seller seems to have charged the shipping fees to me without my consent, or without ever informing me of any necessary payment. The collections agency lists the freight company as the creditor of the amount owed, not the Ebay seller. I assume the Ebay seller stiffed them on the return fee. That said, the garage owner is still worried about this impacting his credit, and I'm not sure what to do in this situation. Has anyone ever had a similar experience or know what I should do? Should I contact Ebay support? For anyone familiar with freight billing, this appears to be a case where the seller or carrier attempted to bill freight charges to the delivery address instead of the seller or the buyer. Does anyone know if freight can legally be billed to a third-party recipient without a signed Bill of Lading or contract? The garage had no involvement besides being the shipping location.",c3powil,221,0.83,185,2026-01-21T21:08:36Z,https://www.reddit.com/r/Ebay/comments/1qjabr7/recieved_a_refund_for_an_item_over_a_year_ago_now/,,,Other / emerging,car engine; auto parts,freight shipping debt; dispute refund,Poster asks for advice after a garage receives a collections notice for returned engine freight costs.,high,reddit:t3_1qjabr7
62,fees_payments_holds,fees,comment,https://www.reddit.com/r/Ebay/comments/1qjabr7/recieved_a_refund_for_an_item_over_a_year_ago_now,t1_o0xpzor,Ebay,"Recieved a refund for an item over a year ago, now a collections agency is asking for $1500!!!","My two cents, if you order something that has to be delivered in a short period, you're likely headed for trouble. And an engine that has to ship as freight? Totally nuts. This is the result.",trader45nj,128,,,2026-01-21T21:59:30Z,https://www.reddit.com/r/Ebay/comments/1qjabr7/recieved_a_refund_for_an_item_over_a_year_ago_now/,t3_1qjabr7,0,Other / emerging,car engine; auto parts,delivery expectations; freight shipping,Commenter states ordering a freight engine under a tight delivery deadline invites trouble.,high,reddit:t1_o0xpzor
62,fees_payments_holds,fees,comment,https://www.reddit.com/r/Ebay/comments/1qjabr7/recieved_a_refund_for_an_item_over_a_year_ago_now,t1_o0ykpdn,Ebay,"Recieved a refund for an item over a year ago, now a collections agency is asking for $1500!!!",You have no contract with the freight company. It’s not enforceable if you never had an agreement. Send a dispute letter to the collecting agency certified mail. Whoever is getting the letter. Request verification of the debt including any contact. Go from there.,ericduhs,72,,,2026-01-22T00:38:43Z,https://www.reddit.com/r/Ebay/comments/1qjabr7/recieved_a_refund_for_an_item_over_a_year_ago_now/,t3_1qjabr7,0,Other / emerging,car engine; auto parts,debt dispute; contract liability,Commenter advises disputing the debt by requesting verification from the collections agency.,high,reddit:t1_o0ykpdn
62,fees_payments_holds,fees,comment,https://www.reddit.com/r/Ebay/comments/1qjabr7/recieved_a_refund_for_an_item_over_a_year_ago_now,t1_o0ykcq6,Ebay,"Recieved a refund for an item over a year ago, now a collections agency is asking for $1500!!!","Man, all this ‘story’ here makes it SO FUCKING CONFUSING. Timing chains and repairs and eBay and a day late and blah blah…. It it really quite simple: Does OP own anything legally? Does the garage owe anything legally? OP- you owe nothing. You didn’t contract with the shipper, it appears the shipper doesn’t know who you are. Keep it that way. Did the garage owner sign ANYTHING? They may have inadvertently committed to something…. I’d want to see the bill of lading. The garage owner should ask the shipper ‘for any and all documents related to this charge’. A collections agency needs to provide this upon request. Google this. This is not an r/ebay question…its a r/legaladvice topic IMO",ExactlyClose,68,,,2026-01-22T00:36:50Z,https://www.reddit.com/r/Ebay/comments/1qjabr7/recieved_a_refund_for_an_item_over_a_year_ago_now/,t3_1qjabr7,0,Other / emerging,car engine; auto parts,legal liability; debt validation,Commenter says the poster owes nothing and suggests the garage owner request the bill of lading.,high,reddit:t1_o0ykcq6
62,fees_payments_holds,fees,comment,https://www.reddit.com/r/Ebay/comments/1qjabr7/recieved_a_refund_for_an_item_over_a_year_ago_now,t1_o0xifkt,Ebay,"Recieved a refund for an item over a year ago, now a collections agency is asking for $1500!!!",Was this all done thru Ebay including messages? Or were you guys making offsite shenanigan deals? Because if its thru Ebay you are protected as long as the information was filled out through the site.,tekrebeldesigns,66,,,2026-01-21T21:24:52Z,https://www.reddit.com/r/Ebay/comments/1qjabr7/recieved_a_refund_for_an_item_over_a_year_ago_now/,t3_1qjabr7,0,Other / emerging,car engine; auto parts,buyer protection; platform policy,"Commenter asks whether communications stayed on eBay, noting on-site transactions maintain buyer protection.",high,reddit:t1_o0xifkt
62,fees_payments_holds,fees,comment,https://www.reddit.com/r/Ebay/comments/1qjabr7/recieved_a_refund_for_an_item_over_a_year_ago_now,t1_o0yn3jl,Ebay,"Recieved a refund for an item over a year ago, now a collections agency is asking for $1500!!!",Will do! Thanks for the succinct advice.,c3powil,28,,,2026-01-22T00:51:44Z,https://www.reddit.com/r/Ebay/comments/1qjabr7/recieved_a_refund_for_an_item_over_a_year_ago_now/,t1_o0ykpdn,1,Other / emerging,car parts; engines,debt collection; advice,The commenter expresses thanks for the advice and states they will follow it.,high,reddit:t1_o0yn3jl
63,fees_payments_holds,fees,post,https://www.reddit.com/r/Ebay/comments/1o3q8kw/sold_a_item_for_parts_not_working_for_3k_with_no,,Ebay,Sold a item “For Parts Not Working” for $3k with no returns accepted yet the buyer got buyers remorse AFTER taking apart the item — eBay sided with the buyer after return request shows images of the buyer taking apart the device???,"Is there anything I can do to stop this return? I messaged the buyer through the return request page and they didn’t reply at all after three messages. I opened a case after waiting the required amount of time and minutes later I get a email that says: *“We asked the buyer to return the item for a refund. When tracking details show that the item is delivered, we'll issue a refund to the buyer on your behalf. This case will not affect your seller performance.”* I was very clear that I was NOT accepting the return in the case I opened because the buyer already took apart the device AND SENT IMAGES OF IT OPENED IN THEIR RETURN REQUEST!!! and my listing was overly detailed and what the buyer claimed is not as described is very much in the listing Second of all what the F- you mean eBay is issuing the buyer a refund ON MY BEHALF once it’s delivered. How is this even legal for them to automatically give the money back without giving me a chance to inspect they put the device back together properly!?!? Edit: I may add it’s been 3 days since eBay made their case decision but the buyer hasn’t shipped it back. Is there a time threshold where the case automatically closes? Update: Got the camera back and no matter how many times I tell them that the camera has been opened and that I can’t possibly give them a full refund, they don’t care. Absolutely ridiculous AND they kept the 500$ selling fee so now not only do I have to give back the 2500$ payout but I need to somehow come up with 500$ to pay eBay or else they send it to collections. How is this even legal? They basically want me to pay them 500$ to F me",ajlion_10,218,0.92,125,2025-10-11T08:24:37Z,https://www.reddit.com/r/Ebay/comments/1o3q8kw/sold_a_item_for_parts_not_working_for_3k_with_no/,,,Electronics,camera,return dispute; seller protection,"A seller complains that eBay forced a refund on an altered, dismantled $3,000 camera listed for parts and kept selling fees.",high,reddit:t3_1o3q8kw
63,fees_payments_holds,fees,comment,https://www.reddit.com/r/Ebay/comments/1o3q8kw/sold_a_item_for_parts_not_working_for_3k_with_no,t1_niygv5p,Ebay,Sold a item “For Parts Not Working” for $3k with no returns accepted yet the buyer got buyers remorse AFTER taking apart the item — eBay sided with the buyer after return request shows images of the buyer taking apart the device???,"Step by step of how to resolve this... Go the eBay chat help... request a call back.. may have to say ""call back"" or ""customer service"" or ""agent"" ... or a combination of these. It will trigger a call back request. You will get a low level rep that thanks you for X amount of time on eBay. BE NICE!!! Explain that you sold a 3000.00 item for parts/not working... explain that the buyer has sent pictures of the item taken apart in the return photos. Tell them to view them. Explain under their own policies that an item can not be returned once altered. Taking it apart is altering the item. They will instruct you to accept the return and then file a dispute.... at this point ask NICELY to speak with a supervisor. State that you are not happy to receive an item back that has clearly been taken apart. You'll get a supervisor on the phone.. you'll have to explain again.. BE NICE.. point out the buyer took it apart and under their own terms a item can not be altered from the original condition. That you would like the case closed. You may get minor push back. Ask the supervisor if he sold a 3k item and the buyer sent pictures of it taken apart, would they be willing and happy to take it back. Make it personal. They should close the case on your behalf out of courtesy. Key thing be nice.. being upset/smart ass will get you no where. They will help those who are nice and make a reasonable common sense argument. I have had multiple cases closed doing the above.",iFlickDaBean,221,,,2025-10-11T15:55:55Z,https://www.reddit.com/r/Ebay/comments/1o3q8kw/sold_a_item_for_parts_not_working_for_3k_with_no/,t3_1o3q8kw,0,Electronics,camera,customer support advice; return policy,The commenter outlines a step-by-step strategy for calling eBay customer service and politely escalating to a supervisor to dispute the return.,high,reddit:t1_niygv5p
63,fees_payments_holds,fees,comment,https://www.reddit.com/r/Ebay/comments/1o3q8kw/sold_a_item_for_parts_not_working_for_3k_with_no,t1_nixkrbt,Ebay,Sold a item “For Parts Not Working” for $3k with no returns accepted yet the buyer got buyers remorse AFTER taking apart the item — eBay sided with the buyer after return request shows images of the buyer taking apart the device???,U need to call ebay and message them on Facebook. The response you're getting is some BS AI algorithm.,Mohican83,87,,,2025-10-11T12:48:21Z,https://www.reddit.com/r/Ebay/comments/1o3q8kw/sold_a_item_for_parts_not_working_for_3k_with_no/,t3_1o3q8kw,0,Electronics,camera,customer service; dispute escalation,The commenter advises calling eBay and messaging them on Facebook to bypass automated algorithm responses.,high,reddit:t1_nixkrbt
63,fees_payments_holds,fees,comment,https://www.reddit.com/r/Ebay/comments/1o3q8kw/sold_a_item_for_parts_not_working_for_3k_with_no,t1_nixpqt1,Ebay,Sold a item “For Parts Not Working” for $3k with no returns accepted yet the buyer got buyers remorse AFTER taking apart the item — eBay sided with the buyer after return request shows images of the buyer taking apart the device???,Step 1. Learn that the vast majority of this crap is decided by bots. You need to escalate the case and get an actual human to look at it. You need to refer to actual eBay policy when making your case.,Flux_My_Capacitor,26,,,2025-10-11T13:21:34Z,https://www.reddit.com/r/Ebay/comments/1o3q8kw/sold_a_item_for_parts_not_working_for_3k_with_no/,t3_1o3q8kw,0,Electronics,camera,customer support; return dispute,The commenter explains that bot decisions must be escalated to a human representative while citing specific eBay policies.,high,reddit:t1_nixpqt1
63,fees_payments_holds,fees,comment,https://www.reddit.com/r/Ebay/comments/1o3q8kw/sold_a_item_for_parts_not_working_for_3k_with_no,t1_niyjlt6,Ebay,Sold a item “For Parts Not Working” for $3k with no returns accepted yet the buyer got buyers remorse AFTER taking apart the item — eBay sided with the buyer after return request shows images of the buyer taking apart the device???,"This works. I got a call back within 15 minutes when I had an issue. Others have reported the same. eBay customer service. (866) 540-3229 Tell them your zip code, then tell them you’re a seller, then say “other” to their next question, then say “transfer me to an eBay teammate.” Then they give you the option for a call back.",Best-Perception-694,14,,,2025-10-11T16:10:37Z,https://www.reddit.com/r/Ebay/comments/1o3q8kw/sold_a_item_for_parts_not_working_for_3k_with_no/,t3_1o3q8kw,0,Electronics,camera,customer support; phone navigation,The commenter provides eBay's phone number and instructions for navigating the phone menu to request a callback.,high,reddit:t1_niyjlt6
64,fees_payments_holds,fees,post,https://www.reddit.com/r/Ebay/comments/1ps8wd8/how_are_people_making_a_profit_selling_items,,Ebay,How are people making a profit selling items under $10 w/free shipping?,"I'm not talking about lightweight stuff that can ship in an envelope, I'm referring to items that weigh up to 1 lb or more. For example, people are selling 12 Oz cans of spray paint for $9.95 with free shipping. It would weigh at least 1.3 lbs after bare minimum packing. Shipping alone would cost me $6.15 - $9.70. Subtract fees and item cost, how do they profit? There's even people selling 10 Oz cans for $4.36 with free shipping. It would be a large loss on each sale. I'm just using the paint as an example, I could find hundreds, probably thousands of other examples. And I'm referring to US sellers, not China. I read a few other threads about this subject but there's no clear explanation. One possibility is it's a loss leader to get buyers into their store. I can see this as a good strategy for a B&M store, but an ebay store? I don't see it being as effective. Just wondering if anyone can explain why people sell at a loss or break even point, I don't understand it.",cheap397,212,0.9,182,2025-12-21T15:21:18Z,https://www.reddit.com/r/Ebay/comments/1ps8wd8/how_are_people_making_a_profit_selling_items/,,,General marketplace,spray paint; general merchandise,seller margins; shipping costs,The poster questions how sellers profit on items under ten dollars with free shipping after fees and postage.,high,reddit:t3_1ps8wd8
64,fees_payments_holds,fees,comment,https://www.reddit.com/r/Ebay/comments/1ps8wd8/how_are_people_making_a_profit_selling_items,t1_nv7n8hz,Ebay,How are people making a profit selling items under $10 w/free shipping?,I sold something recently for $8 and made 10 cents after shipping. Probably a loss if you actually account for packaging. I really just wanted to get it out of my house and have it go to someone who wanted it. I've also accidentally sold a few things for a small loss over the years due to under estimating shipping cost.,webdeveler,167,,,2025-12-21T15:43:23Z,https://www.reddit.com/r/Ebay/comments/1ps8wd8/how_are_people_making_a_profit_selling_items/,t3_1ps8wd8,0,General marketplace,,seller margins; shipping costs,"A seller shares selling an eight-dollar item to clear space, netting ten cents and noting past small losses from shipping estimates.",high,reddit:t1_nv7n8hz
64,fees_payments_holds,fees,comment,https://www.reddit.com/r/Ebay/comments/1ps8wd8/how_are_people_making_a_profit_selling_items,t1_nv8607k,Ebay,How are people making a profit selling items under $10 w/free shipping?,"Sometimes I list things extremely cheap, like basically just to cover the cost of shipping. I do this on items I have absolutely no use for, but I suspect someone else might. Example - I used to be a scout leader, so I sold some old scout supplies for cost of shipping to get them into the hands of another leader. My goal is to minimize what I contribute to landfills.",BumblebeeTuna4242,44,,,2025-12-21T17:20:24Z,https://www.reddit.com/r/Ebay/comments/1ps8wd8/how_are_people_making_a_profit_selling_items/,t3_1ps8wd8,0,General marketplace,scout supplies,pricing strategy; decluttering,A user explains listing unwanted items at shipping cost to pass them to others and avoid contributing to landfills.,high,reddit:t1_nv8607k
64,fees_payments_holds,fees,comment,https://www.reddit.com/r/Ebay/comments/1ps8wd8/how_are_people_making_a_profit_selling_items,t1_nv8glf3,Ebay,How are people making a profit selling items under $10 w/free shipping?,"I’m a large seller, (about 40,000 feedback) I do this. Usually I do not do this on items I will lose money on, usually it’s breakeven or close. You do this just to get rid of stuff you have that takes up space and to help increase your feedback and feedback % both of these things are very valuable. The more feedback you have and the better the feedback is the easier it is to sell items and the higher price you can charge for a lot of stuff.",Jabroni1616,36,,,2025-12-21T18:14:15Z,https://www.reddit.com/r/Ebay/comments/1ps8wd8/how_are_people_making_a_profit_selling_items/,t3_1ps8wd8,0,General marketplace,,feedback building; pricing strategy,A high-volume seller explains selling items around breakeven to clear storage space and accumulate valuable positive feedback.,high,reddit:t1_nv8glf3
64,fees_payments_holds,fees,comment,https://www.reddit.com/r/Ebay/comments/1ps8wd8/how_are_people_making_a_profit_selling_items,t1_nv884zf,Ebay,How are people making a profit selling items under $10 w/free shipping?,I draw the line at paying people to take stuff.,goddessofolympia,30,,,2025-12-21T17:31:30Z,https://www.reddit.com/r/Ebay/comments/1ps8wd8/how_are_people_making_a_profit_selling_items/,t3_1ps8wd8,0,General marketplace,,seller margins,A commenter states they refuse to sell items at an outright financial loss.,high,reddit:t1_nv884zf
64,fees_payments_holds,fees,comment,https://www.reddit.com/r/Ebay/comments/1ps8wd8/how_are_people_making_a_profit_selling_items,t1_nv8npiv,Ebay,How are people making a profit selling items under $10 w/free shipping?,"Can confirm. I do eBay the old school way (just a guy with hobbies selling my own things). I recently listed a bunch of $10 shipped items just to get my money back, clear space — but mostly to get some new feedback, as I haven’t sold anything for a few years. I do wonder about larger operations, though.",Bleep_Bloop_Derp,15,,,2025-12-21T18:48:50Z,https://www.reddit.com/r/Ebay/comments/1ps8wd8/how_are_people_making_a_profit_selling_items/,t1_nv8glf3,1,General marketplace,,feedback building; pricing strategy,"A hobbyist seller confirms listing ten-dollar shipped items to break even, declutter, and rebuild feedback after an absence.",high,reddit:t1_nv8npiv
65,fees_payments_holds,fees,post,https://www.reddit.com/r/Ebay/comments/1oih7v5/ebays_2026_anyclick_ad_model_basically_turns,,Ebay,eBay’s 2026 “any-click” ad model basically turns Promoted Listings into a hidden seller tax,"Starting January 13, 2026, eBay is changing how it charges ad fees for Promoted Listings Standard (the cost-per-sale version) in the U.S. and Canada. Under the new rule: If anyone clicks your promoted listing within 30 days, and anyone else buys that same item, you’ll still pay the ad fee — even if the buyer never saw an ad. The item just needs to be promoted both when it was clicked and when it sold. eBay’s logic They say promoted listings increase overall visibility — not just for one buyer. So, if that extra exposure helped lead to a later sale, they should get credit. The problem That means sellers are now being charged for sales they didn’t actually get through ads. Example: one shopper clicks your ad, doesn’t buy. A week later, another shopper finds your listing organically — you still pay your 2%, 5%, whatever ad rate you set. For most of us who promote minimally (like 2%) just to stay competitive, this effectively becomes an extra platform fee on nearly every sale. It’s no longer “pay per performance”; it’s pay for participation. Real impact: If eBay already takes around 13–14% total (final value + payment fees), this change pushes many sellers closer to 16–17%. That’s a big hit for small and medium sellers, especially those with tight margins or liquidation inventory. And because the attribution covers any buyer, there’s no way to tell which sales actually came from ads — so good luck trying to measure ROI. Thoughts? Do you see this as fair (since promotion boosts exposure) — or do you agree it’s just another way for eBay to squeeze sellers? Are you planning to reduce your ad rates or move inventory elsewhere (Shopify, etc.)?",bro_fcb,209,0.96,171,2025-10-28T18:24:25Z,https://www.reddit.com/r/Ebay/comments/1oih7v5/ebays_2026_anyclick_ad_model_basically_turns/,,,General marketplace,seller tools,ad fees; promoted listings,The author outlines eBay's upcoming 2026 ad fee rule changes and argues they act as an unfair seller tax.,high,reddit:t3_1oih7v5
65,fees_payments_holds,fees,comment,https://www.reddit.com/r/Ebay/comments/1oih7v5/ebays_2026_anyclick_ad_model_basically_turns,t1_nlvltfr,Ebay,eBay’s 2026 “any-click” ad model basically turns Promoted Listings into a hidden seller tax,What a scam,EarEquivalent3929,122,,,2025-10-28T19:03:38Z,https://www.reddit.com/r/Ebay/comments/1oih7v5/ebays_2026_anyclick_ad_model_basically_turns/,t3_1oih7v5,0,General marketplace,seller tools,ad fees,The commenter labels eBay's upcoming promoted listings ad model a scam.,high,reddit:t1_nlvltfr
65,fees_payments_holds,fees,comment,https://www.reddit.com/r/Ebay/comments/1oih7v5/ebays_2026_anyclick_ad_model_basically_turns,t1_nlwlgw5,Ebay,eBay’s 2026 “any-click” ad model basically turns Promoted Listings into a hidden seller tax,Yeah. If they were going to do this they should’ve just increased the fees. Promotional fees meant you were paying for an extra service and eBay was financially incentivized to make that service affective enough to use. Now it doesn’t matter to them. They’ll get paid either way.,[deleted],39,,,2025-10-28T21:59:56Z,https://www.reddit.com/r/Ebay/comments/1oih7v5/ebays_2026_anyclick_ad_model_basically_turns/,t1_nlvltfr,1,General marketplace,seller tools,ad fees; platform fees,A user argues eBay should raise standard fees instead of removing performance incentives from promotional listing charges.,high,reddit:t1_nlwlgw5
65,fees_payments_holds,fees,comment,https://www.reddit.com/r/Ebay/comments/1oih7v5/ebays_2026_anyclick_ad_model_basically_turns,t1_nlyj88t,Ebay,eBay’s 2026 “any-click” ad model basically turns Promoted Listings into a hidden seller tax,Seems like the only answer for everyone to not do the ads... needs to be a larger movement.,-AC-,39,,,2025-10-29T05:04:51Z,https://www.reddit.com/r/Ebay/comments/1oih7v5/ebays_2026_anyclick_ad_model_basically_turns/,t1_nlwlgw5,2,General marketplace,seller tools,ad fees; seller boycott,A commenter suggests that sellers need a larger collective movement to stop using eBay's ads.,high,reddit:t1_nlyj88t
65,fees_payments_holds,fees,comment,https://www.reddit.com/r/Ebay/comments/1oih7v5/ebays_2026_anyclick_ad_model_basically_turns,t1_nlw1bxd,Ebay,eBay’s 2026 “any-click” ad model basically turns Promoted Listings into a hidden seller tax,Enron accounting,goodjuju123,35,,,2025-10-28T20:20:10Z,https://www.reddit.com/r/Ebay/comments/1oih7v5/ebays_2026_anyclick_ad_model_basically_turns/,t3_1oih7v5,0,General marketplace,seller tools,ad fees; accounting practices,The commenter metaphorically compares eBay's promoted listings attribution model to Enron accounting.,medium,reddit:t1_nlw1bxd
65,fees_payments_holds,fees,comment,https://www.reddit.com/r/Ebay/comments/1oih7v5/ebays_2026_anyclick_ad_model_basically_turns,t1_nlw56zv,Ebay,eBay’s 2026 “any-click” ad model basically turns Promoted Listings into a hidden seller tax,At least on EBay you can CHOOSE not to participate in sponsored promotions/ads. Etsy forces you into their offsite ads program once you take more than 10k in any 12 month period. It’s an extra 12% commission ON TOP of your regular commission which is around 10-11% with payment processings. And you get no say in what gets promoted.,Ziantra,31,,,2025-10-28T20:38:41Z,https://www.reddit.com/r/Ebay/comments/1oih7v5/ebays_2026_anyclick_ad_model_basically_turns/,t3_1oih7v5,0,General marketplace,seller tools,marketplace comparison; ad fees,"A user compares eBay's voluntary promotions with Etsy's mandatory, high-commission offsite ads program for larger sellers.",high,reddit:t1_nlw56zv
66,fees_payments_holds,fees,post,https://www.reddit.com/r/Ebay/comments/1s3e08r/why_your_sales_are_down,,Ebay,Why your sales are down,"Hello all, a lot of people are probably noticing their sales are not great this quarter. And people will just say a lot of reasons that make total sense, the war, the economy, first quarter slump etc etc. While those may explain some of the fall off there is something deeper happening. eBay is a public company and will try to increase their profit every quarter. There are several levers they can pull to make that happen, increase the buyer pool/spending/increase fees/decrease company spending. The main lever they are pulling right now is the effective fee rate via the promotion fees. So what is happening if the economy slows people need to increase their promotion to increase sales and the people will continually try to outbid each other, so what used to be an effective promotion will no longer be. They are also making it harder for people who do not promote to get sales/traffic. How do I know? because my ratio of organic and external views has been continually decreasing, meaning people still want to buy the things I have, but eBay is showing less and less listings of people who don't promote or promote at a small percentage. Unfortunately the strategy is ruining the buying experience, it's making it harder for people to find the things they want. The CEO doesn't care though, the stock price will go up but long term the company will fail if they keep this strategy (at which time the CEO will get his golden parachute). Since people will eventually need to leave the platform since there will be less and less value proposition to the platform for both buyers and sellers. There will be outliers ofc people having their best quarter, but in the totality the majority of sellers will be seeing less profits given the same amount of work going in, because eBay is taking a larger percentage of the pie, how else can they pay their shareholders?",VeterinarianSafe1705,193,0.88,216,2026-03-25T15:30:14Z,https://www.reddit.com/r/Ebay/comments/1s3e08r/why_your_sales_are_down/,,,General marketplace,eBay,Promoted Listings; Seller Fees,"The author argues that eBay's promotion fee reliance reduces organic visibility and seller profits, harming the overall platform experience.",high,reddit:t3_1s3e08r
66,fees_payments_holds,fees,comment,https://www.reddit.com/r/Ebay/comments/1s3e08r/why_your_sales_are_down,t1_ocevb04,Ebay,Why your sales are down,I will never pay to promote. I have an ebay store. They should automatically promote stores that have to pay every month.,Arniescc1,134,,,2026-03-25T15:54:42Z,https://www.reddit.com/r/Ebay/comments/1s3e08r/why_your_sales_are_down/,t3_1s3e08r,0,General marketplace,eBay,Promoted Listings; Store Subscription,"A seller refuses to pay for promotions, arguing eBay should automatically promote monthly paying store subscribers.",high,reddit:t1_ocevb04
66,fees_payments_holds,fees,comment,https://www.reddit.com/r/Ebay/comments/1s3e08r/why_your_sales_are_down,t1_ocetjyi,Ebay,Why your sales are down,"They are also massively cutting back on customer service. Which for a platform/customer service company is in my opinion, stupid.",h20rabbit,74,,,2026-03-25T15:46:48Z,https://www.reddit.com/r/Ebay/comments/1s3e08r/why_your_sales_are_down/,t3_1s3e08r,0,General marketplace,eBay,Customer Service,A user criticizes eBay for significantly reducing its customer service operations.,high,reddit:t1_ocetjyi
66,fees_payments_holds,fees,comment,https://www.reddit.com/r/Ebay/comments/1s3e08r/why_your_sales_are_down,t1_ocf0h1b,Ebay,Why your sales are down,"I promote everything at 9%, and this has been the worst month in two years. Abysmal.",its_over_2022,43,,,2026-03-25T16:18:23Z,https://www.reddit.com/r/Ebay/comments/1s3e08r/why_your_sales_are_down/,t3_1s3e08r,0,General marketplace,eBay,Promoted Listings; Sales Performance,A seller reports their worst sales month in two years despite promoting every listing at a 9% rate.,high,reddit:t1_ocf0h1b
66,fees_payments_holds,fees,comment,https://www.reddit.com/r/Ebay/comments/1s3e08r/why_your_sales_are_down,t1_ocev9l5,Ebay,Why your sales are down,">Unfortunately the strategy is ruining the buying experience, it's making it harder for people to find the things they want. I sell on Amazon Handmade and Etsy; I am subscribed to this sub because I toy with the idea of selling on eBay. What I am is an eBay customer. I bet I've made 1000 purchases on eBay. And you are so right!!! Search is broken. I get so few results for searches that I am positive ought to yield like 10X what I'm seeing.",RandomChurn,38,,,2026-03-25T15:54:31Z,https://www.reddit.com/r/Ebay/comments/1s3e08r/why_your_sales_are_down/,t3_1s3e08r,0,General marketplace,eBay,Search Functionality; Buyer Experience,"An eBay buyer reports that search is broken, returning far fewer results than expected.",high,reddit:t1_ocev9l5
66,fees_payments_holds,fees,comment,https://www.reddit.com/r/Ebay/comments/1s3e08r/why_your_sales_are_down,t1_ocf75nw,Ebay,Why your sales are down,For the past week the eBay app has been incredibly buggy for me.,Repulsive-Egg-730,32,,,2026-03-25T16:49:26Z,https://www.reddit.com/r/Ebay/comments/1s3e08r/why_your_sales_are_down/,t3_1s3e08r,0,General marketplace,eBay,App Performance; Technical Issues,A user states that the eBay application has been extremely buggy over the past week.,high,reddit:t1_ocf75nw
67,fees_payments_holds,fees,post,https://www.reddit.com/r/Ebay/comments/1oxoi89/i_really_see_why_so_many_sellers_block_people_who,,Ebay,I really see why so many sellers block people who send intrusive messages,"I had a person message me for days trying to haggle on the price of an item. Their initial offer was ridiculous. After nearly 3 days of back and forth. Explaining that it just isn't possible to get to the number they desired because of ebay fees and shipping costs. We settled on a price. The account is from 2002 and have over 3k feedback, and appears to be a previous seller. However, after closer examination it has only received one feedback in the past year as a buyer. Another weird thing this guy did, was after he purchased, he asked two or three times for my real name ""so he knew what to call me"". Ok, so I sent his item which cost $1050 (originally $1300). It cost me nearly $100 to ship insured with signature. The guy got his package, and less than 15 after I got the delivery notification, he opened a return. Why is it that people who act like this are so prone to cause problems?",Swanky_Gear_Snob,176,0.96,92,2025-11-15T10:33:57Z,https://www.reddit.com/r/Ebay/comments/1oxoi89/i_really_see_why_so_many_sellers_block_people_who/,,,General marketplace,online marketplace,buyer behavior; returns,A seller recounts dealing with an aggressive haggler who opened a return shortly after receiving an expensive insured package.,high,reddit:t3_1oxoi89
67,fees_payments_holds,fees,comment,https://www.reddit.com/r/Ebay/comments/1oxoi89/i_really_see_why_so_many_sellers_block_people_who,t1_noyp4cf,Ebay,I really see why so many sellers block people who send intrusive messages,I think of customers like drivers on the road. Most people are going to act normally but when someone starts driving dangerously I have to drive defensively to make sure they don't get into my orbit. I kind of think of ebay customers the same way... there is just such a wide variety.,Zealousideal-Flow101,122,,,2025-11-15T11:36:16Z,https://www.reddit.com/r/Ebay/comments/1oxoi89/i_really_see_why_so_many_sellers_block_people_who/,t3_1oxoi89,0,General marketplace,online marketplace,buyer behavior; seller experience,A user compares dealing with varied eBay customers to defensive driving around unpredictable motorists.,high,reddit:t1_noyp4cf
67,fees_payments_holds,fees,comment,https://www.reddit.com/r/Ebay/comments/1oxoi89/i_really_see_why_so_many_sellers_block_people_who,t1_noyl276,Ebay,I really see why so many sellers block people who send intrusive messages,"You need to remember that we are individual sellers, not a multi billion dollar company. When something gets returned, our loses get shoved into our face. Block early. Don’t wait for a used return, and depending on the product, the item might as well be trashed. There are a lot of scamming buyers out there. I recently had a buyer claim a brand new item was used and demanded a resolution. The specific wording was almost feedback extortion. I reported them and told them to start a return. No follow up from the buyer.",BarbieQ234,63,,,2025-11-15T10:56:13Z,https://www.reddit.com/r/Ebay/comments/1oxoi89/i_really_see_why_so_many_sellers_block_people_who/,t3_1oxoi89,0,General marketplace,online marketplace,blocking buyers; return fraud,A commenter advises blocking problem buyers early to prevent losses and shares a personal encounter with suspected feedback extortion.,high,reddit:t1_noyl276
67,fees_payments_holds,fees,comment,https://www.reddit.com/r/Ebay/comments/1oxoi89/i_really_see_why_so_many_sellers_block_people_who,t1_nozb23m,Ebay,I really see why so many sellers block people who send intrusive messages,"You have to worry about them on the back end of the transaction as well. I recently had a buyer who bought and paid for an item, and several hours later asked to cancel. Had it been a Wednesday & not a Sunday, it would’ve been in the mail. Then they started hitting me with “re-list it whenever you can, you trust me bro, come on” because to me, when that comes up unwarranted, you cannot trust them. Blocked, they negged me, and I was able to get it removed. I’ll also block “bought by mistake” people. Like, you sent me an offer. There are several steps to take before the offer goes out and you took all of them.",Charles0723,28,,,2025-11-15T14:15:40Z,https://www.reddit.com/r/Ebay/comments/1oxoi89/i_really_see_why_so_many_sellers_block_people_who/,t3_1oxoi89,0,General marketplace,online marketplace,order cancellations; blocking buyers,"A seller details blocking suspicious buyers who cancel orders or claim mistaken purchases, including successfully removing negative feedback.",high,reddit:t1_nozb23m
67,fees_payments_holds,fees,comment,https://www.reddit.com/r/Ebay/comments/1oxoi89/i_really_see_why_so_many_sellers_block_people_who,t1_noyo9l5,Ebay,I really see why so many sellers block people who send intrusive messages,You should have tapped out half way through day 1. You are getting a box of rocks back,kh250b1,20,,,2025-11-15T11:28:04Z,https://www.reddit.com/r/Ebay/comments/1oxoi89/i_really_see_why_so_many_sellers_block_people_who/,t3_1oxoi89,0,General marketplace,online marketplace,return fraud; buyer negotiation,A commenter states the seller should have stopped negotiating early and warns they might receive a fraudulent return.,high,reddit:t1_noyo9l5
68,fees_payments_holds,fees,post,https://www.reddit.com/r/Ebay/comments/1qlyahn/25_years_on_ebay_i_have_finally_seen_it_all_ebay,,Ebay,"25 years on Ebay, I have finally seen it all. Ebay wanted me to file a police report against USPS for buyer protection.","Just wanted to share the most ridiculous experience I've had with ebay. I've been selling and buying on eBay since 2001. During this time as a seller I have paid thousands in fees a year and have delt with ridiculous returns like ""price sticker residue"" for reasons to an item not as described, all sorts of funny business. Now to the point. On December 11th I made a purchase on Ebay. The package was shipped USPS and proceeded to sit at my nearby hub for almost 3 weeks. I contacted USPS during this long period and they said no worries it's the holidays this is normal. Fast forward to 1/5/26 the ""item"" is delivered to my residence while I was out of state (someone else was home to get it). I come back on the 8th to see a USPS bag stating they regret the damage to my mail blah blah and inside the USPS bag is just the shipping label. I contact eBay about filing a claim for item not received and provided photos of the bag and label inside the bag sealed. Ebay responds by telling me to go file police report. I call ebay and explained I cannot go file a police report for USPS for technically no crime. Ebay then says I filed the wrong request and it should of been a return request. To which I responded so am I suppose to return a shipping label? This was met with silence. I was told to wait 10 days for the case to close and reopen the return request. 10 days later I speak to Ebay again and was advised that this should of been the item not received request and it gets sent back to appeals with a note to look at the photos. Now I get the following decision from eBay, again referring to I should of filed a police report. The spelling errors are a bonus. `Here are the details I was able to capture from the transaction as of now:` * `The item that you received was an empty package.` * `You have provided a photo of the item that you have received which you feel is enough ad no need for a police incident report.` * `You would like to appeal on the case and get your money back.` `I am more than happy to review and check options for you.` `We appreciate your effort and patience in reaching out to us regarding this transaction. We totally understand that you feel like there's no need to provide a police report since the photo that you have provided says it all. We have reviewed the transaction for you, and I can see that we have placed the case on hold for you to get your refund we have asked you to provide Police incident report for the empty package that you received. We acknowledge the phot that you have provided, although, please understand that we still need this documentation to be submitted within 10 days or not later than January 22. On this case, please understand that since we are unable to see that this was submitted, we have kept our original decision.` End result filing dispute with my bank. Also I did contact the seller during this process, they never responded so.",nycdarkness,164,0.92,79,2026-01-24T20:42:43Z,https://www.reddit.com/r/Ebay/comments/1qlyahn/25_years_on_ebay_i_have_finally_seen_it_all_ebay/,,,General marketplace,,buyer protection; disputes,"A buyer received only a shipping label from USPS, but eBay denied protection because the buyer did not file a police report.",high,reddit:t3_1qlyahn
68,fees_payments_holds,fees,comment,https://www.reddit.com/r/Ebay/comments/1qlyahn/25_years_on_ebay_i_have_finally_seen_it_all_ebay,t1_o1ivwho,Ebay,"25 years on Ebay, I have finally seen it all. Ebay wanted me to file a police report against USPS for buyer protection.","As the buyer, you can also file a claim of lost/damaged package with USPS. Go online at USPS.com and start that asap. Unfortunately doing a credit card charge back might get you banned from eBay.",Nireedk,70,,,2026-01-25T00:01:15Z,https://www.reddit.com/r/Ebay/comments/1qlyahn/25_years_on_ebay_i_have_finally_seen_it_all_ebay/,t3_1qlyahn,0,General marketplace,,carrier claims; chargebacks,A commenter suggests filing a lost or damaged package claim with USPS and cautions that a credit card chargeback might cause an eBay ban.,high,reddit:t1_o1ivwho
68,fees_payments_holds,fees,comment,https://www.reddit.com/r/Ebay/comments/1qlyahn/25_years_on_ebay_i_have_finally_seen_it_all_ebay,t1_o1k46os,Ebay,"25 years on Ebay, I have finally seen it all. Ebay wanted me to file a police report against USPS for buyer protection.","I'm convinced this is what should have been advised, but OP has been dealing with idiots at ebay.",browneyedgirlpie,46,,,2026-01-25T04:06:02Z,https://www.reddit.com/r/Ebay/comments/1qlyahn/25_years_on_ebay_i_have_finally_seen_it_all_ebay/,t1_o1ivwho,1,General marketplace,,customer support,A user agrees that the original poster should have been advised to file a carrier claim rather than dealing with eBay support.,medium,reddit:t1_o1k46os
68,fees_payments_holds,fees,comment,https://www.reddit.com/r/Ebay/comments/1qlyahn/25_years_on_ebay_i_have_finally_seen_it_all_ebay,t1_o1l9fvi,Ebay,"25 years on Ebay, I have finally seen it all. Ebay wanted me to file a police report against USPS for buyer protection.",USPS rarely take responsibility for damaged package. They'll just claim it wasn't packed properly or that the shipper wasn't wearing grass skirt and coconut bra when the shipper dropped off the package. Insurance is almost useless for any claim other than lost package. Since they can't deny claim if the tracking doesn't show delivery and they can't locate it to finish the delivery.,Warcraft_Fan,36,,,2026-01-25T09:18:52Z,https://www.reddit.com/r/Ebay/comments/1qlyahn/25_years_on_ebay_i_have_finally_seen_it_all_ebay/,t1_o1ivwho,1,General marketplace,,carrier claims; shipping insurance,A commenter states that USPS rarely takes responsibility for damaged packages and that insurance claims are almost useless except for lost shipments.,high,reddit:t1_o1l9fvi
68,fees_payments_holds,fees,comment,https://www.reddit.com/r/Ebay/comments/1qlyahn/25_years_on_ebay_i_have_finally_seen_it_all_ebay,t1_o1l4eas,Ebay,"25 years on Ebay, I have finally seen it all. Ebay wanted me to file a police report against USPS for buyer protection.","Sorry this happened to you. I’m considering closing my ebay account. Won an auction for a Sigma 35mm Art lens on Christmas Day. Given a tracking number that was headed to my city. After i checked and UPS indicated package was delivered, but no package at my door. I checked tracking again and saw Picture of 2 packages that was delivered at some residence. Called UPS only to be told packages was not addressed to me or to my address. Went back to eBay and seller has deleted his account. Contacted eBay and was told I had buyer protection. They created an incident ticket to investigate and a few days later I got email update showing ticket has been closed since seller provided evidence package was delivered to me. Tried without luck to tell them the seller never shipped anything. UPS told me package was from Macy’s and picture of the delivered package show soft envelope which can’t be a lens. UPS my choice showed no package delivered to my house on 1/5/26. While package was delivered at 2:47pm on 1/5/26 to the right owner of the package, my ring door bell screenshot show no activity at my residence after 10:45am. Currently going through my bank to pursue this. eBay has gotten so bad I don’t think I want to deal with them",Apprehensive-Pen1543,18,,,2026-01-25T08:34:46Z,https://www.reddit.com/r/Ebay/comments/1qlyahn/25_years_on_ebay_i_have_finally_seen_it_all_ebay/,t3_1qlyahn,0,Electronics,camera lenses,fraud; buyer protection,A buyer reports eBay closed a protection case after a fraudulent seller shipped an unrelated package to a different local address.,high,reddit:t1_o1l4eas
68,fees_payments_holds,fees,comment,https://www.reddit.com/r/Ebay/comments/1qlyahn/25_years_on_ebay_i_have_finally_seen_it_all_ebay,t1_o1n02zk,Ebay,"25 years on Ebay, I have finally seen it all. Ebay wanted me to file a police report against USPS for buyer protection.","FWIW I did get paid out on a damaged item claim, and I didn’t even have to jump through any kind of hoops or anything. Buyer reported item arrived damaged and provided pictures, I filed the claim with USPS using the photos provided, and I got paid out before I even received the item back from the buyer.",Mataelio,15,,,2026-01-25T16:09:07Z,https://www.reddit.com/r/Ebay/comments/1qlyahn/25_years_on_ebay_i_have_finally_seen_it_all_ebay/,t1_o1l9fvi,2,General marketplace,,carrier claims; shipping insurance,A seller shares that USPS paid out a damaged item claim easily using only photos before the item was returned.,high,reddit:t1_o1n02zk
69,fees_payments_holds,fees,post,https://www.reddit.com/r/Ebay/comments/1nyfwtr/viewing_a_thiefs_sold_items_over_90_days,,Ebay,Viewing a thief's sold items over 90 days,"I had to go across the country to take care of family and wasn't able to come back for several months. I found my house ransacked and everything from my appliances and family heirlooms to sheetrock from one of the walls missing. I know who did it--an ex & the chick he knocked up. He's been sent to prison on unrelated charges, so I didn't think there was much I could do til I saw a TikTok about all the money she's made on eBay. I searched for the item in her video, filtered by zip code & found her--along with listings for some of my stuff. In her feedback, I saw she'd sold my dad's jacket. He died when I was young, but I've held onto it because he's wearing it in my favorite pictures of us. She stole things from every loved one I've had that's passed away, but I can't tell if she sold them yet because I can't figure out how to see sold items past 90 days and there's only feedback from 38 out of 100 items sold. TLDR: Could someone please tell me how to view more than 90 days of a users sold listings? I tried searching Terapeak on eBay, but Idk what Seller Hub is & I don't want to join because I suck at selling on eBay. Is there a site where I could pay a one time fee to get the info? If not, it's ok, hopefully the police will be able to get it. I'd just like to know right now if at all possible. Thank you in advance for any suggestions.",ARayOfF-ingSunshine,151,0.97,80,2025-10-05T05:32:45Z,https://www.reddit.com/r/Ebay/comments/1nyfwtr/viewing_a_thiefs_sold_items_over_90_days/,,,General marketplace,stolen goods,sales history; seller research,A poster asks how to view more than 90 days of an eBay seller's sold listings to track stolen heirlooms.,high,reddit:t3_1nyfwtr
69,fees_payments_holds,fees,comment,https://www.reddit.com/r/Ebay/comments/1nyfwtr/viewing_a_thiefs_sold_items_over_90_days,t1_nhv8ycp,Ebay,Viewing a thief's sold items over 90 days,"Jesus. I’m so sorry this happened. Unfortunately, you may want to look into other selling platforms as well such as Poshmark, Mercari, Depop, Whatnot, and FBMP since most sellers crosspost their listings in order to cast a wider net. Those sites, especially Poshmark, allow you to see well past 30 days.",gingerconfetti,64,,,2025-10-05T10:12:17Z,https://www.reddit.com/r/Ebay/comments/1nyfwtr/viewing_a_thiefs_sold_items_over_90_days/,t3_1nyfwtr,0,General marketplace,cross-listing,alternative platforms; sales history,"A commenter suggests checking other platforms like Poshmark, Mercari, Depop, Whatnot, and FBMP, noting Poshmark shows older sold listings.",high,reddit:t1_nhv8ycp
69,fees_payments_holds,fees,comment,https://www.reddit.com/r/Ebay/comments/1nyfwtr/viewing_a_thiefs_sold_items_over_90_days,t1_nhuh75t,Ebay,Viewing a thief's sold items over 90 days,"Sorry, can't help. But what happened to you is atrocious. I hope police will be able to arrest them and help you return at least part of what they stole.",donkyhot99,51,,,2025-10-05T05:44:45Z,https://www.reddit.com/r/Ebay/comments/1nyfwtr/viewing_a_thiefs_sold_items_over_90_days/,t3_1nyfwtr,0,General marketplace,stolen goods,unclear reaction,"A user expresses sympathy about the theft, states they cannot help with the query, and hopes police recover the items.",high,reddit:t1_nhuh75t
69,fees_payments_holds,fees,comment,https://www.reddit.com/r/Ebay/comments/1nyfwtr/viewing_a_thiefs_sold_items_over_90_days,t1_nhulobm,Ebay,Viewing a thief's sold items over 90 days,"Thanks, I will! Was just anxious to see what's been sold, but I can wait for them. It's all gone already, not gonna get any more gone.",ARayOfF-ingSunshine,47,,,2025-10-05T06:26:27Z,https://www.reddit.com/r/Ebay/comments/1nyfwtr/viewing_a_thiefs_sold_items_over_90_days/,t1_nhujpa2,1,General marketplace,stolen goods,investigation,The original poster states they will wait for authorities despite being anxious to see what has been sold.,medium,reddit:t1_nhulobm
69,fees_payments_holds,fees,comment,https://www.reddit.com/r/Ebay/comments/1nyfwtr/viewing_a_thiefs_sold_items_over_90_days,t1_nhuhuma,Ebay,Viewing a thief's sold items over 90 days,"Thank you so much. I appreciate that. I hope so, too!",ARayOfF-ingSunshine,20,,,2025-10-05T05:50:45Z,https://www.reddit.com/r/Ebay/comments/1nyfwtr/viewing_a_thiefs_sold_items_over_90_days/,t1_nhuh75t,1,General marketplace,stolen goods,unclear reaction,The poster expresses gratitude and agrees with a commenter's supportive wishes.,medium,reddit:t1_nhuhuma
70,fees_payments_holds,fees,post,https://www.reddit.com/r/Ebay/comments/1sgt5p1/anybody_super_hesitant_to_sell_anything_expensive,,Ebay,Anybody super hesitant to sell anything expensive because you might get a Bad buyer?,"I used to sell a lot on eBay probably close to 10 years ago, but im always hesitant to sell anything expensive because of the BS buyers will get into to try to Rip sellers off. yeah, a sales platform needs buyers, but it still shouldn't mean you hand them \*ALL\* of the power to make up bogus complaints to try to get stuff for free, or discounted. ive heard of many ways Buyers will try to get one over on sellers, and im hoping I dont have to deal with any of it. but, when you are selling a kinda Niche watch (watch Snobs hate the Brand, wont even look at them seriously even though they make so many different styles) I guess you take some Risks to get it sold and get a fair price (realizing what Fees are gonna take out, so im not gonna sell it quickly for a Cheap price; I can wait for the right sale)",Legal_Chemistry_310,149,0.95,102,2026-04-09T15:38:32Z,https://www.reddit.com/r/Ebay/comments/1sgt5p1/anybody_super_hesitant_to_sell_anything_expensive/,,,Other / emerging,watches,seller risk; buyer fraud,The author expresses hesitation to sell an expensive niche watch on eBay due to fears of dishonest buyers and platform policies.,high,reddit:t3_1sgt5p1
70,fees_payments_holds,fees,comment,https://www.reddit.com/r/Ebay/comments/1sgt5p1/anybody_super_hesitant_to_sell_anything_expensive,t1_of7hz17,Ebay,Anybody super hesitant to sell anything expensive because you might get a Bad buyer?,I was but I sold a electric drum set for $2200 last week. It was fine.,CampaignNew8791,25,,,2026-04-09T15:44:41Z,https://www.reddit.com/r/Ebay/comments/1sgt5p1/anybody_super_hesitant_to_sell_anything_expensive/,t3_1sgt5p1,0,Electronics,electronic drums; musical instruments,selling experience; high-value sales,A seller shares that selling an electric drum set for $2200 went smoothly despite prior hesitation.,high,reddit:t1_of7hz17
70,fees_payments_holds,fees,comment,https://www.reddit.com/r/Ebay/comments/1sgt5p1/anybody_super_hesitant_to_sell_anything_expensive,t1_of7insg,Ebay,Anybody super hesitant to sell anything expensive because you might get a Bad buyer?,I occasionally sell high grade books from my comic collection. I use a BIN price twice my ask with BO. I screen the BO’s carefully and will sell to a lower bidder if I suspect any shadiness in the higher bidders history,Above-Bored,23,,,2026-04-09T15:47:43Z,https://www.reddit.com/r/Ebay/comments/1sgt5p1/anybody_super_hesitant_to_sell_anything_expensive/,t3_1sgt5p1,0,Toys/Collectibles,comic books,buyer screening; pricing strategy,A commenter describes screening Best Offers on high-grade comic book listings to avoid suspicious buyers.,high,reddit:t1_of7insg
70,fees_payments_holds,fees,comment,https://www.reddit.com/r/Ebay/comments/1sgt5p1/anybody_super_hesitant_to_sell_anything_expensive,t1_of87vgr,Ebay,Anybody super hesitant to sell anything expensive because you might get a Bad buyer?,"I stopped selling anything outside the USA. Too many scumbags waiting until a package is close to being delivered and then cancelling, getting a refund AND getting the package. I'm done with that.",Fur-Frisbee,19,,,2026-04-09T17:39:06Z,https://www.reddit.com/r/Ebay/comments/1sgt5p1/anybody_super_hesitant_to_sell_anything_expensive/,t3_1sgt5p1,0,General marketplace,international shipping,international sales; refund fraud,"A seller stopped shipping outside the USA, alleging international buyers cancel orders near delivery to get refunds and keep packages.",high,reddit:t1_of87vgr
70,fees_payments_holds,fees,comment,https://www.reddit.com/r/Ebay/comments/1sgt5p1/anybody_super_hesitant_to_sell_anything_expensive,t1_of7iwpm,Ebay,Anybody super hesitant to sell anything expensive because you might get a Bad buyer?,Just depends on what you're selling. I sell high value items frequently. Rarely do I ever have a problem.,SouthernCritic,13,,,2026-04-09T15:48:48Z,https://www.reddit.com/r/Ebay/comments/1sgt5p1/anybody_super_hesitant_to_sell_anything_expensive/,t3_1sgt5p1,0,General marketplace,high-value goods,seller experience; risk assessment,"A commenter reports frequently selling expensive items without issues, noting that problems depend on what is being sold.",high,reddit:t1_of7iwpm
70,fees_payments_holds,fees,comment,https://www.reddit.com/r/Ebay/comments/1sgt5p1/anybody_super_hesitant_to_sell_anything_expensive,t1_of7zovc,Ebay,Anybody super hesitant to sell anything expensive because you might get a Bad buyer?,"Not so much by price, but by category or maybe type of buyer. I may not sell anything ""collectable"" again. I sold a collectable knife from the 80s to someone who asked a whole bunch of questions pre-sale, which I answered. It was functional and in collectable condition when sold. The buyer broke it and wanted to return. I should have automatically accepted the return, but I offered 50% back and for them to keep it. eBay gave a full refund and the buyer sent it back packed with pubic hairs (and who knows what else). So, these days I will consider blocking people who seem really fussy with their pre-sale questions because they seem far more likely to be fussy when they get the item, including filing INADs. And I try to be careful with the questions I ask sellers when I'm the potential buyer.",SkippySkep,9,,,2026-04-09T17:03:29Z,https://www.reddit.com/r/Ebay/comments/1sgt5p1/anybody_super_hesitant_to_sell_anything_expensive/,t3_1sgt5p1,0,Toys/Collectibles,collectible knives,return disputes; buyer screening,"A seller recounts a negative return experience involving a collectible knife, leading them to block overly demanding pre-sale buyers.",high,reddit:t1_of7zovc
71,fees_payments_holds,fees,post,https://www.reddit.com/r/Ebay/comments/1tqfzv2/ebays_new_shipping_wording_seems_very_onesided,,Ebay,eBay’s new shipping wording seems very one-sided for sellers… am I understanding this correctly?,"I was reading the updated eBay User Agreement taking effect June 28, 2026, and the shipping section honestly concerns me. Example: Let’s say I sell shoes for: \- $29.99 item price \- Buyer pays $9.95 shipping Before: \- Buyer pays me the shipping money \- I buy the label myself \- If I find a cheaper label for $7.80, I keep the difference as part of managing shipping efficiently Now the new wording sounds like for “eligible listings”: \- eBay may require eBay shipping \- eBay may provide the label directly \- shipping money may go directly to eBay instead of the seller So if the buyer pays $9.95 shipping and the label costs $7.80: \- does eBay now keep the difference instead of the seller? But then on the other side, if dimensions/weight are wrong: \- eBay says they can deduct additional shipping charges, surcharges, admin fees, etc. from the seller So am I understanding this correctly? If the buyer overpays shipping, eBay potentially keeps the extra… but if the shipping is underpaid or adjusted, the seller eats the cost? Another example: You enter: \- 12x10x6 \- 1 lb Carrier later says actual package was: \- 16x14x8 \- 3 lb Before, maybe you’d just get a carrier adjustment. Now the agreement specifically says eBay can deduct: \- shipping differences \- surcharges \- admin fees directly from seller payouts/accounts. This seems especially concerning for clothing/shoe sellers where margins are already tight and shipping adjustments happen sometimes. I’m not trying to spread misinformation — I genuinely want to know if I’m interpreting this correctly or if I’m misunderstanding how this new “eligible listings / eBay shipping” wording works.",bro_fcb,133,0.92,152,2026-05-28T20:47:59Z,https://www.reddit.com/r/Ebay/comments/1tqfzv2/ebays_new_shipping_wording_seems_very_onesided/,,,General marketplace,shipping policy; seller terms,terms of service; shipping costs,A seller questions whether updated eBay shipping terms let eBay retain overpaid shipping while charging sellers for adjustments.,high,reddit:t3_1tqfzv2
71,fees_payments_holds,fees,comment,https://www.reddit.com/r/Ebay/comments/1tqfzv2/ebays_new_shipping_wording_seems_very_onesided,t1_oogau71,Ebay,eBay’s new shipping wording seems very one-sided for sellers… am I understanding this correctly?,It is extremely disappointing that there is no one from eBay that can actually shed some light on exactly what you bring up. Can’t get ahold of them anymore using X or FB; then CS rep on phone call or thru chat will strait up lie to our faces.,dubjw,99,,,2026-05-28T21:31:13Z,https://www.reddit.com/r/Ebay/comments/1tqfzv2/ebays_new_shipping_wording_seems_very_onesided/,t3_1tqfzv2,0,General marketplace,customer service,support accessibility; seller complaints,A user expresses frustration over reaching eBay support and claims customer service representatives lie to sellers.,high,reddit:t1_oogau71
71,fees_payments_holds,fees,comment,https://www.reddit.com/r/Ebay/comments/1tqfzv2/ebays_new_shipping_wording_seems_very_onesided,t1_ooi3kim,Ebay,eBay’s new shipping wording seems very one-sided for sellers… am I understanding this correctly?,"If eBay wants to manage shipping, they should stop charging eBay fees on shipping costs. Currently, I add about $2.50 handling cost to cover packaging, supplises, gas, and eBay fees. If they charge fees on shipping, this guarantees I lose money on EVERY return. Though, I suppose that basically happens anyway with the amount of INAD abuse.",CsXAway9001,47,,,2026-05-29T03:30:36Z,https://www.reddit.com/r/Ebay/comments/1tqfzv2/ebays_new_shipping_wording_seems_very_onesided/,t3_1tqfzv2,0,General marketplace,seller fees; shipping,fee structure; returns,"A commenter argues eBay should eliminate shipping fees if managing shipping, noting handling costs and return losses from INAD claims.",high,reddit:t1_ooi3kim
71,fees_payments_holds,fees,comment,https://www.reddit.com/r/Ebay/comments/1tqfzv2/ebays_new_shipping_wording_seems_very_onesided,t1_oogmtuj,Ebay,eBay’s new shipping wording seems very one-sided for sellers… am I understanding this correctly?,I only use eBay shipping labels. Currently I don't pass the savings onto the customer because eBay gives me the option to keep that. I'm wondering if they are moving away from this option for sellers.,Extension_Ad2635,47,,,2026-05-28T22:31:33Z,https://www.reddit.com/r/Ebay/comments/1tqfzv2/ebays_new_shipping_wording_seems_very_onesided/,t3_1tqfzv2,0,General marketplace,shipping labels,shipping discounts; platform policy,A seller wonders if eBay will eliminate the option to retain shipping label savings rather than passing them to buyers.,high,reddit:t1_oogmtuj
71,fees_payments_holds,fees,comment,https://www.reddit.com/r/Ebay/comments/1tqfzv2/ebays_new_shipping_wording_seems_very_onesided,t1_oogpmpc,Ebay,eBay’s new shipping wording seems very one-sided for sellers… am I understanding this correctly?,They still haven't explained why the site was down for nearly 2 days last month!!! Dumpster fire.,Fister-Mantastic,41,,,2026-05-28T22:46:32Z,https://www.reddit.com/r/Ebay/comments/1tqfzv2/ebays_new_shipping_wording_seems_very_onesided/,t1_oogau71,1,General marketplace,platform reliability,website outage; seller dissatisfaction,A commenter criticizes eBay for not explaining a reported two-day site outage from the previous month.,high,reddit:t1_oogpmpc
72,fees_payments_holds,account hold,post,https://www.reddit.com/r/Ebay/comments/1r8nzsw/ugh_knew_it,,Ebay,*ugh* Knew it...,"Bought from a new seller. Had a bad feeling but I decided to chance it. Worse case, I get my money back right? Paid for it. Seller printed a label and then nothing. No drop off or pick up, just ""label created."" Thought maybe he has to wait until the weekend. Weekend came & went. Waited a couple more days, still no updates so I finally messaged the seller. \*sigh\* Yup, the seller is not shipping because eBay has not paid him yet. \*double sigh\* Now am I remembering this wrong? Doesn't eBay state flat-out when setting up a selling account that they will HOLD the funds from the seller until the transaction is complete (meaning the buyer receives said item)? Added notes: 1. The seller HAS actually shipped the item. Tracking is working. 2. I already knew what to do if the seller hadn't responded &/or didn't ship.",RD_Tiamat75,141,0.96,83,2026-02-19T03:10:32Z,https://www.reddit.com/r/Ebay/comments/1r8nzsw/ugh_knew_it/,,,General marketplace,Online marketplace,Funds hold; Shipping delay,A buyer notes a new eBay seller delayed shipping because eBay held funds until delivery.,high,reddit:t3_1r8nzsw
72,fees_payments_holds,account hold,comment,https://www.reddit.com/r/Ebay/comments/1r8nzsw/ugh_knew_it,t1_o66hbfi,Ebay,*ugh* Knew it...,I can sell up to $50k a month on eBay (as a new seller with an old account) but I still have to wait until 3 days after delivery for the money to be released. It's not a big deal at all because eBay lets you go negative on shipping costs while the money is held. Not shipping because the money is being held is a special kind of stupid because it's only going to lead to more restrictions and an extra 6% fee.,Junkhead_88,59,,,2026-02-19T03:24:34Z,https://www.reddit.com/r/Ebay/comments/1r8nzsw/ugh_knew_it/,t3_1r8nzsw,0,General marketplace,Online marketplace,Payout holds; Seller policy,The commenter explains eBay holds payouts until delivery and argues withholding shipment causes account penalties.,high,reddit:t1_o66hbfi
72,fees_payments_holds,account hold,comment,https://www.reddit.com/r/Ebay/comments/1r8nzsw/ugh_knew_it,t1_o66g90a,Ebay,*ugh* Knew it...,Yes.,Maximum_Overdrive,41,,,2026-02-19T03:18:05Z,https://www.reddit.com/r/Ebay/comments/1r8nzsw/ugh_knew_it/,t3_1r8nzsw,0,General marketplace,Online marketplace,Payout holds,The user confirms affirmatively that eBay states it holds seller funds until delivery.,medium,reddit:t1_o66g90a
72,fees_payments_holds,account hold,comment,https://www.reddit.com/r/Ebay/comments/1r8nzsw/ugh_knew_it,t1_o66l542,Ebay,*ugh* Knew it...,"Depends on your account. New accounts, no. Top rated? ye sure, ebay trusts you.",Duck_Duck_Duck_Duck1,11,,,2026-02-19T03:48:17Z,https://www.reddit.com/r/Ebay/comments/1r8nzsw/ugh_knew_it/,t1_o66k75v,2,General marketplace,Online marketplace,Payout schedule; Account status,"The commenter notes fund release timing depends on account standing, with faster access for top rated sellers.",high,reddit:t1_o66l542
72,fees_payments_holds,account hold,comment,https://www.reddit.com/r/Ebay/comments/1r8nzsw/ugh_knew_it,t1_o66k75v,Ebay,*ugh* Knew it...,I have access to sale funds after 2 days even if it is an international shipment. This isn’t the norm?,AbjectSpell5717,8,,,2026-02-19T03:42:28Z,https://www.reddit.com/r/Ebay/comments/1r8nzsw/ugh_knew_it/,t1_o66hbfi,1,General marketplace,Online marketplace,Payout schedule,The commenter asks whether getting access to sale funds within two days is typical.,high,reddit:t1_o66k75v
72,fees_payments_holds,account hold,comment,https://www.reddit.com/r/Ebay/comments/1r8nzsw/ugh_knew_it,t1_o66j9yc,Ebay,*ugh* Knew it...,That's what I remember from when I was selling. And eBay was very upfront about it. I just don't understand how some new sellers can keep claiming not to know this. Is is different if they sign up using the app maybe?,RD_Tiamat75,5,,,2026-02-19T03:36:43Z,https://www.reddit.com/r/Ebay/comments/1r8nzsw/ugh_knew_it/,t1_o66hbfi,1,General marketplace,Online marketplace,Seller policy; Onboarding,The commenter recalls eBay explicitly disclosing payment holds and wonders if app onboarding explains seller confusion.,high,reddit:t1_o66j9yc
73,fees_payments_holds,account hold,post,https://www.reddit.com/r/Ebay/comments/1rafegl/apparently_ebay_is_now_releasing_payments_3_days,,Ebay,(Apparently) eBay Is Now Releasing Payments 3 Days After Delivery for All Sellers,"Making this post to hopefully cut down on the number of “what’s going on?” threads. You’ve probably seen people saying their funds are being held. I contacted an eBay representative a few days ago because several of my payouts were on hold. They told me that, going forward, eBay is transitioning to releasing payments three days after the buyer’s item is marked as delivered. I specifically asked whether this applied only to my account or to all sellers, and I was told it applies to everyone. Edit: I posted this to relay what I was told, I don't need you to flame me in this post or in my inbox (wtf lol?). I included ""apparently"" in the title for a reason. You mf's act like I want to get my money slower or something lol. Muting this post now.",Septiqflesh,141,0.8,106,2026-02-21T02:38:04Z,https://www.reddit.com/r/Ebay/comments/1rafegl/apparently_ebay_is_now_releasing_payments_3_days/,,,General marketplace,eBay payouts,Payment holds; Policy changes,The author shares an eBay representative's claim that funds will be released three days after delivery for all sellers.,high,reddit:t3_1rafegl
73,fees_payments_holds,account hold,comment,https://www.reddit.com/r/Ebay/comments/1rafegl/apparently_ebay_is_now_releasing_payments_3_days,t1_o6jed6v,Ebay,(Apparently) eBay Is Now Releasing Payments 3 Days After Delivery for All Sellers,They must not be doing that to everyone all at once or this is country/region specific. All my payments are still releasing to me a day after the sale.,bjfrancois5,147,,,2026-02-21T02:46:54Z,https://www.reddit.com/r/Ebay/comments/1rafegl/apparently_ebay_is_now_releasing_payments_3_days/,t3_1rafegl,0,General marketplace,eBay payouts,Payment schedule; Regional differences,"The commenter notes their eBay payments still release a day after sale, suggesting changes are gradual or region-specific.",high,reddit:t1_o6jed6v
73,fees_payments_holds,account hold,comment,https://www.reddit.com/r/Ebay/comments/1rafegl/apparently_ebay_is_now_releasing_payments_3_days,t1_o6jflug,Ebay,(Apparently) eBay Is Now Releasing Payments 3 Days After Delivery for All Sellers,This gets posted all the time. It's not true. You were flagged for some reason,MinivanActivities,72,,,2026-02-21T02:54:41Z,https://www.reddit.com/r/Ebay/comments/1rafegl/apparently_ebay_is_now_releasing_payments_3_days/,t3_1rafegl,0,General marketplace,eBay payouts,Account flagging; Policy dispute,"The commenter disputes the universal rollout claim, asserting the original poster's account was specifically flagged.",high,reddit:t1_o6jflug
73,fees_payments_holds,account hold,comment,https://www.reddit.com/r/Ebay/comments/1rafegl/apparently_ebay_is_now_releasing_payments_3_days,t1_o6jkmh3,Ebay,(Apparently) eBay Is Now Releasing Payments 3 Days After Delivery for All Sellers,"This was first known 13 months ago. It’s been talked about in many posts. If it’s actually happening, it’s the slowest damn roll out for a new policy.",Flux_My_Capacitor,11,,,2026-02-21T03:27:36Z,https://www.reddit.com/r/Ebay/comments/1rafegl/apparently_ebay_is_now_releasing_payments_3_days/,t3_1rafegl,0,General marketplace,eBay payouts,Policy rollout; Payment holds,The commenter notes this payment policy was known 13 months ago and criticizes its slow implementation if real.,high,reddit:t1_o6jkmh3
74,fees_payments_holds,account hold,post,https://www.reddit.com/r/Ebay/comments/1ovxiqb/buyer_keeps_300_item_and_gets_a_full_refund_ebay,,Ebay,Buyer keeps $300 item and gets a full refund. Ebay admits eBay was wrong but will not fix it.,"Buyer from Spain bought a $250 item, demanded a $220 refund for damage but refused to send photos. Item sent from my business UPS account with insurance, I told buyer I would arrange a door tag - UPS will pick up the item and return it to sender and inspect the item and package and determine if UPS is responsible. Buyer says that's his work address and not to send UPS. Few days later buyer open a case and demands a $220 refund. I accept the return and inform him UPS will pickup the item. UPS went to pickup the item, it's a residential address, a man (probably the buyer) told UPS ""his friend visited him and that was his and he left and took all his stuff"". Ebay puts the case on a 5 day hold and tells me to send a label to the buyer. I inform the buyer I can't buy a label from Spain to USA and to use his post office (Correos) and it's 9.85 Euros from his address to mines using the dimensions and weight and asked the buyer how I can pay him. The buyer does not respond. Keep in mind he use to send me 10 messages a day. On the 10th I send a buyer another message informing him I am trying to pay him and ask if he has paypal and to send his paypal email. Again, the buyer does not respond. On the 11th at 11:17 PM I get an email from eBay telling me to send the buyer a label or to contact the buyer and pay him according to whatever his preferred payment method is (I didn't see this email till the next day because I was asleep). I get another email at 12th at 3:12 AM (4 hours later) telling me the case is closed with a full refund to the buyer and no return. Ebay says ""I see you offered to pay him by PayPal, but you can not assume this is the buyer's preferred payment method."". ""and this decision is final, there are no appeals"". Called eBay twice and the first time is never has eBay out right told me I was right both times and told me they'd appeal it. I get another email from eBay Spain saying my appeal is denied because ""failed to pay buyer with his preferred payment method"". Clearly this buyer ignored my messages so he can tell eBay I never paid him so he can keep the item for free. How would I know his preferred payment method if he doesn't respond?",anonymousandydick,67,0.91,43,2025-11-13T10:19:13Z,https://www.reddit.com/r/Ebay/comments/1ovxiqb/buyer_keeps_300_item_and_gets_a_full_refund_ebay/,,,General marketplace,online dispute,return fraud; customer support,A seller states eBay issued a full refund without a return after an unresponsive international buyer claimed damage.,high,reddit:t3_1ovxiqb
74,fees_payments_holds,account hold,comment,https://www.reddit.com/r/Ebay/comments/1ovxiqb/buyer_keeps_300_item_and_gets_a_full_refund_ebay,t1_nophdrn,Ebay,Buyer keeps $300 item and gets a full refund. Ebay admits eBay was wrong but will not fix it.,This is one reason I use ebay international shipping. Fraud returns.,Msuttle12,39,,,2025-11-13T22:06:05Z,https://www.reddit.com/r/Ebay/comments/1ovxiqb/buyer_keeps_300_item_and_gets_a_full_refund_ebay/,t3_1ovxiqb,0,General marketplace,international shipping,fraud prevention,A commenter states they use eBay International Shipping to prevent fraudulent returns.,high,reddit:t1_nophdrn
74,fees_payments_holds,account hold,comment,https://www.reddit.com/r/Ebay/comments/1ovxiqb/buyer_keeps_300_item_and_gets_a_full_refund_ebay,t1_nonx23j,Ebay,Buyer keeps $300 item and gets a full refund. Ebay admits eBay was wrong but will not fix it.,"Honestly just keep fighting it out with eBay support they’ll handle it, it may take a few weeks but keep messaging and emailing support they’ll help you",sumboofpac,26,,,2025-11-13T17:27:27Z,https://www.reddit.com/r/Ebay/comments/1ovxiqb/buyer_keeps_300_item_and_gets_a_full_refund_ebay/,t3_1ovxiqb,0,General marketplace,customer support,dispute resolution,A commenter advises persistent messaging and emailing with eBay support to resolve the issue.,high,reddit:t1_nonx23j
74,fees_payments_holds,account hold,comment,https://www.reddit.com/r/Ebay/comments/1ovxiqb/buyer_keeps_300_item_and_gets_a_full_refund_ebay,t1_nop6d2z,Ebay,Buyer keeps $300 item and gets a full refund. Ebay admits eBay was wrong but will not fix it.,"Ok since I see another person claiming theres no answer 😂 let me be a little more specific. 1. MESSAGE eBay’s special team about the incident they are on Facebook and you can messenger them they will get back to you and often can help. Explain the situation and how you’ve been in contact with eBay support and at this point you need extra help to resolve the situation 2. Go to the better business bureau (BBB) this is an online website and they manage complaints with all big American businesses. Go to the website file a claim against eBay (completely free no matter what) and explain what happened there, now eBay will have to resolve this with you and the BBB. This one is the most important and most sellers often don’t do this. Once you do this EBAY will have NO CHOICE but to respond as they will be put under pressure. I’ve used this will eBay and I’ve also used this when Depop said they wouldn’t refund me for a refund scam I filed a BBB and Depop refunded me the next day. To summarize- contact eBay business page through Facebook and file a complaint with the BBB these steps can be completed in less than 5 minutes and will garuntee a resolution by the end of the week. Sellers on eBay and Depop and Poshmark don’t realize the actual power they have through contacting the BBB most people just let these companies screw then over and don’t realize they can easily do something about it. Search up BBB or better business bureau.",sumboofpac,15,,,2025-11-13T21:11:05Z,https://www.reddit.com/r/Ebay/comments/1ovxiqb/buyer_keeps_300_item_and_gets_a_full_refund_ebay/,t1_nonx23j,1,General marketplace,dispute resolution,BBB complaint; customer support,A commenter suggests contacting eBay via Facebook and filing a BBB complaint to force a case resolution.,high,reddit:t1_nop6d2z
74,fees_payments_holds,account hold,comment,https://www.reddit.com/r/Ebay/comments/1ovxiqb/buyer_keeps_300_item_and_gets_a_full_refund_ebay,t1_nopnjqb,Ebay,Buyer keeps $300 item and gets a full refund. Ebay admits eBay was wrong but will not fix it.,This is one reason I quit allowing international Buyers/bidders. Had a couple of buyers claim item never arrived and eBay refunded them. Shipper told me that once the package leaves the US they can’t track it. Said never again.,mpython1701,10,,,2025-11-13T22:38:59Z,https://www.reddit.com/r/Ebay/comments/1ovxiqb/buyer_keeps_300_item_and_gets_a_full_refund_ebay/,t3_1ovxiqb,0,General marketplace,international shipping,lost package; seller policy,A seller stopped allowing international buyers after non-receipt claims and lack of international tracking caused refunds.,high,reddit:t1_nopnjqb
74,fees_payments_holds,account hold,comment,https://www.reddit.com/r/Ebay/comments/1ovxiqb/buyer_keeps_300_item_and_gets_a_full_refund_ebay,t1_nopud25,Ebay,Buyer keeps $300 item and gets a full refund. Ebay admits eBay was wrong but will not fix it.,I had a similar thing happen with international shipping and have since stopped shipping international unless someone contacts and asks first. Fortunately my buyer was cooperative but it was a disaster trying to coordinate paying for the return shipping since there's absolutely no way for me to make a label to send to them. I received the item 2 months later and refunded their money but in the meantime eBay had ruled in my favor and wouldn't keep the return open to refund the buyer eventually since too much time had elapsed. I don't know if eBay shipping simplifies any of this but it's crazy how hard the platform pushes you to ship international but how little support there is if anything happens.,Typical-4583-Western,5,,,2025-11-13T23:16:52Z,https://www.reddit.com/r/Ebay/comments/1ovxiqb/buyer_keeps_300_item_and_gets_a_full_refund_ebay/,t3_1ovxiqb,0,General marketplace,international shipping,returns; seller support,A commenter describes past difficulties coordinating international return labels and criticizes eBay's limited seller support.,high,reddit:t1_nopud25
75,fees_payments_holds,account hold,post,https://www.reddit.com/r/Ebay/comments/1rjybsz/ebay_froze_1576_of_my_money_for_six_weeks_over_a,,Ebay,"eBay froze $1,576 of my money for six weeks over a return that never even happened","If you sell high-value items on eBay, understand this: the system does not protect you. It defaults to assuming you’re wrong, and if you don’t actively supervise the process, it will happily freeze your money indefinitely. January 19: I sold a framed, signed limited edition print for $1,576.90. January 23: Delivered. Same day, buyer claims it’s “extremely faded” and pushes for a partial refund. They also noted that they planned to resell the print when they initially bought it. When I said I would not offer a refund, the narrative changed to returning it — but only if I paid return shipping. This wasn’t misrepresentation. It was a subjective complaint and a buyer digging for a deal disguised as INAD. When I refused to eat return shipping on something that wasn’t “not as described,” they opened an INAD. This was a very large item (62” tall) and the cost of packing was immense, the time it took to pack was basically a whole business day, and the shipping cost was over $100. I also clearly state in my profile I don’t take returns (because I’m a small business and can’t afford to eat shipping costs on buyers remorse sells.) I posted 24 pictures and an extensive description. eBay doesn’t care about ANY of this. Here’s what most non-sellers don’t realize: When a buyer opens an INAD, you don’t get a meaningful dispute stage. The system funnels you straight into providing a return label. If you resist, it can escalate against you automatically. So even though this was clearly subjective, and even though I called eBay and had them confirm internally that the INAD wasn’t justified, I was still forced to issue a return label. The buyer printed the label. And then never shipped the item. From Jan 23 through Feb 12 (the return deadline), FedEx tracking showed one thing: “Label Created.” No pickup. No scan. No movement. The print never left their possession. February 12 passes. No shipment. You’d think the system auto-closes the return. It didn’t. Instead, because a tracking number existed, the backend workflow progressed as if the item had been returned. No carrier scan. No delivery. Just system logic making assumptions. That’s when eBay slapped a $1,576.90 hold on my account. Not my net payout. The full gross amount. My actual payout after fees and shipping was about $911. But the system froze the entire gross amount. Since I had already withdrawn my payout, my account now showed a $1,576 liability. Every unrelated sale I made after that became inaccessible. My current revenue was effectively trapped under a hold tied to a return that never shipped. Let that sink in: The buyer never sent the item back, but the system froze my money as if they had. February 14: I escalate the return to a case manually because nothing auto-closed. It goes into “pending review.” And then it sits there. Days turn into weeks. At one point I’m told I prevailed and that it’s with a “special team” for final closure. Cool — except the case status never flips to closed and the hold never releases. So I’ve “won,” but I’m still financially penalized. March 3: After pushing past script-reading support reps who keep telling me to “wait,” I finally reach leadership payments escalation. And this is where it gets absurd. I’m told supervisors tried to approve and move the case forward over 10 times — but it required manager approval. It hadn’t been escalated correctly. It was stuck in an internal approval loop. And the only reason it finally moved? Because I kept calling. If I had trusted the system, the case would still be sitting in limbo and my funds would still be frozen. So here’s what this experience actually taught me: • A buyer can fail to get a discount and escalate straight to INAD. • Sellers are forced to provide return labels before any meaningful review. • Printing a label can stall a return indefinitely. • The system can behave as if a return was completed without carrier evidence. • The gross sale amount can freeze unrelated revenue. • Internal approval workflows can stall unless the seller forces escalation. • “Seller protection” often means “seller persistence.” This wasn’t buyer protection. This wasn’t seller protection. This was a seller manually supervising a broken workflow to make sure they didn’t lose $1,576 over a return that never even happened. If you sell on eBay, monitor your tracking independently. Call early. Escalate aggressively. And never assume the system will resolve itself. Because it won’t.",Most_Marsupial5833,43,0.8,33,2026-03-03T19:08:46Z,https://www.reddit.com/r/Ebay/comments/1rjybsz/ebay_froze_1576_of_my_money_for_six_weeks_over_a/,,,Other / emerging,art prints,return disputes; seller holds,A seller shares an ordeal where eBay froze gross funds over an unshipped return for a signed art print.,high,reddit:t3_1rjybsz
75,fees_payments_holds,account hold,comment,https://www.reddit.com/r/Ebay/comments/1rjybsz/ebay_froze_1576_of_my_money_for_six_weeks_over_a,t1_o8gv0vx,Ebay,"eBay froze $1,576 of my money for six weeks over a return that never even happened","\>>>When a buyer opens an INAD, you don’t get a meaningful dispute stage. The system funnels you straight into providing a return label. If you resist, it can escalate against you automatically. Sadly, 9 out of 10 times INAD, whether true, half true or a lie, always wins. Been like that for years. As you were, you have to be persistent when it is OBVIOUSLY an error on eBay's part because if the buyer doesn't ship within 15 BUSINESS days (3 weeks) they (are supposed to) close the claim. Unfortunately that's the cost of doing business on eBay. Selling items that require special/expensive packaging/shipping are something to seriously consider not doing based on the fact an INAD can be placed for virtually anything on a buyer's whim. How you are treated by eBay also often depends a lot on your seller status, sales, previous issues etc.",ILovePistachioNuts,13,,,2026-03-03T19:56:31Z,https://www.reddit.com/r/Ebay/comments/1rjybsz/ebay_froze_1576_of_my_money_for_six_weeks_over_a/,t3_1rjybsz,0,General marketplace,platform policy,INAD claims; seller persistence,A commenter states INAD claims almost always favor buyers and advises persistence alongside reconsidering shipping fragile or expensive items.,high,reddit:t1_o8gv0vx
75,fees_payments_holds,account hold,comment,https://www.reddit.com/r/Ebay/comments/1rjybsz/ebay_froze_1576_of_my_money_for_six_weeks_over_a,t1_o8kbkx4,Ebay,"eBay froze $1,576 of my money for six weeks over a return that never even happened","I mean you are describing a situation we have all faced. I don't like that on ebay a return can always be forced but I also know that's a possibility if I chose to sell on ebay. ebay has no financial incentive to employ thousands of people to review each return. Plus if it was reviewed, the seller would probably make sure something was broken, torn, ripped. So what you described sucks but honestly considering they didn't return the print, this ended better than 90% of the stories like this.",InRainbows123207,5,,,2026-03-04T08:52:59Z,https://www.reddit.com/r/Ebay/comments/1rjybsz/ebay_froze_1576_of_my_money_for_six_weeks_over_a/,t3_1rjybsz,0,General marketplace,platform policy,forced returns; seller risk,A user argues that forced returns are an inherent risk of eBay because the platform lacks incentive to manually review disputes.,high,reddit:t1_o8kbkx4
75,fees_payments_holds,account hold,comment,https://www.reddit.com/r/Ebay/comments/1rjybsz/ebay_froze_1576_of_my_money_for_six_weeks_over_a,t1_o8jd4on,Ebay,"eBay froze $1,576 of my money for six weeks over a return that never even happened","> Unfortunately that's the cost of doing business on eBay. While one can present that as a simply factual statement, that's not going to stop me from ranting about it and saying it's unjust and a giant problem with eBay These days, I do not sell any items with proportionally high shipping costs. For example, I have several **very nice** beverage-fridges that are about $700 retail, I'd probably sell them $250+shipping on eBay, but the INAD risk is just too high. As such, I won't bother even listing them on eBay, and will simply sell them locally for around $200. It will take longer, but the INAD/defective risks are just too damn high.",CsXAway9001,3,,,2026-03-04T04:07:39Z,https://www.reddit.com/r/Ebay/comments/1rjybsz/ebay_froze_1576_of_my_money_for_six_weeks_over_a/,t1_o8gv0vx,1,Electronics,appliances,shipping risk; local selling,A seller opts to sell high-shipping items like beverage fridges locally rather than risking eBay INAD claims.,high,reddit:t1_o8jd4on
75,fees_payments_holds,account hold,comment,https://www.reddit.com/r/Ebay/comments/1rjybsz/ebay_froze_1576_of_my_money_for_six_weeks_over_a,t1_o8gwysk,Ebay,"eBay froze $1,576 of my money for six weeks over a return that never even happened","I've sold expensive items, upwards of $3000 each, and I just trust the system where if the buyer doesnt return the item, then the return will either eventually time out, or I ask ebay to look at the return and close it out due to no evidence of shipping from the buyer. I understand that 'seller fault' returns result in a hold for the duration that the return is open. No problem here, cost of doing business. I make sure to carry enough money to absorb any sort of return, dispute, case, whatever so it doesn't negatively affect me. Is it inconvenient for me? Maybe, but normally no. Even if I had a $10,000 hold, I'm relatively confident in the process and understand that it takes time, and if there is something suspicious happening from the buyer (return a different item, alter the return shipping label address, etc), I just get a police report, contact ebay trust and safety, and work it out with them. Haven't meaningfully lost a case yet - most bumps in the road are resolved through appeals or police report + ebay contact.",ssateneth2,2,,,2026-03-03T20:05:51Z,https://www.reddit.com/r/Ebay/comments/1rjybsz/ebay_froze_1576_of_my_money_for_six_weeks_over_a/,t3_1rjybsz,0,General marketplace,platform policy,seller holds; dispute resolution,A high-value seller expresses confidence in eBay's return workflow and maintains enough capital to absorb temporary holds.,high,reddit:t1_o8gwysk
75,fees_payments_holds,account hold,comment,https://www.reddit.com/r/Ebay/comments/1rjybsz/ebay_froze_1576_of_my_money_for_six_weeks_over_a,t1_o8hkoqy,Ebay,"eBay froze $1,576 of my money for six weeks over a return that never even happened","Accept returns!! This is the only way to protect yourself. When you accept returns, you can deduct up to 50% of the lost value (be honest) but if the loss in fee credits is higher than the amount you can deduct, then submit a full refund. No returns only gives buyers incentive to lie. EBay has a money back guarantee and of a buyer wants a return, they will make it happen unfortunately. I'm sorry this happened to you. Use the system to your advantage. Edit** turn on RMA so when you do get a return, it creates a pause before eBay autosends a return label. This gives you a chance to possibly work out any issues and ensure the return label is one you're willing to use. It's not completely out of your control and the RMA can be anything.",WeAllLetUChoke,2,,,2026-03-03T21:58:02Z,https://www.reddit.com/r/Ebay/comments/1rjybsz/ebay_froze_1576_of_my_money_for_six_weeks_over_a/,t3_1rjybsz,0,General marketplace,platform policy,return settings; seller protection,A user advises enabling returns and RMA settings to retain dispute leverage and prevent automatic return label generation.,high,reddit:t1_o8hkoqy
76,fees_payments_holds,account hold,post,https://www.reddit.com/r/Ebay/comments/1smmufh/seller_gave_me_a_refund_with_no_return,,Ebay,Seller gave me a refund with no return?,"I bought a camera lens from a guy with an old account as a buyer but only one previous sale, so I’m assuming he’s new to selling. Also, when the package was scanned delivered he immediately both messaged me on eBay and texted my number asking me to please “release the funds,” so he apparently thought I was directly in control of the transaction hold. Anyway…I open the package, it’s a perfectly good lens, just not the one that was listed. For context, the lens company has a line of lenses with the suffix DG for older DSLR cameras, then a new version for mirrorless suffixed DG DN which are better in various ways (and accordingly more expensive). Separately, Sony had one mounting type for their DSLRs (A-mount) and then created a new mounting type for mirrorless (E-mount). So, this lens was listed as a DG DN lens for Sony E-mount but was in fact a DG lens for Sony A-mount. This is all just to say that I think it may have been an honest mistake on the seller’s part, especially if he hasn’t been in the market for a Sony camera recently, but it does render the lens incompatible with my camera and worth less than what I paid. I raised an INAD request, seller pretty promptly offered a partial refund which I declined because the lens is useless to me. He then fully refunded me: eBay shows “request closed, return completed” and the refund showed up on my card statement. There’s nothing about actually returning the lens or a shipping label or anything. Again, it looks like a perfectly good DSLR lens that I’m sure he could get a few hundred bucks for if he listed it accurately. Does anyone with selling experience know what he did on his side that closed out the request this way or whether he can still generate a return label and send it to me on the platform now that the return is marked completed? I mean I’m not about to pay for return shipping myself but all I could do with the lens is sell it, which would feel shady as hell.",RabsInPlaid,40,0.88,32,2026-04-15T23:38:45Z,https://www.reddit.com/r/Ebay/comments/1smmufh/seller_gave_me_a_refund_with_no_return/,,,Electronics,camera lenses,returns; seller error,A buyer asks how a confused eBay seller issued a full refund without generating a return shipping label.,high,reddit:t3_1smmufh
76,fees_payments_holds,account hold,comment,https://www.reddit.com/r/Ebay/comments/1smmufh/seller_gave_me_a_refund_with_no_return,t1_ogfov7y,Ebay,Seller gave me a refund with no return?,"Update: I messaged the guy explaining that he’d approved the refund without generating a shipping label and would need to buy and send one to me. He first responded asking me to “please put the money back in his account,” then said he’d already paid the shipping (meaning the shipping to my house), and when I tried to explain the whole return shipping thing again he sent his name and address. He just seems really technically incompetent and confused and I feel terrible so I think I’m just gonna eat the cost and mail it back to him.",RabsInPlaid,62,,,2026-04-16T00:54:12Z,https://www.reddit.com/r/Ebay/comments/1smmufh/seller_gave_me_a_refund_with_no_return/,t3_1smmufh,0,Electronics,camera lenses,return shipping; buyer experience,The buyer decides to pay for return shipping after the confused seller fails to provide a return label.,high,reddit:t1_ogfov7y
76,fees_payments_holds,account hold,comment,https://www.reddit.com/r/Ebay/comments/1smmufh/seller_gave_me_a_refund_with_no_return,t1_ogh920m,Ebay,Seller gave me a refund with no return?,"Ignore the A-holes. If you're happy to eat the postage costs then do it. You're just trying to be nice to someone who's confused and struggling, I don't see anything wrong with that. Kudos for being a decent person, there are too few of those in the world nowadays.",AnarchoJoey,53,,,2026-04-16T07:20:59Z,https://www.reddit.com/r/Ebay/comments/1smmufh/seller_gave_me_a_refund_with_no_return/,t1_ogfov7y,1,General marketplace,postage,community support; returns,A commenter supports the buyer's choice to pay return postage to help a confused seller.,high,reddit:t1_ogh920m
76,fees_payments_holds,account hold,comment,https://www.reddit.com/r/Ebay/comments/1smmufh/seller_gave_me_a_refund_with_no_return,t1_ogfd5ga,Ebay,Seller gave me a refund with no return?,He may have not understood how the return process works. That comes up here sometimes with new sellers. I would probably hold it for a while to see if he asks you to return it. At this point he wouldn't be able to buy a return label through eBay but could purchase one online and send it to you in an eBay message.,HootieFrogCares,30,,,2026-04-15T23:47:18Z,https://www.reddit.com/r/Ebay/comments/1smmufh/seller_gave_me_a_refund_with_no_return/,t3_1smmufh,0,General marketplace,returns,seller support; shipping labels,A commenter explains the seller likely misunderstood returns and suggests ways they could still provide an off-platform label.,high,reddit:t1_ogfd5ga
76,fees_payments_holds,account hold,comment,https://www.reddit.com/r/Ebay/comments/1smmufh/seller_gave_me_a_refund_with_no_return,t1_ogmj12u,Ebay,Seller gave me a refund with no return?,"Final update: thank you everyone for all the advice and feedback! I did end up sending it back to him. It was like $8 with USPS ground cubic pricing, which is a pretty negligible amount to me. Before doing that, per some of the commenters’ advice I sent him a final message to contact eBay support and he responded “Ok” and nothing else since. Then I thought about how based on my interactions with him and my interactions with eBay support the chances of them successfully guiding him through the process of arranging return shipping outside of eBay were about 0%. As a final deciding factor I did something super creepy and googled his name and city with the idea that “ok, if this is an 85 year old retired schoolteacher or something I’ll pay to send it back, 40 year old pharmaceutical executive I’ll pass go and collect $200.” I found out that he’s an older small town family and event photographer who runs his business from a Facebook page, so that settled it for me. I don’t think I’m a bleeding heart or anything but the idea of keeping his expensive lens for free because he pressed the wrong button and maybe can’t figure out label creation (the package he sent was hand-addressed priority mail) was just too scummy. A girl’s gotta sleep at night!",RabsInPlaid,21,,,2026-04-17T00:35:14Z,https://www.reddit.com/r/Ebay/comments/1smmufh/seller_gave_me_a_refund_with_no_return/,t1_ogfov7y,1,Electronics,camera lenses,returns; buyer experience,The buyer confirms mailing the lens back at their own expense after researching the elderly photographer seller.,high,reddit:t1_ogmj12u
76,fees_payments_holds,account hold,comment,https://www.reddit.com/r/Ebay/comments/1smmufh/seller_gave_me_a_refund_with_no_return,t1_ogi58tv,Ebay,Seller gave me a refund with no return?,"That's very kind of you. I once requested a refund for the wrong item and wrong seller. Seller automatically refunded me and once I realized my error, I got in touch with him and PayPal'ed him the cost. I didn't have to, and it's outside ebay ecosystem but I felt it was the right thing to do.",grunt527,16,,,2026-04-16T11:45:21Z,https://www.reddit.com/r/Ebay/comments/1smmufh/seller_gave_me_a_refund_with_no_return/,t1_ogfov7y,1,General marketplace,online transactions,refunds; buyer ethics,A commenter praises the buyer and shares an experience where they repaid a seller who mistakenly refunded them.,high,reddit:t1_ogi58tv
77,fees_payments_holds,account hold,post,https://www.reddit.com/r/Ebay/comments/1ojiqzx/these_authenticators_cant_be_real,,Ebay,"these ""Authenticators"" can't be real","I sold a $1200 scarab necklace that is 14k with semi-precious stones. Like tigers eye, rose quartz, unakite, chalcedony. These are stones that cost 20 dollars a kilo - the are NOT what makes the item valuable. In my listing I listed the ones I knew and honestly wrote that some of them I couldn't be 100% sure, like black - I don't know if that's onyx or jet or what and I see ALL the time listings that just say ""clear stones"" instead of determining CZ, diamond, quartz, moissoniate - thats a WAY bigger difference than what is in one of these necklaces. So after a week of waiting for authentication as it sits there ""received"" by them, I got a message that theyre returning it because ""the matte pink stone is not rose quartz, it is unakite"" The necklace has both unakite and rose quartz. they both have pink in them, but they don't look alike. One is pink and green and tan. The unakite would be more matte. Rose Quartz polished is not matte looking. If you've ever seen both in your life, you could tell the difference from across a baseball field. I am 100% sure they are wrong. EVERYTHING else they said was perfectly correct - the gold, the size, the weight, the everything. Then, not only did they reject it wrongly - and for a reason that would be insignificant to most people because it doesnt affect the value being cheap semi precious stones... but they did it without asking the buyer if they even CARE. The buyer REALLY loved this necklace and wanted it. I dont think this moronic comment from the authenticator would have changed her mind. But instead they didnt ask her, they just mailed it back to me and put all my funds on hold while they SLOWLY ship it back to me. then they'll take all that money back out of my bank account that I was ready to pay my bills with, Ill be out the $22 in shipping on top of that, and I dont know why ebay thinks people will want to keep selling things over $500 on their platform if this is how they handle it. There's no chance that this necklace doesnt have rose quartz. I'm getting screwed over screwed out of the biggest sale I've ever had on ebay because some dude pretending he ever met a rock is saying that unakite is unakite, not rose quartz. because he somehow doesnt get that theyre different. I was pretty clear that theres a bunch of different stones in it... and my buyer gets screwed because she paid all that money, also waited over a week and now will find out that it got cancelled on her, without asking her if she wanted it with the rose quartz being unakite which Im sure would confuse the hell out of her seeing it clearly has both... but yeah, I thought ebay only screwed over sellers in favor of buyers committing fraud but now I see that they also like to screw both at the same time! I wish someone with some common sense could come in and just take over this stupid company because it can be great when ebay themselves isnt involved in the process, but man as soon as ebay is involved in a sale, they really know how to make you want to never sell on it again. They really know how to bring out the ugliest side of me anyone has ever seen. The fact that they always say theres nothing they can do, they'll be sure to send feedback on that, but do we cant reimburse your shipping even though it was our fault. we just cant, so sorry, have a great day. I hate ebay. with the fire of a thousand suns.",raggedyassadhd,36,0.82,73,2025-10-29T22:30:47Z,https://www.reddit.com/r/Ebay/comments/1ojiqzx/these_authenticators_cant_be_real/,,,Other / emerging,jewelry,authentication; order cancellation,"A seller complains that eBay's authentication service wrongly rejected a $1,200 scarab necklace over an alleged gemstone misidentification.",high,reddit:t3_1ojiqzx
77,fees_payments_holds,account hold,comment,https://www.reddit.com/r/Ebay/comments/1ojiqzx/these_authenticators_cant_be_real,t1_nm3eqy0,Ebay,"these ""Authenticators"" can't be real",Ouch. Just be glad you’re getting the necklace back and weren’t scammed by a buyer. Personally I would not sell such expensive jewelry on eBay as it’s not worth the risk IMO. But yeah I’ve heard mixed reviews on the authentication process,DaBoodaboo13,34,,,2025-10-29T22:48:22Z,https://www.reddit.com/r/Ebay/comments/1ojiqzx/these_authenticators_cant_be_real/,t3_1ojiqzx,0,Other / emerging,jewelry,seller risk; authentication,A commenter notes they would avoid selling expensive jewelry on eBay due to risks and cites mixed reviews of authentication.,high,reddit:t1_nm3eqy0
77,fees_payments_holds,account hold,comment,https://www.reddit.com/r/Ebay/comments/1ojiqzx/these_authenticators_cant_be_real,t1_nm44sxr,Ebay,"these ""Authenticators"" can't be real",Well now you know why they say “clear stones”. Next time just say “carved stones” or “a variety of carved semi precious stones”.,Ziantra,9,,,2025-10-30T01:12:38Z,https://www.reddit.com/r/Ebay/comments/1ojiqzx/these_authenticators_cant_be_real/,t3_1ojiqzx,0,Other / emerging,jewelry,listing advice,A commenter advises using broader terms like 'carved stones' or 'semi precious stones' in listings to avoid authentication rejections.,high,reddit:t1_nm44sxr
77,fees_payments_holds,account hold,comment,https://www.reddit.com/r/Ebay/comments/1ojiqzx/these_authenticators_cant_be_real,t1_nm3hwrb,Ebay,"these ""Authenticators"" can't be real","But like where do I NOT have that risk online? Maybe etsy. Posh has scammers too, but at least it's not poshmark itself scamming you. Even selling on your own site people can file a chargeback an you have no control over it, thats what's so maddening is that you can provide all the proof in the world and argue til youre blue in the face and they will just do whatever they want with your hard earned money. They will just take it and they dont care that you can prove everything, they dont care if they overdraft your account or anything else. I cant stand someone else with 0 empathy having that kind of control over my money, thats why I work for myself in the first place, and here I am in the same situation anyway.",raggedyassadhd,6,,,2025-10-29T23:05:45Z,https://www.reddit.com/r/Ebay/comments/1ojiqzx/these_authenticators_cant_be_real/,t1_nm3eqy0,1,General marketplace,online marketplaces,chargebacks; seller risk,"The author laments selling risks, noting chargebacks and lack of control over funds happen across online platforms like Poshmark and personal sites.",high,reddit:t1_nm3hwrb
77,fees_payments_holds,account hold,comment,https://www.reddit.com/r/Ebay/comments/1ojiqzx/these_authenticators_cant_be_real,t1_nm4ud5r,Ebay,"these ""Authenticators"" can't be real","The ebay authentication process is backlogged for weeks. They spend very little time and effort on each item. I sell fine jewelry and have had to send sold items to them. In the beginning, they were good. Then the wait time got longer. The first time they rejected an item due to their rushed, faulty process, i let it go. The second time, I got on the phone with ebay because they claimed the item wasn't 14k gold but lower gold. It is vintage and hallmarked, and I'm a jeweler, so I know it is real. I argued for 10 minutes and essentially told them the authentication process is costing ebay and me money. I got my item back, and ebay paid me 50% of the sale price. It hasn't happened again since.",mitchriley80,4,,,2025-10-30T03:46:02Z,https://www.reddit.com/r/Ebay/comments/1ojiqzx/these_authenticators_cant_be_real/,t3_1ojiqzx,0,Other / emerging,fine jewelry,authentication; customer support,"A jeweler shares an experience where eBay incorrectly rejected gold jewelry, resulting in a dispute where eBay paid 50% of the sale price.",high,reddit:t1_nm4ud5r
77,fees_payments_holds,account hold,comment,https://www.reddit.com/r/Ebay/comments/1ojiqzx/these_authenticators_cant_be_real,t1_nm5bhyj,Ebay,"these ""Authenticators"" can't be real",Is it possible the “rose quartz” wasn’t rose quartz? Maybe glass or something? Can you share the listing here?,Microworldofgems,3,,,2025-10-30T06:12:02Z,https://www.reddit.com/r/Ebay/comments/1ojiqzx/these_authenticators_cant_be_real/,t3_1ojiqzx,0,Other / emerging,jewelry,item authenticity,A commenter asks whether the stone might have been glass rather than rose quartz and requests the listing link.,high,reddit:t1_nm5bhyj
78,fees_payments_holds,account hold,post,https://www.reddit.com/r/Ebay/comments/1w7wp8u/sold_an_item_via_authenticity_guarantee_buyer_now,,Ebay,"Sold an item via Authenticity Guarantee, buyer now claiming INAD","I've been on eBay for 14 years, 99% of the time as a buyer. I have only ever sold small personal items, about 5 over many years. No plans or interest in becoming a regular seller. I sold an old Tiffany & Co diamond ring with all original paperwork via eBay as I thought the Authenticity Guarantee programme would protect me and the buyer. It was listed as No Returns Accepted. I took a large number of close-up photos and accurately described the condition, scratches, etc. It passed authentication so presumably the authenticator agreed the condition matched the description. A week later, the buyer has opened a case, claiming it was not as described because the ring size is half a size smaller, it has a lot of scratches (yes, these were described and shown in photos) and the ring box is fake (which is not true). The case was put on hold by eBay, to allow time for the buyer to return it to the authenticator. I spoke to eBay customer services who said that even though it passed authentication and I did not allow returns, if the buyer wants to return it, I will have to refund them. It will go back through authentication to make sure I do get the same item back in the same condition, but there is no scope to refuse the return even if the authenticator finds it is as described (as they did the first time!) Is this true, and is there any way around it? What is the point of saying no returns and going through authentication if the buyer can just force a return and refund even when the item is 100% as described and this is independently verified? Is there any point in appealing this? Finally, I received the funds as soon as the item passed authentication and withdrew them already, so there is no money in my eBay payments and generally would not be again. Will eBay take the money out of my bank account / start legal proceedings to get the money back for the refund - even though the item was as described and I followed all the rules?",Comfortable_Chef_364,28,0.81,53,2026-09-05T10:07:00Z,https://www.reddit.com/r/Ebay/comments/1w7wp8u/sold_an_item_via_authenticity_guarantee_buyer_now/,,,Luxury Fashion,fine jewelry,returns; Authenticity Guarantee,A seller asks how eBay handles an INAD return on an authenticated Tiffany diamond ring listed with no returns.,high,reddit:t3_1w7wp8u
78,fees_payments_holds,account hold,comment,https://www.reddit.com/r/Ebay/comments/1w7wp8u/sold_an_item_via_authenticity_guarantee_buyer_now,t1_p7yhhfc,Ebay,"Sold an item via Authenticity Guarantee, buyer now claiming INAD","This happened to me one time with a baseball card. Exactly this way “not as described” I fought and fought with eBay about it because in my eyes AUTHENTICITY should help the seller too, not just the buyer. After I finally got it back and my money being on hold forever, I relisted and it sold again the next day",Extension-Matter-732,24,,,2026-09-05T11:56:05Z,https://www.reddit.com/r/Ebay/comments/1w7wp8u/sold_an_item_via_authenticity_guarantee_buyer_now/,t3_1w7wp8u,0,Sports Cards,baseball cards,returns; Authenticity Guarantee,A user recounts facing an INAD claim and payment hold on an authenticated baseball card before eventually relisting and selling it.,high,reddit:t1_p7yhhfc
78,fees_payments_holds,account hold,comment,https://www.reddit.com/r/Ebay/comments/1w7wp8u/sold_an_item_via_authenticity_guarantee_buyer_now,t1_p7yakdd,Ebay,"Sold an item via Authenticity Guarantee, buyer now claiming INAD",There really is no such thing as “no returns” on eBay. A buyer claiming an item is not as described forces a return.,majesticalexis,16,,,2026-09-05T11:08:02Z,https://www.reddit.com/r/Ebay/comments/1w7wp8u/sold_an_item_via_authenticity_guarantee_buyer_now/,t3_1w7wp8u,0,General marketplace,eBay platform,returns; platform policy,A commenter states that a buyer claiming an item is not as described forces a return regardless of no-return policies.,high,reddit:t1_p7yakdd
78,fees_payments_holds,account hold,comment,https://www.reddit.com/r/Ebay/comments/1w7wp8u/sold_an_item_via_authenticity_guarantee_buyer_now,t1_p7yaxpk,Ebay,"Sold an item via Authenticity Guarantee, buyer now claiming INAD",Thanks. I thought the Authenticity Guarantee programme would be an exception as part of it is literally them checking it is as described on the listing. But apparently not. Selling is definitely not for me.,Comfortable_Chef_364,13,,,2026-09-05T11:10:45Z,https://www.reddit.com/r/Ebay/comments/1w7wp8u/sold_an_item_via_authenticity_guarantee_buyer_now/,t1_p7yakdd,1,Luxury Fashion,fine jewelry,Authenticity Guarantee; returns,The author thought eBay Authenticity Guarantee checked description accuracy to prevent returns and decides selling is not for them.,high,reddit:t1_p7yaxpk
78,fees_payments_holds,account hold,comment,https://www.reddit.com/r/Ebay/comments/1w7wp8u/sold_an_item_via_authenticity_guarantee_buyer_now,t1_p80extg,Ebay,"Sold an item via Authenticity Guarantee, buyer now claiming INAD",It's got to go back through authentication and there's a damn good chance that they're trying to just get you to give them a partial on a remorse return. If it's been altered and is any different from what you showed in your listing they'll get it rejected.,Tardigrade7point1,7,,,2026-09-05T17:42:40Z,https://www.reddit.com/r/Ebay/comments/1w7wp8u/sold_an_item_via_authenticity_guarantee_buyer_now/,t3_1w7wp8u,0,Luxury Fashion,fine jewelry,returns; Authenticity Guarantee,A commenter notes the returned item must undergo authentication again and will be rejected if altered from the listing.,medium,reddit:t1_p80extg
78,fees_payments_holds,account hold,comment,https://www.reddit.com/r/Ebay/comments/1w7wp8u/sold_an_item_via_authenticity_guarantee_buyer_now,t1_p7zb9cj,Ebay,"Sold an item via Authenticity Guarantee, buyer now claiming INAD","You'll have to take it back, but once returned you can report the buyer for abuse of INAD showing the authenticator as proof of them filing a false claim. This will help you also recoup any losses from shipping costs, etc. Ebay will refund you.",Accomplished-Top7951,7,,,2026-09-05T14:40:25Z,https://www.reddit.com/r/Ebay/comments/1w7wp8u/sold_an_item_via_authenticity_guarantee_buyer_now/,t1_p7yaxpk,2,Luxury Fashion,fine jewelry,returns; seller protection,A commenter advises accepting the return and subsequently reporting the buyer for INAD abuse to seek reimbursement from eBay.,medium,reddit:t1_p7zb9cj
79,fees_payments_holds,account hold,post,https://www.reddit.com/r/Ebay/comments/1rwn9r8/no_repercussions_for_leaving_fraudulent_negative,,Ebay,No repercussions for leaving fraudulent negative feedback.,"I had a buyer purchased a $2 card from my 100% feedback store \*5.5k+ sold over 10 years on ebay\* I receive a negative feedback from buyer. Even though their item hadn't arrived at their address stating the Pokemon card I sold them was quote 'its fake.' Having sold just Pokemon cards for the last decade as my full time job, fakes are very easy to pick out and this of course was provably not fake even by the standards of photo's taken. **However, it was proven this had nothing to do with the actual product.** This seller left this ***same feedback across multiple other seller*** accounts all at the same time all for $1.5-$2.5 solo card purchases. Each feedback stating 'its fake.' One of the other sellers reached out to me about this user leaving a negative feedback. As they noted that this person had done this to multiple other sellers as well. *Buyer had no interest in asking for refund, return, or replying to any messages.* Out of the noted 5 other seller accounts this buyer did this to, **2 of the sellers got the entire feedback removed** whereas the rest of us are now stuck with a negative feedback that holds no merit but has real world loss that comes with it. Meanwhile, the buyer has 100% feedback while damaging 5+ seller accounts that will now lose priority and most likely sales as they are no longer 100% feedback sellers. There is a stark difference in sales when you lose your 100% feedback. I called eBay, emailed back and forth for weeks. Originally they stated they would **remove the comment** on the feedback. Later, proved that the feedback being left was *malicious in nature* and not based on the merit of the sale of the product and **stated that the feedback would entirely would be removed** and would be reflected after a 24 hour period. **It never was.** I'd reach out to support again multiple times and get the same back and forth with a new customer service rep having to skim over the thread. Stating the comment would be removed but not the feedback, then the feedback would be removed, until it wasn't. Last attempt today via chat. I had the digital door slammed on my face by the rep. after their reply affirming just the comment would be removed and abruptly closing the chat. If someone was bored enough and wanted to blow $100 they could damage 50+ accounts leaving fraudulent feedback and would see no repercussion in this based off of this. While those sellers potentially spend hours fighting customer support, lose sales and their sanity. This singular $2 sale has me hovering over closing my account after hundreds of thousands in gross sales over the last decade. When a feedback left is so provably, clearly fraudulent yet eBay will still side with them. I have zero faith that eBay will ever side or protect me as a seller after this experience in any capacity. https://preview.redd.it/ixep4dk12ppg1.png?width=447&format=png&auto=webp&s=0822a636254e01d96aea0a776456fdba381c5d06 Sales drop since feedback. This was with increased inventory added to get it even just up to par these last couple of days.",AverageApeTravis,28,0.8,61,2026-03-17T23:28:51Z,https://www.reddit.com/r/Ebay/comments/1rwn9r8/no_repercussions_for_leaving_fraudulent_negative/,,,TCG/Pokemon,Pokemon cards,seller feedback; customer support,A seller reports failing to get fraudulent negative feedback removed from eBay after a buyer claimed a cheap Pokemon card was fake.,high,reddit:t3_1rwn9r8
79,fees_payments_holds,account hold,comment,https://www.reddit.com/r/Ebay/comments/1rwn9r8/no_repercussions_for_leaving_fraudulent_negative,t1_ob1pd94,Ebay,No repercussions for leaving fraudulent negative feedback.,It sounds like a competitor purposely trying to damage other sellers accounts.,webfloss,17,,,2026-03-18T02:06:29Z,https://www.reddit.com/r/Ebay/comments/1rwn9r8/no_repercussions_for_leaving_fraudulent_negative/,t3_1rwn9r8,0,TCG/Pokemon,Pokemon cards,seller feedback,A commenter suggests that a competitor might be intentionally trying to damage other sellers' accounts.,medium,reddit:t1_ob1pd94
79,fees_payments_holds,account hold,comment,https://www.reddit.com/r/Ebay/comments/1rwn9r8/no_repercussions_for_leaving_fraudulent_negative,t1_ob1j19i,Ebay,No repercussions for leaving fraudulent negative feedback.,"Now I know who all the people are that are camping the Pokemon machines and racks at the stores, they're all in these comments LOL",SneakyRussian71,13,,,2026-03-18T01:30:39Z,https://www.reddit.com/r/Ebay/comments/1rwn9r8/no_repercussions_for_leaving_fraudulent_negative/,t3_1rwn9r8,0,TCG/Pokemon,Pokemon cards,retail restocking,A commenter jokes that people camping Pokemon machines and racks in retail stores are present in the thread comments.,high,reddit:t1_ob1j19i
79,fees_payments_holds,account hold,comment,https://www.reddit.com/r/Ebay/comments/1rwn9r8/no_repercussions_for_leaving_fraudulent_negative,t1_ob1qbrd,Ebay,No repercussions for leaving fraudulent negative feedback.,"That was the only reasonable reason why this buyer would do this. Buy the cheapest single item off 5+ sellers and leave the same negative across all of them. No interest in refund, replacement or communication. Not an honest transaction.",AverageApeTravis,12,,,2026-03-18T02:11:59Z,https://www.reddit.com/r/Ebay/comments/1rwn9r8/no_repercussions_for_leaving_fraudulent_negative/,t1_ob1pd94,1,TCG/Pokemon,Pokemon cards,seller feedback,The original poster agrees that a competitor attack is the only reasonable explanation for the malicious feedback on cheap single items.,high,reddit:t1_ob1qbrd
79,fees_payments_holds,account hold,comment,https://www.reddit.com/r/Ebay/comments/1rwn9r8/no_repercussions_for_leaving_fraudulent_negative,t1_ob1n0hv,Ebay,No repercussions for leaving fraudulent negative feedback.,Sales are the absolute worst they have ever been in years for me the past few months. It. Is. Dead. 99.99% sure it’s not due to the one bad feedback.,who_am_i_to_say_so,9,,,2026-03-18T01:53:09Z,https://www.reddit.com/r/Ebay/comments/1rwn9r8/no_repercussions_for_leaving_fraudulent_negative/,t3_1rwn9r8,0,TCG/Pokemon,Pokemon cards,sales volume; seller feedback,A commenter states their own sales have been dead for months and doubts the poster's decline is caused by one negative feedback.,medium,reddit:t1_ob1n0hv
79,fees_payments_holds,account hold,comment,https://www.reddit.com/r/Ebay/comments/1rwn9r8/no_repercussions_for_leaving_fraudulent_negative,t1_ob1y1zb,Ebay,No repercussions for leaving fraudulent negative feedback.,"Try to report the buyer via the report abusive buyer function. It’s been some time since I’ve had to use it, but it worked to get a false INAD removed. This is just a different way of reporting it as the other methods haven’t worked for you. The stress is on “abusive buyer” and stress that he has done this to multiple other sellers. He could be your competition, ie another seller so I’d spread the word about this guy. People do crazy stuff to take others down.",Flux_My_Capacitor,5,,,2026-03-18T02:57:34Z,https://www.reddit.com/r/Ebay/comments/1rwn9r8/no_repercussions_for_leaving_fraudulent_negative/,t3_1rwn9r8,0,TCG/Pokemon,Pokemon cards,abusive buyer reporting; seller feedback,"A user recommends reporting the buyer via the abusive buyer function, noting it previously helped them remove a false claim.",high,reddit:t1_ob1y1zb
80,fees_payments_holds,account hold,post,https://www.reddit.com/r/Ebay/comments/1oxe60o/blocked_from_selling_several_major_brands_on_ebay,,Ebay,"Blocked from selling several major brands on eBay, no luck after 3-4 attempts with eBay customer service","I'm a 20 year ebay seller with 15K feedback and do six figures in sales a year. 3 years ago a company filed a bogus lawsuit against several hundred companies, mine included, related to a product I was selling on eBay. When my lawyer filed a notice to appear in court, they dropped us from the lawsuit, as the case lacked merit. We did not settle with them. Ever since then, I've been unable to list about a dozen brands (probably much more than that) in new or used condition. It mentions my account may have been named in a lawsuit and I'm prohibited for selling these items etc. I've contacted eBay concierge customer service about 4 times so far. Every time they claim to escalate it and say someone will follow up. Nothing ever happens, they drop the ball every time with no resolution. What can I do? They admitted they had some kind of 1 year hold on my account that was supposed to have been expired. I need to get ahold of someone that can actually do something, and I'm not sure how to do that.",Dual270x,18,0.82,29,2025-11-15T01:00:46Z,https://www.reddit.com/r/Ebay/comments/1oxe60o/blocked_from_selling_several_major_brands_on_ebay/,,,General marketplace,account restrictions,customer support; brand restrictions,A seller reports being blocked from listing multiple brands following an expired legal hold that customer service has not resolved.,high,reddit:t3_1oxe60o
80,fees_payments_holds,account hold,comment,https://www.reddit.com/r/Ebay/comments/1oxe60o/blocked_from_selling_several_major_brands_on_ebay,t1_nowu7sp,Ebay,"Blocked from selling several major brands on eBay, no luck after 3-4 attempts with eBay customer service","If possible, a list of those brands would be helpful for us to avoid.",daydreamingsunday,28,,,2025-11-15T01:58:00Z,https://www.reddit.com/r/Ebay/comments/1oxe60o/blocked_from_selling_several_major_brands_on_ebay/,t3_1oxe60o,0,General marketplace,account restrictions,brand restrictions,A commenter requests a list of the restricted brands to help other sellers avoid them.,high,reddit:t1_nowu7sp
80,fees_payments_holds,account hold,comment,https://www.reddit.com/r/Ebay/comments/1oxe60o/blocked_from_selling_several_major_brands_on_ebay,t1_noxq61g,Ebay,"Blocked from selling several major brands on eBay, no luck after 3-4 attempts with eBay customer service",Go into arbitration with eBay over this matter! Costs you nothing as eBay pays the fees. You easily win with your documentation. You'll need to ask for compensatory damages. No need for a lawyer either.,AugustusReddit,15,,,2025-11-15T05:46:10Z,https://www.reddit.com/r/Ebay/comments/1oxe60o/blocked_from_selling_several_major_brands_on_ebay/,t3_1oxe60o,0,General marketplace,account dispute,arbitration; legal action,A commenter advises entering arbitration against eBay to resolve the issue and seek compensatory damages.,high,reddit:t1_noxq61g
80,fees_payments_holds,account hold,comment,https://www.reddit.com/r/Ebay/comments/1oxe60o/blocked_from_selling_several_major_brands_on_ebay,t1_noyld7u,Ebay,"Blocked from selling several major brands on eBay, no luck after 3-4 attempts with eBay customer service","As others have noted, eBay CS is horrible. You will never get anywhere with them. They don't even comprehend (at least the reps who serve the US from India) basic eBay policies. Something like this will be impossible for them to even understand. Let alone remedy. Your best bet is to take eBay to arbitration. It is one of the things you agree to in the TOS (at least in the US). Generally, eBay is held harmless for any action they take. So you can't sue them, and you are forced to agree to this in order to use the platform. However, they have to have some remedy. So they use a 3rd party arbitration service. You need to contact them or figure out how to get that ball rolling. Sorry that happened. Another abysmal failure by ebay CS.",Swanky_Gear_Snob,6,,,2025-11-15T10:59:21Z,https://www.reddit.com/r/Ebay/comments/1oxe60o/blocked_from_selling_several_major_brands_on_ebay/,t3_1oxe60o,0,General marketplace,account dispute,customer support; arbitration,A commenter criticizes eBay customer support and recommends initiating third-party arbitration under platform terms.,high,reddit:t1_noyld7u
80,fees_payments_holds,account hold,comment,https://www.reddit.com/r/Ebay/comments/1oxe60o/blocked_from_selling_several_major_brands_on_ebay,t1_noydxno,Ebay,"Blocked from selling several major brands on eBay, no luck after 3-4 attempts with eBay customer service",Which brands?,Extension_Ad2635,5,,,2025-11-15T09:42:08Z,https://www.reddit.com/r/Ebay/comments/1oxe60o/blocked_from_selling_several_major_brands_on_ebay/,t3_1oxe60o,0,General marketplace,account restrictions,brand restrictions,A user asks which specific brands the seller was blocked from listing.,high,reddit:t1_noydxno
80,fees_payments_holds,account hold,comment,https://www.reddit.com/r/Ebay/comments/1oxe60o/blocked_from_selling_several_major_brands_on_ebay,t1_np8shq6,Ebay,"Blocked from selling several major brands on eBay, no luck after 3-4 attempts with eBay customer service","Adidas, DeWalt, Dyson, Motorola, probably many more brands, but those are the ones I'm sure of...",Dual270x,3,,,2025-11-17T01:23:49Z,https://www.reddit.com/r/Ebay/comments/1oxe60o/blocked_from_selling_several_major_brands_on_ebay/,t1_nowu7sp,1,Sneakers/Streetwear; Electronics,apparel; consumer electronics,brand restrictions,"The original poster lists Adidas, DeWalt, Dyson, and Motorola as brands they are blocked from selling.",high,reddit:t1_np8shq6
81,fees_payments_holds,account hold,post,https://www.reddit.com/r/Ebay/comments/1vexsds/usps_charging_me_112_for_shipping_in_an_oversized,,Ebay,USPS charging me $112 for shipping in an oversized box - am I screwed?,"First-time ebay seller. I decided to sell some Lego kits I bought years ago and never opened. I managed to sell one for $75, which netted me $63 after the fees and the shipping label. Went to the Post Office to ship it off and couldn't find a box that fit it snugly so I had to buy an oversized box that was nonetheless the smallest one it would fit in. I was the only customer at the time and the postman watched me box it up, then pay for the box and print my shipping label with the QR code and accepted it without comment. Today, a week after it was delivered, I got an email from ebay saying there were two adjustments to the shipping cost - $3 for the dimensions of the package, and $109 for weight because it was 30 pounds instead of the expected 3! I knew I hadn't sent a 30 lb box and the automated chat told me that significantly overweight packages are supposed to be returned to the sender instead of being shipped. When I called and talked to a human being, they told me there was nothing they could do to hold or reverse the charges and the Post Office was charging me ""dimensional weight"" on the size of the empty space in the box, and the only thing I could do was dispute it with USPS. If I'd known they were gonna charge me more than I made off the sale, I would've left and gone somewhere else to find a smaller box, and I'm royally pissed that the postman didn't make any attempt to warn me when he watched me box it up. Do I have any chance of appealing this or am I just out $50 in the long run? If I dispute the charge with my bank will I be able to get anywhere? EDIT: The consensus in the comments is that I am in fact screwed. Oh well. Lesson learned, I suppose. UPDATE 9/2/26: I guess the Post Office must have accepted my appeal, because I got an email today from eBay saying they were depositing the money back into my bank account. Guess I got lucky. Now I know better for next time.",Smaptimania,12,0.61,76,2026-08-04T02:34:40Z,https://www.reddit.com/r/Ebay/comments/1vexsds/usps_charging_me_112_for_shipping_in_an_oversized/,,,Toys/Collectibles,Lego,shipping fee adjustment; dimensional weight,A seller selling a Lego kit faced an unexpected $112 shipping adjustment from USPS due to dimensional weight.,high,reddit:t3_1vexsds
81,fees_payments_holds,account hold,comment,https://www.reddit.com/r/Ebay/comments/1vexsds/usps_charging_me_112_for_shipping_in_an_oversized,t1_p1kpn97,Ebay,USPS charging me $112 for shipping in an oversized box - am I screwed?,"Dimensional weight. The QR code / label was almost certainly incorrect if you packaged it at the post office. I’m taking a wild guess this was like a 24x18x4 LEGO box that you put in a 24x24x24 moving box. Had you cut it down to 24x24x4, you would have saved a ton.",b_rizzle95,41,,,2026-08-04T02:42:14Z,https://www.reddit.com/r/Ebay/comments/1vexsds/usps_charging_me_112_for_shipping_in_an_oversized/,t3_1vexsds,0,Toys/Collectibles,Lego,shipping advice; dimensional weight,The commenter explains that dimensional weight caused the fee and suggests cutting down the box could have saved money.,high,reddit:t1_p1kpn97
81,fees_payments_holds,account hold,comment,https://www.reddit.com/r/Ebay/comments/1vexsds/usps_charging_me_112_for_shipping_in_an_oversized,t1_p1kqsjj,Ebay,USPS charging me $112 for shipping in an oversized box - am I screwed?,"So you just put in some random dimensions and weight in the shipping information when you made the listing? That’s your mistake right there, you’ve got to package it when you post the listing. Dimensions and weight have to be spot-on when doing calculated shipping. Of course the label with random measurements wasn’t going to be the right price, and large boxes should always be cut down to fit the item snugly (with packing paper still around the item, of course)—never ship something with more than a few inches of empty space on any side, that’s money right there",tragicxharmony,32,,,2026-08-04T02:48:55Z,https://www.reddit.com/r/Ebay/comments/1vexsds/usps_charging_me_112_for_shipping_in_an_oversized/,t3_1vexsds,0,General marketplace,shipping,calculated shipping; box sizing,The commenter advises that accurate packaging dimensions and weight must be determined when listing to avoid costly shipping discrepancies.,high,reddit:t1_p1kqsjj
81,fees_payments_holds,account hold,comment,https://www.reddit.com/r/Ebay/comments/1vexsds/usps_charging_me_112_for_shipping_in_an_oversized,t1_p1krwnx,Ebay,USPS charging me $112 for shipping in an oversized box - am I screwed?,The first rule of reselling is to make sure you have everything you need to ship your item the next day and print your label at home.,knishman,21,,,2026-08-04T02:55:30Z,https://www.reddit.com/r/Ebay/comments/1vexsds/usps_charging_me_112_for_shipping_in_an_oversized/,t3_1vexsds,0,General marketplace,reselling basics,shipping preparation,The commenter states that reselling requires having shipping supplies ready beforehand and printing labels at home.,high,reddit:t1_p1krwnx
81,fees_payments_holds,account hold,comment,https://www.reddit.com/r/Ebay/comments/1vexsds/usps_charging_me_112_for_shipping_in_an_oversized,t1_p1kyr6e,Ebay,USPS charging me $112 for shipping in an oversized box - am I screwed?,">I'm royally pissed that the postman didn't make any attempt to warn me when he watched me box it up. You generated your own label, they PO clerk didn't do it for you. They're not looking at the data you're entering on eBay to verify if it's accurate. When you use a prepaid label USPS is supposed to take it without question\*\* and let any discrepancies for weight or dimensions be handled by the automated system during transit. You should be ""royally pissed"" with yourself for not adjusting prefilled weight and dimensions when purchasing the label. eBay prefilled *estimates* because you chose to use estimates when creating the listing. eBay does not have visibility to your actual package so it is up to you to verify those estimates are accurate. No, USPS will not reverse the charge. It's a legit charge. If you attempt to file a payment dispute for the amount, eBay can not only win the dispute with your bank, they can also permanently suspend you. *\*\*Exception being situations such as a seller doing something like putting a Media Mail label on a Priority box.*",wastingtime101-,16,,,2026-08-04T03:37:56Z,https://www.reddit.com/r/Ebay/comments/1vexsds/usps_charging_me_112_for_shipping_in_an_oversized/,t3_1vexsds,0,General marketplace,shipping labels,seller responsibility; payment dispute risk,The commenter states clerks do not check prepaid dimensions and warns that disputing legitimate charges risks account suspension.,high,reddit:t1_p1kyr6e
81,fees_payments_holds,account hold,comment,https://www.reddit.com/r/Ebay/comments/1vexsds/usps_charging_me_112_for_shipping_in_an_oversized,t1_p1kr73q,Ebay,USPS charging me $112 for shipping in an oversized box - am I screwed?,"Lesson learned here, figure out your packaging prior to listing an item for sale and this won’t happen. I’ve sold numerous items on eBay and never had an issue with shipping because I find a box and put down my actual dimensions and weight for the box I’m shipping with usps when I create the listing, from there eBay figures out how much to charge the buyer based on calculated shipping, and that’s how much I buy the label for from eBay.",sir_gwain,13,,,2026-08-04T02:51:17Z,https://www.reddit.com/r/Ebay/comments/1vexsds/usps_charging_me_112_for_shipping_in_an_oversized/,t3_1vexsds,0,General marketplace,shipping calculation,listing preparation,The commenter advises measuring and weighing packaging prior to listing to ensure accurate calculated shipping costs.,high,reddit:t1_p1kr73q
82,authenticity_fakes,fake,post,https://www.reddit.com/r/Ebay/comments/1txovv8/update_seller_sent_a_fake_real_delivery_picture,,Ebay,UPDATE: Seller sent a fake real delivery picture of my actual front door. How?,"Some commenters on my [original post](https://www.reddit.com/r/Ebay/comments/1tufurc/seller_sent_a_fake_real_delivery_picture_of_my/) had asked to provide an update, so here it is: The seller actually requested (at 1:15AM) to have the case reviewed. I'm assuming he did this knowing it would automatically be ruled in his favor since he provided a tracking number showing delivery. Indeed, it was ruled in his favor within 15 minutes of him requesting the review. I requested an appeal by having Ebay call me. The woman I spoke to was very nice. She spent about 10 minutes reviewing it and agreed it was very strange how the seller was able to send me an Amazon delivery pic. She ruled in my favor, and I will be getting a refund! Good guys: 1, Bad guys: 0. I still have no idea how the seller was able to get the Amazon delivery pic. Lots of good theories, but I suppose we'll never know. I did try to file an incident with Amazon, but of course it went into a black hole.",idontmeanmaybe,646,0.97,131,2026-06-05T15:53:16Z,https://www.reddit.com/r/Ebay/comments/1txovv8/update_seller_sent_a_fake_real_delivery_picture/,,,General marketplace,,buyer dispute; shipping scam,A buyer successfully appealed an eBay case refund after a seller used an Amazon delivery picture to falsely claim delivery.,high,reddit:t3_1txovv8
82,authenticity_fakes,fake,comment,https://www.reddit.com/r/Ebay/comments/1txovv8/update_seller_sent_a_fake_real_delivery_picture,t1_opxhm5w,Ebay,UPDATE: Seller sent a fake real delivery picture of my actual front door. How?,"The problem for eBay and the rest of us is that in a lot of these types of cases, it seems eBay compensates both the buyer and the seller. The problem with this is it costs eBay money that they didn't earn from the sale. I would assume they, in turn, raise fees the more it happens and the more money they pay out. Sadly and maybe more importantly, it also emboldens these scammers. If the guy did scam you, I'm sure it's not his first account, or the first time he's done this, and it won't be the last. He doesn't care if you got refunded as long as he got a payout too. I hate scammers so much, and I hate how eBay is so automated that it makes auto decisions in most cases, like INAD or fake tracking, even with proof of the other's wrongdoing... Thanks for the update",IamHimButNotReally,114,,,2026-06-05T16:23:21Z,https://www.reddit.com/r/Ebay/comments/1txovv8/update_seller_sent_a_fake_real_delivery_picture/,t3_1txovv8,0,General marketplace,,dispute resolution; marketplace fraud,A commenter argues that eBay's automated decisions and practice of paying out both sides emboldens scammers and increases seller fees.,high,reddit:t1_opxhm5w
82,authenticity_fakes,fake,comment,https://www.reddit.com/r/Ebay/comments/1txovv8/update_seller_sent_a_fake_real_delivery_picture,t1_opxt7se,Ebay,UPDATE: Seller sent a fake real delivery picture of my actual front door. How?,"This is a feature not a bug of eBay. They mostly keep scammy buyers and scammy sellers at bay, but there's a fraction of cases where eBay doesn't have enough information to figure out who's at fault for sure. eBay eats the cost of refunding both sides. As a seller, I'm never happy about eBay's fees, but it helps me understand them.",petehern,35,,,2026-06-05T17:14:48Z,https://www.reddit.com/r/Ebay/comments/1txovv8/update_seller_sent_a_fake_real_delivery_picture/,t1_opxhm5w,1,General marketplace,,seller fees; dispute resolution,A seller rationalizes eBay's platform fees by explaining that eBay absorbs costs when resolving ambiguous disputes between buyers and sellers.,high,reddit:t1_opxt7se
82,authenticity_fakes,fake,comment,https://www.reddit.com/r/Ebay/comments/1txovv8/update_seller_sent_a_fake_real_delivery_picture,t1_opyzbpd,Ebay,UPDATE: Seller sent a fake real delivery picture of my actual front door. How?,"The way he obtained your delivery photo is actually rather simple, there are sites in which you can buy/sell tracking numbers based off addresses for specific time/dates. It's actually a growing 'scam' that is purely done to take advantage of other people. If you have ever searched for your tracking # on any other site, then you have essentially provided them the information they needed, in which case it can be sold to 3rd parties.",RelativeFew2595,29,,,2026-06-05T20:31:16Z,https://www.reddit.com/r/Ebay/comments/1txovv8/update_seller_sent_a_fake_real_delivery_picture/,t3_1txovv8,0,General marketplace,,shipping scam; data privacy,A commenter explains that third-party tracking sites buy and sell delivery details and photos to facilitate shipping scams.,high,reddit:t1_opyzbpd
82,authenticity_fakes,fake,comment,https://www.reddit.com/r/Ebay/comments/1txovv8/update_seller_sent_a_fake_real_delivery_picture,t1_oq0yvxq,Ebay,UPDATE: Seller sent a fake real delivery picture of my actual front door. How?,"Yup, EVERY third party tracking site/app sells your tracking data, which includes your address. The only way to avoid this is to only use the UPS / USPS / Fedex website directly to track your deliveries.",TP_Crisis_2020,9,,,2026-06-06T03:17:13Z,https://www.reddit.com/r/Ebay/comments/1txovv8/update_seller_sent_a_fake_real_delivery_picture/,t1_opyzbpd,1,General marketplace,,shipping scam; data privacy,A commenter claims third-party tracking websites sell address data and advises using official carrier websites directly.,high,reddit:t1_oq0yvxq
82,authenticity_fakes,fake,comment,https://www.reddit.com/r/Ebay/comments/1txovv8/update_seller_sent_a_fake_real_delivery_picture,t1_opzdr43,Ebay,UPDATE: Seller sent a fake real delivery picture of my actual front door. How?,"Oh wow, I used to use the website parcels.app to track my international numbers since it was really good at searching all courier's databases, I figured what's the harm in using it, now I wonder if they then sell those tracking numbers to scammers 🤯",mossyzombie2021,8,,,2026-06-05T21:43:16Z,https://www.reddit.com/r/Ebay/comments/1txovv8/update_seller_sent_a_fake_real_delivery_picture/,t1_opyzbpd,1,General marketplace,,data privacy; shipping scam,A user questions whether a third-party tracking website they previously used might sell tracking numbers to scammers.,high,reddit:t1_opzdr43
83,authenticity_fakes,fake,post,https://www.reddit.com/r/Ebay/comments/1tufurc/seller_sent_a_fake_real_delivery_picture_of_my,,Ebay,Seller sent a fake real delivery picture of my actual front door. How?,"I am currently dealing with an ebay seller who is trying to claim they sent the item to me, and it was delivered today. I submitted an ""order not received"" status today, and almost immediately the seller added a tracking number and a delivery picture. The thing I can't figure out is the delivery picture is a real delivery picture of my front door (of an amazon delivery). How the heck did the seller get that? EDIT: I actually found the delivery pic just now. It is from a package my wife received from Amazon on May 29. How did the seller get this pic??? EDIT2: I have a front door camera that does continuous recording. No package was delivered to me today, June 1. EDIT3: Listing other reasons I know the seller is lying because people think the package was stolen: 1) The USPS tracking number provided is not in my informed delivery, which means it was not addressed to me. 2) The tracking number says ""delivered in or at the mailbox"". My mailbox is a community mailbox that is not near my house. USPS delivers there, not to my front door. The delivery pic was at my front door. EDIT4: Adding images to show the seller did not use AI or Google Maps or anything to generate the delivery pic. The pic is identical to the delivery pic in my wife's Amazon account. Does the seller somehow have access to Amazon's delivery pic database? What else could it be? Both my wife and myself use a password manager and 2FA so highly doubt the seller has access to either of our Amazon accounts. Seller message with pic: https://imgur.com/cPnx0PW Seller delivery pic: https://imgur.com/0zKgKan Delivery pic on Amazon: https://imgur.com/JyylUfi",idontmeanmaybe,409,0.96,293,2026-06-02T04:09:20Z,https://www.reddit.com/r/Ebay/comments/1tufurc/seller_sent_a_fake_real_delivery_picture_of_my/,,,General marketplace,eBay,delivery disputes; seller fraud,A buyer questions how an eBay seller obtained an authentic Amazon delivery photo of their front door as delivery proof.,high,reddit:t3_1tufurc
83,authenticity_fakes,fake,comment,https://www.reddit.com/r/Ebay/comments/1tufurc/seller_sent_a_fake_real_delivery_picture_of_my,t1_opa0hyp,Ebay,Seller sent a fake real delivery picture of my actual front door. How?,USPS doesn’t take pictures for delivery confirmation.,javdiaz13,263,,,2026-06-02T07:56:34Z,https://www.reddit.com/r/Ebay/comments/1tufurc/seller_sent_a_fake_real_delivery_picture_of_my/,t3_1tufurc,0,General marketplace,shipping,delivery confirmation; USPS,The commenter asserts that USPS does not capture photographs for delivery confirmation.,high,reddit:t1_opa0hyp
83,authenticity_fakes,fake,comment,https://www.reddit.com/r/Ebay/comments/1tufurc/seller_sent_a_fake_real_delivery_picture_of_my,t1_opairmo,Ebay,Seller sent a fake real delivery picture of my actual front door. How?,Maybe the seller has access to amazons delivery evidence? Which would enable them to get proof of address of practically anyone they sell to,SnooHesitations6727,80,,,2026-06-02T10:30:03Z,https://www.reddit.com/r/Ebay/comments/1tufurc/seller_sent_a_fake_real_delivery_picture_of_my/,t1_opa0hyp,1,General marketplace,shipping,delivery fraud; Amazon,The commenter suggests the seller might have access to Amazon delivery records to obtain proof of address photos.,medium,reddit:t1_opairmo
83,authenticity_fakes,fake,comment,https://www.reddit.com/r/Ebay/comments/1tufurc/seller_sent_a_fake_real_delivery_picture_of_my,t1_op9l7sm,Ebay,Seller sent a fake real delivery picture of my actual front door. How?,"Had a doordash delivery do this to me once. Whatever company the carrier for the package was, they have photos of past deliveries saved to help drivers find the right house/door/etc. All they gotta do is screenshot that and upload it as the delivery photo to take ur shit. Not the ebay seller lol",GothicCodeAuthority,79,,,2026-06-02T05:49:09Z,https://www.reddit.com/r/Ebay/comments/1tufurc/seller_sent_a_fake_real_delivery_picture_of_my/,t3_1tufurc,0,General marketplace,shipping,delivery theft; delivery photos,The commenter suggests delivery drivers can reuse saved past delivery photos to misrepresent deliveries rather than the seller.,medium,reddit:t1_op9l7sm
83,authenticity_fakes,fake,comment,https://www.reddit.com/r/Ebay/comments/1tufurc/seller_sent_a_fake_real_delivery_picture_of_my,t1_opbov1c,Ebay,Seller sent a fake real delivery picture of my actual front door. How?,"They are testing this in parts of the country right now. I am taking part in this presently. “Active test locations: The pilot program runs in select metropolitan zones including parts of Phoenix (AZ), New York City (NY), Fargo (MN-ND), and Dallas (TX).”",Hrdcorefan,36,,,2026-06-02T14:27:03Z,https://www.reddit.com/r/Ebay/comments/1tufurc/seller_sent_a_fake_real_delivery_picture_of_my/,t1_opa0hyp,1,General marketplace,shipping,USPS; delivery confirmation,The commenter notes that USPS is currently testing delivery photos in select pilot cities.,high,reddit:t1_opbov1c
83,authenticity_fakes,fake,comment,https://www.reddit.com/r/Ebay/comments/1tufurc/seller_sent_a_fake_real_delivery_picture_of_my,t1_op9g1ts,Ebay,Seller sent a fake real delivery picture of my actual front door. How?,Check the feedback for the seller to see if there are any other incidents.,Ndizzi,35,,,2026-06-02T05:08:37Z,https://www.reddit.com/r/Ebay/comments/1tufurc/seller_sent_a_fake_real_delivery_picture_of_my/,t3_1tufurc,0,General marketplace,eBay,seller feedback; buyer advice,The commenter advises checking the seller's feedback for previous similar incidents.,high,reddit:t1_op9g1ts
84,authenticity_fakes,fake,post,https://www.reddit.com/r/Ebay/comments/1p62qpg/sellers_really_need_to_stop_using_the_ai,,Ebay,Sellers really need to stop using the AI description,"Edit: This post is specifically talking about eBay's built-in ""AI"" description tool, not actual AI tools that actually work. I can't tell you how many times its happened. I find a listing I'm interested in, go to the description, and its just ""This item is a quintessential addition to your collection. With a plastic construction and durable metal details, its sure to last. It is manufactured by this company, a well-known brand in this hobby. If features a green color and is suitable for ages 14 and up. This ready-to-play item is 1:45 scale and sure to capture your imagination in miniature form."" I mean, honestly, can't people see how awful and fake that sounds? The description is there to tell buyers more about the item and help them see if its a good idea to buy it. What I don't want from an eBay description is useless gushing. Added to that, I doubt its even an AI powering it. Most likely, its just a template that fills in the information you give it. Because it all sounds the same. Like, *exactly* the same. I've sold quite a few things on eBay and I've written detailed descriptions for each and every item. Its not that difficult. And you're more likely to make the sale if you put in that effort. I tried the AI description once and I'm glad I read it before listing the item because it told the buyer nothing more than they could clearly see from the title and pictures. Am I the only one who views it this way? So many sellers use it now and its so dumb.",Ornery_Feature_3466,342,0.93,140,2025-11-25T04:05:11Z,https://www.reddit.com/r/Ebay/comments/1p62qpg/sellers_really_need_to_stop_using_the_ai/,,,General marketplace,online listings; collectibles,listing descriptions; AI tools,"The poster criticizes eBay's built-in AI description tool, arguing it generates useless generic text rather than helpful item details.",high,reddit:t3_1p62qpg
84,authenticity_fakes,fake,comment,https://www.reddit.com/r/Ebay/comments/1p62qpg/sellers_really_need_to_stop_using_the_ai,t1_nqnguem,Ebay,Sellers really need to stop using the AI description,"It feels like I'm reading the script for an ad on a small town radio station. If you are asking $400 for your pre worn clothes, you better have some damned measurements provided or count me out. Lazy.",MowgeeCrone,86,,,2025-11-25T04:16:25Z,https://www.reddit.com/r/Ebay/comments/1p62qpg/sellers_really_need_to_stop_using_the_ai/,t3_1p62qpg,0,Other / emerging,pre-worn clothing,item descriptions; clothing measurements,"The commenter refuses to buy $400 pre-worn clothes lacking provided measurements, criticizing AI descriptions as lazy radio-ad scripts.",high,reddit:t1_nqnguem
84,authenticity_fakes,fake,comment,https://www.reddit.com/r/Ebay/comments/1p62qpg/sellers_really_need_to_stop_using_the_ai,t1_nqngmca,Ebay,Sellers really need to stop using the AI description,"I agree, its the most unhelpful possible thing you could put in the description of your listing, if i know I am going to buy something then whatever the AI is saying about it is completely meaningless. Id rather you just give me a sentence about it than 2 paragraphs of slop",Lower_Kick268,50,,,2025-11-25T04:14:51Z,https://www.reddit.com/r/Ebay/comments/1p62qpg/sellers_really_need_to_stop_using_the_ai/,t3_1p62qpg,0,General marketplace,online listings,listing descriptions; AI tools,The commenter agrees AI listing descriptions are unhelpful and prefers a single concise sentence over paragraphs of AI text.,high,reddit:t1_nqngmca
84,authenticity_fakes,fake,comment,https://www.reddit.com/r/Ebay/comments/1p62qpg/sellers_really_need_to_stop_using_the_ai,t1_nqnkgoc,Ebay,Sellers really need to stop using the AI description,Do what I do. If they use AI don't buy it.,jforrest1980,37,,,2025-11-25T04:43:05Z,https://www.reddit.com/r/Ebay/comments/1p62qpg/sellers_really_need_to_stop_using_the_ai/,t3_1p62qpg,0,General marketplace,online listings,buyer behavior; AI tools,The commenter states that they simply refuse to buy items from sellers who use AI descriptions.,high,reddit:t1_nqnkgoc
84,authenticity_fakes,fake,comment,https://www.reddit.com/r/Ebay/comments/1p62qpg/sellers_really_need_to_stop_using_the_ai,t1_nqno4i4,Ebay,Sellers really need to stop using the AI description,As soon as I see it’s ai I don’t read anymore of it. It’s useless. Effectively the same as no description.,cpapp22,23,,,2025-11-25T05:10:48Z,https://www.reddit.com/r/Ebay/comments/1p62qpg/sellers_really_need_to_stop_using_the_ai/,t3_1p62qpg,0,General marketplace,online listings,listing descriptions; AI tools,"The commenter stops reading listings upon noticing AI text, calling it useless and equivalent to having no description at all.",high,reddit:t1_nqno4i4
84,authenticity_fakes,fake,comment,https://www.reddit.com/r/Ebay/comments/1p62qpg/sellers_really_need_to_stop_using_the_ai,t1_nqon1fq,Ebay,Sellers really need to stop using the AI description,"I will avoid buying items with these descriptions if there is a similarly priced alternative with an actual description, even if I need to pay slightly more. I know what a damn Pokémon card is, tell me more about the *specific one* your selling, even if it's just the barest details. ""Has some wear on the back"" is so quick to type out, but 100 times more helpful that whatever that AI garble is.",blumaroona,18,,,2025-11-25T10:41:42Z,https://www.reddit.com/r/Ebay/comments/1p62qpg/sellers_really_need_to_stop_using_the_ai/,t3_1p62qpg,0,TCG/Pokemon,Pokemon cards,item condition; listing descriptions,"The commenter avoids listings with AI descriptions, preferring specific item details like card wear even if paying slightly more.",high,reddit:t1_nqon1fq
85,authenticity_fakes,fake,post,https://www.reddit.com/r/Ebay/comments/1om25vd/ebay_authenticity_guarantee_sent_me_a_fake_card,,Ebay,Ebay authenticity guarantee sent me a fake card & is refusing to make it right,"As the title states, this card was delivered to me on oct 7. Thankfully I record all of my package openings so the picture's from the 7th are screenshots from that same video. I sent the card to beckett, and they determined it was fake. I reached out to ebay on the 26th, the same day I got the card back from beckett, and today they are telling me there is nothing they can do. I am posting this to bring attention to the matter as this is completely unacceptable. I did give them another call and they basically told me ONCE AGAIN that they will see what they can do which is what I've heard many times at this point. I'm so frustrated.",natmercado12,114,0.82,125,2025-11-01T23:20:42Z,https://www.reddit.com/r/Ebay/comments/1om25vd/ebay_authenticity_guarantee_sent_me_a_fake_card/,,,Sports Cards; TCG/Pokemon,trading cards,authenticity guarantee; dispute resolution,A buyer claims eBay's Authenticity Guarantee delivered a fake card and is currently refusing to resolve the issue.,medium,reddit:t3_1om25vd
85,authenticity_fakes,fake,comment,https://www.reddit.com/r/Ebay/comments/1om25vd/ebay_authenticity_guarantee_sent_me_a_fake_card,t1_nmmi4mj,Ebay,Ebay authenticity guarantee sent me a fake card & is refusing to make it right,I mean what if Beckett is wrong? It says ‘questionable’ does that mean it’s actually fake or just it may be fake? In either case every time I see a post here about Pokémon cards I shake my head and wonder why people even deal with this stuff.,rosevilleguy,98,,,2025-11-02T00:35:56Z,https://www.reddit.com/r/Ebay/comments/1om25vd/ebay_authenticity_guarantee_sent_me_a_fake_card/,t3_1om25vd,0,TCG/Pokemon,pokemon cards,authenticity; grading,A commenter questions Beckett's fake determination and expresses frustration with dealing in Pokémon cards.,high,reddit:t1_nmmi4mj
85,authenticity_fakes,fake,comment,https://www.reddit.com/r/Ebay/comments/1om25vd/ebay_authenticity_guarantee_sent_me_a_fake_card,t1_nmmey1w,Ebay,Ebay authenticity guarantee sent me a fake card & is refusing to make it right,You can try to keep pushing it with eBay but you're going to run into a massive problem because you sent the card away. Since you sent the item to a third party you voided your money back guarantee so they might not help you at this point. If the seller has a return policy you can return the card for any reason but again you admitted to sending the card to a third party so you might run into issues.,Spockhighonspores,43,,,2025-11-02T00:17:15Z,https://www.reddit.com/r/Ebay/comments/1om25vd/ebay_authenticity_guarantee_sent_me_a_fake_card/,t3_1om25vd,0,Sports Cards; TCG/Pokemon,trading cards,return policy; buyer protection,A commenter warns that sending the card to a third party may have voided eBay's money-back guarantee.,medium,reddit:t1_nmmey1w
85,authenticity_fakes,fake,comment,https://www.reddit.com/r/Ebay/comments/1om25vd/ebay_authenticity_guarantee_sent_me_a_fake_card,t1_nmmeyxi,Ebay,Ebay authenticity guarantee sent me a fake card & is refusing to make it right,File a chargeback submit the same information to your bank or cc company,dgoins1,30,,,2025-11-02T00:17:24Z,https://www.reddit.com/r/Ebay/comments/1om25vd/ebay_authenticity_guarantee_sent_me_a_fake_card/,t3_1om25vd,0,General marketplace,payment disputes,chargeback,A commenter advises filing a chargeback with a bank or credit card company.,high,reddit:t1_nmmeyxi
85,authenticity_fakes,fake,comment,https://www.reddit.com/r/Ebay/comments/1om25vd/ebay_authenticity_guarantee_sent_me_a_fake_card,t1_nmnsi3t,Ebay,Ebay authenticity guarantee sent me a fake card & is refusing to make it right,Sending the card to a 3rd party like PSA or Beckett does not void ebays authentication guarantee. I have been through this I was outside of the 3 day window by about 16 days and I showed ebay the proof from SGC that the card was fake and all other supporting documentation and ebay approved the return and I received a full refund. Edit to add: this took several conversations with ebay reps both online and on the phone with several escalations to finally get this done. It was not a simple 1 phone call and done it was a pain in the ass but I wasn't willing to let it go and be out $900 and only having a fake card to show for it.,heyitshim99,18,,,2025-11-02T05:37:45Z,https://www.reddit.com/r/Ebay/comments/1om25vd/ebay_authenticity_guarantee_sent_me_a_fake_card/,t1_nmmey1w,1,Sports Cards; TCG/Pokemon,trading cards,authenticity guarantee; refunds,"A commenter states third-party grading does not void eBay's authentication guarantee, citing their own successful refund experience.",high,reddit:t1_nmnsi3t
85,authenticity_fakes,fake,comment,https://www.reddit.com/r/Ebay/comments/1om25vd/ebay_authenticity_guarantee_sent_me_a_fake_card,t1_nmn3dm2,Ebay,Ebay authenticity guarantee sent me a fake card & is refusing to make it right,Send it to another one and see what happens. Beckett is probably wrong. They aren’t great graders imo.,definitelynotagurl,13,,,2025-11-02T02:41:49Z,https://www.reddit.com/r/Ebay/comments/1om25vd/ebay_authenticity_guarantee_sent_me_a_fake_card/,t3_1om25vd,0,Sports Cards; TCG/Pokemon,trading cards,card grading; authenticity,"A commenter suggests submitting the card to another grading service, claiming Beckett is likely mistaken.",medium,reddit:t1_nmn3dm2
86,authenticity_fakes,fake,post,https://www.reddit.com/r/Ebay/comments/1ufsqqo/buyer_sent_me_an_aigenerated_letter_from_usps,,Ebay,Buyer sent me an AI-generated letter from USPS asking for a refund,"Update: I went to my local post office, and they pulled the geotracking for the delivery scan, and confirmed it was in fact delivered to the address. Buyer has repeatedly contacted me, asking for me to create a USPS claim. I was concerned that creating a USPS claim for an item that was in fact delivered would be me committing mail fraud. Buyer sent email screenshots from USPS, which also honestly looked suspect. I did a quick google, and found that these can easily be fabricated. Something that stood out to me, is that there were multiple case numbers; when asked about it, the buyer just said they reopened the case (but I think that should trigger a re-open, not a new case number) I spoke with a live eBay agent, bc I wanted to make sure they don’t go ahead and refund the buyer. The agent reviewed (turns out they can see messages between users) and agreed everything looked extremely suspect. He asserted NO refund would be given from eBay, urged me not to give a refund (I won’t), and encouraged me to report this as mail fraud. The agent said they also contacted USPS, and confirmed the geotracking themselves (prob at the time of the original request). The agent even volunteered that this letter on USPS letterhead did not look like ANY letter he has seen from USPS in the past. Long story long, I’m in the process of figuring out how to report this as mail fraud. ======== Item sold, shipped via eBay-purchased label, and marked as delivered. Money pays out to me. Days later, buyer opens a request saying USPS lost package and USPS asked that I create a claim. I respond to the request, outline all my points and that USPS never contacted me and the buyer is falsifying his report. eBay rules in my favor and closes the case. Days later, buyer messages me for a refund, and with a letter on USPS letterhead- stating that the package was lost and the sender should open a claim. I won’t go into specific details here, but there were a lot of red flags that made it was clear it was AI-generated. I reported him to eBay for policy violation (mail fraud, falsifying a USPS document, attempting to initiate contact outside of ebay). On principle, I want to do all I can so that he doesn’t get a refund. Any chance eBay will actually respond to him and give him a refund? Also considering reporting him for mail fraud with screenshots of the fake letter.",rxsl4,97,0.94,39,2026-06-26T01:27:19Z,https://www.reddit.com/r/Ebay/comments/1ufsqqo/buyer_sent_me_an_aigenerated_letter_from_usps/,,,General marketplace,online marketplace; shipping,mail fraud; refund dispute,A seller reports a buyer requesting a refund using an allegedly AI-generated USPS letter claiming a package was lost.,high,reddit:t3_1ufsqqo
86,authenticity_fakes,fake,comment,https://www.reddit.com/r/Ebay/comments/1ufsqqo/buyer_sent_me_an_aigenerated_letter_from_usps,t1_otuh0tx,Ebay,Buyer sent me an AI-generated letter from USPS asking for a refund,After it got marked as ‘delivered’ it’s over.,Fourteen-Crosstown,53,,,2026-06-26T01:40:11Z,https://www.reddit.com/r/Ebay/comments/1ufsqqo/buyer_sent_me_an_aigenerated_letter_from_usps/,t3_1ufsqqo,0,General marketplace,shipping,delivery confirmation; refund dispute,"A commenter asserts that once an item is marked as delivered, the matter is finished.",high,reddit:t1_otuh0tx
86,authenticity_fakes,fake,comment,https://www.reddit.com/r/Ebay/comments/1ufsqqo/buyer_sent_me_an_aigenerated_letter_from_usps,t1_otuhjpl,Ebay,Buyer sent me an AI-generated letter from USPS asking for a refund,I would have checked with my local postmaster and have it confirmed that the GPS location of the delivery scan matches the buyers address. Then you know for sure if was truly misdelivered. It does happen. Then you'd also have evidence for insurance claim if necessary.,HootieFrogCares,24,,,2026-06-26T01:43:07Z,https://www.reddit.com/r/Ebay/comments/1ufsqqo/buyer_sent_me_an_aigenerated_letter_from_usps/,t3_1ufsqqo,0,General marketplace,shipping,delivery verification; shipping claims,A commenter advises verifying delivery scan GPS coordinates with the postmaster before filing an insurance claim.,high,reddit:t1_otuhjpl
86,authenticity_fakes,fake,comment,https://www.reddit.com/r/Ebay/comments/1ufsqqo/buyer_sent_me_an_aigenerated_letter_from_usps,t1_otupz24,Ebay,Buyer sent me an AI-generated letter from USPS asking for a refund,"Send a copy to the postal inspectors office, that's a federal crime.​",Dick_Dietrick,22,,,2026-06-26T02:30:46Z,https://www.reddit.com/r/Ebay/comments/1ufsqqo/buyer_sent_me_an_aigenerated_letter_from_usps/,t3_1ufsqqo,0,General marketplace,shipping,mail fraud; postal inspection,A commenter recommends reporting the fraudulent document to the postal inspector's office as a federal crime.,high,reddit:t1_otupz24
86,authenticity_fakes,fake,comment,https://www.reddit.com/r/Ebay/comments/1ufsqqo/buyer_sent_me_an_aigenerated_letter_from_usps,t1_otwh98t,Ebay,Buyer sent me an AI-generated letter from USPS asking for a refund,"I’d have to say that creation of fraudulent paperwork designed to look like it came from a federal office, with intent to defraud or deceive, is likely a bigger issue for the buyer. I’d have the letter authenticated by a PostMaster, while also opening a complaint with eBay in parallel.",VernDozier,17,,,2026-06-26T10:05:32Z,https://www.reddit.com/r/Ebay/comments/1ufsqqo/buyer_sent_me_an_aigenerated_letter_from_usps/,t1_otuhjpl,1,General marketplace,online marketplace; shipping,fraudulent documents; postal inspection,A commenter advises having the letter authenticated by a postmaster while filing an eBay complaint about forged federal paperwork.,high,reddit:t1_otwh98t
86,authenticity_fakes,fake,comment,https://www.reddit.com/r/Ebay/comments/1ufsqqo/buyer_sent_me_an_aigenerated_letter_from_usps,t1_otwog3v,Ebay,Buyer sent me an AI-generated letter from USPS asking for a refund,Ask the postmaster to notify the postal inspectors. They don't play.,roadfood,14,,,2026-06-26T10:57:54Z,https://www.reddit.com/r/Ebay/comments/1ufsqqo/buyer_sent_me_an_aigenerated_letter_from_usps/,t1_otwh98t,2,General marketplace,shipping,postal inspection; mail fraud,A commenter suggests asking the postmaster to notify postal inspectors regarding the matter.,high,reddit:t1_otwog3v
87,authenticity_fakes,fake,post,https://www.reddit.com/r/Ebay/comments/1uxq3f8/ebay_has_become_a_counterfeit_nightmare,,Ebay,ebay has become a counterfeit nightmare,"I found a shop selling obvious counterfeit watches. I mean, these are $50 Chinese counterfeits being sold on ebay, and I mean like hundreds of listings, and when I pointed it out, I got a response that AI looked into it, and everything is fine. I like buying and selling on ebay, but they are literally cutting g their own throats. They are turning into Etsy. What can we do? It really bothers me because the brand is one I love. And soon, ebay will only sell fakes of it.",SkipPperk,95,0.89,62,2026-07-16T02:28:22Z,https://www.reddit.com/r/Ebay/comments/1uxq3f8/ebay_has_become_a_counterfeit_nightmare/,,,Luxury Fashion,watches,counterfeits; platform moderation,The author alleges that eBay failed to act on reported counterfeit watch listings after an automated review cleared them.,medium,reddit:t3_1uxq3f8
87,authenticity_fakes,fake,comment,https://www.reddit.com/r/Ebay/comments/1uxq3f8/ebay_has_become_a_counterfeit_nightmare,t1_oxt9exe,Ebay,ebay has become a counterfeit nightmare,"Yep - there are a lot of Downtown sports trading cards, selling for several hundred dollars each, and the vast majority of them are fake. I tried to alert eBay and got the same automated AI reviewed it and all is well message. Crazy.",technolomaniacal,26,,,2026-07-16T02:39:21Z,https://www.reddit.com/r/Ebay/comments/1uxq3f8/ebay_has_become_a_counterfeit_nightmare/,t3_1uxq3f8,0,Sports Cards,sports trading cards,counterfeits; platform moderation,A commenter claims that reported fake Downtown sports trading card listings were left up after an automated eBay review.,high,reddit:t1_oxt9exe
87,authenticity_fakes,fake,comment,https://www.reddit.com/r/Ebay/comments/1uxq3f8/ebay_has_become_a_counterfeit_nightmare,t1_oxtsftl,Ebay,ebay has become a counterfeit nightmare,It’s really annoying in my sector too- like 50% of the vintage video games are chinese trash bootlegs,para_la_calle,5,,,2026-07-16T04:43:25Z,https://www.reddit.com/r/Ebay/comments/1uxq3f8/ebay_has_become_a_counterfeit_nightmare/,t3_1uxq3f8,0,Toys/Collectibles,vintage video games,counterfeits,A commenter asserts that roughly half of vintage video games sold are bootlegs.,medium,reddit:t1_oxtsftl
87,authenticity_fakes,fake,comment,https://www.reddit.com/r/Ebay/comments/1uxq3f8/ebay_has_become_a_counterfeit_nightmare,t1_oxtaj8a,Ebay,ebay has become a counterfeit nightmare,"Probably one of the reasons why they added authenticity guarantee for certain categories and prices. They probably saw an uptick in counterfeit/fake listings. But it's not perfect and every listing doesn't have it I feel like given how prevalent scams are nowadays, counterfeits on resale sites are going to be a given. I don't really see how they can really combat it. I've also reported listings in the past where I knew 100% it was a counterfeit and they left the listing up. Nothing happened. So I don't even bother reporting listings anymore because it feels like a waste of time",Lurn2Program,4,,,2026-07-16T02:45:59Z,https://www.reddit.com/r/Ebay/comments/1uxq3f8/ebay_has_become_a_counterfeit_nightmare/,t3_1uxq3f8,0,General marketplace,online resale,counterfeits; platform moderation,"A commenter discusses resale counterfeits, noting eBay's Authenticity Guarantee program and expressing frustration that reported fakes often remain listed.",high,reddit:t1_oxtaj8a
87,authenticity_fakes,fake,comment,https://www.reddit.com/r/Ebay/comments/1uxq3f8/ebay_has_become_a_counterfeit_nightmare,t1_oxtigl1,Ebay,ebay has become a counterfeit nightmare,"It's like this with knives and small tech items too. Bonus points for the description saying something about everything they sell being 100% authentic and genuine, etc.",howcanupvotesbereal,4,,,2026-07-16T03:35:30Z,https://www.reddit.com/r/Ebay/comments/1uxq3f8/ebay_has_become_a_counterfeit_nightmare/,t3_1uxq3f8,0,Electronics; Other / emerging,small tech; knives,counterfeits; listing descriptions,A commenter notes that counterfeit listings and misleading authenticity claims also affect knives and small tech items.,medium,reddit:t1_oxtigl1
87,authenticity_fakes,fake,comment,https://www.reddit.com/r/Ebay/comments/1uxq3f8/ebay_has_become_a_counterfeit_nightmare,t1_oxtt9v5,Ebay,ebay has become a counterfeit nightmare,"YEAH RIGHT. If that's true, forward me a link to a Richard Mille counterfeit being sold right now for $50. I mean like seriously, cause I will buy that shit right now!",bigtimebeaner,3,,,2026-07-16T04:49:24Z,https://www.reddit.com/r/Ebay/comments/1uxq3f8/ebay_has_become_a_counterfeit_nightmare/,t3_1uxq3f8,0,Luxury Fashion,watches,counterfeits; pricing,"A commenter expresses skepticism toward the post's claim, demanding a link to any $50 counterfeit Richard Mille watch on sale.",high,reddit:t1_oxtt9v5
88,authenticity_fakes,fake,post,https://www.reddit.com/r/Ebay/comments/1o3azsh/warning_to_all_buyers_my_nightmare_experience,,Ebay,Warning to all buyers: my nightmare experience buying “fine jewellery” on eBay – and why you should never do it - eBay will screw you,"I want to share a cautionary tale that almost cost me over **$1,500**, to warn everyone considering buying jewellery on eBay. Even though I’ve been a loyal eBay member for 13+ years, I was left completely unprotected until PayPal finally stepped in. In August purchased a necklace on **eBay Germany** listed in the *Fine Jewellery (Echtschmuck)* category as **750 (18k) gold**. The chain itself was hallmarked “750,” which by law means 18 karat. However, when I received it, I did the responsible thing: I had it **professionally tested** by a jeweller — and it turned out to be *fake*. Not 18k, not even close. A counterfeit with an illegal hallmark. * In **Germany (Feingehaltsgesetz)** and the EU, falsely hallmarked gold is **illegal**. * eBay’s own Jewellery Policy states: “Gold, silver, and platinum items must meet applicable laws for stamping.” When I reported the issue and filed a case, eBay: 1. **Initially told me** I was protected under their *Money Back Guarantee*, and that the seller had to provide a return label. 2. The seller ignored all messages and never sent a label. 3. eBay’s own staff confirmed several times that I would be refunded once the seller failed to act. But then came the absurd twist: eBay closed the case in the *seller’s favour* because I had **tested the item**. Mind you I had the piece tested at a local jewellery store using XRF, a non-destructive method. In other words: * If I **don’t test** it, I can’t prove it’s fake. * If I **do test** it (responsibly and legally), using non-destructive method, I “void” my protection. A complete *Catch-22*. After denying my refund, eBay quietly **removed the seller’s account** — “no longer a registered member.” Usually sellers who want to close their account must wait at the minimum 6 months from their last transaction. Therefore, the fact that this seller being de-platformed means they're terminated by eBay for seriously breaking eBay rules and harmful to eBay’s community. So even eBay acknowledged the seller broke rules… *after* siding with him. Thankfully, I had paid via PayPal and opened a dispute there. I provided: * Independent appraisal using XRF proving the item was not 18k gold * All eBay correspondence * Screenshot showing the seller was de-platformed PayPal reviewed everything and **ruled in my favour**, issuing a full refund. Interestingly, they didn’t require me to return it to the seller — because **shipping counterfeit jewellery is illegal** — and accepted the legal reasoning. # Lessons & warning to everyone​ 1. **Never buy jewellery on eBay** * eBay’s internal policies create a *Catch-22* that leaves honest buyers unprotected. 2. **If you ever buy fine jewellery made from precious metal**, test it immediately — but expect eBay to use that against you. 3. **Always pay with PayPal**, or credit/debit card. PayPal’s *Buyer Protection* was the only thing that saved me. 4. **Document everything**: chat logs, tracking, screenshots, even courier policies. PayPal made its decision based purely on evidence. 5. **Understand the law:** once the nature of item has been established as counterfeit, you legally cannot circulate it again. https://preview.redd.it/6zjdjx0b9cuf1.png?width=936&format=png&auto=webp&s=4aadbd38e0e72bbed136844147d0db47e8ae1e58",Maleficent_Hat980,64,0.84,41,2025-10-10T19:48:12Z,https://www.reddit.com/r/Ebay/comments/1o3azsh/warning_to_all_buyers_my_nightmare_experience/,,,Other / emerging,jewelry,counterfeits; buyer protection,The author shares a negative experience with eBay's buyer protection after testing confirmed an expensive gold necklace was counterfeit.,high,reddit:t3_1o3azsh
88,authenticity_fakes,fake,comment,https://www.reddit.com/r/Ebay/comments/1o3azsh/warning_to_all_buyers_my_nightmare_experience,t1_niu3azm,Ebay,Warning to all buyers: my nightmare experience buying “fine jewellery” on eBay – and why you should never do it - eBay will screw you,If you buy it within the US on EBay everything over $500 has to go through the authenticator before you get it. This situation will not happen if you buy from a US seller. If you buy overseas? Whole different ballgame as EBay rules are different overseas. Reading that note from EBay it’s also not clear that your case was denied because you tested it-they are saying you reshipped the item to somewhere else to be tested and that could be where this problem lies. Or at least EBay seems to be under the impression you’ve shipped the piece somewhere so that would need to be cleared up with them if that didn’t happen.,Ziantra,31,,,2025-10-10T20:38:05Z,https://www.reddit.com/r/Ebay/comments/1o3azsh/warning_to_all_buyers_my_nightmare_experience/,t3_1o3azsh,0,Other / emerging,jewelry,authenticity guarantee; buyer protection,The commenter notes US eBay authentication policies and suggests the buyer's case may have been denied for reshipping the item.,high,reddit:t1_niu3azm
88,authenticity_fakes,fake,comment,https://www.reddit.com/r/Ebay/comments/1o3azsh/warning_to_all_buyers_my_nightmare_experience,t1_niulkt3,Ebay,Warning to all buyers: my nightmare experience buying “fine jewellery” on eBay – and why you should never do it - eBay will screw you,You bought expensive jewerly and had it shipped internationally? Brave. Very brave.,Software_Human,24,,,2025-10-10T22:19:16Z,https://www.reddit.com/r/Ebay/comments/1o3azsh/warning_to_all_buyers_my_nightmare_experience/,t3_1o3azsh,0,Other / emerging,jewelry,international shipping; risk,The commenter expresses surprise at the buyer's decision to order expensive jewelry via international shipping.,high,reddit:t1_niulkt3
88,authenticity_fakes,fake,comment,https://www.reddit.com/r/Ebay/comments/1o3azsh/warning_to_all_buyers_my_nightmare_experience,t1_niuungm,Ebay,Warning to all buyers: my nightmare experience buying “fine jewellery” on eBay – and why you should never do it - eBay will screw you,Yep. I wouldn't even buy from Canada.,Bobinct,9,,,2025-10-10T23:15:41Z,https://www.reddit.com/r/Ebay/comments/1o3azsh/warning_to_all_buyers_my_nightmare_experience/,t1_niulkt3,1,Other / emerging,jewelry,international shipping,"The commenter agrees with avoiding international purchases, stating they would not even buy from Canada.",high,reddit:t1_niuungm
88,authenticity_fakes,fake,comment,https://www.reddit.com/r/Ebay/comments/1o3azsh/warning_to_all_buyers_my_nightmare_experience,t1_niuhv0j,Ebay,Warning to all buyers: my nightmare experience buying “fine jewellery” on eBay – and why you should never do it - eBay will screw you,Did you mail it to away to get tested or did you have it tested in person/in front of you? Mailing an item to another address after you received it voids buyer protection.,UrbanRelicHunter,9,,,2025-10-10T21:57:17Z,https://www.reddit.com/r/Ebay/comments/1o3azsh/warning_to_all_buyers_my_nightmare_experience/,t3_1o3azsh,0,Other / emerging,jewelry,buyer protection; testing,"The commenter asks how the item was tested, pointing out that mailing an item to another address voids buyer protection.",high,reddit:t1_niuhv0j
88,authenticity_fakes,fake,comment,https://www.reddit.com/r/Ebay/comments/1o3azsh/warning_to_all_buyers_my_nightmare_experience,t1_niy19bk,Ebay,Warning to all buyers: my nightmare experience buying “fine jewellery” on eBay – and why you should never do it - eBay will screw you,"What I learned from this is ""IF"" I ever buy jewelry from ebay, have it tested and if it's fake, just return it without letting them know it has been tested (If possible). I also learned not to even have the headache and NOT purchase jewelry from ebay. As a seller myself, I'm sure I'm in a different tax bracket than you but I would never spend that much on an item to begin with. That's a bit too much trust for me, sorry. But thank you soo much for sharing this with us and making us aware of another scam to add to the list. 🤝🤝🤝",ryanlee1981,4,,,2025-10-11T14:31:52Z,https://www.reddit.com/r/Ebay/comments/1o3azsh/warning_to_all_buyers_my_nightmare_experience/,t3_1o3azsh,0,Other / emerging,jewelry,returns; buyer caution,The commenter decides against purchasing jewelry on eBay and suggests returning fake items without disclosing they were tested.,high,reddit:t1_niy19bk
89,authenticity_fakes,fake,post,https://www.reddit.com/r/Ebay/comments/1uobgsi/i_had_a_listing_removed_for_a_book_because_ebay,,Ebay,I had a listing removed for a book because ebay said it violated the counterfeit policy,"So im trying to wrap my head around how ebay says this program book is a fake I never said there are autographs or anything, there was nothing special about it. Just plain and simple program book from the Fedorov retirement...that was bought from the team store I appealed sent pictures of the book and they said they cant grant an appeal because its counterfeit. How? And there are countless other sellers selling the exact same book...same description and all...some with no description at all. Could this be a vindictive action from a possible buyer? I had a few offer me $5 for the book and I said no and or along the lines of possibly finding it that cheap elsewhere.",Blazianazn,61,0.93,30,2026-07-05T19:42:31Z,https://www.reddit.com/r/Ebay/comments/1uobgsi/i_had_a_listing_removed_for_a_book_because_ebay/,,,Sports Cards; Other / emerging,hockey memorabilia; program books,listing removal; counterfeit policy,A seller questions eBay's counterfeit takedown and denied appeal for an authentic hockey retirement program book.,high,reddit:t3_1uobgsi
89,authenticity_fakes,fake,comment,https://www.reddit.com/r/Ebay/comments/1uobgsi/i_had_a_listing_removed_for_a_book_because_ebay,t1_ovrvaic,Ebay,I had a listing removed for a book because ebay said it violated the counterfeit policy,"It’s because eBay is an absolute joke. I once had an Oakley sunglasses case removed, not for being fake, it wasn’t… because it looked like I was selling glasses without the glasses. I gave in after that, trying to deal with them is like ripping your own teeth out",No_Excuse_9023,21,,,2026-07-05T22:50:42Z,https://www.reddit.com/r/Ebay/comments/1uobgsi/i_had_a_listing_removed_for_a_book_because_ebay/,t3_1uobgsi,0,General marketplace,sunglasses case,listing removal; customer support,A commenter shares their frustration after eBay removed their Oakley sunglasses case listing for appearing to lack the glasses.,high,reddit:t1_ovrvaic
89,authenticity_fakes,fake,comment,https://www.reddit.com/r/Ebay/comments/1uobgsi/i_had_a_listing_removed_for_a_book_because_ebay,t1_ovs80w1,Ebay,I had a listing removed for a book because ebay said it violated the counterfeit policy,It’s all BS. I Sold some items I didn’t want SEALED. they said the same thing. If the company that sells that product proves they sell that product ( not even on eBay ) that company can request to take it down …eBay hits you with a counterfeit policy. Why does eBay not want their % from gifts we don’t want ?,ThwipNSinsBinThwipN,17,,,2026-07-05T23:58:53Z,https://www.reddit.com/r/Ebay/comments/1uobgsi/i_had_a_listing_removed_for_a_book_because_ebay/,t3_1uobgsi,0,General marketplace,sealed items,counterfeit policy; brand takedowns,"A user claims companies can request takedowns of sealed items, causing eBay to cite counterfeit policy violations.",medium,reddit:t1_ovs80w1
89,authenticity_fakes,fake,comment,https://www.reddit.com/r/Ebay/comments/1uobgsi/i_had_a_listing_removed_for_a_book_because_ebay,t1_ovs04uq,Ebay,I had a listing removed for a book because ebay said it violated the counterfeit policy,"I’ve been told that sometimes sellers will report listings for counterfeit so they have less competition. Sucks, but ebay is usually firm on their counterfeit decisions, despite if they are wrong most of the time.",trashboat5546,13,,,2026-07-05T23:16:02Z,https://www.reddit.com/r/Ebay/comments/1uobgsi/i_had_a_listing_removed_for_a_book_because_ebay/,t3_1uobgsi,0,General marketplace,online listings,counterfeit reports; seller competition,A commenter notes competitors sometimes falsely report listings for counterfeit and that eBay rarely reverses its takedown decisions.,high,reddit:t1_ovs04uq
89,authenticity_fakes,fake,comment,https://www.reddit.com/r/Ebay/comments/1uobgsi/i_had_a_listing_removed_for_a_book_because_ebay,t1_ovseyiu,Ebay,I had a listing removed for a book because ebay said it violated the counterfeit policy,"They did that to me with a canvas bag I tried to post up. They also recently hit me with 'encouraging illegal activity' takedown for a lot of broken/outdated salvage phones I got from a scrap metal lot. Their AI policing is way out of hand. That's going to hurt them in the long run, though, since people will just sell their legit stuff elsewhere with ebay losing the commission.",TheSlyfox33,12,,,2026-07-06T00:37:55Z,https://www.reddit.com/r/Ebay/comments/1uobgsi/i_had_a_listing_removed_for_a_book_because_ebay/,t3_1uobgsi,0,Electronics; General marketplace,salvage phones; canvas bag,listing removal; policy enforcement,"A user complains that eBay's automated enforcement wrongly flagged a canvas bag and scrap phones, risking lost seller commission.",high,reddit:t1_ovseyiu
89,authenticity_fakes,fake,comment,https://www.reddit.com/r/Ebay/comments/1uobgsi/i_had_a_listing_removed_for_a_book_because_ebay,t1_ovss3we,Ebay,I had a listing removed for a book because ebay said it violated the counterfeit policy,Puzzling... eBay seems to be fine with counterfeit Pokemon cards...,shotgunassassin,6,,,2026-07-06T01:51:04Z,https://www.reddit.com/r/Ebay/comments/1uobgsi/i_had_a_listing_removed_for_a_book_because_ebay/,t3_1uobgsi,0,TCG/Pokemon,Pokemon cards,counterfeits; policy enforcement,A commenter contrasts the takedown by claiming eBay appears tolerant of counterfeit Pokemon cards.,high,reddit:t1_ovss3we
90,authenticity_fakes,fake,post,https://www.reddit.com/r/Ebay/comments/1qpssd0/customer_messages_me_on_after_one_year_stating_i,,Ebay,Customer messages me on after one year stating I sold her a counterfeit item,"I purchased an LV wallet on Whatnot over a year ago. I later resold the item on eBay. I sold it for around $65 and never had it authenticated, as I had no reason to believe it was anything other than genuine at the time. If it was more expensive I probably would have been more prone to doing so. Over a year later, the buyer who purchased it from me reached out and said eBay returned the item to her after determining it was not authentic. This was the first I had ever heard that the wallet could be fake. After looking into it further, I discovered that the original seller on Whatnot has since been repeatedly accused of selling counterfeit luxury items. I had absolutely no knowledge of this at the time of my purchase. Reselling is only a part-time side hustle for me, and something like this has never happened to me before. I feel genuinely bad that this situation occurred, but I want to be clear that I did not knowingly sell a counterfeit item. I myself was deceived by the original seller and had no reason to question the item’s authenticity when I resold it. I also attempted to resolve this directly with the original Whatnot seller. Shortly after my purchase (over a year ago), I reached out because the wallet arrived with noticeable scuffs that were not disclosed or shown during the live sale. My request for a refund was refused, and I was blocked. So reaching out now about the authentication issue, I will not be able to do as I am blocked. LOL. Needless to say, I will never purchase from this seller again. Not that I was planning to as how they handled the prior situation with the scuffing. With that all being said, how would you go about handling this with the E-bay seller? As I mentioned it was purchased by me and sold a year ago to this women on E-bay. She did leave a good review for the item originally. Would you respond? What would you say? Sigh. \*\* EDIT: I will say I did learn my lesson and don't think selling luxury is my thing to sell regardless. But If I ever decide to do so again:I will do my research, and of course will have the item authenticated. Better safe than sorry.",petrifiedpunkx,52,0.72,101,2026-01-29T00:12:14Z,https://www.reddit.com/r/Ebay/comments/1qpssd0/customer_messages_me_on_after_one_year_stating_i/,,,Luxury Fashion,wallets,counterfeits; reselling,A seller asks how to handle an eBay buyer claiming an LV wallet bought a year prior was deemed counterfeit.,high,reddit:t3_1qpssd0
90,authenticity_fakes,fake,comment,https://www.reddit.com/r/Ebay/comments/1qpssd0/customer_messages_me_on_after_one_year_stating_i,t1_o2birmp,Ebay,Customer messages me on after one year stating I sold her a counterfeit item,"The transaction was over a year ago, there is nothing to resolve.",DarmokTheNinja,156,,,2026-01-29T00:17:45Z,https://www.reddit.com/r/Ebay/comments/1qpssd0/customer_messages_me_on_after_one_year_stating_i/,t3_1qpssd0,0,Luxury Fashion,wallets,buyer dispute; seller advice,The commenter states that nothing needs to be resolved because the transaction occurred over a year ago.,high,reddit:t1_o2birmp
90,authenticity_fakes,fake,comment,https://www.reddit.com/r/Ebay/comments/1qpssd0/customer_messages_me_on_after_one_year_stating_i,t1_o2bj6cl,Ebay,Customer messages me on after one year stating I sold her a counterfeit item,"So this item was sold to her over a year ago and she is just now complaining about the authenticity? I would save the message and then ignore her. She could have swapped out the wallet for a fake in the past 12 months and neither eBay, PayPal or her bank/cc will bother with a claim so far into the past.",Zestyclose_Towel_271,66,,,2026-01-29T00:19:51Z,https://www.reddit.com/r/Ebay/comments/1qpssd0/customer_messages_me_on_after_one_year_stating_i/,t3_1qpssd0,0,Luxury Fashion,wallets,buyer dispute; seller advice,"The commenter advises saving the message and ignoring the buyer, noting too much time has passed for any claim.",high,reddit:t1_o2bj6cl
90,authenticity_fakes,fake,comment,https://www.reddit.com/r/Ebay/comments/1qpssd0/customer_messages_me_on_after_one_year_stating_i,t1_o2c4fhn,Ebay,Customer messages me on after one year stating I sold her a counterfeit item,"OP bought a fake wallet, too long ago to do anything, and sold it to someone also too long ago to do anything. It’s a bummer but there’s nothing to be done.",Magic_Neil,57,,,2026-01-29T02:15:00Z,https://www.reddit.com/r/Ebay/comments/1qpssd0/customer_messages_me_on_after_one_year_stating_i/,t1_o2birmp,1,Luxury Fashion,wallets,counterfeits; seller advice,The commenter says it is unfortunate but too late to do anything about the fake wallet.,high,reddit:t1_o2c4fhn
90,authenticity_fakes,fake,comment,https://www.reddit.com/r/Ebay/comments/1qpssd0/customer_messages_me_on_after_one_year_stating_i,t1_o2bl139,Ebay,Customer messages me on after one year stating I sold her a counterfeit item,She had 30 days to file a claim - nothing to do. Ignore and move on.,technolomaniacal,38,,,2026-01-29T00:29:27Z,https://www.reddit.com/r/Ebay/comments/1qpssd0/customer_messages_me_on_after_one_year_stating_i/,t3_1qpssd0,0,Luxury Fashion,wallets,buyer dispute; seller advice,The commenter notes the buyer had 30 days to file a claim and advises ignoring the message.,high,reddit:t1_o2bl139
90,authenticity_fakes,fake,comment,https://www.reddit.com/r/Ebay/comments/1qpssd0/customer_messages_me_on_after_one_year_stating_i,t1_o2brgmo,Ebay,Customer messages me on after one year stating I sold her a counterfeit item,"Not to bust your proverbial balls, but it’s Whatnot, would you have expected anything less😂?",igottaknife,23,,,2026-01-29T01:03:24Z,https://www.reddit.com/r/Ebay/comments/1qpssd0/customer_messages_me_on_after_one_year_stating_i/,t3_1qpssd0,0,Luxury Fashion,wallets,platform reputation; counterfeits,The commenter sarcastically questions expecting anything better from Whatnot regarding the counterfeit wallet.,high,reddit:t1_o2brgmo
91,authenticity_fakes,fake,post,https://www.reddit.com/r/Ebay/comments/1ufxb7r/got_8_oz_of_silver_got_them_professionally_tested,,Ebay,"Got 8 oz of silver, got them professionally tested and were fake.","I got 8 oz of walking liberty from someone on ebay and got them tested and they turned out to be fake. I contacted ebay about it but they said the seller was true to their listing and why they had the option to decline your return case. only options I have is contacting the seller consider reselling the item allowed to inform the seller about an honest feedback what are my choices right now? its been more than 30 days and I paid with debit, i even got test report from the dealer who tested it with his sigma pro. Seller refused to let me return it. I am kinda mad about it so idk what to do right now. i even posted the coins about it here [https://www.reddit.com/r/Silverbugs/s/ONHtm0Zj2u](https://www.reddit.com/r/Silverbugs/s/ONHtm0Zj2u) EDIT: also fyi i did try to return it within 30 days but seller still refused and said it was genuine even when he used a low level sigma and it showed pass. it was only pass 30 days when I had them professionally tested and they used a sigma PRO.",Known_Notice_8382,50,0.74,106,2026-06-26T05:06:34Z,https://www.reddit.com/r/Ebay/comments/1ufxb7r/got_8_oz_of_silver_got_them_professionally_tested/,,,Coins,silver coins,counterfeits; returns,The user purchased Walking Liberty silver coins that tested fake and seeks advice after eBay and the seller denied a return.,high,reddit:t3_1ufxb7r
91,authenticity_fakes,fake,comment,https://www.reddit.com/r/Ebay/comments/1ufxb7r/got_8_oz_of_silver_got_them_professionally_tested,t1_otvg5ia,Ebay,"Got 8 oz of silver, got them professionally tested and were fake.",Perhaps a photo of the coins is in order.,Special_Fan5043,34,,,2026-06-26T05:13:20Z,https://www.reddit.com/r/Ebay/comments/1ufxb7r/got_8_oz_of_silver_got_them_professionally_tested/,t3_1ufxb7r,0,Coins,silver coins,verification,The commenter suggests providing a photo of the coins.,high,reddit:t1_otvg5ia
91,authenticity_fakes,fake,comment,https://www.reddit.com/r/Ebay/comments/1ufxb7r/got_8_oz_of_silver_got_them_professionally_tested,t1_otwe253,Ebay,"Got 8 oz of silver, got them professionally tested and were fake.",... So you posted pictures of the coins 24 days ago on another thread and then wait until now to ask what should I do? You kind of screwed yourself here.,Massive-Reality-7856,22,,,2026-06-26T09:40:46Z,https://www.reddit.com/r/Ebay/comments/1ufxb7r/got_8_oz_of_silver_got_them_professionally_tested/,t3_1ufxb7r,0,Coins,silver coins,returns; buyer behavior,The commenter criticizes the poster for delaying action after previously posting pictures of the coins 24 days prior.,high,reddit:t1_otwe253
91,authenticity_fakes,fake,comment,https://www.reddit.com/r/Ebay/comments/1ufxb7r/got_8_oz_of_silver_got_them_professionally_tested,t1_otwj817,Ebay,"Got 8 oz of silver, got them professionally tested and were fake.","Hey OP - sorry to tell you this, but you didn't pay any attention to the [eBay Money Back Guarantee](https://www.ebay.com/help/policies/ebay-money-back-guarantee-policy/ebay-money-back-guarantee-policy?id=4210) window on the listing you purchased. Around April 7, eBay shortened the window for that category. *For coins, bullion, and paper money:* * *If the seller doesn't offer returns, the buyer must request a return no later than* ***3 calendar days*** *after the estimated or actual delivery date* * *If the seller offers returns, the buyer must request a return within the seller's stated return window* Assuming this was a 'no returns' listing, that means you had 3 days to file an eMBG claim. Your only recourse would be a payment dispute with your bank if they have a longer window. Keep in mind filing payment disputes could restrict your buying privileges or even get you suspended from the site.",wastingtime101-,21,,,2026-06-26T10:20:22Z,https://www.reddit.com/r/Ebay/comments/1ufxb7r/got_8_oz_of_silver_got_them_professionally_tested/,t3_1ufxb7r,0,General marketplace; Coins,silver coins; marketplace policies,return policy; disputes,"The commenter explains eBay's shortened 3-day guarantee window for coins and bullion, suggesting a bank dispute while noting potential platform risks.",high,reddit:t1_otwj817
91,authenticity_fakes,fake,comment,https://www.reddit.com/r/Ebay/comments/1ufxb7r/got_8_oz_of_silver_got_them_professionally_tested,t1_otx82bu,Ebay,"Got 8 oz of silver, got them professionally tested and were fake.","Couldn't forgery of currency or bullion, get you federal charges? Idk, just a thought.",No-Report7153,7,,,2026-06-26T12:53:01Z,https://www.reddit.com/r/Ebay/comments/1ufxb7r/got_8_oz_of_silver_got_them_professionally_tested/,t3_1ufxb7r,0,Coins; Other / emerging,silver coins; bullion,counterfeits; legal issues,The commenter questions whether forging currency or bullion could result in federal charges.,medium,reddit:t1_otx82bu
91,authenticity_fakes,fake,comment,https://www.reddit.com/r/Ebay/comments/1ufxb7r/got_8_oz_of_silver_got_them_professionally_tested,t1_otytyj2,Ebay,"Got 8 oz of silver, got them professionally tested and were fake.","Paid with debit is actually a good thing, call your bank and file a merchant dispute. Reg E is in your favor here, especially if you have a metallurgy report showing you were sold a fake metal. Ebay not resolving a fraud case that has proof is also in your favor. you have 60 days to file with your bank",SvartUlfer,5,,,2026-06-26T17:10:10Z,https://www.reddit.com/r/Ebay/comments/1ufxb7r/got_8_oz_of_silver_got_them_professionally_tested/,t3_1ufxb7r,0,General marketplace; Coins,silver coins,bank dispute; fraud,The commenter advises filing a merchant dispute under Reg E through the bank using the metallurgy test report.,high,reddit:t1_otytyj2
92,authenticity_fakes,fake,post,https://www.reddit.com/r/Ebay/comments/1rxzoqx/why_is_ebay_run_so_poorly,,Ebay,Why is ebay run so poorly,"Why are you not able to block sellers on ebay? Having to traverse through heaps of shit in order to find something authentic becomes tiresome after a while, especially because you can’t just block their listings from appearing at all, so you’re stuck having to look through the same pictures over and over. There are more fakes than there are legitimate items on ebay, how has ebay not been able to handle this any better? With how big they are you would think they’d have a better system in place, taking action against someone is a waste of time as their staff is handled by useless AI so you get nowhere with it. This is a post questioning ebays policies and guidelines, nothing to do with scam, thank you very much. Any thoughts?",Pinecone734,41,0.74,42,2026-03-19T12:56:50Z,https://www.reddit.com/r/Ebay/comments/1rxzoqx/why_is_ebay_run_so_poorly/,,,General marketplace,online marketplace,counterfeits; platform moderation,"The author criticizes eBay for lacking a feature to block sellers, allowing numerous fake listings, and using ineffective AI customer support.",high,reddit:t3_1rxzoqx
92,authenticity_fakes,fake,comment,https://www.reddit.com/r/Ebay/comments/1rxzoqx/why_is_ebay_run_so_poorly,t1_obb4syj,Ebay,Why is ebay run so poorly,"It is easy for anyone to list anything; this includes outright scammers and people trying to pass of fakes as the real thing. When eBay removes a scammer's listing, the scammer does not simply go away, though. There are still ways to find genuine items and avoid obvious fakes. Mostly that involves looking at a seller's feedback for selling and noticing how long the seller has been selling similar items, and a few details like that.",eburtonlab,7,,,2026-03-19T14:24:18Z,https://www.reddit.com/r/Ebay/comments/1rxzoqx/why_is_ebay_run_so_poorly/,t3_1rxzoqx,0,General marketplace,online marketplace,counterfeits; seller vetting,"A commenter notes that scammers persist on eBay, but buyers can avoid fakes by checking seller feedback and account history.",high,reddit:t1_obb4syj
92,authenticity_fakes,fake,comment,https://www.reddit.com/r/Ebay/comments/1rxzoqx/why_is_ebay_run_so_poorly,t1_obbxqz2,Ebay,Why is ebay run so poorly,"Annoying yes, but great if you’re well versed in your area. Plenty of great deals if you know your area well and can wade through a sea of fakes to find hidden gems. Still doesn’t make for a good experience for your casual user or collector.",one_thin_dime,7,,,2026-03-19T16:42:02Z,https://www.reddit.com/r/Ebay/comments/1rxzoqx/why_is_ebay_run_so_poorly/,t3_1rxzoqx,0,General marketplace,online marketplace,counterfeits; buyer experience,"A commenter states experienced buyers can find deals among fakes on eBay, though casual users and collectors face a poor experience.",high,reddit:t1_obbxqz2
92,authenticity_fakes,fake,comment,https://www.reddit.com/r/Ebay/comments/1rxzoqx/why_is_ebay_run_so_poorly,t1_obft5qm,Ebay,Why is ebay run so poorly,"Every item sold through this shitty website should have an authenticity guarantee and anti scalping measures taken. Literally the very first thing i bought on this website was someone trying to push a counterfeit item onto me and I was luckjly able to catch it and ream them for it. Turns out, their 94 percent positive feedback has enough people reporting the same thing that they were sold a counterfeit item that they should have been banned off the site long ago. Ebay does a shit job. They dont do even close to a good enough job removing people trying to scam buyers from the site.",Hookweave,5,,,2026-03-20T05:46:43Z,https://www.reddit.com/r/Ebay/comments/1rxzoqx/why_is_ebay_run_so_poorly/,t3_1rxzoqx,0,General marketplace,online marketplace,authenticity guarantee; seller banning,"A commenter argues eBay should mandate authenticity guarantees, recounting buying a counterfeit from a seller who was not banned despite negative reports.",high,reddit:t1_obft5qm
92,authenticity_fakes,fake,comment,https://www.reddit.com/r/Ebay/comments/1rxzoqx/why_is_ebay_run_so_poorly,t1_obdkc23,Ebay,Why is ebay run so poorly,"With AI and how quickly it is advancing, eBay will have no choice but to either not use AI, or put a complete stop to these counterfeit sellers. With AI, they don't have a chance. You can already easily spot more than half of them, just with a couple quick checks. Combine that with sellers location, length of time they've been selling, matching certain key words and often misspelled key words in the titles, etc, etc...the counterfeits would plummet.",Red_it_Bans_4_Nothin,3,,,2026-03-19T21:33:37Z,https://www.reddit.com/r/Ebay/comments/1rxzoqx/why_is_ebay_run_so_poorly/,t3_1rxzoqx,0,General marketplace,online marketplace,artificial intelligence; counterfeits,A commenter suggests advancing AI and listing data checks should enable eBay to significantly reduce counterfeit sellers.,high,reddit:t1_obdkc23
93,authenticity_fakes,fake,post,https://www.reddit.com/r/Ebay/comments/1wpim4j/what_do_i_do,,Ebay,What do I do?!?!?,Sold a childhood Pokémon card for 7$ and the buyer claimed it was fake after a week or so. Told him to open an INAD. I had sent another 1-2$ free card with the purchase and I figured he decided to keep the order when there was no update on return tracking. I paid the 78 cents for the label…. Idk why he wouldn’t use it. Of course I haven’t received the card back yet. There have been others of the same card listen before and since I listed. I was just going to relist the card.,Particular-Chair-829,37,0.85,41,2026-09-25T00:48:16Z,https://www.reddit.com/r/Ebay/comments/1wpim4j/what_do_i_do/,,,TCG/Pokemon,Pokemon cards,Returns; INAD dispute,A seller asks what to do after a buyer opened an INAD claim for a Pokémon card but never used the return label.,high,reddit:t3_1wpim4j
93,authenticity_fakes,fake,comment,https://www.reddit.com/r/Ebay/comments/1wpim4j/what_do_i_do,t1_pbwue4c,Ebay,What do I do?!?!?,No return = no refund. He should have used the label you provided.,ThisIsADaydream,154,,,2026-09-25T04:50:37Z,https://www.reddit.com/r/Ebay/comments/1wpim4j/what_do_i_do/,t3_1wpim4j,0,TCG/Pokemon,Pokemon cards,Refund policy; Returns,"A commenter advises that without a return, no refund is owed because the buyer did not use the provided label.",high,reddit:t1_pbwue4c
93,authenticity_fakes,fake,comment,https://www.reddit.com/r/Ebay/comments/1wpim4j/what_do_i_do,t1_pbwvgkt,Ebay,What do I do?!?!?,Don’t even respond anymore. They didn’t use the label you sent them so it’s not your problem.,PleasureMissile,87,,,2026-09-25T04:57:58Z,https://www.reddit.com/r/Ebay/comments/1wpim4j/what_do_i_do/,t3_1wpim4j,0,TCG/Pokemon,Pokemon cards,Buyer communication; Returns,A user advises the seller to stop responding since the buyer failed to use the sent return label.,high,reddit:t1_pbwvgkt
93,authenticity_fakes,fake,comment,https://www.reddit.com/r/Ebay/comments/1wpim4j/what_do_i_do,t1_pbx7m23,Ebay,What do I do?!?!?,"Why would he not? No proof he sent it, maybe he didn’t, I’d just not refund and close the case, eBay will see the labels not been used",SnooMacarons4225,59,,,2026-09-25T06:30:56Z,https://www.reddit.com/r/Ebay/comments/1wpim4j/what_do_i_do/,t1_pbwue4c,1,TCG/Pokemon,Pokemon cards,Dispute resolution; Refunds,A commenter suggests withholding a refund and closing the case because eBay will see the shipping label was unused.,high,reddit:t1_pbx7m23
93,authenticity_fakes,fake,comment,https://www.reddit.com/r/Ebay/comments/1wpim4j/what_do_i_do,t1_pbwwz9y,Ebay,What do I do?!?!?,Do people really have this much time to try and scam sellers over $7. Just ignore him,CommercialReflection,35,,,2026-09-25T05:08:53Z,https://www.reddit.com/r/Ebay/comments/1wpim4j/what_do_i_do/,t3_1wpim4j,0,TCG/Pokemon,Pokemon cards,Scam accusations; Buyer communication,A user questions why people scam over small amounts and advises ignoring the buyer.,high,reddit:t1_pbwwz9y
93,authenticity_fakes,fake,comment,https://www.reddit.com/r/Ebay/comments/1wpim4j/what_do_i_do,t1_pbyjbuj,Ebay,What do I do?!?!?,Because he wants to scam,BulgogiDude,26,,,2026-09-25T12:26:56Z,https://www.reddit.com/r/Ebay/comments/1wpim4j/what_do_i_do/,t1_pbx7m23,2,TCG/Pokemon,Pokemon cards,Scam accusations,A commenter claims the buyer acted that way because they wanted to scam.,high,reddit:t1_pbyjbuj
94,authenticity_fakes,authenticity guarantee,post,https://www.reddit.com/r/Ebay/comments/1rrtnj2/authenticity_guarantee_strikes_again,,Ebay,Authenticity Guarantee strikes again,"Sure, maybe my boss was TECHNICALLY wrong. But what does “at least 13k” even mean?? Is it 13k or is it more?? The charm that I sold was literally MARKED 14k, and we test all of the items in store through an electric tester AND acid testing if we’re not 100% sure. We had the option to offer a partial refund to the buyer, so I knocked $50 off the price (which made the total less than the gold market value is today) and they declined. Disappointed, but can’t say I’m surprised. However, I truly think the authenticity department needs to work on their consistency or give sellers more detailed feedback. I don’t know.",Clean-Lifeguard8502,222,0.91,58,2026-03-12T15:21:42Z,https://www.reddit.com/r/Ebay/comments/1rrtnj2/authenticity_guarantee_strikes_again/,,,Other / emerging,gold jewelry; charm,authenticity guarantee; seller experience,A seller criticizes eBay Authenticity Guarantee's feedback and consistency after a gold charm marked 14k was evaluated as at least 13k.,high,reddit:t3_1rrtnj2
94,authenticity_fakes,authenticity guarantee,comment,https://www.reddit.com/r/Ebay/comments/1rrtnj2/authenticity_guarantee_strikes_again,t1_oa29gc5,Ebay,Authenticity Guarantee strikes again,>Is it 13k or is it more?? It's between 13k and 13.99k.,FunnyID,126,,,2026-03-12T16:19:48Z,https://www.reddit.com/r/Ebay/comments/1rrtnj2/authenticity_guarantee_strikes_again/,t3_1rrtnj2,0,Other / emerging,gold jewelry,authenticity guarantee,A commenter defines 'at least 13k' gold purity as being between 13k and 13.99k.,high,reddit:t1_oa29gc5
94,authenticity_fakes,authenticity guarantee,comment,https://www.reddit.com/r/Ebay/comments/1rrtnj2/authenticity_guarantee_strikes_again,t1_oa2y7j0,Ebay,Authenticity Guarantee strikes again,"The authenticity guarantee program is absolutely out of control. I made a very long post about my very negative experience selling an Omega Speedmaster recently. The process has nothing to do with actually verifying authenticity, Ebay appears to have no oversight on the authenticators process and sides with whatever they come up with. It’s unhinged.",Limeeater314,72,,,2026-03-12T18:12:06Z,https://www.reddit.com/r/Ebay/comments/1rrtnj2/authenticity_guarantee_strikes_again/,t3_1rrtnj2,0,Luxury Fashion,luxury watches; Omega Speedmaster,authenticity guarantee; platform oversight,"A commenter reports a negative experience selling an Omega Speedmaster, claiming eBay lacks oversight over its Authenticity Guarantee program.",high,reddit:t1_oa2y7j0
94,authenticity_fakes,authenticity guarantee,comment,https://www.reddit.com/r/Ebay/comments/1rrtnj2/authenticity_guarantee_strikes_again,t1_oa37ayw,Ebay,Authenticity Guarantee strikes again,"You should the nightmares people in the trading card and sneaker subreddits have to say about eBay's authentication program, eBay's chasing sellers off the platform with that garbage,",Fister-Mantastic,33,,,2026-03-12T18:54:07Z,https://www.reddit.com/r/Ebay/comments/1rrtnj2/authenticity_guarantee_strikes_again/,t1_oa2y7j0,1,Sports Cards; Sneakers/Streetwear,trading cards; sneakers,authenticity guarantee; seller dissatisfaction,"A user claims eBay's authentication program is driving sellers away, citing complaints in trading card and sneaker subreddits.",high,reddit:t1_oa37ayw
94,authenticity_fakes,authenticity guarantee,comment,https://www.reddit.com/r/Ebay/comments/1rrtnj2/authenticity_guarantee_strikes_again,t1_oa7drxy,Ebay,Authenticity Guarantee strikes again,"And not doing anything about Chinese sellers who ships from Zhenshen, California (or any part of US) so they'd show up in US only search even though they actually ship from China, or sellers who abuses multiple choice listing with a $2,000 iPhone and a 99 cents cloth so when you search for iPhone, they show up first because of 99 cents cloth. PS for those dealing with this, #1 if the estimated shipping is more than 2 weeks, it is likely shipping from outside US and #2, if you know an item typically sells, say $800, set the search to minimum $600 to eliminate all those cheap 99 cents hack",Warcraft_Fan,13,,,2026-03-13T11:10:30Z,https://www.reddit.com/r/Ebay/comments/1rrtnj2/authenticity_guarantee_strikes_again/,t1_oa37ayw,2,General marketplace; Electronics,smartphones; iPhone,search manipulation; misleading listings,"A commenter criticizes eBay for misleading location listings and multi-variation pricing abuse, providing search filtering tips.",high,reddit:t1_oa7drxy
94,authenticity_fakes,authenticity guarantee,comment,https://www.reddit.com/r/Ebay/comments/1rrtnj2/authenticity_guarantee_strikes_again,t1_oa3vi0d,Ebay,Authenticity Guarantee strikes again,"Im curious, can you just say “marked as 14k” And make a note in the listing that hallmarks are not always 100% accurate?",JamesWhiskers,12,,,2026-03-12T20:46:52Z,https://www.reddit.com/r/Ebay/comments/1rrtnj2/authenticity_guarantee_strikes_again/,t3_1rrtnj2,0,Other / emerging,gold jewelry,listing advice; hallmarks,A user asks if a seller can list an item as 'marked 14k' with a disclaimer that hallmarks may not be completely accurate.,high,reddit:t1_oa3vi0d
95,authenticity_fakes,authenticity guarantee,post,https://www.reddit.com/r/Ebay/comments/1t0bv5n/authentication_guarantee_damages_my_watch_or,,Ebay,"Authentication guarantee damages my watch (or buyer), ships it back to me and tells me it's my problem.","I had a perfectly clean Grand Seiko watch that sold for a good dollar amount. The watch was in amazing condition. It goes to the buyer after passing authentication guarantee and two days after being received the buyer tells me that it arrived damaged to him, and supposedly the watch was loose in the case. I push back and notified him that he needed to file a claim with ebay if it was was shipping damage and mentioned that the watch cannot possibly be damaged in the original case. He also provides a long explanation about how the clasp was loose when he tried on the watch. I suspect he dropped it during the try on and claimed damage. Anyway, he files a claim, I'm assured by the authenticity team that I'm covered and if the watch is cross referenced with the original intake condition, it'll just be handed back to the buyer and they'd work with him. Fast forward a few days, watch goes back to authenticity and they immediately issue a refund and tell me that the item matched the original intake. I demand to see this proof and they tell me there aren't any photos and just notes. Initially they said the notes showed the item was not in mint condition and there were some scratches noted. I explained over and over that dents/gouges were not anywhere in the listing pics, a Pic I took from the day before shipping it and I no way does it match their notes. I'm now stuck with this watch and all they will do is credit back FVF when I sell it again. I pushed back saying that it should have never passed authentication if the gouge was not mentioned in my listing and their excuse was that my listing condition stated it was ""good condition"" rather than excellent condition and dents and gouges are consistent with that level. Talk about semantics... This has got to be the biggest joke ever. They will not and cannot provide photos to show the dent was visible in the original intake to Authenticity Guarantee. Either they damaged the watch themselves or the buyer did and got away with a free try on, leaving me to pick up the tab. Does anyone have any advice on how to escalate this further? They closed my appeal and I'm just livid.",kaybatousai,157,0.9,92,2026-04-30T22:59:24Z,https://www.reddit.com/r/Ebay/comments/1t0bv5n/authentication_guarantee_damages_my_watch_or/,,,Luxury Fashion,watches; luxury watches,authenticity guarantee dispute; seller protection,A seller complains eBay Authenticity Guarantee refunded a buyer for a damaged Grand Seiko watch without providing intake proof.,high,reddit:t3_1t0bv5n
95,authenticity_fakes,authenticity guarantee,comment,https://www.reddit.com/r/Ebay/comments/1t0bv5n/authentication_guarantee_damages_my_watch_or,t1_oj81bp7,Ebay,"Authentication guarantee damages my watch (or buyer), ships it back to me and tells me it's my problem.","This is a matter for small claims court now, if you have enough evidence to show it was not sent like that and was received back like that. If not, you're SoL, dude.",RGBlowMe,128,,,2026-04-30T23:23:30Z,https://www.reddit.com/r/Ebay/comments/1t0bv5n/authentication_guarantee_damages_my_watch_or/,t3_1t0bv5n,0,Luxury Fashion,watches,legal escalation; small claims court,Commenter advises pursuing small claims court if evidence proves the watch was not originally sent in damaged condition.,high,reddit:t1_oj81bp7
95,authenticity_fakes,authenticity guarantee,comment,https://www.reddit.com/r/Ebay/comments/1t0bv5n/authentication_guarantee_damages_my_watch_or,t1_oj8q6gz,Ebay,"Authentication guarantee damages my watch (or buyer), ships it back to me and tells me it's my problem.","Buyer here. Small world. I definitely did not damage or drop the watch. I noticed the damage the second I opened the box. I doubt it was damaged in shipping from you to the authenticator, but how do we know how well the authenticator handled it or if it was damaged in shipping from them to me? If eBay wants to the cover themselves, I'm sure they have video and/or pics during the unboxing and inspection to ensure chain of custody. If this media is not being shared, perhaps they found a discrepancy and are passing the burden to you, because they can. I wanted to keep the watch, which is why I started to look into options to get it repaired. But it wouldn't make sense for me to cover this when the watch was not delivered as expected. It's a terrible situation and you definitely got the short straw. If it was me, I would continue to escalate to eBay and reframe the burden of proof to them and their authentication procedures.",metaphysicians,60,,,2026-05-01T01:48:51Z,https://www.reddit.com/r/Ebay/comments/1t0bv5n/authentication_guarantee_damages_my_watch_or/,t3_1t0bv5n,0,Luxury Fashion,watches,buyer response; authenticator liability,"The buyer claims the watch arrived damaged, denies dropping it, and suggests escalating to eBay regarding authenticator handling.",high,reddit:t1_oj8q6gz
95,authenticity_fakes,authenticity guarantee,comment,https://www.reddit.com/r/Ebay/comments/1t0bv5n/authentication_guarantee_damages_my_watch_or,t1_oj8v4xy,Ebay,"Authentication guarantee damages my watch (or buyer), ships it back to me and tells me it's my problem.","Well, all I know and what I'm certain of is that it didn't occur within my chain of custody. I did get the note that you wrote to ebay when it was returned and despite all the communication, it amounted to absolutely nothing. I wouldn't keep the watch either if it were me and the damage wasn't there when you made the offer. You also did specifically ask about gouges and dents prior to making the offer, to which I vividly remember reassuring you that it was absolutely clean without gouges. I'm sorry to have my doubts on what transpired on your end but hope you understand my frustrations of having to deal with an absolute crock of baloney and believing terms such as seller protection etc.",kaybatousai,33,,,2026-05-01T02:17:48Z,https://www.reddit.com/r/Ebay/comments/1t0bv5n/authentication_guarantee_damages_my_watch_or/,t1_oj8q6gz,1,Luxury Fashion,watches,seller dispute; item condition,The seller insists the watch was clean prior to shipment and expresses frustration over the lack of seller protection.,high,reddit:t1_oj8v4xy
95,authenticity_fakes,authenticity guarantee,comment,https://www.reddit.com/r/Ebay/comments/1t0bv5n/authentication_guarantee_damages_my_watch_or,t1_oj8s7zs,Ebay,"Authentication guarantee damages my watch (or buyer), ships it back to me and tells me it's my problem.",if it passed the authenticity you should be covered and ebay will pay both you and the buyer for the problem I had the same issue with a watch I sold and the battery died so the buyer took it to. a jeweler to get the battery replaced so he modified the watch from its original condition and then the watch stopped working a day later so he tried to return it. I accepted the return and called ebay and they covered both me and him so i got my sale money and he got his refund everybody wins in the end. You need to call ebay and tell them that they must have modified the watch from its original condition when it passed ebay authenticity you should be covered,[deleted],26,,,2026-05-01T02:00:45Z,https://www.reddit.com/r/Ebay/comments/1t0bv5n/authentication_guarantee_damages_my_watch_or/,t3_1t0bv5n,0,Luxury Fashion,watches,seller protection; ebay customer support,Commenter shares past experience where eBay covered both parties and advises claiming the watch was modified after authentication.,high,reddit:t1_oj8s7zs
95,authenticity_fakes,authenticity guarantee,comment,https://www.reddit.com/r/Ebay/comments/1t0bv5n/authentication_guarantee_damages_my_watch_or,t1_ojan45i,Ebay,"Authentication guarantee damages my watch (or buyer), ships it back to me and tells me it's my problem.","Waste of time. You can't prove if it was damaged by the buyer or the authenticator or in shipping. Both would have to be parties and the burden will be on the plaintiff to prove when the damage occurred. Jurisdiction would be complicated as well if the buyer, seller and ebay in different states.",bendover912,21,,,2026-05-01T10:39:39Z,https://www.reddit.com/r/Ebay/comments/1t0bv5n/authentication_guarantee_damages_my_watch_or/,t1_oj81bp7,1,Luxury Fashion,watches,legal hurdles; small claims court,Commenter argues small claims court is a waste of time due to burden of proof and multi-state jurisdictional issues.,high,reddit:t1_ojan45i
96,authenticity_fakes,authenticity guarantee,post,https://www.reddit.com/r/Ebay/comments/1t18wso/is_there_anything_i_can_do_to_help_this_buyer,,Ebay,Is there anything I can do to help this buyer?,"I sold an item about two weeks ago that went through ebay's authenticity guarantee team. I thought all was well, as on my end it just shows as delivered. The buyer has reached out to me and says it was returned to the sender. I don't have the tracking number that was assigned post-authentication, so I have no way to confirm this. I recommended they reach out to ebay, is that all I can do to help them?",GameGh0st,78,0.9,30,2026-05-01T23:05:43Z,https://www.reddit.com/r/Ebay/comments/1t18wso/is_there_anything_i_can_do_to_help_this_buyer/,,,General marketplace,eBay Authenticity Guarantee,shipping issue; buyer support,A seller asks if directing a buyer to eBay is proper after an authenticated item shows delivered but allegedly returned.,high,reddit:t3_1t18wso
96,authenticity_fakes,authenticity guarantee,comment,https://www.reddit.com/r/Ebay/comments/1t18wso/is_there_anything_i_can_do_to_help_this_buyer,t1_ojevxt3,Ebay,Is there anything I can do to help this buyer?,Nope you answered that properly. The only reason it would come back to you would be if it failed authentication. That is really all you can do,Charming_Arugula405,82,,,2026-05-01T23:43:29Z,https://www.reddit.com/r/Ebay/comments/1t18wso/is_there_anything_i_can_do_to_help_this_buyer/,t3_1t18wso,0,General marketplace,eBay Authenticity Guarantee,failed authentication; buyer support,"A commenter confirms the seller acted correctly, noting items only return to sellers if they fail authentication.",high,reddit:t1_ojevxt3
96,authenticity_fakes,authenticity guarantee,comment,https://www.reddit.com/r/Ebay/comments/1t18wso/is_there_anything_i_can_do_to_help_this_buyer,t1_ojfgxg6,Ebay,Is there anything I can do to help this buyer?,"Yeah, that’s funny. I had a customer with almost the same story talking about that. I sent it to the wrong address when it automatically shipped to their address on file now they want me to re-shipped the item pay out-of-pocket because their friend supposedly send it to the wrong place. I don’t have anything come in now he wants a full refund. The story doesn’t make no sense. I honestly think this might be a new scam, or what a coincidence.",Whitepanda408,26,,,2026-05-02T01:47:04Z,https://www.reddit.com/r/Ebay/comments/1t18wso/is_there_anything_i_can_do_to_help_this_buyer/,t3_1t18wso,0,General marketplace,eBay Authenticity Guarantee,delivery dispute; suspected scam,"A commenter shares a similar experience with an address dispute and refund demand, suspecting it might be a scam.",medium,reddit:t1_ojfgxg6
96,authenticity_fakes,authenticity guarantee,comment,https://www.reddit.com/r/Ebay/comments/1t18wso/is_there_anything_i_can_do_to_help_this_buyer,t1_ojfbbhs,Ebay,Is there anything I can do to help this buyer?,"Unfortunate, I’d hate for him to be dissatisfied, but I guess there’s not much I could ever do.",GameGh0st,25,,,2026-05-02T01:14:18Z,https://www.reddit.com/r/Ebay/comments/1t18wso/is_there_anything_i_can_do_to_help_this_buyer/,t1_ojevxt3,1,General marketplace,eBay Authenticity Guarantee,buyer dissatisfaction; seller limitations,The author regrets the buyer's potential dissatisfaction but accepts that there is little else they can do.,high,reddit:t1_ojfbbhs
96,authenticity_fakes,authenticity guarantee,comment,https://www.reddit.com/r/Ebay/comments/1t18wso/is_there_anything_i_can_do_to_help_this_buyer,t1_ojibfkr,Ebay,Is there anything I can do to help this buyer?,"I sell sneakers that always have to pass through Authentication. After they get shipped out from ebay to the buyer, the tracking number is updated with a new number and I can always see the same tracking that the customer can. Not only does it say ""Delivered"", but it shows the state and city, too. You just need to click on the tracking number link. So you'll see if it was returned to your city, or if it landed in the intended city. If the buyer is asking you to ship to a secondary address after it's already been shipped, that's fishy to me. Generally, if you purchase your labels through ebay anyway, you don't have the option to change the address. It's the address that the buyer has listed (i think as their primary shipping address). At this point, there's nothing for you to do. All conversations must happen between the buyer and eBay (and possibly the shipping company).",Poppa_Keef,14,,,2026-05-02T14:18:49Z,https://www.reddit.com/r/Ebay/comments/1t18wso/is_there_anything_i_can_do_to_help_this_buyer/,t3_1t18wso,0,Sneakers/Streetwear; General marketplace,sneakers; eBay Authenticity Guarantee,tracking visibility; shipping protocol,A sneaker seller explains how post-authentication tracking works and advises that remaining issues are between the buyer and eBay.,high,reddit:t1_ojibfkr
97,authenticity_fakes,authenticity guarantee,post,https://www.reddit.com/r/Ebay/comments/1tc099d/ebay_authenticity_guarantee_service_threw_away,,Ebay,EBay authenticity guarantee service threw away the strap for my Miu Miu bag,"Sold this stunning Miu Miu mini bow bag through the authenticity guarantee service for £300 (which I thought was a good price considering how popular they are at the moment and it’s a rare colourway/size), they authenticate it and no discrepancies are made from the listing (listing clearly photographs the bag with its long strap, the photo I’ve attached was the first photo on the listing and I even uploaded a video of the bag where I clearly film the long strap) Buyer recieved it and says the long strap isn’t there. Luckily I record packaging everything I send and it clearly shows me packing the long strap, I wrapped it in bubble wrap and placed it on top of the bag which was in a dust bag… honestly to me it was obvious the strap was there, if you’d have picked it up (which you would’ve had to to get to the bag) wrapped in the bubble wrap you would’ve felt it and you could see it through the wrap. Initially I thought the buyer was lying but I’ve just received a call from the authenticity team saying they reviewed their cctv that they take of all the inspections and it shows they threw it away. I’m absolutely baffled (but glad they’ve take responsibility) mainly because they’re supposed to pick up differences between the listing and what they’re inspecting. If they didn’t see the strap, then they should have rejected the bag by saying it doesn’t match the description, because the bag was clearly photographed with the long strap. I’ve had bags rejected before for things that I’ve already stated in the description so I thought they were supposed to be overly thorough!! The buyer is returning the bag and receiving a full refund. Apparently I’m going to be offered money for the loss of value. I said fine, as long as the offer is substantial enough. But I feel like I sold the bag for a good price already, honestly on reflection this has really annoyed me and I’d want at least £200 back because the value of it is lowered so much now and a lot of people do not want this kind of bag without the long strap. Anyone experienced a similar issue? Really disappointed, especially because I’ve spent hundreds of thousands of pounds on eBay over the years so I’m not sure whether to kick up a fuss when they contact me about how much they’re going to offer",New_Manufacturer7501,60,0.84,41,2026-05-13T13:50:06Z,https://www.reddit.com/r/Ebay/comments/1tc099d/ebay_authenticity_guarantee_service_threw_away/,,,Luxury Fashion,Handbags,Authentication; Item Loss,"A seller reports eBay's authenticity team discarded a Miu Miu bag strap, leading to a return and compensation negotiations.",high,reddit:t3_1tc099d
97,authenticity_fakes,authenticity guarantee,comment,https://www.reddit.com/r/Ebay/comments/1tc099d/ebay_authenticity_guarantee_service_threw_away,t1_olkimna,Ebay,EBay authenticity guarantee service threw away the strap for my Miu Miu bag,I’d argue that eBay have bought the bag through their actions and demand they pay you the £300 themselves as the bag is now unusable and unsellable,DaftVapour,94,,,2026-05-13T14:03:11Z,https://www.reddit.com/r/Ebay/comments/1tc099d/ebay_authenticity_guarantee_service_threw_away/,t3_1tc099d,0,Luxury Fashion,Handbags,Compensation; Disputes,A commenter advises demanding full reimbursement of £300 from eBay since their actions ruined the bag's resale value.,high,reddit:t1_olkimna
97,authenticity_fakes,authenticity guarantee,comment,https://www.reddit.com/r/Ebay/comments/1tc099d/ebay_authenticity_guarantee_service_threw_away,t1_olkmzsq,Ebay,EBay authenticity guarantee service threw away the strap for my Miu Miu bag,A girl went viral on tiktok/insta saying how the same thing happened to her and eBay refunded her the whole lot which was over $1000!,New_Manufacturer7501,53,,,2026-05-13T14:23:42Z,https://www.reddit.com/r/Ebay/comments/1tc099d/ebay_authenticity_guarantee_service_threw_away/,t1_olkimna,1,General marketplace,Customer Service,Refunds; Social Media,A commenter notes a viral creator received a full refund over $1000 from eBay after a similar incident.,medium,reddit:t1_olkmzsq
97,authenticity_fakes,authenticity guarantee,comment,https://www.reddit.com/r/Ebay/comments/1tc099d/ebay_authenticity_guarantee_service_threw_away,t1_olkqih8,Ebay,EBay authenticity guarantee service threw away the strap for my Miu Miu bag,OMG this happened to a girl on Tiktok/IG who sold a Coach bag!! Ebay wouldn't do anything about it until it went mega viral and they started getting slammed in her comments.,thebillboardssaid,34,,,2026-05-13T14:40:04Z,https://www.reddit.com/r/Ebay/comments/1tc099d/ebay_authenticity_guarantee_service_threw_away/,t3_1tc099d,0,Luxury Fashion,Handbags,Disputes; Social Media,A commenter recalls eBay only resolved a similar Coach bag issue after a seller's post went viral.,high,reddit:t1_olkqih8
97,authenticity_fakes,authenticity guarantee,comment,https://www.reddit.com/r/Ebay/comments/1tc099d/ebay_authenticity_guarantee_service_threw_away,t1_olkneq6,Ebay,EBay authenticity guarantee service threw away the strap for my Miu Miu bag,"I read about so many issues on this sub regarding their authenticity department. Who are they hiring to work there? Is there any vetting, Ebay? OP, what you describe is unacceptable at any level, and especially for a billion dollar public company who makes its money from sellers like us. It’s disturbing.",PunisherCastle,19,,,2026-05-13T14:25:39Z,https://www.reddit.com/r/Ebay/comments/1tc099d/ebay_authenticity_guarantee_service_threw_away/,t3_1tc099d,0,General marketplace,Authentication Services,Quality Control; Seller Complaints,A commenter criticizes eBay's authenticity department standards and vetting process following reports of repeated issues.,high,reddit:t1_olkneq6
97,authenticity_fakes,authenticity guarantee,comment,https://www.reddit.com/r/Ebay/comments/1tc099d/ebay_authenticity_guarantee_service_threw_away,t1_olkr0vb,Ebay,EBay authenticity guarantee service threw away the strap for my Miu Miu bag,I know I saw!! Low key getting my video ready for when they clown me with the offer lol,New_Manufacturer7501,11,,,2026-05-13T14:42:24Z,https://www.reddit.com/r/Ebay/comments/1tc099d/ebay_authenticity_guarantee_service_threw_away/,t1_olkqih8,1,Luxury Fashion,Handbags,Disputes; Social Media,The original poster says they are preparing a video in case eBay provides an unsatisfactory compensation offer.,high,reddit:t1_olkr0vb
98,authenticity_fakes,authenticity guarantee,post,https://www.reddit.com/r/Ebay/comments/1vsz0h6/so_they_reviewed_the_case_and_found_i_did_not,,Ebay,So They “Reviewed the case and found I did not show proof the item was delivered. And issued the buyer a full refund. What do I send in when I appeal for this? Done selling on this platforms all listings removed.,Edit: It seems that ultimately when the label was created and purchased through eBay there was a glitch In the system somewhere that created the authenticity guarantee label to send directly to the buyer of the item and not rerouting like it’s supposed to. When I called I was told that my item was never sent to authentication but rather sent directly to the buyer. But that I would still be covered under eBay’s normal buyer protections for items under 750 that DO NOT require a signature. This involved calling and asking to be transferred to a specialist when I called there Number found in the comments. And all the great advice that helped walk me through the process of calling and that I need to speak to someone higher up is stuff you can’t just easily look up on the internet and is invaluable information to the selling community. My advice would be to screenshot all labels/ addresses given to you and anything that can ever be of importance just to be on the safe side. Authenticity guarantee orders are not supposed to be allowed to be sent to buyer if you purchase the label thru eBay but turns out issues can happen. Ultimately got the refund. NEVER submit a claim yourself it’ll be auto reviewed. Call there customer service and ask to be transferred to the appropriate team. And just be nice. Everyone I spoke too was very helpful they’re not the ones who messed it up but they are trying the best they can to help. AI messes up alllottttt that normal people like us are trying are best to fix and clean up behind. Have a great day.,SrDonaldDuck,50,0.76,140,2026-08-19T21:00:51Z,https://www.reddit.com/r/Ebay/comments/1vsz0h6/so_they_reviewed_the_case_and_found_i_did_not/,,,General marketplace,eBay Authenticity Guarantee,shipping glitch; appeals,The author shares how contacting customer service resolved an eBay glitch that misrouted an Authenticity Guarantee label directly to the buyer.,high,reddit:t3_1vsz0h6
98,authenticity_fakes,authenticity guarantee,comment,https://www.reddit.com/r/Ebay/comments/1vsz0h6/so_they_reviewed_the_case_and_found_i_did_not,t1_p4pl3tg,Ebay,So They “Reviewed the case and found I did not show proof the item was delivered. And issued the buyer a full refund. What do I send in when I appeal for this? Done selling on this platforms all listings removed.,This might sound dumb.... But did you upload the tracking number to the case when prompted?,Western_Ad4663,62,,,2026-08-19T22:17:33Z,https://www.reddit.com/r/Ebay/comments/1vsz0h6/so_they_reviewed_the_case_and_found_i_did_not/,t3_1vsz0h6,0,General marketplace,eBay Authenticity Guarantee,tracking upload; disputes,A user asks the original poster if they uploaded the tracking number to the dispute case when prompted.,high,reddit:t1_p4pl3tg
98,authenticity_fakes,authenticity guarantee,comment,https://www.reddit.com/r/Ebay/comments/1vsz0h6/so_they_reviewed_the_case_and_found_i_did_not,t1_p4plj46,Ebay,So They “Reviewed the case and found I did not show proof the item was delivered. And issued the buyer a full refund. What do I send in when I appeal for this? Done selling on this platforms all listings removed.,">The package is at psa waiting to be authenticated. Is there a delivery scan confirming that? If there is, file an appeal. [https://www.ebay.com/help/selling/managing-returns-refunds/appeal-outcome-case-seller?id=4369](https://www.ebay.com/help/selling/managing-returns-refunds/appeal-outcome-case-seller?id=4369)",wastingtime101-,9,,,2026-08-19T22:19:38Z,https://www.reddit.com/r/Ebay/comments/1vsz0h6/so_they_reviewed_the_case_and_found_i_did_not/,t3_1vsz0h6,0,Sports Cards; TCG/Pokemon,trading cards,PSA authentication; appeals,A commenter advises filing an appeal with a provided link if delivery to PSA for authentication is confirmed by scan.,medium,reddit:t1_p4plj46
98,authenticity_fakes,authenticity guarantee,comment,https://www.reddit.com/r/Ebay/comments/1vsz0h6/so_they_reviewed_the_case_and_found_i_did_not,t1_p4q804n,Ebay,So They “Reviewed the case and found I did not show proof the item was delivered. And issued the buyer a full refund. What do I send in when I appeal for this? Done selling on this platforms all listings removed.,Keep chasing them. I had an issue too I just kept on them and finally someone with sense came around.,eskrr,6,,,2026-08-20T00:15:51Z,https://www.reddit.com/r/Ebay/comments/1vsz0h6/so_they_reviewed_the_case_and_found_i_did_not/,t3_1vsz0h6,0,General marketplace,eBay Authenticity Guarantee,customer support; persistence,"A user recommends persistent follow-up with customer support, noting it successfully resolved their own similar issue.",high,reddit:t1_p4q804n
98,authenticity_fakes,authenticity guarantee,comment,https://www.reddit.com/r/Ebay/comments/1vsz0h6/so_they_reviewed_the_case_and_found_i_did_not,t1_p4pluec,Ebay,So They “Reviewed the case and found I did not show proof the item was delivered. And issued the buyer a full refund. What do I send in when I appeal for this? Done selling on this platforms all listings removed.,Yes,SrDonaldDuck,5,,,2026-08-19T22:21:11Z,https://www.reddit.com/r/Ebay/comments/1vsz0h6/so_they_reviewed_the_case_and_found_i_did_not/,t1_p4pl3tg,1,General marketplace,eBay Authenticity Guarantee,tracking upload,The author confirms they uploaded the tracking number when prompted.,high,reddit:t1_p4pluec
98,authenticity_fakes,authenticity guarantee,comment,https://www.reddit.com/r/Ebay/comments/1vsz0h6/so_they_reviewed_the_case_and_found_i_did_not,t1_p4puq6k,Ebay,So They “Reviewed the case and found I did not show proof the item was delivered. And issued the buyer a full refund. What do I send in when I appeal for this? Done selling on this platforms all listings removed.,Have you tried calling them and speaking to a rep? The automated system is horrible and always sides with the buyer but have had great success overturning cases,OutTheBoxTCG,5,,,2026-08-19T23:05:51Z,https://www.reddit.com/r/Ebay/comments/1vsz0h6/so_they_reviewed_the_case_and_found_i_did_not/,t3_1vsz0h6,0,General marketplace,eBay Authenticity Guarantee,customer support; case appeals,"A commenter asks if the poster called a representative, noting eBay's automated system favors buyers but phone support can overturn cases.",high,reddit:t1_p4puq6k
99,authenticity_fakes,authenticity guarantee,post,https://www.reddit.com/r/Ebay/comments/1sy5a2b/buyer_claims_authenticated_card_they_received_has,,Ebay,Buyer claims authenticated card they received has straight mark on the back...,"First pic is my listing pic, 2nd pic is their pic sent to me this morning. Card passed authentication as well. Guess I get to find out how this plays out with Ebay's authenticity guarantee return policy. Card has to be sent back for re-authentication to make sure it's in the exact condition as when it passed the first time. Fun times. Anyone else experienced this from either the buyer or seller side that a card may have been damaged after authentication passed?",Klin24,50,0.92,26,2026-04-28T15:49:09Z,https://www.reddit.com/r/Ebay/comments/1sy5a2b/buyer_claims_authenticated_card_they_received_has/,,,General marketplace,trading cards,authenticity guarantee; return policy,"A seller shares that a buyer claimed an authenticated card arrived with a mark, navigating eBay's return and re-authentication policy.",medium,reddit:t3_1sy5a2b
99,authenticity_fakes,authenticity guarantee,comment,https://www.reddit.com/r/Ebay/comments/1sy5a2b/buyer_claims_authenticated_card_they_received_has,t1_oish7mo,Ebay,Buyer claims authenticated card they received has straight mark on the back...,"If it went through the authentication process with ebay, you are good. * **Returns:** For authenticated items, returns are generally accepted only if the item is not as described, but the process is carefully handled to ensure the exact same card is returned to the seller. If there is a damage issue eBay will refund the buyer themselves",Charming_Arugula405,38,,,2026-04-28T18:08:02Z,https://www.reddit.com/r/Ebay/comments/1sy5a2b/buyer_claims_authenticated_card_they_received_has/,t3_1sy5a2b,0,General marketplace,trading cards,authenticity guarantee; return policy,"A commenter states eBay protects sellers for authenticated items, noting eBay handles re-checking returns and covers shipping damage refunds directly.",high,reddit:t1_oish7mo
99,authenticity_fakes,authenticity guarantee,comment,https://www.reddit.com/r/Ebay/comments/1sy5a2b/buyer_claims_authenticated_card_they_received_has,t1_oisiwe4,Ebay,Buyer claims authenticated card they received has straight mark on the back...,"Unless you set the listing to accept returns (which would have been silly of you), then you should be able to just reject the return. If they are claiming it was damaged in shipping it’s between them and eBay.",Mataelio,17,,,2026-04-28T18:15:45Z,https://www.reddit.com/r/Ebay/comments/1sy5a2b/buyer_claims_authenticated_card_they_received_has/,t3_1sy5a2b,0,General marketplace,trading cards,return policy,"A commenter advises that non-return listings allow rejecting returns, leaving claimed shipping damage between the buyer and eBay.",high,reddit:t1_oisiwe4
99,authenticity_fakes,authenticity guarantee,comment,https://www.reddit.com/r/Ebay/comments/1sy5a2b/buyer_claims_authenticated_card_they_received_has,t1_oiso3oe,Ebay,Buyer claims authenticated card they received has straight mark on the back...,"FIRST: Not an expert... but your pic seems to be of higher quality yet doesn't show a myriad of blemishes that their lower quality pic shows. I looked at the black and blue around the word ""Season"" on the left of the card and in their picture, it seems very speckled up like the color is non-uniform. Your version doesn't show such things. I feel like your photo should point these types of things out better than his photo does... yet they are on his and not on yours.",ProCommonSense,16,,,2026-04-28T18:39:48Z,https://www.reddit.com/r/Ebay/comments/1sy5a2b/buyer_claims_authenticated_card_they_received_has/,t3_1sy5a2b,0,General marketplace,trading cards,condition dispute,A commenter observes that the buyer's lower-quality photo shows speckled blemishes and variations not visible in the seller's higher-quality listing photo.,medium,reddit:t1_oiso3oe
99,authenticity_fakes,authenticity guarantee,comment,https://www.reddit.com/r/Ebay/comments/1sy5a2b/buyer_claims_authenticated_card_they_received_has,t1_oiss9he,Ebay,Buyer claims authenticated card they received has straight mark on the back...,"Probably has more to do with lighting angles, but in any case it was authenticated which means they confirmed OP’s description and photos match the actual condition of the card.",Mataelio,13,,,2026-04-28T18:58:49Z,https://www.reddit.com/r/Ebay/comments/1sy5a2b/buyer_claims_authenticated_card_they_received_has/,t1_oiso3oe,1,General marketplace,trading cards,authenticity guarantee,"A commenter suggests photo discrepancies stem from lighting angles, emphasizing that eBay authentication previously verified the card matched the seller's listing.",high,reddit:t1_oiss9he
99,authenticity_fakes,authenticity guarantee,comment,https://www.reddit.com/r/Ebay/comments/1sy5a2b/buyer_claims_authenticated_card_they_received_has,t1_oito8x9,Ebay,Buyer claims authenticated card they received has straight mark on the back...,"My understanding is if it passes authentication, that means eBay formally agrees with the listing including condition and a buyer requesting a return becomes Ebays problem and not yours. I haven't personally run into this situation yet though",CadleyBooper,7,,,2026-04-28T21:24:42Z,https://www.reddit.com/r/Ebay/comments/1sy5a2b/buyer_claims_authenticated_card_they_received_has/,t3_1sy5a2b,0,General marketplace,trading cards,authenticity guarantee; return policy,"A commenter understands that once eBay authenticates an item's condition, buyer return requests become eBay's responsibility rather than the seller's.",medium,reddit:t1_oito8x9
100,authenticity_fakes,authenticity guarantee,post,https://www.reddit.com/r/Ebay/comments/1wp9oep/i_sold_a_watch_through_ebay_authenticity,,Ebay,"I sold a watch through eBay Authenticity Guarantee. The watch was authenticated, but the buyer received an empty package.","As the title said, the buyer received an empty package. At first, he opened an INR case, which was closed, and the agent he contacted said that he needed to open a return request. This put my funds on hold again (which was released after the item was authenticated). I then contacted an eBay agent, and he said that it is correct that the buyer needs to open a return request, but he should not print the shipping label; instead file a police report and submit it to eBay. He also said that the authenticator likely won't have the watch in hand. The agent also said that I need not worry since this is not my responsibility anymore. Is this correct? Then why is my funds on hold again? What would you do in this situation? Thank you in advance. Edit: I'm not saying the buyer is lying or anything; he recorded himself opening the box and everything, and messaged me in a really good manner. I just want to see if I'm doing everything correctly by the book because this is my first time encountering this problem.",Dense-Attention1801,34,0.92,14,2026-09-24T18:32:46Z,https://www.reddit.com/r/Ebay/comments/1wp9oep/i_sold_a_watch_through_ebay_authenticity/,,,Luxury Fashion,watches,seller protection; authenticity guarantee,"A seller seeks advice after a buyer reported receiving an empty package following eBay watch authentication, triggering a funds hold.",high,reddit:t3_1wp9oep
100,authenticity_fakes,authenticity guarantee,comment,https://www.reddit.com/r/Ebay/comments/1wp9oep/i_sold_a_watch_through_ebay_authenticity,t1_pbtkl2l,Ebay,"I sold a watch through eBay Authenticity Guarantee. The watch was authenticated, but the buyer received an empty package.","You don't need to worry. Of course, the return can't pass authentication because there is no watch. Authentication already confirmed receipt of your watch and it's authenticity. Don't correspond with buyer anymore.",FinalFantasiesGG,64,,,2026-09-24T18:45:37Z,https://www.reddit.com/r/Ebay/comments/1wp9oep/i_sold_a_watch_through_ebay_authenticity/,t3_1wp9oep,0,Luxury Fashion,watches,seller protection; authenticity guarantee,"A commenter advises the seller not to worry or communicate further, noting authentication already verified receipt of the watch.",high,reddit:t1_pbtkl2l
100,authenticity_fakes,authenticity guarantee,comment,https://www.reddit.com/r/Ebay/comments/1wp9oep/i_sold_a_watch_through_ebay_authenticity,t1_pbtk6vh,Ebay,"I sold a watch through eBay Authenticity Guarantee. The watch was authenticated, but the buyer received an empty package.",The funds being on hold is just the process of a case being opened. It will close out in your favor and will get released again.,dre2112,16,,,2026-09-24T18:43:57Z,https://www.reddit.com/r/Ebay/comments/1wp9oep/i_sold_a_watch_through_ebay_authenticity/,t3_1wp9oep,0,Luxury Fashion,watches,seller protection; funds hold,A commenter explains that funds are routinely held during an open case and predicts the case will close in the seller's favor.,high,reddit:t1_pbtk6vh
100,authenticity_fakes,authenticity guarantee,comment,https://www.reddit.com/r/Ebay/comments/1wp9oep/i_sold_a_watch_through_ebay_authenticity,t1_pbtl3c0,Ebay,"I sold a watch through eBay Authenticity Guarantee. The watch was authenticated, but the buyer received an empty package.",Thank you very much!,Dense-Attention1801,14,,,2026-09-24T18:47:46Z,https://www.reddit.com/r/Ebay/comments/1wp9oep/i_sold_a_watch_through_ebay_authenticity/,t1_pbtkl2l,1,Luxury Fashion,watches,unclear reaction,The user thanks the commenter for their advice.,medium,reddit:t1_pbtl3c0
100,authenticity_fakes,authenticity guarantee,comment,https://www.reddit.com/r/Ebay/comments/1wp9oep/i_sold_a_watch_through_ebay_authenticity,t1_pbtq9s5,Ebay,"I sold a watch through eBay Authenticity Guarantee. The watch was authenticated, but the buyer received an empty package.",Once the watch is authenticated your job is done. You should be protected by eBay from any chargebacks or refunds.,soanQy23,13,,,2026-09-24T19:09:47Z,https://www.reddit.com/r/Ebay/comments/1wp9oep/i_sold_a_watch_through_ebay_authenticity/,t3_1wp9oep,0,Luxury Fashion,watches,seller protection; authenticity guarantee,A commenter states that sellers are protected by eBay from chargebacks and refunds once a watch is authenticated.,high,reddit:t1_pbtq9s5
100,authenticity_fakes,authenticity guarantee,comment,https://www.reddit.com/r/Ebay/comments/1wp9oep/i_sold_a_watch_through_ebay_authenticity,t1_pbtlqvq,Ebay,"I sold a watch through eBay Authenticity Guarantee. The watch was authenticated, but the buyer received an empty package.",I didn't know that. Thank you very much for the clarification!,Dense-Attention1801,7,,,2026-09-24T18:50:32Z,https://www.reddit.com/r/Ebay/comments/1wp9oep/i_sold_a_watch_through_ebay_authenticity/,t1_pbtk6vh,1,Luxury Fashion,watches,unclear reaction,The user thanks the commenter for clarifying how the funds hold process works.,medium,reddit:t1_pbtlqvq
101,authenticity_fakes,authenticity guarantee,post,https://www.reddit.com/r/Ebay/comments/1uz1h4s/check_your_receipts_ebay_overcharged_me,,Ebay,Check your receipts -- eBay overcharged me,"The total for my order should be $359.13. EDIT: as people in the comments have pointed out (thanks!), the tax on the bag is too low, and should be closer to $19. This explains the difference. So the title of my post should be: ""eBay undercharged me for tax and is now issuing a refund."" EDIT 2: upon further discussion, there may be a service tax on the authenticity guarantee, which explains the $2.50 tax. People think that eBay had trouble displaying two lines of taxes, which is why my receipt is wrong. So my post should be titled, ""If you bought the authenticity guarantee on eBay, check your receipt as you may get a refund due to the taxes not displaying correctly.""",vivian_bloodmark,33,0.77,22,2026-07-17T14:33:07Z,https://www.reddit.com/r/Ebay/comments/1uz1h4s/check_your_receipts_ebay_overcharged_me/,,,General marketplace,handbags,sales tax; authenticity guarantee,The author clarifies that an eBay receipt discrepancy stemmed from taxes on an authenticity guarantee service rather than an overcharge.,high,reddit:t3_1uz1h4s
101,authenticity_fakes,authenticity guarantee,comment,https://www.reddit.com/r/Ebay/comments/1uz1h4s/check_your_receipts_ebay_overcharged_me,t1_oy3yvie,Ebay,Check your receipts -- eBay overcharged me,It’s definitely the taxes. Not sure why it only showed that amount and maybe a glitch,Ghostflop,19,,,2026-07-17T15:22:22Z,https://www.reddit.com/r/Ebay/comments/1uz1h4s/check_your_receipts_ebay_overcharged_me/,t3_1uz1h4s,0,General marketplace,handbags,sales tax; billing glitch,A commenter states the price discrepancy is definitely taxes and suggests a potential glitch caused the displayed amount.,medium,reddit:t1_oy3yvie
101,authenticity_fakes,authenticity guarantee,comment,https://www.reddit.com/r/Ebay/comments/1uz1h4s/check_your_receipts_ebay_overcharged_me,t1_oy3ymvt,Ebay,Check your receipts -- eBay overcharged me,How is that tax so low on that item?,boilerballa,7,,,2026-07-17T15:21:20Z,https://www.reddit.com/r/Ebay/comments/1uz1h4s/check_your_receipts_ebay_overcharged_me/,t3_1uz1h4s,0,General marketplace,handbags,sales tax,A user questions how the calculated sales tax on the purchased item could be so low.,high,reddit:t1_oy3ymvt
101,authenticity_fakes,authenticity guarantee,comment,https://www.reddit.com/r/Ebay/comments/1uz1h4s/check_your_receipts_ebay_overcharged_me,t1_oy41ac5,Ebay,Check your receipts -- eBay overcharged me,I have some difficulty believing that the taxes are $2.50,JetstreamGW,6,,,2026-07-17T15:32:43Z,https://www.reddit.com/r/Ebay/comments/1uz1h4s/check_your_receipts_ebay_overcharged_me/,t3_1uz1h4s,0,General marketplace,handbags,sales tax,A user expresses skepticism that the total tax amount could realistically be $2.50.,high,reddit:t1_oy41ac5
101,authenticity_fakes,authenticity guarantee,comment,https://www.reddit.com/r/Ebay/comments/1uz1h4s/check_your_receipts_ebay_overcharged_me,t1_oy46aur,Ebay,Check your receipts -- eBay overcharged me,That may be the tax on the 40 dollar authenticity guarantee service. Several states started charging tax on any type of service charged by websites.,HootieFrogCares,3,,,2026-07-17T15:54:07Z,https://www.reddit.com/r/Ebay/comments/1uz1h4s/check_your_receipts_ebay_overcharged_me/,t1_oy3ymvt,1,General marketplace,handbags,authenticity guarantee; sales tax,A commenter suggests the tax reflects a state service tax on eBay's forty-dollar authenticity guarantee.,high,reddit:t1_oy46aur
101,authenticity_fakes,authenticity guarantee,comment,https://www.reddit.com/r/Ebay/comments/1uz1h4s/check_your_receipts_ebay_overcharged_me,t1_oy43k9z,Ebay,Check your receipts -- eBay overcharged me,"Well now based on the sales tax, there's a matching total... 300 + (300\*0.0625) + 40 + 16.63 + 2.50 = 377.88 It looks like 2.50 is 6.25% of 40. The numbers make sense but I can't tell you whether they were chosen or applied correctly.",MGY,3,,,2026-07-17T15:42:32Z,https://www.reddit.com/r/Ebay/comments/1uz1h4s/check_your_receipts_ebay_overcharged_me/,t3_1uz1h4s,0,General marketplace,handbags,sales tax; billing calculations,A commenter calculates that a 6.25% tax rate on the item and the service fee aligns with the total.,high,reddit:t1_oy43k9z
102,authenticity_fakes,authenticity guarantee,post,https://www.reddit.com/r/Ebay/comments/1vqawq4/buyer_is_spamming_i_did_not_authorize_this,,Ebay,Buyer is spamming “I did not authorize this purchase” messages after purchasing eBay authenticity guaranteed.,"A buyer purchased an item from me via Authenticity guaranteed and shortly after I shipped the item they started sending the message “I did not authorize this purchase” almost everyday. I am of the belief they are angling towards a chargeback. With that said, does anyone know if in these cases if a seller is protected from chargebacks? Will I lose out on the money if a chargeback is opened or will eBay protect me?",Available-Check-3933,33,0.84,41,2026-08-16T22:41:07Z,https://www.reddit.com/r/Ebay/comments/1vqawq4/buyer_is_spamming_i_did_not_authorize_this/,,,General marketplace,eBay Authenticity Guarantee,Chargeback protection; Unauthorized purchase,A seller asks whether eBay protects against potential chargebacks when a buyer repeatedly claims a purchase was unauthorized under Authenticity Guarantee.,high,reddit:t3_1vqawq4
102,authenticity_fakes,authenticity guarantee,comment,https://www.reddit.com/r/Ebay/comments/1vqawq4/buyer_is_spamming_i_did_not_authorize_this,t1_p44rtyt,Ebay,Buyer is spamming “I did not authorize this purchase” messages after purchasing eBay authenticity guaranteed.,Either a kid used their moms credit card or just a scammer,Rare_Barracuda25,15,,,2026-08-17T00:54:33Z,https://www.reddit.com/r/Ebay/comments/1vqawq4/buyer_is_spamming_i_did_not_authorize_this/,t3_1vqawq4,0,General marketplace,eBay Authenticity Guarantee,Unauthorized purchase; Scam concerns,A commenter speculates the unauthorized purchase claims stem from either a child using a parent's credit card or a scammer.,medium,reddit:t1_p44rtyt
102,authenticity_fakes,authenticity guarantee,comment,https://www.reddit.com/r/Ebay/comments/1vqawq4/buyer_is_spamming_i_did_not_authorize_this,t1_p452l39,Ebay,Buyer is spamming “I did not authorize this purchase” messages after purchasing eBay authenticity guaranteed.,"Well unless he was hacked, if he’s messaging on eBay. On his account lmfao…he definitely authorized it. Some people are such morons.",Sweet_Commission8313,11,,,2026-08-17T01:58:13Z,https://www.reddit.com/r/Ebay/comments/1vqawq4/buyer_is_spamming_i_did_not_authorize_this/,t3_1vqawq4,0,General marketplace,eBay Authenticity Guarantee,Account security; Unauthorized purchase,A commenter suggests that messaging directly from the buyer's account indicates the purchase was authorized unless the account was hacked.,medium,reddit:t1_p452l39
102,authenticity_fakes,authenticity guarantee,comment,https://www.reddit.com/r/Ebay/comments/1vqawq4/buyer_is_spamming_i_did_not_authorize_this,t1_p47abic,Ebay,Buyer is spamming “I did not authorize this purchase” messages after purchasing eBay authenticity guaranteed.,Id bet a child of his made the purchase.,MyOpinionsDontHurt,6,,,2026-08-17T11:52:02Z,https://www.reddit.com/r/Ebay/comments/1vqawq4/buyer_is_spamming_i_did_not_authorize_this/,t1_p452l39,1,General marketplace,eBay Authenticity Guarantee,Unauthorized purchase,A user bets that a child made the purchase without authorization.,medium,reddit:t1_p47abic
102,authenticity_fakes,authenticity guarantee,comment,https://www.reddit.com/r/Ebay/comments/1vqawq4/buyer_is_spamming_i_did_not_authorize_this,t1_p49cruj,Ebay,Buyer is spamming “I did not authorize this purchase” messages after purchasing eBay authenticity guaranteed.,That was always the excuse used. I didn't know it still is.,Any-Adagio492,4,,,2026-08-17T17:42:44Z,https://www.reddit.com/r/Ebay/comments/1vqawq4/buyer_is_spamming_i_did_not_authorize_this/,t1_p47abic,2,General marketplace,eBay Authenticity Guarantee,Unauthorized purchase,A user notes that blaming a child was a common excuse and expresses surprise it is still used.,medium,reddit:t1_p49cruj
102,authenticity_fakes,authenticity guarantee,comment,https://www.reddit.com/r/Ebay/comments/1vqawq4/buyer_is_spamming_i_did_not_authorize_this,t1_p45pe32,Ebay,Buyer is spamming “I did not authorize this purchase” messages after purchasing eBay authenticity guaranteed.,"Authenticity guaranteed usually shifts liability to eBay once it passes inspection, so the chargeback risk is lower than a normal transaction. Keep every message as evidence though, that pattern is definitely someone building a case.",KwameKnowsWine,3,,,2026-08-17T04:24:45Z,https://www.reddit.com/r/Ebay/comments/1vqawq4/buyer_is_spamming_i_did_not_authorize_this/,t3_1vqawq4,0,General marketplace,eBay Authenticity Guarantee,Seller protection; Chargebacks,"A commenter explains that eBay Authenticity Guarantee shifts liability after inspection, reducing chargeback risk, and advises saving messages as evidence.",high,reddit:t1_p45pe32
103,authenticity_fakes,authenticity guarantee,post,https://www.reddit.com/r/Ebay/comments/1q53zhu/what_does_this_exactly_mean_is_it_fake,,Ebay,What does this exactly mean? Is it fake?,I purchased some “designer” shoes on eBay and it already has the “ authenticity guarantee” on the listing before I bought it. But now they failed to authenticate it!? Why???,Leather_Alternative8,29,0.81,55,2026-01-06T00:55:56Z,https://www.reddit.com/r/Ebay/comments/1q53zhu/what_does_this_exactly_mean_is_it_fake/,,,Sneakers/Streetwear; Luxury Fashion,designer shoes,authenticity guarantee; authentication failure,A buyer asks why eBay failed to authenticate a pair of designer shoes purchased with an Authenticity Guarantee.,high,reddit:t3_1q53zhu
103,authenticity_fakes,authenticity guarantee,comment,https://www.reddit.com/r/Ebay/comments/1q53zhu/what_does_this_exactly_mean_is_it_fake,t1_nxxbljs,Ebay,What does this exactly mean? Is it fake?,It literally tells you but I don't agree with them still sending you it considering you bought it with a guarantee.,misterterrific0,65,,,2026-01-06T01:13:09Z,https://www.reddit.com/r/Ebay/comments/1q53zhu/what_does_this_exactly_mean_is_it_fake/,t3_1q53zhu,0,Sneakers/Streetwear; Luxury Fashion,designer shoes,authenticity guarantee; order fulfillment,A commenter notes the notification explanation and disagrees with eBay still forwarding the item after an authenticity guarantee purchase.,high,reddit:t1_nxxbljs
103,authenticity_fakes,authenticity guarantee,comment,https://www.reddit.com/r/Ebay/comments/1q53zhu/what_does_this_exactly_mean_is_it_fake,t1_nxxcn0q,Ebay,What does this exactly mean? Is it fake?,I would 100% open a return under “item not as described” purely because you didn’t get the service you asked for. Even if you get the item they listed you have not been given the authenticity check you desired. The seller will be forced to accept the return. Had it gone through the authenticity center you wouldn’t be able to open a return for item not as described but since it never did you’re able to ask for a return.,carloosee,45,,,2026-01-06T01:18:44Z,https://www.reddit.com/r/Ebay/comments/1q53zhu/what_does_this_exactly_mean_is_it_fake/,t1_nxxbs6v,2,Sneakers/Streetwear; Luxury Fashion,designer shoes,returns; authenticity guarantee,A user advises opening an item not as described return because the promised authenticity check was not performed.,high,reddit:t1_nxxcn0q
103,authenticity_fakes,authenticity guarantee,comment,https://www.reddit.com/r/Ebay/comments/1q53zhu/what_does_this_exactly_mean_is_it_fake,t1_nxxbs6v,Ebay,What does this exactly mean? Is it fake?,Can I get a refund or something?,Leather_Alternative8,12,,,2026-01-06T01:14:08Z,https://www.reddit.com/r/Ebay/comments/1q53zhu/what_does_this_exactly_mean_is_it_fake/,t1_nxxbljs,1,Sneakers/Streetwear; Luxury Fashion,designer shoes,refunds,The buyer asks if they can receive a refund for the item.,high,reddit:t1_nxxbs6v
103,authenticity_fakes,authenticity guarantee,comment,https://www.reddit.com/r/Ebay/comments/1q53zhu/what_does_this_exactly_mean_is_it_fake,t1_nxxo1bg,Ebay,What does this exactly mean? Is it fake?,"They have very specific categories to be eligible for the authentication program, so if seller listed the item in the wrong category they won’t authenticate it they’ll just ship to the buyer without checking if the item is authentic or not",Substantial_Task2338,12,,,2026-01-06T02:20:16Z,https://www.reddit.com/r/Ebay/comments/1q53zhu/what_does_this_exactly_mean_is_it_fake/,t3_1q53zhu,0,Sneakers/Streetwear; Luxury Fashion,designer shoes,authenticity guarantee; listing categories,A commenter explains that items in ineligible categories bypass authentication and are shipped directly to the buyer unverified.,high,reddit:t1_nxxo1bg
103,authenticity_fakes,authenticity guarantee,comment,https://www.reddit.com/r/Ebay/comments/1q53zhu/what_does_this_exactly_mean_is_it_fake,t1_nxxcw4p,Ebay,What does this exactly mean? Is it fake?,Got it thanks!,Leather_Alternative8,9,,,2026-01-06T01:20:06Z,https://www.reddit.com/r/Ebay/comments/1q53zhu/what_does_this_exactly_mean_is_it_fake/,t1_nxxcn0q,3,Sneakers/Streetwear; Luxury Fashion,designer shoes,acknowledgment,The user acknowledges and thanks the commenter for the return advice.,high,reddit:t1_nxxcw4p
104,authenticity_fakes,authenticity guarantee,post,https://www.reddit.com/r/Ebay/comments/1ujh2rb/authenticity_guarantee_opened_sealed_item,,Ebay,Authenticity guarantee opened sealed item???,"UPDATE: the day after, I called in (Have Us Call You option) and explained the situation to a customer service rep who seemed very sympathetic and offered to reach out to me directly with an update. 2 days later, with no word, I called in again, and spoke to another rep who this time transferred me directly to the authenticity guarantee team. That rep immediately sided with me especially given that the very first word highlighted in asterisks was ""SEALED,"" so for me to receive an unsealed item in return was not up to standard. After a brief hold, I was instructed to provide some photos of the card in hand to a link they emailed me, and then very shortly after he initiated a refund, so I'm squared away. It's annoying that I had to deal with that in the first place, but my funds are in order, and every rep I spoke to was surprisingly reasonable. So I suppose the moral of the story is to use your words. Lol I recently sold a promotional trading card on eBay for $475. This particular card was distributed in clear cellophane packaging, with one side covered by a small advert so that you can only see one side of the card. The card had a visible crease to one side, which was mentioned and pictured, as well as other minor issues that I made clear on the listing. Obviously, the factory seal is a key part of the value -- with this card in particular, the $475 price tag would drop to less than half even if it was in pristine condition outside of the packaging and in the case of this card, it'd be well under $100. I sold the card, everything was fine, but now, ebay emailed me stating there was a ""minor issue."" The card was verified authentic, but because they REMOVED IT FROM THE SEAL. and now, they've pictured several small defects on the back of the card (which again, you couldn't see when it was within the packaging) and have asked me if I'd like to offer the buyer a discount because of the issues that ""weren't stated in the listing."" This just happened, so I'm not sure if the buyer 's going to respond reasonably, but this is ridiculous. Nowhere in the authenticity guarantee policy does it say that sealed items are subject to being opened (which shouldn't even be a consideration!!! Ebay is so into trading cards now, they KNOW that sealed premiums are a thing), so now I'm just having to pray that somehow the buyer accepts the card as it is -- because I assume if not, I'd be sent back a card that is, relative to the condition I sold it in, worthless. What do I even do about this? I emailed eBay immediately to complain, but now I just have to wait and see if I'm about to get screwed.",No_Mastodon_7091,20,0.78,23,2026-06-30T06:15:28Z,https://www.reddit.com/r/Ebay/comments/1ujh2rb/authenticity_guarantee_opened_sealed_item/,,,Other / emerging,trading cards,authenticity guarantee; seller support,A seller resolved an issue with eBay after authenticators opened a factory-sealed promotional trading card and flagged unmentioned defects.,high,reddit:t3_1ujh2rb
104,authenticity_fakes,authenticity guarantee,comment,https://www.reddit.com/r/Ebay/comments/1ujh2rb/authenticity_guarantee_opened_sealed_item,t1_ounpw28,Ebay,Authenticity guarantee opened sealed item???,"The part that's gonna hurt is the ""small defects"" that couldn't be seen while it was sealed but they are still there... Hopefully a rep sides with you on this, but I got a feeling you gonna be on the phone awhile and not get yourself a good resolution.",Cjcouch,16,,,2026-06-30T06:44:48Z,https://www.reddit.com/r/Ebay/comments/1ujh2rb/authenticity_guarantee_opened_sealed_item/,t3_1ujh2rb,0,Other / emerging,trading cards,authenticity guarantee; customer dispute,A commenter expects the seller will face difficulties resolving the dispute due to confirmed hidden defects on the opened card.,medium,reddit:t1_ounpw28
104,authenticity_fakes,authenticity guarantee,comment,https://www.reddit.com/r/Ebay/comments/1ujh2rb/authenticity_guarantee_opened_sealed_item,t1_ouoigwo,Ebay,Authenticity guarantee opened sealed item???,"Sounds like someone messed up at ""Authentication"" and now want to try and cover their own ass with that email. I'd make sure to get a hold of someone higher up.",ryanlee1981,8,,,2026-06-30T10:38:47Z,https://www.reddit.com/r/Ebay/comments/1ujh2rb/authenticity_guarantee_opened_sealed_item/,t3_1ujh2rb,0,General marketplace,trading cards,authenticity guarantee; customer support,A commenter suggests an authenticator made a mistake and advises escalating the issue to higher-level support.,medium,reddit:t1_ouoigwo
104,authenticity_fakes,authenticity guarantee,comment,https://www.reddit.com/r/Ebay/comments/1ujh2rb/authenticity_guarantee_opened_sealed_item,t1_ounn17e,Ebay,Authenticity guarantee opened sealed item???,"I'd get on the phone with CS and don't hang up until you get a reasonable solution, after all eBay is the one who screwed up and they should be the ones who provide a discount to the buyer.",Ok_Resolution_7500,8,,,2026-06-30T06:21:47Z,https://www.reddit.com/r/Ebay/comments/1ujh2rb/authenticity_guarantee_opened_sealed_item/,t3_1ujh2rb,0,General marketplace,trading cards,customer support; authenticity guarantee,A user advises calling customer support persistently and argues eBay should fund any buyer discount for their error.,medium,reddit:t1_ounn17e
104,authenticity_fakes,authenticity guarantee,comment,https://www.reddit.com/r/Ebay/comments/1ujh2rb/authenticity_guarantee_opened_sealed_item,t1_ounqyam,Ebay,Authenticity guarantee opened sealed item???,"yeah I've kinda resolved myself to prepare for small claims court or something. looking over the authenticity inspection notes, there's not even any additional small defects that weren't pictured. it's one crease that I mentioned and zoomed in on in the original listing, but because you can also see the crease from the back, they count it as an unmentioned defect. really stupid",No_Mastodon_7091,6,,,2026-06-30T06:53:30Z,https://www.reddit.com/r/Ebay/comments/1ujh2rb/authenticity_guarantee_opened_sealed_item/,t1_ounpw28,1,Other / emerging,trading cards,authenticity guarantee; dispute resolution,"The author considers small claims court, noting authenticators mischaracterized a previously disclosed crease visible from the card back as a new defect.",high,reddit:t1_ounqyam
104,authenticity_fakes,authenticity guarantee,comment,https://www.reddit.com/r/Ebay/comments/1ujh2rb/authenticity_guarantee_opened_sealed_item,t1_ounnho1,Ebay,Authenticity guarantee opened sealed item???,yeah I'm gonna try tomorrow it's just annoying because I get this email after their business hours are closed,No_Mastodon_7091,5,,,2026-06-30T06:25:27Z,https://www.reddit.com/r/Ebay/comments/1ujh2rb/authenticity_guarantee_opened_sealed_item/,t1_ounn17e,1,General marketplace,trading cards,customer support,The seller states they plan to contact customer service the next day after receiving an email outside business hours.,medium,reddit:t1_ounnho1
105,authenticity_fakes,authenticity guarantee,post,https://www.reddit.com/r/Ebay/comments/1ugmohr/ebay_closed_an_open_claim_that_i_had_regarding_a,,Ebay,eBay closed an open claim that I had regarding a high value card that was damaged from the authentication service,"I am absolutely floored right now and beyond upset with what just occurred. I had sold a high value card ($500) and it had gone through the authentication service. During this, a minor surface indentation was found on the back bottom left of the card, thus causing it to be returned to me as it did not meet the condition described, which is fine. Upon my receipt of the card from the authenticators there was a major bend in the top back right of the card (it appears the card had slid from the card saver during shipping, which all they used was a piece of card board and a card saver (no protection to keep card from sliding out of the card saver) and was damaged because of this) that was not there previously. I contacted eBay regarding this, with pictures and they took about a week to respond. I finally got a response today, saying the new damage I am describing was their original issue detected, however they are on completely different parts of the card. They almost immediately closed my case without any chance to reply letting them know that they misunderstood where the new damage is. I have since opened appeal with them, which I will be waiting for over the next few days. I am upset because they have now damaged an item to a point where I will not be able to recoup the original cost of the card and now I am stuck waiting to see if they will actually be able to help me in an amicable way. Does anyone know if eBay adds/allows insurance to be added to higher value items that are shipped through authenticity guarantee? If not, this is pure negligence. How are they able to damage something valuable and essentially just tell a seller to kick rocks and deal with it?",Donttouchmydorritos,14,0.94,10,2026-06-26T23:33:27Z,https://www.reddit.com/r/Ebay/comments/1ugmohr/ebay_closed_an_open_claim_that_i_had_regarding_a/,,,Other / emerging,trading cards,authentication damage; shipping insurance,A seller reports eBay closed a claim after an authentication service returned a card with new shipping damage.,high,reddit:t3_1ugmohr
105,authenticity_fakes,authenticity guarantee,comment,https://www.reddit.com/r/Ebay/comments/1ugmohr/ebay_closed_an_open_claim_that_i_had_regarding_a,t1_ou14ufu,Ebay,eBay closed an open claim that I had regarding a high value card that was damaged from the authentication service,I have nothing to offer other than to say.. that sucks,SleekD35,6,,,2026-06-26T23:37:30Z,https://www.reddit.com/r/Ebay/comments/1ugmohr/ebay_closed_an_open_claim_that_i_had_regarding_a/,t3_1ugmohr,0,Other / emerging,trading cards,unclear reaction,A commenter expresses sympathy regarding the original poster's damaged card situation.,low,reddit:t1_ou14ufu
105,authenticity_fakes,authenticity guarantee,comment,https://www.reddit.com/r/Ebay/comments/1ugmohr/ebay_closed_an_open_claim_that_i_had_regarding_a,t1_ou4gykg,Ebay,eBay closed an open claim that I had regarding a high value card that was damaged from the authentication service,"Name the authenticator here, there’s one that is widely known to be causing repeated problems for sellers.",BackupTrailer,4,,,2026-06-27T13:22:54Z,https://www.reddit.com/r/Ebay/comments/1ugmohr/ebay_closed_an_open_claim_that_i_had_regarding_a/,t3_1ugmohr,0,Other / emerging,trading cards,authenticator reputation,"A commenter asks for the specific authenticator's name, claiming one is known for causing repeated problems for sellers.",medium,reddit:t1_ou4gykg
105,authenticity_fakes,authenticity guarantee,comment,https://www.reddit.com/r/Ebay/comments/1ugmohr/ebay_closed_an_open_claim_that_i_had_regarding_a,t1_ou1a62n,Ebay,eBay closed an open claim that I had regarding a high value card that was damaged from the authentication service,"I’m referring to when they ship it back to me, I always insure the card when I ship it to them. However if it is damaged during their return process, I have never gone through this and did not see an option to purchase additional insurance. Sorry for the misunderstanding with that.",Donttouchmydorritos,2,,,2026-06-27T00:07:05Z,https://www.reddit.com/r/Ebay/comments/1ugmohr/ebay_closed_an_open_claim_that_i_had_regarding_a/,t1_ou19w77,1,Other / emerging,trading cards,return shipping; insurance,"The author clarifies they were inquiring about insurance during the return process from authenticators, not outbound shipping.",high,reddit:t1_ou1a62n
105,authenticity_fakes,authenticity guarantee,comment,https://www.reddit.com/r/Ebay/comments/1ugmohr/ebay_closed_an_open_claim_that_i_had_regarding_a,t1_ou1b8kd,Ebay,eBay closed an open claim that I had regarding a high value card that was damaged from the authentication service,"My bad, I think. Nonetheless, eBay is notorious for not shipping cards the proper way. Perfect example, I sold I have value Kobe Bryant rookie card back in April. Buyer received a damaged from Authentication, eBay sent me unless it's saying that it was damaged. I sent them a video and pictures of the card being packaged the way I package which is secure and waterproof. I also purchased the additional insurance so they couldn't really blame anybody except themselves. I didn't wind up losing any money but they had to give up $1,000 to the buyer. I think it's a toss-up for your case.",Nomenklatura1,2,,,2026-06-27T00:13:03Z,https://www.reddit.com/r/Ebay/comments/1ugmohr/ebay_closed_an_open_claim_that_i_had_regarding_a/,t1_ou1a62n,2,Sports Cards,basketball cards,authentication damage; shipping insurance,"A commenter recounts selling a Kobe Bryant rookie card that was damaged during authentication, noting insurance prevented personal loss.",high,reddit:t1_ou1b8kd
105,authenticity_fakes,authenticity guarantee,comment,https://www.reddit.com/r/Ebay/comments/1ugmohr/ebay_closed_an_open_claim_that_i_had_regarding_a,t1_ou19w77,Ebay,eBay closed an open claim that I had regarding a high value card that was damaged from the authentication service,"The answer to your question about whether the option to purchase additional insurance to cover the actual cost of the car and not just limit that is offered, IS YES. If you're going to purchase an eBay shipping label, the option for additional insurance will pop- up before you finalize anything. Of course that's something you would have to communicate to the buyer only because it does cost. Regardless it's always wise to purchase the additional insurance due to the fact that there is a lot of theft and a lot of damage being done out there regardless of what shipping service you use. It will be a little difficult to get through and escalate your case through eBay. If you're not persistent, it's not going to happen. I understand it's frustrating but at this point, that's your best bet. You need to remember that when a car gets damaged and I'm sure you've seen videos and heard the stories, eBay can care less unless your seller that's of high value to them. Now a lot of sellers and buyers don't like purchasing that additional insurance because of your minds, nothing bad is ever going to happen. EBay has been changing over the past 10 years and to be honest, it's not worth selling on eBay unless you're planning on pursuing an actual business using their service.",Nomenklatura1,0,,,2026-06-27T00:05:31Z,https://www.reddit.com/r/Ebay/comments/1ugmohr/ebay_closed_an_open_claim_that_i_had_regarding_a/,t3_1ugmohr,0,Other / emerging,trading cards,shipping insurance; dispute escalation,A user advises that additional insurance is available on eBay shipping labels and discusses difficulties escalating cases.,medium,reddit:t1_ou19w77
106,collectibles_cards,trading cards,post,https://www.reddit.com/r/Ebay/comments/1sq80a5/two_very_different_responses_from_two_different,,Ebay,Two very different responses from two different sellers that I accidentally bought digital trading cards from instead of physical like I meant to,"This is half PSA half rant but I’m hoping this helps any buyers stuck in a similar dispute. Both sellers incorrectly listed the items as physical items with a “near mint” descriptor and a shipping/delivery date. Difference is the first immediately reached out to offer a refund if I meant to order a physical card, and the second seller denied my refund request outright and sent me this very slimy and car salesman-esque pitch essentially telling me it’s actually my lucky day and pressuring me to make an digital trading card account so I don’t “miss the digital card trend” Spoke to eBay support on the phone and they agreed both the listing and the message sent were misleading and reported both on my behalf. They also told me since this wasn’t listed correctly as a digital card that I can just wait for the delivery date to pass and claim that I never received the item so when the seller can’t provide a tracking number eBay will have to refund me.",Robdul,78,0.86,35,2026-04-19T23:03:59Z,https://www.reddit.com/r/Ebay/comments/1sq80a5/two_very_different_responses_from_two_different/,,,General marketplace; Other / emerging,digital trading cards; eBay,misleading listing; refund dispute,A buyer reports accidentally purchasing digital trading cards mislisted as physical items on eBay and recounts differing seller responses and support advice.,high,reddit:t3_1sq80a5
106,collectibles_cards,trading cards,comment,https://www.reddit.com/r/Ebay/comments/1sq80a5/two_very_different_responses_from_two_different,t1_oh61ozf,Ebay,Two very different responses from two different sellers that I accidentally bought digital trading cards from instead of physical like I meant to,>Most collectors are actually moving away from physical cards to digital No they aren’t what weird cope is this,throwaway11675,127,,,2026-04-19T23:34:10Z,https://www.reddit.com/r/Ebay/comments/1sq80a5/two_very_different_responses_from_two_different/,t3_1sq80a5,0,Other / emerging,digital trading cards; trading cards,market trends; collector sentiment,The commenter disputes the quoted claim that card collectors are transitioning away from physical cards to digital versions.,high,reddit:t1_oh61ozf
106,collectibles_cards,trading cards,comment,https://www.reddit.com/r/Ebay/comments/1sq80a5/two_very_different_responses_from_two_different,t1_oh5xw29,Ebay,Two very different responses from two different sellers that I accidentally bought digital trading cards from instead of physical like I meant to,"Yep, just do what the CS said and wait to file an INR. Strange. No ""collectors"" are moving to ""digital"" instead of ""physical"". That's the whole point of collecting.",SouthernCritic,73,,,2026-04-19T23:13:08Z,https://www.reddit.com/r/Ebay/comments/1sq80a5/two_very_different_responses_from_two_different/,t3_1sq80a5,0,General marketplace; Other / emerging,trading cards; digital cards,item not received; collector behavior,The commenter advises filing an Item Not Received claim per customer service instructions and dismisses the claim that collectors are adopting digital cards.,high,reddit:t1_oh5xw29
106,collectibles_cards,trading cards,comment,https://www.reddit.com/r/Ebay/comments/1sq80a5/two_very_different_responses_from_two_different,t1_oh62hv0,Ebay,Two very different responses from two different sellers that I accidentally bought digital trading cards from instead of physical like I meant to,Yeah that was a big red flag for me. If I wanted a digital trading card I would just take a screenshot of their listing lol,Robdul,47,,,2026-04-19T23:38:39Z,https://www.reddit.com/r/Ebay/comments/1sq80a5/two_very_different_responses_from_two_different/,t1_oh61ozf,1,Other / emerging,digital trading cards,digital items; value perception,The commenter states that claims about digital trading cards are a red flag and notes one could just screenshot a listing.,high,reddit:t1_oh62hv0
106,collectibles_cards,trading cards,comment,https://www.reddit.com/r/Ebay/comments/1sq80a5/two_very_different_responses_from_two_different,t1_oh625gc,Ebay,Two very different responses from two different sellers that I accidentally bought digital trading cards from instead of physical like I meant to,Sellers have to gain permission from eBay to sell digital goods. Most digital sellers are breaking the TOS. Sorry you got a crappy seller. They are F'n it up for the good sellers.,mikeybo2004,30,,,2026-04-19T23:36:44Z,https://www.reddit.com/r/Ebay/comments/1sq80a5/two_very_different_responses_from_two_different/,t3_1sq80a5,0,General marketplace,digital goods; eBay policy,terms of service; seller compliance,The commenter states that eBay requires permission to sell digital goods and that most digital sellers violate platform terms.,high,reddit:t1_oh625gc
107,collectibles_cards,trading cards,post,https://www.reddit.com/r/Ebay/comments/1veqsnl/seller_sent_me_the_wrong_trading_card,,Ebay,Seller sent me the wrong trading card.,"I filed a return request, seller says he has the correct card (did not explain if it was a mixup or not), and will send when I close the return request. All I want is the card I purchased - best course of action here?",BigTurksCards,66,0.91,42,2026-08-03T21:36:49Z,https://www.reddit.com/r/Ebay/comments/1veqsnl/seller_sent_me_the_wrong_trading_card/,,,Other / emerging,trading cards,returns; seller dispute,A buyer asks for advice after a seller offers to send the correct trading card only if a return request is closed.,medium,reddit:t3_1veqsnl
107,collectibles_cards,trading cards,comment,https://www.reddit.com/r/Ebay/comments/1veqsnl/seller_sent_me_the_wrong_trading_card,t1_p1jlh42,Ebay,Seller sent me the wrong trading card.,Don’t close the request! Send it back.,Mycatreallyhatesyou,164,,,2026-08-03T23:03:19Z,https://www.reddit.com/r/Ebay/comments/1veqsnl/seller_sent_me_the_wrong_trading_card/,t3_1veqsnl,0,Other / emerging,trading cards,returns,A user advises the buyer not to close the return request and to send the item back.,medium,reddit:t1_p1jlh42
107,collectibles_cards,trading cards,comment,https://www.reddit.com/r/Ebay/comments/1veqsnl/seller_sent_me_the_wrong_trading_card,t1_p1jlo92,Ebay,Seller sent me the wrong trading card.,"Thanks! I was planning on replying: ""I will close out the return request when I receive the correct card""",BigTurksCards,90,,,2026-08-03T23:04:20Z,https://www.reddit.com/r/Ebay/comments/1veqsnl/seller_sent_me_the_wrong_trading_card/,t1_p1jlh42,1,Other / emerging,trading cards,returns; communication,The poster plans to tell the seller they will only close the return request after receiving the correct card.,medium,reddit:t1_p1jlo92
107,collectibles_cards,trading cards,comment,https://www.reddit.com/r/Ebay/comments/1veqsnl/seller_sent_me_the_wrong_trading_card,t1_p1jmbqi,Ebay,Seller sent me the wrong trading card.,"Wow Dave, learn to apologize.",DrGhostbuster,63,,,2026-08-03T23:07:46Z,https://www.reddit.com/r/Ebay/comments/1veqsnl/seller_sent_me_the_wrong_trading_card/,t3_1veqsnl,0,Other / emerging,trading cards,seller dispute,A commenter sarcastically criticizes the seller for not apologizing.,low,reddit:t1_p1jmbqi
107,collectibles_cards,trading cards,comment,https://www.reddit.com/r/Ebay/comments/1veqsnl/seller_sent_me_the_wrong_trading_card,t1_p1jmpa6,Ebay,Seller sent me the wrong trading card.,Nope don’t close the return request. He has to accept the return and refund. Buy the card from someone else,SalamanderCoffee0975,43,,,2026-08-03T23:09:45Z,https://www.reddit.com/r/Ebay/comments/1veqsnl/seller_sent_me_the_wrong_trading_card/,t3_1veqsnl,0,Other / emerging,trading cards,returns; refunds,"A commenter advises not closing the return request, stating the seller must refund so the buyer can purchase elsewhere.",medium,reddit:t1_p1jmpa6
107,collectibles_cards,trading cards,comment,https://www.reddit.com/r/Ebay/comments/1veqsnl/seller_sent_me_the_wrong_trading_card,t1_p1jxgd3,Ebay,Seller sent me the wrong trading card.,No send the card back for a refund that is the best course for you. Otherwise you ma never get the card and be out the money.,leokittyc,23,,,2026-08-04T00:06:49Z,https://www.reddit.com/r/Ebay/comments/1veqsnl/seller_sent_me_the_wrong_trading_card/,t3_1veqsnl,0,Other / emerging,trading cards,returns; refunds,A user advises returning the card for a refund to avoid losing money and never receiving the item.,medium,reddit:t1_p1jxgd3
108,collectibles_cards,trading cards,post,https://www.reddit.com/r/Ebay/comments/1nzhmi0/what_dose_this_mean,,Ebay,What dose this mean?,"In early September, I won a Topps trading card on eBay. The seller sent it to an authentication service, and today the results came back stating it contains custom items. What does this mean? Do I need to return it? Details are shown in the screenshot.",RyanZeng555,40,0.79,19,2025-10-06T12:26:40Z,https://www.reddit.com/r/Ebay/comments/1nzhmi0/what_dose_this_mean/,,,Sports Cards,Topps trading card,Authentication; Returns,A buyer asks what an authentication result stating a Topps card contains custom items means and whether to return it.,high,reddit:t3_1nzhmi0
108,collectibles_cards,trading cards,comment,https://www.reddit.com/r/Ebay/comments/1nzhmi0/what_dose_this_mean,t1_ni2ddwk,Ebay,What dose this mean?,"What card is it? I believe this is the wording that they use if there is an after-market auto or if it's a patch card because they don't ""Authenticate"" the after market auto/patch. If you are the buyer and they are sending you the card, then I think they haven't found anything unexpected compared to the listing during the authentication process.",Medran,26,,,2025-10-06T13:29:26Z,https://www.reddit.com/r/Ebay/comments/1nzhmi0/what_dose_this_mean/,t3_1nzhmi0,0,Sports Cards,Trading cards,Authentication,A commenter suggests custom item wording applies to aftermarket autos or patch cards that are not authenticated by the service.,high,reddit:t1_ni2ddwk
108,collectibles_cards,trading cards,comment,https://www.reddit.com/r/Ebay/comments/1nzhmi0/what_dose_this_mean,t1_ni2fu5c,Ebay,What dose this mean?,"If it was a patch / mem card they always show ""Customized Item"". This is because they only authenticate the card, not the mem portion of the card.",stang54,16,,,2025-10-06T13:43:10Z,https://www.reddit.com/r/Ebay/comments/1nzhmi0/what_dose_this_mean/,t3_1nzhmi0,0,Sports Cards,Patch cards,Authentication,A commenter states patch and memorabilia cards show 'Customized Item' because authenticators only verify the card itself.,high,reddit:t1_ni2fu5c
108,collectibles_cards,trading cards,comment,https://www.reddit.com/r/Ebay/comments/1nzhmi0/what_dose_this_mean,t1_ni2mo2h,Ebay,What dose this mean?,Yes it is a topps Dynasty card,RyanZeng555,8,,,2025-10-06T14:19:41Z,https://www.reddit.com/r/Ebay/comments/1nzhmi0/what_dose_this_mean/,t1_ni2fu5c,1,Sports Cards,Topps Dynasty,Card identification,The author confirms the purchased item is a Topps Dynasty card.,high,reddit:t1_ni2mo2h
108,collectibles_cards,trading cards,comment,https://www.reddit.com/r/Ebay/comments/1nzhmi0/what_dose_this_mean,t1_ni3loyt,Ebay,What dose this mean?,"Means the item is autographed noting to be concerned about Edit additional information: unless the seller openly accepts returns, it is still considered a final sale item and cannot be returned",-Mightbelucifer-,3,,,2025-10-06T17:10:35Z,https://www.reddit.com/r/Ebay/comments/1nzhmi0/what_dose_this_mean/,t3_1nzhmi0,0,Sports Cards,Trading cards,Authentication; Return policy,A commenter explains that custom item status indicates an autograph and notes the item is a final sale unless returns are accepted.,high,reddit:t1_ni3loyt
108,collectibles_cards,trading cards,comment,https://www.reddit.com/r/Ebay/comments/1nzhmi0/what_dose_this_mean,t1_ni2rn75,Ebay,What dose this mean?,"Alright, you are good in that case.",stang54,2,,,2025-10-06T14:44:26Z,https://www.reddit.com/r/Ebay/comments/1nzhmi0/what_dose_this_mean/,t1_ni2mo2h,2,Sports Cards,Topps Dynasty,Authentication,A user reassures the buyer that they are fine given the card is a Topps Dynasty.,medium,reddit:t1_ni2rn75
109,collectibles_cards,trading cards,post,https://www.reddit.com/r/Ebay/comments/1uc9b3m/nonpaying_bidders_super_frustrating,,Ebay,nonpaying bidders - super frustrating,"Ebay has really become a cesspool with no enforcement for non-paying bidders, I sell high value trading cards in the range of $1000-20000, and at least 1 in 3 buyers don't pay. What's worse sometime ebay give them 7 days wait before autopay, so I have to wait an extra 7 days until the autopay, which almost always fails, before I can cancel the auction and relist, so that's 7 days of auction + 7 days of auto pay wait + 7 days of new auction = 21 days before I can resell my item and hope the new buyer pays. The most frustrating are those f\*\*\* kers outbid real buyers at the last second, then just don't pay. I have been on ebay for over 20 years and know all the tricks - have set up everything I can (require credit card, block 2 non payment in 12 month buyers, etc..). None of it does anything. Yesterday I had a 7 day auction for a $8000 card end with over 100+ bids, a buyer who literally registered 1 day ago just outbids everyone and won, then his autopay fails and radio silence. Like did you just register on ebay to screw with me? Then another auction for $2000+, lots bidders, once again an oversea (via ebay international shipping) buyer with 2 feedbacks registered 2 weeks ago won, no payment for 3 days, yet I have to wait 4 more days for his auto pay to process - and I can almost guarantee with a certainty it will fail. Not only that, when I relist those cards, as they are very rare, a lot of real buyers who are interested and bid on it in the past, can easily see I sold it just a week or two ago, now relisting it, and think I was shill bidding them myself, some even message me accusing me of bid manipulation. I am just so frustrated, the Gamestop ceo is right, ebay doesn't give a sh\* t. What they should have done is require new buyers and/or anyone with even 1 non payment to be charged ahead of time and put the money in ebay escrow for bidding, if they win the auction, then that money will be used to pay, if they don't, they can request the money be refunded at anytime after that. Do that until they have at least some history of bidding and paying before removing it. Or allow seller to block anyone with <10 feedback and/or registered within x days for high value items - of course I understand ebay will never do that, as it will prevent new user growth, but the situation is so bad right now. For those high value cards buy it now takes way too long to sell, auction suppose to guarantee a sell in 7 days, but now it is becoming far worse. /rant off",OkBarracuda1521,36,0.79,44,2026-06-22T03:16:47Z,https://www.reddit.com/r/Ebay/comments/1uc9b3m/nonpaying_bidders_super_frustrating/,,,General marketplace,trading cards,non-paying bidders; auctions,A seller complains about frequent non-paying bidders and lengthy auto-pay delays when auctioning high-value trading cards on eBay.,high,reddit:t3_1uc9b3m
109,collectibles_cards,trading cards,comment,https://www.reddit.com/r/Ebay/comments/1uc9b3m/nonpaying_bidders_super_frustrating,t1_ot29m1z,Ebay,nonpaying bidders - super frustrating,"Switch to BIN/fixed price with immediate payment with no offers (accepted or sent) and your life will be better. We get it. Auctions are more volatile and scheduled for payment, but this type of stuff you mentioned will continue to happen despite ebay mentioning that auction winners are binded by contract to pay. These ""winners"" already know to use a bad CC or form of payment so are prepared for that. That's why immediate payment with a fixed price listing typically is less of a hassle than auctions because payment must go through in order to complete the order.",quanfused,31,,,2026-06-22T03:34:52Z,https://www.reddit.com/r/Ebay/comments/1uc9b3m/nonpaying_bidders_super_frustrating/,t3_1uc9b3m,0,General marketplace,online auctions,buy it now; payment policies,A commenter recommends switching to fixed-price listings with immediate payment to prevent issues with non-paying auction winners.,high,reddit:t1_ot29m1z
109,collectibles_cards,trading cards,comment,https://www.reddit.com/r/Ebay/comments/1uc9b3m/nonpaying_bidders_super_frustrating,t1_ot2ba4q,Ebay,nonpaying bidders - super frustrating,EBay needs to penalize buyers who fail to pay. That would immediately improve the situation.,notPabst404,18,,,2026-06-22T03:46:22Z,https://www.reddit.com/r/Ebay/comments/1uc9b3m/nonpaying_bidders_super_frustrating/,t3_1uc9b3m,0,General marketplace,buyer behavior,buyer penalties; non-payment,A user asserts that eBay should penalize non-paying buyers to improve the marketplace.,high,reddit:t1_ot2ba4q
109,collectibles_cards,trading cards,comment,https://www.reddit.com/r/Ebay/comments/1uc9b3m/nonpaying_bidders_super_frustrating,t1_ot2geg6,Ebay,nonpaying bidders - super frustrating,If they’re outbidding real bidders. Just offer the runner up a second chance offer and sell to them at their highest bid price.,CycleEasy7511,10,,,2026-06-22T04:22:34Z,https://www.reddit.com/r/Ebay/comments/1uc9b3m/nonpaying_bidders_super_frustrating/,t3_1uc9b3m,0,General marketplace,online auctions,second chance offers,A commenter suggests sending a second chance offer to the runner-up bidder if the winning bidder does not pay.,high,reddit:t1_ot2geg6
109,collectibles_cards,trading cards,comment,https://www.reddit.com/r/Ebay/comments/1uc9b3m/nonpaying_bidders_super_frustrating,t1_ot4n3qx,Ebay,nonpaying bidders - super frustrating,"This, with no recourse to setting up further accounts.",reading_reddit247,7,,,2026-06-22T13:56:56Z,https://www.reddit.com/r/Ebay/comments/1uc9b3m/nonpaying_bidders_super_frustrating/,t1_ot2ba4q,1,General marketplace,buyer behavior,buyer penalties; account restrictions,A user agrees with penalizing non-paying buyers and suggests preventing them from creating new accounts.,high,reddit:t1_ot4n3qx
109,collectibles_cards,trading cards,comment,https://www.reddit.com/r/Ebay/comments/1uc9b3m/nonpaying_bidders_super_frustrating,t1_ot3jg4d,Ebay,nonpaying bidders - super frustrating,"(1) If you are selling thousand dollar items I can promise you you are losing money running 7 day auctions versus buy it now. Also starting a listing at $1 and letting it run. A lot of butt hurt buyers will get mad, make a junk second account just to buy with a pre paid card that will cancel and force you to relist. By then buyers know the selling price and no one is going to bid higher than the selling price. (2) You can put in the listing buyers with an account less than an year old and less than 10 feedback to contact you or you will cancel their bid. Then you can cancel their bid.",anonymousandydick,4,,,2026-06-22T09:47:58Z,https://www.reddit.com/r/Ebay/comments/1uc9b3m/nonpaying_bidders_super_frustrating/,t3_1uc9b3m,0,General marketplace,online auctions,selling strategy; bid cancellation,A commenter advises using Buy It Now for expensive items and manually canceling bids from new or low-feedback accounts.,high,reddit:t1_ot3jg4d
110,collectibles_cards,trading cards,post,https://www.reddit.com/r/Ebay/comments/1sulz36/usps_lost_my_1k_trading_card_in_customs_who_is,,Ebay,USPS Lost My $1k Trading Card in Customs; Who is Responsible?,"I had sold a $1k Charizard trading card back in January to a Canadian, and the card has apparently been sitting in a New York state customs facility since then. I had read that once a package is scanned and that if USPS loses it, then the error is on them for the refund the \*buyer (typo!). However, the \*buyer just opened a dispute with me, and so I am not sure how to proceed. Do I challenge it or accept it? I doubt the latter, because then I would be out a thousand dollars, which I really cannot afford to lose right now because I am currently out of work. For some more information, I had shipped the card using USPS Priority Mail International Flat Rate Envelope. I have also shipped dozens of cards previously, though not many internationally, and I have never had any issues like this before. Thank you,",BishkekBeats,27,0.6,143,2026-04-24T17:15:49Z,https://www.reddit.com/r/Ebay/comments/1sulz36/usps_lost_my_1k_trading_card_in_customs_who_is/,,,TCG/Pokemon,Pokemon cards,Shipping issues; Buyer disputes,"A seller asks how to handle a dispute after USPS apparently lost a $1,000 Charizard card in customs.",high,reddit:t3_1sulz36
110,collectibles_cards,trading cards,comment,https://www.reddit.com/r/Ebay/comments/1sulz36/usps_lost_my_1k_trading_card_in_customs_who_is,t1_oi1tunk,Ebay,USPS Lost My $1k Trading Card in Customs; Who is Responsible?,Who ships a $1k package with no insurance. Sorry dude. If it doesn’t arrive you’re going to be screwed.,marcwinnj,155,,,2026-04-24T17:28:44Z,https://www.reddit.com/r/Ebay/comments/1sulz36/usps_lost_my_1k_trading_card_in_customs_who_is/,t3_1sulz36,0,TCG/Pokemon,Pokemon cards,Shipping insurance,"A commenter criticizes shipping a $1,000 package without insurance and warns the sender is screwed if it fails to arrive.",high,reddit:t1_oi1tunk
110,collectibles_cards,trading cards,comment,https://www.reddit.com/r/Ebay/comments/1sulz36/usps_lost_my_1k_trading_card_in_customs_who_is,t1_oi1sp0k,Ebay,USPS Lost My $1k Trading Card in Customs; Who is Responsible?,"Unless you paid for better insurance, the base insurance on this type of envelope is only 100-200 dollars.",Ingrid_Hunnigan,110,,,2026-04-24T17:23:31Z,https://www.reddit.com/r/Ebay/comments/1sulz36/usps_lost_my_1k_trading_card_in_customs_who_is/,t3_1sulz36,0,TCG/Pokemon,Pokemon cards,Shipping insurance,A commenter notes that base insurance for the envelope used only covers $100 to $200 unless additional coverage was bought.,high,reddit:t1_oi1sp0k
110,collectibles_cards,trading cards,comment,https://www.reddit.com/r/Ebay/comments/1sulz36/usps_lost_my_1k_trading_card_in_customs_who_is,t1_oi29lxj,Ebay,USPS Lost My $1k Trading Card in Customs; Who is Responsible?,And who ships a thousand dollar trading card in an envelope that can easily be bent? That's going inside of a box within a box if I had shipped it.,-Nightopian-,67,,,2026-04-24T18:42:05Z,https://www.reddit.com/r/Ebay/comments/1sulz36/usps_lost_my_1k_trading_card_in_customs_who_is/,t1_oi1tunk,1,TCG/Pokemon,Pokemon cards,Packaging,"A commenter questions shipping a $1,000 trading card in a bendable envelope rather than nested boxes.",high,reddit:t1_oi29lxj
110,collectibles_cards,trading cards,comment,https://www.reddit.com/r/Ebay/comments/1sulz36/usps_lost_my_1k_trading_card_in_customs_who_is,t1_oi1vtzs,Ebay,USPS Lost My $1k Trading Card in Customs; Who is Responsible?,You’re crazy for even shipping a $1k worth card in an envelope and not a box,ninjaman2021,42,,,2026-04-24T17:37:47Z,https://www.reddit.com/r/Ebay/comments/1sulz36/usps_lost_my_1k_trading_card_in_customs_who_is/,t3_1sulz36,0,TCG/Pokemon,Pokemon cards,Packaging,"A user expresses disbelief at sending a $1,000 trading card in an envelope instead of a box.",high,reddit:t1_oi1vtzs
110,collectibles_cards,trading cards,comment,https://www.reddit.com/r/Ebay/comments/1sulz36/usps_lost_my_1k_trading_card_in_customs_who_is,t1_oi1ssqp,Ebay,USPS Lost My $1k Trading Card in Customs; Who is Responsible?,None of this is the buyer’s issue. It’s unfortunate but they never received the card which means they are entitled to the refund. It’s then your burden to handle it with USPS. Hopefully you insured it because I think standard coverage is something like $100 if I remember correctly.,undrgrndsqrdncrs,39,,,2026-04-24T17:23:59Z,https://www.reddit.com/r/Ebay/comments/1sulz36/usps_lost_my_1k_trading_card_in_customs_who_is/,t3_1sulz36,0,TCG/Pokemon,Pokemon cards,Refunds; Shipping insurance,A commenter states the buyer deserves a refund for non-delivery and the seller must resolve the issue with USPS.,high,reddit:t1_oi1ssqp
111,collectibles_cards,trading cards,post,https://www.reddit.com/r/Ebay/comments/1upke11/ebay_is_totally_fine_with_obvious_ai_pictures,,Ebay,eBay is totally fine with obvious AI pictures being used to represent an item for sale?,The picture was obviously an AI replication of an existing product (trading cards). I reported it with a screenshot that highlighted the proof that it was AI generated and eBay has said that it is A-OK. Some poor chump will end up buying it and be out a couple hundred bucks. This feels like dangerous policy.,Jaxical,17,0.66,22,2026-07-07T04:19:05Z,https://www.reddit.com/r/Ebay/comments/1upke11/ebay_is_totally_fine_with_obvious_ai_pictures/,,,General marketplace,trading cards,listing photos; platform policy,A poster alleges that eBay permitted an item listing for trading cards using an obvious AI-generated replica image.,high,reddit:t3_1upke11
111,collectibles_cards,trading cards,comment,https://www.reddit.com/r/Ebay/comments/1upke11/ebay_is_totally_fine_with_obvious_ai_pictures,t1_ow1602l,Ebay,eBay is totally fine with obvious AI pictures being used to represent an item for sale?,"So, no picture of the item?",PubicSkoolEducashun,17,,,2026-07-07T05:49:38Z,https://www.reddit.com/r/Ebay/comments/1upke11/ebay_is_totally_fine_with_obvious_ai_pictures/,t3_1upke11,0,General marketplace,trading cards,listing photos,A user asks if the original poster provided a picture of the discussed trading card listing.,medium,reddit:t1_ow1602l
111,collectibles_cards,trading cards,comment,https://www.reddit.com/r/Ebay/comments/1upke11/ebay_is_totally_fine_with_obvious_ai_pictures,t1_ow2lmlw,Ebay,eBay is totally fine with obvious AI pictures being used to represent an item for sale?,Its soooo egregious that OP didn't want to harm our eyeballs,IisBaker,13,,,2026-07-07T12:26:32Z,https://www.reddit.com/r/Ebay/comments/1upke11/ebay_is_totally_fine_with_obvious_ai_pictures/,t1_ow1602l,1,General marketplace,trading cards,listing photos,A commenter sarcastically remarks on why the original poster did not include an image of the listing.,medium,reddit:t1_ow2lmlw
111,collectibles_cards,trading cards,comment,https://www.reddit.com/r/Ebay/comments/1upke11/ebay_is_totally_fine_with_obvious_ai_pictures,t1_ow16p4b,Ebay,eBay is totally fine with obvious AI pictures being used to represent an item for sale?,Their customer service agents are also AI.,GpaSags,11,,,2026-07-07T05:55:04Z,https://www.reddit.com/r/Ebay/comments/1upke11/ebay_is_totally_fine_with_obvious_ai_pictures/,t3_1upke11,0,General marketplace,customer service,support automation,A commenter claims that eBay's customer service agents are also artificial intelligence.,high,reddit:t1_ow16p4b
111,collectibles_cards,trading cards,comment,https://www.reddit.com/r/Ebay/comments/1upke11/ebay_is_totally_fine_with_obvious_ai_pictures,t1_ow19uzo,Ebay,eBay is totally fine with obvious AI pictures being used to represent an item for sale?,"The only time I've gotten eBay to agree with me on listing violation is when I find nudes that aren't properly censored. I gave up on reporting them long ago because too often eBay AI can't see the issue. If the seller is using AI on trading cards, and it goes through authentication, it will probably fail and the seller will probably lose the money and have the card returned (or destroyed if it's suspected counterfeit)",Warcraft_Fan,8,,,2026-07-07T06:20:21Z,https://www.reddit.com/r/Ebay/comments/1upke11/ebay_is_totally_fine_with_obvious_ai_pictures/,t3_1upke11,0,General marketplace,trading cards,listing violations; authenticity guarantee,A user discusses eBay's reporting enforcement and predicts an AI-pictured trading card would likely fail authentication.,high,reddit:t1_ow19uzo
112,collectibles_cards,trading cards,post,https://www.reddit.com/r/Ebay/comments/1pnm7ws/is_it_worth_selling_small_items,,Ebay,Is it worth selling small items,I have many trading cards I was looking to sell that range from $2-$14. Most of them are differ so I was going to sell them in one listing but all separately. Is it worth it?,KeepingItNoxGaming,16,0.84,48,2025-12-15T23:17:07Z,https://www.reddit.com/r/Ebay/comments/1pnm7ws/is_it_worth_selling_small_items/,,,Sports Cards; TCG/Pokemon,trading cards,selling strategy; profitability,The user asks if selling low-value trading cards individually within one listing is worth the effort.,medium,reddit:t3_1pnm7ws
112,collectibles_cards,trading cards,comment,https://www.reddit.com/r/Ebay/comments/1pnm7ws/is_it_worth_selling_small_items,t1_nu9rhq1,Ebay,Is it worth selling small items,I have discovered that I usually make cents or sometimes even lose money on items under $20 due to eBay fees and USPS prices.,bawireman,27,,,2025-12-16T03:01:23Z,https://www.reddit.com/r/Ebay/comments/1pnm7ws/is_it_worth_selling_small_items/,t3_1pnm7ws,0,General marketplace,low-value items,fees; shipping costs,The commenter states they make only cents or lose money selling items under $20 due to fees and postage.,high,reddit:t1_nu9rhq1
112,collectibles_cards,trading cards,comment,https://www.reddit.com/r/Ebay/comments/1pnm7ws/is_it_worth_selling_small_items,t1_nua3pwu,Ebay,Is it worth selling small items,Yep not worth it,mrrosado,10,,,2025-12-16T04:20:52Z,https://www.reddit.com/r/Ebay/comments/1pnm7ws/is_it_worth_selling_small_items/,t1_nu9rhq1,1,General marketplace,low-value items,profitability,The commenter agrees that selling items under twenty dollars is not worth it.,medium,reddit:t1_nua3pwu
112,collectibles_cards,trading cards,comment,https://www.reddit.com/r/Ebay/comments/1pnm7ws/is_it_worth_selling_small_items,t1_nua9ynq,Ebay,Is it worth selling small items,I enjoy selling low cost cards on eBay. I may not make a lot of money but I don’t want them anymore and someone else does and I still make a profit so it works out for me. It might take forever for some of them to sell but people are looking for all sorts of cards you wouldnt expect.,coldfreezerbee,9,,,2025-12-16T05:06:33Z,https://www.reddit.com/r/Ebay/comments/1pnm7ws/is_it_worth_selling_small_items/,t3_1pnm7ws,0,Sports Cards; TCG/Pokemon,trading cards,selling experience; profitability,The commenter shares that they enjoy selling low-cost cards on eBay because they still turn a profit.,medium,reddit:t1_nua9ynq
112,collectibles_cards,trading cards,comment,https://www.reddit.com/r/Ebay/comments/1pnm7ws/is_it_worth_selling_small_items,t1_nu99muz,Ebay,Is it worth selling small items,"Find a listing for a similar card, then click on ""sell one like this"" (you have to scroll down). You need to add your own photos, but can just check the info instead of having to type it all in. Sorry if you knew that already. I have cosmetics with many individual variations, but I have more success listing things individually. Buyers are usually looking for a specific item, not shipping around.",goddessofolympia,7,,,2025-12-16T01:14:34Z,https://www.reddit.com/r/Ebay/comments/1pnm7ws/is_it_worth_selling_small_items/,t3_1pnm7ws,0,Sports Cards; TCG/Pokemon,trading cards; cosmetics,listing advice,The commenter advises using eBay's 'sell one like this' feature and notes individual listings work better.,medium,reddit:t1_nu99muz
113,collectibles_cards,trading cards,post,https://www.reddit.com/r/Ebay/comments/1ojvinm/selling_on_ebay_com_outside_the_us_is_not_worth_it,,Ebay,Selling on ebay [.com] outside the US is not worth it.,"# I had great success selling mid-value trading cards on ebay. [ie] from my home in Ireland. I moved to Thailand a few months and needed to create a new ebay [.com] account as I was unable to use my .ie account from Thailand. 10 sales in and I have actually lost money. Shipping to the USA is astronomical since the tarrifs and requires filling out time-consuming preclearance forms. There is no way to exclude the USA from shipping options. The only way to get paid is through Payoneer, and they take a \~30 usd annual account fee, so all the earnings I got from orders so far plus the shipping I paid has been automatically eaten by them. After doing some research about Payoneer, it seems like that's just the start of their fees. Add in currency conversion rates and selling anything under 100 usd becomes a waste of time and sometimes even a loss. At a recent card convention I went to, eBay had a stand that was there to answer questions and generally promote selling on their platform. I talked to them and they told me I should have high shipping costs to keep US customers away, and that I should only sell high value items. It really sucks that people in developed countries have an easier time selling, while those in developing nations have so many barriers to the market. Sorry for the negativity, I geuss I'm just dissapointed.",poorsoldier,15,0.76,15,2025-10-30T09:58:16Z,https://www.reddit.com/r/Ebay/comments/1ojvinm/selling_on_ebay_com_outside_the_us_is_not_worth_it/,,,Other / emerging,trading cards,international shipping; seller fees,A seller reports losing money selling mid-value trading cards from Thailand on eBay due to US tariffs and payment processing fees.,high,reddit:t3_1ojvinm
113,collectibles_cards,trading cards,comment,https://www.reddit.com/r/Ebay/comments/1ojvinm/selling_on_ebay_com_outside_the_us_is_not_worth_it,t1_nm5zio1,Ebay,Selling on ebay [.com] outside the US is not worth it.,Tarrifs are designed to encourage domestic purchases and discourage international transactions. It's not going to change unless it fails and that will take several years to verify.,Extension_Ad2635,6,,,2025-10-30T10:12:12Z,https://www.reddit.com/r/Ebay/comments/1ojvinm/selling_on_ebay_com_outside_the_us_is_not_worth_it/,t3_1ojvinm,0,General marketplace,,tariffs; cross-border sales,A commenter states tariffs are intended to encourage domestic purchases and discourage international transactions.,high,reddit:t1_nm5zio1
113,collectibles_cards,trading cards,comment,https://www.reddit.com/r/Ebay/comments/1ojvinm/selling_on_ebay_com_outside_the_us_is_not_worth_it,t1_nm69ck9,Ebay,Selling on ebay [.com] outside the US is not worth it.,"Yeah it's been hard since the end of de minimis. I sell from Canada and had to pivot completely to keep making money. I no longer list made in China items, I sell on Facebook and Poshmark as well as eBay, and have had to find new shipping services to deliver the orders I still get for the US. Low price items to the US just don't have the margin for all the additional costs. Even if what you sell falls under one of the tariff free categories, there are still additional fees to process it. Anything under $20 is barely worth it now and under $10 you are in negative money territory. eBay isn't exactly helping, either. Even though I ship items Duty Paid (DDP), my listings still get a big banner across the top warning US customers about potential fees upon arrival. It's a tough time to be an international seller.",FGFlips,6,,,2025-10-30T11:30:48Z,https://www.reddit.com/r/Ebay/comments/1ojvinm/selling_on_ebay_com_outside_the_us_is_not_worth_it/,t3_1ojvinm,0,General marketplace,,international shipping; cross-border sales,A Canadian seller describes adapting to de minimis changes by finding new carriers and stopping low-priced sales to the US.,high,reddit:t1_nm69ck9
113,collectibles_cards,trading cards,comment,https://www.reddit.com/r/Ebay/comments/1ojvinm/selling_on_ebay_com_outside_the_us_is_not_worth_it,t1_nmayjcm,Ebay,Selling on ebay [.com] outside the US is not worth it.,I'm also a Canadian seller. I shut off sales to the U.S. a few months ago.,ishouldbemoreprivate,2,,,2025-10-31T02:20:22Z,https://www.reddit.com/r/Ebay/comments/1ojvinm/selling_on_ebay_com_outside_the_us_is_not_worth_it/,t1_nm69ck9,1,General marketplace,,cross-border sales,A Canadian seller notes having turned off sales to the United States a few months prior.,high,reddit:t1_nmayjcm
114,collectibles_cards,trading cards,post,https://www.reddit.com/r/Ebay/comments/1qdohea/buyer_filed_dispute_after_trying_to_get_me_to,,Ebay,Buyer filed dispute after trying to get me to cancel,Hello I recently listed a trading card on eBay and got an offer which I accepted. I then shipped it out and the buyer messaged me a day later after it was already in transit to the authenticator saying he really didn’t want it and that much money for the card will put him in a bad spot financially. I replied saying unfortunately I already sent it out and I can’t cancel it anymore. I didn’t hear anything for a day or so and then eBay sends me a message that a dispute was filed with the payment institution for not recognizing the transaction. So I then I replied to the dispute with the screenshot of him clearly admitting he just didn’t want the item and not that the transaction was unauthorized and the shipping status currently. Right now the item is in transit to the eBay authenticator so I don’t have the product or the money :/,uwucactus,15,0.94,5,2026-01-15T16:40:11Z,https://www.reddit.com/r/Ebay/comments/1qdohea/buyer_filed_dispute_after_trying_to_get_me_to/,,,General marketplace,trading cards,payment dispute; buyer remorse,A seller reports a buyer filed an unauthorized transaction dispute after an unsuccessful cancellation request on a card sent to authentication.,high,reddit:t3_1qdohea
114,collectibles_cards,trading cards,comment,https://www.reddit.com/r/Ebay/comments/1qdohea/buyer_filed_dispute_after_trying_to_get_me_to,t1_nzsonjx,Ebay,Buyer filed dispute after trying to get me to cancel,So tired of buyers being so unethical. Such a lack of integrity.,Lovemybulldogs2,9,,,2026-01-15T20:45:24Z,https://www.reddit.com/r/Ebay/comments/1qdohea/buyer_filed_dispute_after_trying_to_get_me_to/,t3_1qdohea,0,General marketplace,trading cards,buyer ethics,The commenter expresses frustration with buyers acting unethically and lacking integrity.,high,reddit:t1_nzsonjx
114,collectibles_cards,trading cards,comment,https://www.reddit.com/r/Ebay/comments/1qdohea/buyer_filed_dispute_after_trying_to_get_me_to,t1_nzy9g3t,Ebay,Buyer filed dispute after trying to get me to cancel,You will win this case since the buyer admitted.,ChemicalStock6107,3,,,2026-01-16T17:02:31Z,https://www.reddit.com/r/Ebay/comments/1qdohea/buyer_filed_dispute_after_trying_to_get_me_to/,t3_1qdohea,0,General marketplace,trading cards,dispute resolution,The commenter predicts the seller will win the dispute because the buyer admitted they did not want the item.,high,reddit:t1_nzy9g3t
114,collectibles_cards,trading cards,comment,https://www.reddit.com/r/Ebay/comments/1qdohea/buyer_filed_dispute_after_trying_to_get_me_to,t1_nzr8tk2,Ebay,Buyer filed dispute after trying to get me to cancel,well you already responded to the dispute so there isn't really anything we can help with at this point. unauthorized transaction is normally protected as long as tracking shows delivered.,ssateneth2,2,,,2026-01-15T16:50:45Z,https://www.reddit.com/r/Ebay/comments/1qdohea/buyer_filed_dispute_after_trying_to_get_me_to/,t3_1qdohea,0,General marketplace,trading cards,seller protection; unauthorized transaction,The commenter notes unauthorized transactions are typically protected once tracking shows delivery.,high,reddit:t1_nzr8tk2
114,collectibles_cards,trading cards,comment,https://www.reddit.com/r/Ebay/comments/1qdohea/buyer_filed_dispute_after_trying_to_get_me_to,t1_nzvkzmb,Ebay,Buyer filed dispute after trying to get me to cancel,"So are you saying ebay wont protect you in this situation? That sounds ridiculous to me, especially since u got proof that the buyer knowingly paid for the item. Buyers committing fraud in my eyes. I hope you're able to get either your money or product back.🤙🏻",tkwon2324,1,,,2026-01-16T06:33:46Z,https://www.reddit.com/r/Ebay/comments/1qdohea/buyer_filed_dispute_after_trying_to_get_me_to/,t3_1qdohea,0,General marketplace,trading cards,buyer fraud; seller protection,The commenter characterizes the buyer's actions as fraud and hopes the seller recovers their money or item.,high,reddit:t1_nzvkzmb
114,collectibles_cards,trading cards,comment,https://www.reddit.com/r/Ebay/comments/1qdohea/buyer_filed_dispute_after_trying_to_get_me_to,t1_o0bvp9s,Ebay,Buyer filed dispute after trying to get me to cancel,"Ebay will close the case in your favor. The card will get authenticated in California, your funds will get released over to you, and the card will be shipped to the buyer. Ebay ""might"" ban the buyer from the platform for filing a false card dispute without even contacting ebay. (but also might not) Make sure you block the buyer after the case is resolved and closed.",Sf666,1,,,2026-01-18T18:08:59Z,https://www.reddit.com/r/Ebay/comments/1qdohea/buyer_filed_dispute_after_trying_to_get_me_to/,t3_1qdohea,0,General marketplace,trading cards,authenticity guarantee; dispute resolution,The commenter states eBay will decide in the seller's favor once authenticated and advises blocking the buyer.,high,reddit:t1_o0bvp9s
115,collectibles_cards,trading cards,post,https://www.reddit.com/r/Ebay/comments/1qwdkjg/item_sold_on_ebay_was_damaged_during_transit_and,,Ebay,Item sold on ebay was Damaged during transit and they waited a month to tell me,"Just wondering if anyone might have any insight on what exactly happened here. I sold a $300 trading card on ebay over a month ago and I just got a random email that I thought was fake at first telling me the package was found as damaged by the authenticator it was sent to and I will be required to refund the buyer entirely. The thing that confusing me though is I paid extra for priority mail so how did it take them weeks to find this out? Another thing that I find really odd is they only sent me pictures of the bubble mailer damaged and opened on one corner as proof but NO PICTURE of the item itself, but nowhere in the email does it say the item was lost. Whats also suspicious to me is this so happens to be the most expesnive item I have sold on ebay in the last couple of months and of course that is the item I have to refund? Was I really that unlucky? It almost seems to me like the authenticator tampered with it. Any insight would be appreciated.",TheDanimator,14,0.79,38,2026-02-05T06:13:08Z,https://www.reddit.com/r/Ebay/comments/1qwdkjg/item_sold_on_ebay_was_damaged_during_transit_and/,,,Other / emerging,Trading Cards,Authentication; Shipping Damage,A seller questions why an eBay authenticator reported transit damage and required a refund a month after a $300 card sale.,high,reddit:t3_1qwdkjg
115,collectibles_cards,trading cards,comment,https://www.reddit.com/r/Ebay/comments/1qwdkjg/item_sold_on_ebay_was_damaged_during_transit_and,t1_o3o9972,Ebay,Item sold on ebay was Damaged during transit and they waited a month to tell me,"Scan, ignore and move on especially if its been more then a month",ilovemango_cutie_pie,18,,,2026-02-05T06:15:14Z,https://www.reddit.com/r/Ebay/comments/1qwdkjg/item_sold_on_ebay_was_damaged_during_transit_and/,t3_1qwdkjg,0,Other / emerging,Trading Cards,Customer Service Advice,"A user advises scanning, ignoring, and moving on, particularly if more than a month has passed.",medium,reddit:t1_o3o9972
115,collectibles_cards,trading cards,comment,https://www.reddit.com/r/Ebay/comments/1qwdkjg/item_sold_on_ebay_was_damaged_during_transit_and,t1_o3oqzvg,Ebay,Item sold on ebay was Damaged during transit and they waited a month to tell me,"Just to clarify, this did in fact come from the ebay authenticator, sorry If i was confusing in my original post. Even on the ebay website itself it says ""Refunded"" so something did go wrong and its not a scam. Im still confused though how it could have taken the authenticator so long to tell me this.",TheDanimator,5,,,2026-02-05T08:57:19Z,https://www.reddit.com/r/Ebay/comments/1qwdkjg/item_sold_on_ebay_was_damaged_during_transit_and/,t1_o3o9972,1,Other / emerging,Trading Cards,Authentication; Refunds,The author clarifies that the refund notification genuinely came from eBay's authenticator rather than being a scam.,high,reddit:t1_o3oqzvg
115,collectibles_cards,trading cards,comment,https://www.reddit.com/r/Ebay/comments/1qwdkjg/item_sold_on_ebay_was_damaged_during_transit_and,t1_o3qhiif,Ebay,Item sold on ebay was Damaged during transit and they waited a month to tell me,So did you send a $300 card to them in a bubble mailer?,The-Mad-Bubbler,5,,,2026-02-05T15:57:50Z,https://www.reddit.com/r/Ebay/comments/1qwdkjg/item_sold_on_ebay_was_damaged_during_transit_and/,t3_1qwdkjg,0,Other / emerging,Trading Cards,Packaging,A commenter asks whether the seller shipped a $300 card inside a bubble mailer.,high,reddit:t1_o3qhiif
115,collectibles_cards,trading cards,comment,https://www.reddit.com/r/Ebay/comments/1qwdkjg/item_sold_on_ebay_was_damaged_during_transit_and,t1_o3pejvo,Ebay,Item sold on ebay was Damaged during transit and they waited a month to tell me,"Buyer never got the card, that rule only applies from delivery notification. The authentication department had the card and declined to approve it. Seller is SOL here and has to accept. This isn’t a buyer it’s eBay themselves.",[deleted],3,,,2026-02-05T12:24:36Z,https://www.reddit.com/r/Ebay/comments/1qwdkjg/item_sold_on_ebay_was_damaged_during_transit_and/,t1_o3o9972,1,Other / emerging,Trading Cards,Authentication; Platform Policies,A commenter states eBay's authentication department declined the card and that the seller must accept the outcome.,high,reddit:t1_o3pejvo
116,collectibles_cards,pokemon cards,post,https://www.reddit.com/r/Ebay/comments/1ti4fec/received_wrong_item,,Ebay,Received wrong item,"So I bought an expensive pokemon card from eBay. I received a package today and it was a huge box with an elite trainer box rather than the card I paid for. I attached a photo to show the seller's explanation. I can't do anything until the item is marked as delivered on eBay. Do you guys think I'll still be able to get my card or I'll just get refunded? EDIT: Ended up returning the item as you all have suggested. The seller gets to keep his sale as it wasn't his fault, and I obviously get a refund. Guess international shipping sucks sometimes, I haven't had a problem with it until now :(. Maybe a worker really mislabeled it on purpose since it was an expensive item... Or it just was a coincidence. Thanks all.",DB_Xenoz,95,0.88,54,2026-05-19T23:42:38Z,https://www.reddit.com/r/Ebay/comments/1ti4fec/received_wrong_item/,,,TCG/Pokemon,Pokemon cards,shipping error; returns,A buyer received an elite trainer box instead of an expensive Pokemon card and returned it for an international shipping refund.,high,reddit:t3_1ti4fec
116,collectibles_cards,pokemon cards,comment,https://www.reddit.com/r/Ebay/comments/1ti4fec/received_wrong_item,t1_oms3v8i,Ebay,Received wrong item,"You’ll have to return the etb and get refunded. Seller is right, eBay handles international. You will not get to keep the etb and the card if that is your question",NeuroticENTJ,113,,,2026-05-20T01:08:55Z,https://www.reddit.com/r/Ebay/comments/1ti4fec/received_wrong_item/,t3_1ti4fec,0,TCG/Pokemon,Pokemon cards,returns; shipping policy,The commenter states the buyer must return the ETB for a refund and cannot keep both items via international shipping.,high,reddit:t1_oms3v8i
116,collectibles_cards,pokemon cards,comment,https://www.reddit.com/r/Ebay/comments/1ti4fec/received_wrong_item,t1_oms8o4e,Ebay,Received wrong item,">Do you guys think I'll still be able to get my card or I'll just get refunded? The card you purchased is gone. The assumption is the labels were put on the wrong items at the eIS hub so some other buyer got your card. Even if that other buyer returns it, all returns are liquidated and most of them pop up on a few different reseller eBay accounts months later, restricted to US shipping.",wastingtime101-,57,,,2026-05-20T01:36:33Z,https://www.reddit.com/r/Ebay/comments/1ti4fec/received_wrong_item/,t3_1ti4fec,0,TCG/Pokemon,Pokemon cards,shipping error; liquidation,The commenter asserts the purchased card is lost due to an eIS mislabeling and will likely be liquidated to US resellers.,high,reddit:t1_oms8o4e
116,collectibles_cards,pokemon cards,comment,https://www.reddit.com/r/Ebay/comments/1ti4fec/received_wrong_item,t1_omvj74a,Ebay,Received wrong item,"Return can be expensive via international shipping. eBay is more likely to issue refund and tell OP to keep it. One nice thing about eBay international service is if something goes wrong like damaged or wrong item, eBay issues the refund and sellers are not hit at all. If the seller shipped directly to the buyer, the seller would have to take the loss.",Warcraft_Fan,23,,,2026-05-20T14:55:34Z,https://www.reddit.com/r/Ebay/comments/1ti4fec/received_wrong_item/,t1_oms3v8i,1,General marketplace,eBay International Shipping,refunds; seller protection,The commenter notes eBay often refunds buyers without requiring costly international returns and protects sellers from losses.,high,reddit:t1_omvj74a
116,collectibles_cards,pokemon cards,comment,https://www.reddit.com/r/Ebay/comments/1ti4fec/received_wrong_item,t1_omsba3a,Ebay,Received wrong item,"Open a return request right away, eBay only covers you for 3 days from the date of delivery.",Mataelio,16,,,2026-05-20T01:51:34Z,https://www.reddit.com/r/Ebay/comments/1ti4fec/received_wrong_item/,t3_1ti4fec,0,General marketplace,eBay returns,return policy; buyer protection,"The commenter advises opening a return request immediately, claiming eBay only covers buyers for three days after delivery.",high,reddit:t1_omsba3a
116,collectibles_cards,pokemon cards,comment,https://www.reddit.com/r/Ebay/comments/1ti4fec/received_wrong_item,t1_oms71hp,Ebay,Received wrong item,Open return for wrong item sent. Ebay covers the return.,LossBudget6543,15,,,2026-05-20T01:27:00Z,https://www.reddit.com/r/Ebay/comments/1ti4fec/received_wrong_item/,t3_1ti4fec,0,General marketplace,eBay returns,returns; shipping error,"The commenter advises opening a return for a wrong item received, stating eBay covers the return.",high,reddit:t1_oms71hp
117,collectibles_cards,pokemon cards,post,https://www.reddit.com/r/Ebay/comments/1w86i3b/welp_that_sucks,,Ebay,Welp that sucks,Shipped a pokemon card to a customer and received a message saying they received the envelope without the card- seems someone opened it and stole the card and then USPS still shipped them the empty envelope without a “Received without contents” marking. Now I’m out of the card and had to refund the buyer… it was only $15 but thats still $15,Ok_Noise_5680,86,0.93,37,2026-09-05T17:14:14Z,https://www.reddit.com/r/Ebay/comments/1w86i3b/welp_that_sucks/,,,TCG/Pokemon,Pokemon Cards,Shipping Issues; Refunds,A seller had to refund a buyer after a shipped Pokemon card arrived in an empty envelope.,high,reddit:t3_1w86i3b
117,collectibles_cards,pokemon cards,comment,https://www.reddit.com/r/Ebay/comments/1w86i3b/welp_that_sucks,t1_p8157o0,Ebay,Welp that sucks,Use the shipping insurance. Super easy.,Easymacsauce,56,,,2026-09-05T19:45:09Z,https://www.reddit.com/r/Ebay/comments/1w86i3b/welp_that_sucks/,t3_1w86i3b,0,TCG/Pokemon,Pokemon Cards,Shipping Insurance,"A commenter recommends using shipping insurance, noting it is super easy.",high,reddit:t1_p8157o0
117,collectibles_cards,pokemon cards,comment,https://www.reddit.com/r/Ebay/comments/1w86i3b/welp_that_sucks,t1_p816n6c,Ebay,Welp that sucks,Means it arrived at the final post office empty. So either it was ripped by the machine and came out at the plant or someone at the plant took it. Other things could happen like it just falling out somehow and getting stuck somewhere or falling out and no one knowing where it fell out from.,Impossible_Hall337,42,,,2026-09-05T19:52:01Z,https://www.reddit.com/r/Ebay/comments/1w86i3b/welp_that_sucks/,t1_p8158fy,1,TCG/Pokemon,Pokemon Cards,Shipping Issues,"A commenter suggests the envelope arrived empty due to machine damage, theft, or falling out in transit.",high,reddit:t1_p816n6c
117,collectibles_cards,pokemon cards,comment,https://www.reddit.com/r/Ebay/comments/1w86i3b/welp_that_sucks,t1_p81hpf9,Ebay,Welp that sucks,Most likely ripped open by an automated sorting machine and not stolen. PIP insurance is the easiest and fastest insurance to get claims approved and paid out. All eBay ESE come with $20 automatic PIP insurance (up to $50 for combined orders). Refund the buyer and file a PIP claim.,RyanNoVA,27,,,2026-09-05T20:45:20Z,https://www.reddit.com/r/Ebay/comments/1w86i3b/welp_that_sucks/,t3_1w86i3b,0,TCG/Pokemon,Pokemon Cards,Shipping Insurance; eBay Standard Envelope,A commenter suggests sorting machine damage over theft and advises refunding the buyer while filing a PIP insurance claim.,high,reddit:t1_p81hpf9
117,collectibles_cards,pokemon cards,comment,https://www.reddit.com/r/Ebay/comments/1w86i3b/welp_that_sucks,t1_p82nh9e,Ebay,Welp that sucks,"Ebay Standard Envelope? If so, you are 100% covered. Fill out a simple online form and they will Paypal you the money. In fact, you will make MORE money from the insurance claim than from actually selling the item. This is because insurance pays the value of the item, not the money you got after Ebay's fees. So if you sold it for 15, insurance pays you 15 flat, no fees, whereas ebay pays you 15 minus their fees.",ShroomyTheLoner,7,,,2026-09-06T00:32:39Z,https://www.reddit.com/r/Ebay/comments/1w86i3b/welp_that_sucks/,t3_1w86i3b,0,TCG/Pokemon,Pokemon Cards,Shipping Insurance; eBay Standard Envelope,A commenter explains that eBay Standard Envelope insurance covers the full item value without deducting eBay seller fees.,high,reddit:t1_p82nh9e
118,collectibles_cards,pokemon cards,post,https://www.reddit.com/r/Ebay/comments/1unk16p/buyer_claims_pokemon_card_arrived_damaged_and,,Ebay,Buyer claims Pokemon card arrived “damaged” and asked me to cash app him,"I listed this card as near mint and provided closeup photos of each corner and border on both the front and back. Received a decent offer and negotiated the price up a bit. I didn’t think much of it especially as it went through eBay authentication but yesterday the buyer of this card messaged me that the entire top of the card is “scratched” which completely baffled me so I asked for photos. He provides me with the shown photos and asked me to refund him $150 on Cash App him because the card is “moderately played” and it would bring his cost down to the market price for a MP card. I tell him that I’m sorry he isn’t satisfied but I obviously can’t do that and it would be best to contact eBay about it and he opened a dispute and refund request. The sale was final but I just lost everything in my available balance and my funds are negative now. I’m not really sure what to do or where to take it from here, any advice would be appreciated, thank you.",xelr8er,82,0.87,97,2026-07-04T21:04:40Z,https://www.reddit.com/r/Ebay/comments/1unk16p/buyer_claims_pokemon_card_arrived_damaged_and/,,,TCG/Pokemon,Pokemon cards,Buyer disputes; Off-platform transactions,A seller seeks advice after a buyer claimed an authenticated Pokemon card arrived damaged and requested a partial refund via Cash App.,high,reddit:t3_1unk16p
118,collectibles_cards,pokemon cards,comment,https://www.reddit.com/r/Ebay/comments/1unk16p/buyer_claims_pokemon_card_arrived_damaged_and,t1_ovl0w2h,Ebay,Buyer claims Pokemon card arrived “damaged” and asked me to cash app him,If it went through authentication you are done. Tell the buyer that they have to contact eBay directly for support.,skidz007,97,,,2026-07-04T22:05:17Z,https://www.reddit.com/r/Ebay/comments/1unk16p/buyer_claims_pokemon_card_arrived_damaged_and/,t3_1unk16p,0,TCG/Pokemon,Pokemon cards,Authentication Guarantee; Customer support,"The commenter advises that because the item went through authentication, the seller is finished and the buyer must contact eBay directly.",high,reddit:t1_ovl0w2h
118,collectibles_cards,pokemon cards,comment,https://www.reddit.com/r/Ebay/comments/1unk16p/buyer_claims_pokemon_card_arrived_damaged_and,t1_ovl1bk3,Ebay,Buyer claims Pokemon card arrived “damaged” and asked me to cash app him,I see eBay authentication sticker. If you sent it to eBay to authenticate with PSA Santa Ana or their Jersey City location. If there were any issues with the cards that wasnt disclosed in the listing the authenticator would of flagged it and sent a notice to the buyer if he wants to return the card or to keep it. When you use the authentication service the buyer has to contact eBay not you. You did your part by sending the card for authentication. You did your part and not your problem afterwards. You need to contact eBay directly. Edit: Also this is clearly not MP. At worse its LP due to the minimal whitening around the back of the card. If the front is clean without scratches or edge wear its NM-.,germr,60,,,2026-07-04T22:07:32Z,https://www.reddit.com/r/Ebay/comments/1unk16p/buyer_claims_pokemon_card_arrived_damaged_and/,t3_1unk16p,0,TCG/Pokemon,Pokemon cards,Authentication Guarantee; Card condition,A commenter explains eBay's authentication process protects the seller and assesses the Pokemon card's condition as better than moderately played.,high,reddit:t1_ovl1bk3
118,collectibles_cards,pokemon cards,comment,https://www.reddit.com/r/Ebay/comments/1unk16p/buyer_claims_pokemon_card_arrived_damaged_and,t1_ovl4ukh,Ebay,Buyer claims Pokemon card arrived “damaged” and asked me to cash app him,"It did in fact go through authentication and that’s exactly what I did, I’m now waiting on eBay to review the case. Thank you for the response.",xelr8er,54,,,2026-07-04T22:26:55Z,https://www.reddit.com/r/Ebay/comments/1unk16p/buyer_claims_pokemon_card_arrived_damaged_and/,t1_ovl0w2h,1,TCG/Pokemon,Pokemon cards,Disputes; Authentication Guarantee,"The post author confirms the card passed authentication, instructed the buyer to contact eBay, and is awaiting eBay's review.",high,reddit:t1_ovl4ukh
118,collectibles_cards,pokemon cards,comment,https://www.reddit.com/r/Ebay/comments/1unk16p/buyer_claims_pokemon_card_arrived_damaged_and,t1_ovl5f26,Ebay,Buyer claims Pokemon card arrived “damaged” and asked me to cash app him,"Just to add, do not Cash app any refunds, they WILL go through eBay and get it again.",Curious_Peter,32,,,2026-07-04T22:30:02Z,https://www.reddit.com/r/Ebay/comments/1unk16p/buyer_claims_pokemon_card_arrived_damaged_and/,t3_1unk16p,0,General marketplace,Payment processing,Off-platform transactions; Refund scams,The commenter warns against sending refunds via Cash App because buyers can still obtain a second refund through eBay.,high,reddit:t1_ovl5f26
118,collectibles_cards,pokemon cards,comment,https://www.reddit.com/r/Ebay/comments/1unk16p/buyer_claims_pokemon_card_arrived_damaged_and,t1_ovl4uxe,Ebay,Buyer claims Pokemon card arrived “damaged” and asked me to cash app him,"I mean...honestly it passed authentication, so ebay agreed with the NM condition. The reason for the return is incorrect. The item did not arrive damaged. They're basically arguing with authentication. I'm assuming this is because that was the only reason available for them to open a return because it went through authentication. I'm not sure how ebay would view this, technically they're abusing the return system, which is against ToS. This actually might go in your favor OP. The buyer maybe thought they could grade it for profit, but once they saw it in person, decided against it.",Western_Ad4663,20,,,2026-07-04T22:26:58Z,https://www.reddit.com/r/Ebay/comments/1unk16p/buyer_claims_pokemon_card_arrived_damaged_and/,t3_1unk16p,0,TCG/Pokemon,Pokemon cards,Authentication Guarantee; Return abuse,"The commenter argues the buyer may be abusing returns after authentication validated condition, possibly because the card was not worth grading.",high,reddit:t1_ovl4uxe
119,collectibles_cards,pokemon cards,post,https://www.reddit.com/r/Ebay/comments/1r3ngpa/ebay_authenticator_says_my_1000_card_was_damaged,,Ebay,eBay authenticator says my $1000 card was damaged — but it wasn’t when I shipped it. What do I do?,"I sold a $1,000 pokemon card on eBay and shipped it through the authentication process. Before shipping, I took continuous video and clear photos showing the card’s condition (all corners visible) and the entire packing process up to labeling and sealing of the package. The video shows no bent corner, careful protection, sealing, and labeling. I also took a timestamped photo of the sealed package at the post office. The authenticator flagged a bent corner that was not present when I shipped it. Has anyone successfully appealed something like this? Should I request documentation of the authenticator’s intake/unboxing process? What’s the best way to handle this without burning bridges with eBay? I have opened a claim and asked eBay to step in where I sent similar information to what I listed here and included the video of the entire packing process including clear pictures of the cards condition at the time of packing. The card was in a penny sleeve, top loader, taped to a thick heavy duty “ding defender” card protector with another ding defender taped on top to prevent the card slipping out, that was all wrapped in bubble wrap which I taped inside a shipping box, and bagged in priority bag. The package was fully insured with “shipcover” for the full value of the transaction. Any advice appreciated.",pepperthief11,64,0.83,115,2026-02-13T12:07:41Z,https://www.reddit.com/r/Ebay/comments/1r3ngpa/ebay_authenticator_says_my_1000_card_was_damaged/,,,TCG/Pokemon,Pokemon cards,Authentication; Shipping damage,"A seller asks how to handle an eBay authenticator flagging a bent corner on an insured $1,000 Pokemon card.",high,reddit:t3_1r3ngpa
119,collectibles_cards,pokemon cards,comment,https://www.reddit.com/r/Ebay/comments/1r3ngpa/ebay_authenticator_says_my_1000_card_was_damaged,t1_o55lh9v,Ebay,eBay authenticator says my $1000 card was damaged — but it wasn’t when I shipped it. What do I do?,"eBay does not care about videos. Don’t know why so many think that’s the way. They can be edited, faked, now made with AI. You’re covered with the insurance that’s how you’ll recoup your loss.",Fledgehole,95,,,2026-02-13T12:46:54Z,https://www.reddit.com/r/Ebay/comments/1r3ngpa/ebay_authenticator_says_my_1000_card_was_damaged/,t3_1r3ngpa,0,General marketplace,eBay disputes,Evidence policy; Insurance claim,"The commenter asserts eBay disregards videos because they can be manipulated, stating losses must be recouped via insurance.",high,reddit:t1_o55lh9v
119,collectibles_cards,pokemon cards,comment,https://www.reddit.com/r/Ebay/comments/1r3ngpa/ebay_authenticator_says_my_1000_card_was_damaged,t1_o5609pl,Ebay,eBay authenticator says my $1000 card was damaged — but it wasn’t when I shipped it. What do I do?,"This x1000. The whole bad advice about taking videos has went on for years. There's not even a way to upload a video to ebay or usps. They will not view your videos, don't waste your time.",LargerLager,36,,,2026-02-13T14:11:45Z,https://www.reddit.com/r/Ebay/comments/1r3ngpa/ebay_authenticator_says_my_1000_card_was_damaged/,t1_o55lh9v,1,General marketplace,Shipping claims,Video evidence,The commenter agrees that taking packaging videos is useless because neither eBay nor USPS will view or accept them.,high,reddit:t1_o5609pl
119,collectibles_cards,pokemon cards,comment,https://www.reddit.com/r/Ebay/comments/1r3ngpa/ebay_authenticator_says_my_1000_card_was_damaged,t1_o588um1,Ebay,eBay authenticator says my $1000 card was damaged — but it wasn’t when I shipped it. What do I do?,Isnt Reddit for trying to help people? I read the comments and mostly what I see is people being rude to him. HE DID NOTHING wrong. He is just trying to ask for help on what to do. He doesnt need your rude and prissy attitude for no reason people. For the people ACTUALLY trying to help him. Thank you. Reddit was made for people like you. For the people acting like a 12 year old. TIME TO GROW UP.,PorkRinds416,27,,,2026-02-13T20:45:05Z,https://www.reddit.com/r/Ebay/comments/1r3ngpa/ebay_authenticator_says_my_1000_card_was_damaged/,t3_1r3ngpa,0,Unclear,,Community conduct,The commenter defends the original poster against rude replies and criticizes unhelpful community behavior.,high,reddit:t1_o588um1
119,collectibles_cards,pokemon cards,comment,https://www.reddit.com/r/Ebay/comments/1r3ngpa/ebay_authenticator_says_my_1000_card_was_damaged,t1_o589qi8,Ebay,eBay authenticator says my $1000 card was damaged — but it wasn’t when I shipped it. What do I do?,"Hey man, thank you so much for this comment, you’ve helped me feel understood to say the very least. Your words mean more to me than you probably realize.",pepperthief11,19,,,2026-02-13T20:49:33Z,https://www.reddit.com/r/Ebay/comments/1r3ngpa/ebay_authenticator_says_my_1000_card_was_damaged/,t1_o588um1,1,Unclear,,User appreciation,The author thanks another commenter for their supportive words.,high,reddit:t1_o589qi8
119,collectibles_cards,pokemon cards,comment,https://www.reddit.com/r/Ebay/comments/1r3ngpa/ebay_authenticator_says_my_1000_card_was_damaged,t1_o58shzv,Ebay,eBay authenticator says my $1000 card was damaged — but it wasn’t when I shipped it. What do I do?,"I'm ready for the downvotes but it actually did help in my case. 😅 Maybe the supervisor at USPS would have placed a claim in for me out of procedure but I believe the unpacking video helped when I received a shattered porcelain set from Japan through international express shipping. It was a very fragile item by nature that could have been really damaged through a customer mishandling it but the video showed it was broken out of the box despite the careful packaging of the seller I bought from. I brought the entire packaging and items to the PO and showed them the video. Anecdotal, perhaps. But it guaranteed that I got a replacement set when the seller from Japan got compensated.",Regulatory_Junior,13,,,2026-02-13T22:22:43Z,https://www.reddit.com/r/Ebay/comments/1r3ngpa/ebay_authenticator_says_my_1000_card_was_damaged/,t1_o5609pl,2,Other / emerging,Porcelain,Postal claims; Video evidence,A buyer shares an experience where an unboxing video helped secure a USPS claim for broken imported porcelain.,high,reddit:t1_o58shzv
120,collectibles_cards,pokemon cards,post,https://www.reddit.com/r/Ebay/comments/1vmx43y/got_my_first_negative_feedback_and_ebay_sided,,Ebay,Got my first negative feedback and eBay sided with the buyer even though she admitted the item was as described,"Sold a ~~$12~~ $10 (best offer) Pokemon card, listing clearly said ""shipped in a penny sleeve and protected with cardboard."" Buyer leaves negative feedback saying it should've had a toploader, but literally opens the review with ""card was as described."" I messaged her, she confirmed the card arrived undamaged, I thanked her for the tip and said I'd start using toploaders going forward (good advice, I just try to save money with cheaper cards). Was hoping she'd revise the feedback since her own words admitted it matched the listing, but no luck. Reported it to eBay under the ""issue was correctly disclosed in listing"" policy since her review literally says as much. Got a response today saying they reviewed it and it's staying up because ""the buyer found the item wasn't as described"" - which directly contradicts what she wrote in the actual feedback. Not the end of the world, I know one negative review isn't going to sink a store, just frustrating that the appeal process didn't seem to actually read the feedback text. Lesson learned on the toploaders either way. Anyone else run into this kind of disconnect with eBay's feedback reviews?",hambusiness,34,0.81,60,2026-08-13T01:37:39Z,https://www.reddit.com/r/Ebay/comments/1vmx43y/got_my_first_negative_feedback_and_ebay_sided/,,,TCG/Pokemon,Pokemon cards,negative feedback; seller appeal,A seller's eBay appeal was initially denied despite buyer feedback admitting the sold Pokemon card matched the listing description.,high,reddit:t3_1vmx43y
120,collectibles_cards,pokemon cards,comment,https://www.reddit.com/r/Ebay/comments/1vmx43y/got_my_first_negative_feedback_and_ebay_sided,t1_p3dp1vx,Ebay,Got my first negative feedback and eBay sided with the buyer even though she admitted the item was as described,"UPDATE: I Took some commenter's advice, I pushed through the ai chatbot, spoke with a human being and asked them to review my appeal. They said: ""I've reviewed this feedback and can see that the issue raised is contradicted by objective information in the listing. Good news,! I have granted and removed the negative feedback from the user (buyers' name), the changes will be reflected on your account within approximately 24 to 48 hours. This is the reason why it is important for seller's to add all the information and item condition on the listing."" Thank you!!",hambusiness,38,,,2026-08-13T04:11:48Z,https://www.reddit.com/r/Ebay/comments/1vmx43y/got_my_first_negative_feedback_and_ebay_sided/,t3_1vmx43y,0,TCG/Pokemon,Pokemon cards,feedback removal; customer support,The seller updated that speaking with a human representative on eBay resulted in successful removal of the negative feedback.,high,reddit:t1_p3dp1vx
120,collectibles_cards,pokemon cards,comment,https://www.reddit.com/r/Ebay/comments/1vmx43y/got_my_first_negative_feedback_and_ebay_sided,t1_p3d5amq,Ebay,Got my first negative feedback and eBay sided with the buyer even though she admitted the item was as described,"I would simply reply to feedback stating: ""Card was exactly as described and arrived undamaged.""",Blowingleaves17,20,,,2026-08-13T02:09:55Z,https://www.reddit.com/r/Ebay/comments/1vmx43y/got_my_first_negative_feedback_and_ebay_sided/,t3_1vmx43y,0,TCG/Pokemon,Pokemon cards,feedback response,A commenter advises replying to the negative feedback by stating the card was exactly as described and undamaged.,high,reddit:t1_p3d5amq
120,collectibles_cards,pokemon cards,comment,https://www.reddit.com/r/Ebay/comments/1vmx43y/got_my_first_negative_feedback_and_ebay_sided,t1_p3e0fwu,Ebay,Got my first negative feedback and eBay sided with the buyer even though she admitted the item was as described,Love to see it. Congrats on getting an appeal!,ichnob,9,,,2026-08-13T05:34:28Z,https://www.reddit.com/r/Ebay/comments/1vmx43y/got_my_first_negative_feedback_and_ebay_sided/,t1_p3dp1vx,1,TCG/Pokemon,Pokemon cards,seller appeal,A user congratulates the seller on successfully appealing the feedback decision.,high,reddit:t1_p3e0fwu
120,collectibles_cards,pokemon cards,comment,https://www.reddit.com/r/Ebay/comments/1vmx43y/got_my_first_negative_feedback_and_ebay_sided,t1_p3d1l2t,Ebay,Got my first negative feedback and eBay sided with the buyer even though she admitted the item was as described,"You can re appeal , one negative won’t hurt 99.97 is still good. Screenshot the “it was described” and send that.",RaulVan,7,,,2026-08-13T01:49:11Z,https://www.reddit.com/r/Ebay/comments/1vmx43y/got_my_first_negative_feedback_and_ebay_sided/,t3_1vmx43y,0,TCG/Pokemon,Pokemon cards,seller appeal; seller ratings,"A user suggests re-appealing with screenshots of the buyer's feedback, noting one negative review will not significantly harm ratings.",high,reddit:t1_p3d1l2t
120,collectibles_cards,pokemon cards,comment,https://www.reddit.com/r/Ebay/comments/1vmx43y/got_my_first_negative_feedback_and_ebay_sided,t1_p3g1tnm,Ebay,Got my first negative feedback and eBay sided with the buyer even though she admitted the item was as described,"Good work! Always talk to a real person. I sell 1.89 cards and I always use toploaders, it’s standard practice.",Ok_Spite7511,5,,,2026-08-13T13:56:45Z,https://www.reddit.com/r/Ebay/comments/1vmx43y/got_my_first_negative_feedback_and_ebay_sided/,t1_p3dp1vx,1,TCG/Pokemon,Pokemon cards; packaging,customer support; shipping practices,A user advises speaking to real representatives and notes that using toploaders is standard practice even for cheap cards.,high,reddit:t1_p3g1tnm
121,collectibles_cards,pokemon cards,post,https://www.reddit.com/r/Ebay/comments/1ohqek1/who_here_sells_a_little_bit_of_everything_on,,Ebay,Who here sells a little bit of everything on their eBay store? who’s also been hit with “intellectual property” violation?,"For context, in a variety store … I sell new and used items varying from video games, electronics, clothing, beauty products, sports cards, toys etc. Since when does someone need “authorization” from a brand … specifically a beauty brand to sell their product on eBay’s platform? Or for that matter any other brand such as Mattel or Pokemon or topps…. Or DJI? I got hit with a product violation for a beauty product I was selling …. And I’m on the phone with a rep for eBay who basically sat there and told me, we don’t really like variety stores like yours … we’d prefer that someone else an all beauty store sell the product and not you. He’s all I’ve been a seller on eBay for 14 years and I sell used shoes, if I was to randomly start selling something else that item would be flagged immediately. My store has been a mixed store & the policy I got hit with on the beauty product was for using stock images … I was told by eBay that it if I remove the stock images that the issue would be resolved and I can list the item I did that and they denied the appeal saying I can’t sell the product … Has anyone else experienced a similiar situation? Since when has eBay become “Amazon” / “Walmart” I thought we can sell EVERYTHING?",lightwork02,21,0.8,28,2025-10-27T21:00:22Z,https://www.reddit.com/r/Ebay/comments/1ohqek1/who_here_sells_a_little_bit_of_everything_on/,,,General marketplace,variety store; beauty products,intellectual property; seller policies,A seller asks if others face eBay intellectual property violations and restrictions on variety stores after having a beauty listing flagged.,high,reddit:t3_1ohqek1
121,collectibles_cards,pokemon cards,comment,https://www.reddit.com/r/Ebay/comments/1ohqek1/who_here_sells_a_little_bit_of_everything_on,t1_nlqmiiz,Ebay,Who here sells a little bit of everything on their eBay store? who’s also been hit with “intellectual property” violation?,I've been hot by this with stock images. Just use an actual picture of the product. Some companies don't like you selling their stuff as new and can claim copywriter infringement for using their images without authorization. Nothing more to it. Use your own photos.,Lknate,16,,,2025-10-27T23:53:57Z,https://www.reddit.com/r/Ebay/comments/1ohqek1/who_here_sells_a_little_bit_of_everything_on/,t3_1ohqek1,0,General marketplace,stock images,copyright infringement; listing photos,The commenter recommends taking original photos because companies can claim copyright infringement when sellers use stock images.,high,reddit:t1_nlqmiiz
121,collectibles_cards,pokemon cards,comment,https://www.reddit.com/r/Ebay/comments/1ohqek1/who_here_sells_a_little_bit_of_everything_on,t1_nlqxi00,Ebay,Who here sells a little bit of everything on their eBay store? who’s also been hit with “intellectual property” violation?,With the Vero violation I’ve found that if you don’t use the stock images and you have to switch it to open box or used and I allow explain in the description that product is in new condition but I’m not an authorized dealer and product doesn’t come with factory warranty and it usually does the trick for me. I’ve had several companies send me letter from attorneys saying if I don’t take the items down they will sue me but they have no recourse if you don’t use their intellectual property or represent the item as new.,UnableClient9098,12,,,2025-10-28T00:55:19Z,https://www.reddit.com/r/Ebay/comments/1ohqek1/who_here_sells_a_little_bit_of_everything_on/,t3_1ohqek1,0,General marketplace,VeRO violations,listing condition; intellectual property,"A user explains that avoiding stock images, listing as used or open box, and disclaiming dealer status avoids VeRO issues.",high,reddit:t1_nlqxi00
121,collectibles_cards,pokemon cards,comment,https://www.reddit.com/r/Ebay/comments/1ohqek1/who_here_sells_a_little_bit_of_everything_on,t1_nlpzaqu,Ebay,Who here sells a little bit of everything on their eBay store? who’s also been hit with “intellectual property” violation?,"On eBay, the second liar doesn’t have a chance…",CustomCarNerd,10,,,2025-10-27T21:44:44Z,https://www.reddit.com/r/Ebay/comments/1ohqek1/who_here_sells_a_little_bit_of_everything_on/,t1_nlps3ev,1,General marketplace,dispute resolution,unclear reaction; seller disputes,"The commenter remarks proverbially that on eBay, the second liar does not stand a chance.",low,reddit:t1_nlpzaqu
121,collectibles_cards,pokemon cards,comment,https://www.reddit.com/r/Ebay/comments/1ohqek1/who_here_sells_a_little_bit_of_everything_on,t1_nlps3ev,Ebay,Who here sells a little bit of everything on their eBay store? who’s also been hit with “intellectual property” violation?,I got hit with one for a generic classic chair by another seller of a chair that is also generic but certainly isn’t their design. EBay automatically side with them and put it on us to prove that our design belongs to us. They didn’t have to prove that the design was theirs.,[deleted],7,,,2025-10-27T21:06:41Z,https://www.reddit.com/r/Ebay/comments/1ohqek1/who_here_sells_a_little_bit_of_everything_on/,t3_1ohqek1,0,General marketplace; Other / emerging,furniture; chairs,design rights; intellectual property,A seller describes getting hit with a design violation for a generic chair and having to prove ownership to eBay.,high,reddit:t1_nlps3ev
121,collectibles_cards,pokemon cards,comment,https://www.reddit.com/r/Ebay/comments/1ohqek1/who_here_sells_a_little_bit_of_everything_on,t1_nlqh341,Ebay,Who here sells a little bit of everything on their eBay store? who’s also been hit with “intellectual property” violation?,"Many times it’s other sellers reporting you because they don’t want the competition I sell randoms stuff and just got a whole load of brand new perfumes and facial creams so far not one problem . Brand name - high end , new in box and sealed . I would be posting all of this right to the Facebook page ! It’s seems they are quick to address negative posts ! Especially when you are treated unfairly ! They prefer you not to sell ? What does that even mean ! Sounds like you had a crappy rep !",Ok_Antelope_1719,5,,,2025-10-27T23:23:40Z,https://www.reddit.com/r/Ebay/comments/1ohqek1/who_here_sells_a_little_bit_of_everything_on/,t3_1ohqek1,0,General marketplace; Other / emerging,cosmetics; perfumes,competitor reporting; customer support,"A commenter suggests competitor reports cause violations, shares they sell high-end beauty without issues, and advises complaining on Facebook.",high,reddit:t1_nlqh341
122,collectibles_cards,pokemon cards,post,https://www.reddit.com/r/Ebay/comments/1nyt9vp/buyer_with_buyers_remorse,,Ebay,Buyer with buyers remorse,"I'm a new seller to ebay. I've bought on ebay many times in the past, but recently started selling. Mostly some pokemon cards. I try to be as clear as possible with photos from multiple angles and description. I had a relatively large sale, about 450 dollars. The buyer wants to return saying he isn't happy, citing the condition / centering. It looks like buyers remorse to me. What is the right way to handle this situation?",New_Fall_2424,17,0.79,38,2025-10-05T16:47:45Z,https://www.reddit.com/r/Ebay/comments/1nyt9vp/buyer_with_buyers_remorse/,,,TCG/Pokemon,Pokemon cards,Return request; Buyer remorse,A seller asks how to handle a return request on a $450 Pokemon card sale citing condition concerns.,high,reddit:t3_1nyt9vp
122,collectibles_cards,pokemon cards,comment,https://www.reddit.com/r/Ebay/comments/1nyt9vp/buyer_with_buyers_remorse,t1_nhx4ko4,Ebay,Buyer with buyers remorse,Sounds like he’s gonna try to bait and switch scam you for a worse card. Ask them to send photos of what they’re unhappy with versus what the listing showed. Maybe that way you have extra protection if they do try to scam you. Others may have more helpful info regarding this too.,cold002,36,,,2025-10-05T16:57:18Z,https://www.reddit.com/r/Ebay/comments/1nyt9vp/buyer_with_buyers_remorse/,t3_1nyt9vp,0,TCG/Pokemon,Pokemon cards,Return scam; Seller protection,A commenter suggests the buyer may attempt a bait-and-switch scam and advises asking for photos comparing listing condition.,high,reddit:t1_nhx4ko4
122,collectibles_cards,pokemon cards,comment,https://www.reddit.com/r/Ebay/comments/1nyt9vp/buyer_with_buyers_remorse,t1_nhx6u7g,Ebay,Buyer with buyers remorse,Cards are so sketchy to sell on eBay/mercari Hopefully he doesn’t send back fakes or swaps out his cards with your cards.,friskykillface,12,,,2025-10-05T17:08:24Z,https://www.reddit.com/r/Ebay/comments/1nyt9vp/buyer_with_buyers_remorse/,t3_1nyt9vp,0,TCG/Pokemon,Pokemon cards,Seller risk; Counterfeit swaps,A user warns that selling cards on eBay and Mercari carries risks of buyers returning fakes or swapped cards.,high,reddit:t1_nhx6u7g
122,collectibles_cards,pokemon cards,comment,https://www.reddit.com/r/Ebay/comments/1nyt9vp/buyer_with_buyers_remorse,t1_nhz2yq0,Ebay,Buyer with buyers remorse,"seems pokemon cards right now are the biggest problem area, what with the market exploding and the amount of scalpers grabbing tins and boxes of boosters to resale. i have read of so many issues on the ebay sub of pokemon sellers getting screwed over by buyers claiming inad fake unsealed pack etc, worst part is ebay does nothing but help them.",Praydaythemice,7,,,2025-10-05T22:44:05Z,https://www.reddit.com/r/Ebay/comments/1nyt9vp/buyer_with_buyers_remorse/,t1_nhx6u7g,1,TCG/Pokemon,Pokemon cards,Market risks; Buyer fraud,"A commenter states Pokemon cards have frequent issues with scalpers and buyers filing false claims, alleging eBay favors buyers.",high,reddit:t1_nhz2yq0
122,collectibles_cards,pokemon cards,comment,https://www.reddit.com/r/Ebay/comments/1nyt9vp/buyer_with_buyers_remorse,t1_nhyr9o9,Ebay,Buyer with buyers remorse,"pomemon cards = taken what he wants, trying to pull a fast one",McDeathUK,5,,,2025-10-05T21:39:58Z,https://www.reddit.com/r/Ebay/comments/1nyt9vp/buyer_with_buyers_remorse/,t3_1nyt9vp,0,TCG/Pokemon,Pokemon cards,Buyer fraud,A commenter alleges that the buyer has taken what they wanted and is trying to pull a fast one.,high,reddit:t1_nhyr9o9
123,collectibles_cards,pokemon cards,post,https://www.reddit.com/r/Ebay/comments/1wflj0d/pokemon_cards_shipped_to_authenticator_ebay,,Ebay,"Pokemon cards shipped to authenticator, Ebay claims they were not in the box.","I shipped 3 pokemon cards to eBay authentication. The other day I got an email letting me know that two of the pokemon cards ""were not in the package"". I'm certain that I shipped all these cards in 1 box because I had to cut cardboard & bubble wrap to fit in the box & protect the cards. Has this happened to anyone else? The cards were shipped in a small Canva box so it was not obvious that pokemon cards were inside.",GucciJ619,13,0.74,18,2026-09-13T22:19:16Z,https://www.reddit.com/r/Ebay/comments/1wflj0d/pokemon_cards_shipped_to_authenticator_ebay/,,,TCG/Pokemon,Pokemon cards,authentication; missing items,"A seller shipped three Pokemon cards together to eBay authentication, but eBay reported two cards were missing from the package.",high,reddit:t3_1wflj0d
123,collectibles_cards,pokemon cards,comment,https://www.reddit.com/r/Ebay/comments/1wflj0d/pokemon_cards_shipped_to_authenticator_ebay,t1_p9n5jcd,Ebay,"Pokemon cards shipped to authenticator, Ebay claims they were not in the box.","Pretty sure you are supposed to ship them one at a time. I hear they claim that they ""destroy"" anything that isn't supposed to be in the package.",Masterweedo,13,,,2026-09-13T22:35:16Z,https://www.reddit.com/r/Ebay/comments/1wflj0d/pokemon_cards_shipped_to_authenticator_ebay/,t3_1wflj0d,0,TCG/Pokemon,Pokemon cards,authentication; shipping policy,A commenter states cards should be shipped individually and mentions hearing eBay claims to destroy unauthorized extra items.,medium,reddit:t1_p9n5jcd
123,collectibles_cards,pokemon cards,comment,https://www.reddit.com/r/Ebay/comments/1wflj0d/pokemon_cards_shipped_to_authenticator_ebay,t1_p9nectk,Ebay,"Pokemon cards shipped to authenticator, Ebay claims they were not in the box.",They gonna keep your cards. Any extra card makes the whole order “incorrect” and needs to be “thrown away” which really means they’re gonna pocket it.,truthbomb720,13,,,2026-09-13T23:18:33Z,https://www.reddit.com/r/Ebay/comments/1wflj0d/pokemon_cards_shipped_to_authenticator_ebay/,t3_1wflj0d,0,TCG/Pokemon,Pokemon cards,authentication; theft allegation,A commenter claims authenticators discard or steal extra cards sent in an order.,high,reddit:t1_p9nectk
123,collectibles_cards,pokemon cards,comment,https://www.reddit.com/r/Ebay/comments/1wflj0d/pokemon_cards_shipped_to_authenticator_ebay,t1_p9o9sdm,Ebay,"Pokemon cards shipped to authenticator, Ebay claims they were not in the box.",I had a buyer buy 3 in a personal lot. They wouldnt do the authentication but shipped the cards to my buyer. Though I have heard so many horror stories.,Sasha-DarkCloud,4,,,2026-09-14T02:06:17Z,https://www.reddit.com/r/Ebay/comments/1wflj0d/pokemon_cards_shipped_to_authenticator_ebay/,t1_p9nectk,1,TCG/Pokemon,Pokemon cards,authentication; order fulfillment,"A commenter notes authenticators skipped authentication and forwarded a three-card lot to the buyer, citing general horror stories.",medium,reddit:t1_p9o9sdm
123,collectibles_cards,pokemon cards,comment,https://www.reddit.com/r/Ebay/comments/1wflj0d/pokemon_cards_shipped_to_authenticator_ebay,t1_p9n8e03,Ebay,"Pokemon cards shipped to authenticator, Ebay claims they were not in the box.",Was this multiple separate orders/listings or was it a single listing for multiple cards?,Mataelio,4,,,2026-09-13T22:49:23Z,https://www.reddit.com/r/Ebay/comments/1wflj0d/pokemon_cards_shipped_to_authenticator_ebay/,t3_1wflj0d,0,TCG/Pokemon,Pokemon cards,authentication; shipping inquiry,A user asks whether the shipment comprised multiple separate orders or a single listing for several cards.,high,reddit:t1_p9n8e03
123,collectibles_cards,pokemon cards,comment,https://www.reddit.com/r/Ebay/comments/1wflj0d/pokemon_cards_shipped_to_authenticator_ebay,t1_p9n3tga,Ebay,"Pokemon cards shipped to authenticator, Ebay claims they were not in the box.",Hmm. Never sent multiple cards at once to authenticator. I don't even know how this is possible. Surely they each have their own reference number? Or it was 1 buyer who checked out with several $200+ cards in their cart? I would reach out to see if they record receiving and opening shipments and ask if they can start an investigation from their end.,FinalFantasiesGG,3,,,2026-09-13T22:26:42Z,https://www.reddit.com/r/Ebay/comments/1wflj0d/pokemon_cards_shipped_to_authenticator_ebay/,t3_1wflj0d,0,TCG/Pokemon,Pokemon cards,authentication; investigation request,A commenter questions shipping multiple cards together to an authenticator and advises requesting an investigation and opening recordings.,high,reddit:t1_p9n3tga
124,current_recent,ebay,post,https://www.reddit.com/r/Ebay/comments/1wpjcxw/does_anyone_still_do_auctions,,Ebay,Does anyone still do auctions?,"I was a big eBay guy in the late 90’s to early 2000’s. Made a great second income. Really enjoyed doing it. Then, got married, had kids, and phased out of it. But, I still had lots of old stock. Especially t-shirts, jeans, albums, oddball collectibles, etc. Now, I’m divorced, kids are out of the house, and I have tons of inventory I’ve moved multiple times from house to house. Now, I want to get back into it. And, I know what I have, value wise. But, it seems that eBay is less an auction site now, and more of just another Amazon basically. So, question is: Do people still use auctions? Or, go straight to BIN? And, if auctions, what types of sales work best for auctions vs. BIN? I don’t want to garage sale stuff I know is valuable, especially with millennial stuff popular now. I’d like to know who still uses auctions, or not, and why? And, with more reseller sites available, do you use them, and why? Appreciate any and all suggestions, advice, or opinions. Thanks!",Bucksquatch,20,0.88,82,2026-09-25T01:24:56Z,https://www.reddit.com/r/Ebay/comments/1wpjcxw/does_anyone_still_do_auctions/,,,General marketplace,Vintage goods,Auction vs BIN; Selling strategy,A seller returning to eBay asks whether people still use auctions or prefer Buy It Now for clearing older inventory.,high,reddit:t3_1wpjcxw
124,current_recent,ebay,comment,https://www.reddit.com/r/Ebay/comments/1wpjcxw/does_anyone_still_do_auctions,t1_pbvww76,Ebay,Does anyone still do auctions?,Auctions are for fast cash and FOMO items. BIN is for maximizing income and stable income.,FinalFantasiesGG,30,,,2026-09-25T01:33:57Z,https://www.reddit.com/r/Ebay/comments/1wpjcxw/does_anyone_still_do_auctions/,t3_1wpjcxw,0,General marketplace,Online auctions,Auction vs BIN; Pricing strategy,"A user states auctions provide fast cash and FOMO sales, whereas Buy It Now maximizes stable income.",high,reddit:t1_pbvww76
124,current_recent,ebay,comment,https://www.reddit.com/r/Ebay/comments/1wpjcxw/does_anyone_still_do_auctions,t1_pbvweuu,Ebay,Does anyone still do auctions?,"if you want to auction, you gotta have stuff that 200 other people aint trying to sell.",justaheatattack,23,,,2026-09-25T01:31:28Z,https://www.reddit.com/r/Ebay/comments/1wpjcxw/does_anyone_still_do_auctions/,t3_1wpjcxw,0,General marketplace,Online auctions,Listing strategy; Market competition,A commenter asserts that running auctions requires selling unique items that hundreds of competitors are not offering.,high,reddit:t1_pbvweuu
124,current_recent,ebay,comment,https://www.reddit.com/r/Ebay/comments/1wpjcxw/does_anyone_still_do_auctions,t1_pbvwujq,Ebay,Does anyone still do auctions?,"All of my items are on auction. I sell sports autographs, the auction allows my items to turn over quicker. Lots of buyers in my category shop “ending soon”. When I tried doing BIN sales I didnt like how long the items sat without views.",FuzzyRace3752,16,,,2026-09-25T01:33:43Z,https://www.reddit.com/r/Ebay/comments/1wpjcxw/does_anyone_still_do_auctions/,t3_1wpjcxw,0,Sports Cards; Toys/Collectibles,Sports autographs,Auction vs BIN; Inventory turnover,A sports autographs seller explains they use auctions exclusively because buyers browse ending-soon listings and inventory turns over faster than BIN.,high,reddit:t1_pbvwujq
124,current_recent,ebay,comment,https://www.reddit.com/r/Ebay/comments/1wpjcxw/does_anyone_still_do_auctions,t1_pbwqr2e,Ebay,Does anyone still do auctions?,"Fast nickel, slow dime. If you need/want the fast nickel, or need to clear out inventory, you throw up and auction. If you want maximum profit but a slower sale, you do a BIN. I personally only do BIN.",WiFiEnabled,9,,,2026-09-25T04:25:52Z,https://www.reddit.com/r/Ebay/comments/1wpjcxw/does_anyone_still_do_auctions/,t3_1wpjcxw,0,General marketplace,Online auctions,Auction vs BIN; Selling strategy,"A commenter notes auctions yield faster turnover while Buy It Now maximizes profit, stating they personally only use BIN.",high,reddit:t1_pbwqr2e
124,current_recent,ebay,comment,https://www.reddit.com/r/Ebay/comments/1wpjcxw/does_anyone_still_do_auctions,t1_pbw36hp,Ebay,Does anyone still do auctions?,I do it to push stuff out the door,wildpunga_fruit,5,,,2026-09-25T02:07:05Z,https://www.reddit.com/r/Ebay/comments/1wpjcxw/does_anyone_still_do_auctions/,t3_1wpjcxw,0,General marketplace,Online auctions,Inventory turnover,A commenter states they use auctions to quickly clear out inventory.,high,reddit:t1_pbw36hp
125,current_recent,ebay,post,https://www.reddit.com/r/Ebay/comments/1wp9xmf/does_anything_even_happen_to_buyers_who_refuse_to,,Ebay,Does anything even happen to buyers who refuse to pay?,"More of a vent then anything... I just had an item on auction that I started at $40 and got one bid. Within minutes of the auction ending the bidder messaged me to say she no longer wanted the item and would I cancel it. I replied ""Do you understand that your bid is a committment to buy?"" to which she said ""I can get it cheaper elsewhere and the shipping is too high. Cancel please."" (FWIW, shipping is the exact USPS charge based on size and weight and was shown in the listing.) Anyway, we went back and forth a few times with her refusing to pay and telling me I have to cancel, since she doesn't see a way to do it on her end. I've stopped responding to her. I'm not canceling the item since I'm not taking the hit on my account. So now I'm stuck waiting four days before I can cancel without penalty and relist it. I know I can ""report"" the buyer, but does that mean anything? I really miss the days when eBay was fair and sellers could leave negative feedback for buyers.",SunGreen24,12,0.8,19,2026-09-24T18:42:15Z,https://www.reddit.com/r/Ebay/comments/1wp9xmf/does_anything_even_happen_to_buyers_who_refuse_to/,,,General marketplace,online auctions,unpaid buyer; cancellation policy,A seller vents about a winning bidder refusing to pay and asks what consequences non-paying buyers face.,high,reddit:t3_1wp9xmf
125,current_recent,ebay,comment,https://www.reddit.com/r/Ebay/comments/1wp9xmf/does_anything_even_happen_to_buyers_who_refuse_to,t1_pbtl4gt,Ebay,Does anything even happen to buyers who refuse to pay?,"Yes. You occasionally see buyers on this sub asking *""why cant I buy. What is an unpaid item strike??????""* Its always fun reading the reasons why they needed to not pay for multiple items. They usually range from ""I bid too high"" to ""Its not my fault. I'm impulsive!"" Remember to cancel for ""unpaid"" after the time limit is up. Most sellers have the setting turned on these days, so its basically a platform wide ban at this point.",MoltenPlanetGames,25,,,2026-09-24T18:47:53Z,https://www.reddit.com/r/Ebay/comments/1wp9xmf/does_anything_even_happen_to_buyers_who_refuse_to/,t3_1wp9xmf,0,General marketplace,online auctions,unpaid item strikes; buyer penalties,A commenter explains that unpaid item strikes effectively ban buyers from purchasing when sellers enable blocking settings.,high,reddit:t1_pbtl4gt
125,current_recent,ebay,comment,https://www.reddit.com/r/Ebay/comments/1wp9xmf/does_anything_even_happen_to_buyers_who_refuse_to,t1_pbu86yj,Ebay,Does anything even happen to buyers who refuse to pay?,"Be sure your Buyer Requirements page is set to automatically block any user with two or more unpaid item strikes in the last year, and make sure you cancel for nonpayment after four days and block that user. You can also require bidders provide a payment method in advance for bids or offers, though that can complicate combining shipments. That can discourage bidders that bid on multiple items intending to only pay for only one.",eburtonlab,10,,,2026-09-24T20:27:19Z,https://www.reddit.com/r/Ebay/comments/1wp9xmf/does_anything_even_happen_to_buyers_who_refuse_to/,t3_1wp9xmf,0,General marketplace,online auctions,buyer requirements; cancellation,A commenter advises setting buyer requirements to block users with unpaid item strikes and canceling for nonpayment after four days.,high,reddit:t1_pbu86yj
125,current_recent,ebay,comment,https://www.reddit.com/r/Ebay/comments/1wp9xmf/does_anything_even_happen_to_buyers_who_refuse_to,t1_pbtnhq0,Ebay,Does anything even happen to buyers who refuse to pay?,"Good to know! I'm not usually vindictive, but this buyer has been so obnoxious and entitled lol. Thanks!",SunGreen24,9,,,2026-09-24T18:57:54Z,https://www.reddit.com/r/Ebay/comments/1wp9xmf/does_anything_even_happen_to_buyers_who_refuse_to/,t1_pbtl4gt,1,General marketplace,online auctions,buyer behavior; seller reaction,The original poster expresses appreciation for information regarding an entitled non-paying buyer.,high,reddit:t1_pbtnhq0
125,current_recent,ebay,comment,https://www.reddit.com/r/Ebay/comments/1wp9xmf/does_anything_even_happen_to_buyers_who_refuse_to,t1_pbts2hj,Ebay,Does anything even happen to buyers who refuse to pay?,"If a buyer gets too many strikes ebay removes their ability to bid on items or send offers. They can only purchase Buy It Now items, which makes them pay immediately.",Billy_Bonney_,9,,,2026-09-24T19:17:32Z,https://www.reddit.com/r/Ebay/comments/1wp9xmf/does_anything_even_happen_to_buyers_who_refuse_to/,t1_pbtnhq0,2,General marketplace,online auctions,unpaid item strikes; buyer restrictions,A commenter notes that excessive strikes restrict buyers to immediate-payment Buy It Now listings.,high,reddit:t1_pbts2hj
125,current_recent,ebay,comment,https://www.reddit.com/r/Ebay/comments/1wp9xmf/does_anything_even_happen_to_buyers_who_refuse_to,t1_pbtx7l3,Ebay,Does anything even happen to buyers who refuse to pay?,Yep. eBay is now strict with buyers not paying. Report her. And wait the 4 days (I know it sucks but gotta) and then she’s stuck with a non payment strike. I’ve seen buyers get suspended for these so make sure you do it.,CharnelHouseFly,9,,,2026-09-24T19:39:51Z,https://www.reddit.com/r/Ebay/comments/1wp9xmf/does_anything_even_happen_to_buyers_who_refuse_to/,t3_1wp9xmf,0,General marketplace,online auctions,nonpayment strikes; reporting buyers,A commenter advises waiting four days to cancel for nonpayment and report the buyer to trigger a strike.,high,reddit:t1_pbtx7l3
126,current_recent,ebay,post,https://www.reddit.com/r/Ebay/comments/1wpvx4d/rant_incoming,,Ebay,Rant incoming,"I just sold the single most expensive item I’ve ever posted on EBay. For context, it was a rare Thundercats Bengali action figure from 1986, still in the box. I was asking for $2500 but accepted a counter offer for $2000. The sale occurred 2 days ago. I shipped the item yesterday. The buyer should get the toy by no later than September 29th, assuming nothing out of the ordinary happens. Under the listing there is a note that I discovered that says EBay is holding the funds until October 24th. I’ve never sold an item for more than $175, so maybe I’m not used to the process for higher priced sale items, but is this standard policy for EBay to hold the funds an entire month in cases like this? The note said it was to give the buyer time if there was something they wanted to dispute, but why does it give the buyer nearly a month to do this? Wouldn’t a buyer know immediately if there was an issue? I just don’t understand the excessive amount of time when a more shortened time frame would seem sufficient to me. I guess I’m just in my feelings because I was counting on part of that money to pay my health insurance premium this month. I really need that money now. For additional context, I’m an established eBay seller that has been selling items for over 5 years with 149 reviews, all but 2 of them positive. The remaining 2 reviews were neutral. Do I even have the right to be salty about this? I’m just used to getting my funds released within 24-48 hours, so this time frame is totally new to me.",itsjoe0618,5,0.69,16,2026-09-25T13:08:49Z,https://www.reddit.com/r/Ebay/comments/1wpvx4d/rant_incoming/,,,Toys/Collectibles,action figures,payouts; seller policies,"A seller complains about eBay placing a month-long hold on funds after selling a $2,000 vintage Thundercats action figure.",high,reddit:t3_1wpvx4d
126,current_recent,ebay,comment,https://www.reddit.com/r/Ebay/comments/1wpvx4d/rant_incoming,t1_pbyyh4f,Ebay,Rant incoming,"""I’ve never sold an item for more than $175"" Right there is why. eBay is making sure your account isn't being used for scamming (good feedback accounts are sold or stolen specifically for this purpose).",UnusualDoctor,19,,,2026-09-25T13:41:23Z,https://www.reddit.com/r/Ebay/comments/1wpvx4d/rant_incoming/,t3_1wpvx4d,0,Toys/Collectibles,action figures,payouts; fraud prevention,A commenter states eBay holds funds to prevent scams when a seller suddenly sells a far higher-priced item.,high,reddit:t1_pbyyh4f
126,current_recent,ebay,comment,https://www.reddit.com/r/Ebay/comments/1wpvx4d/rant_incoming,t1_pbywpcb,Ebay,Rant incoming,I'd save your annoyance. That delay could well be the least aggravating thing that happens with this transaction.,NagromNitsuj,16,,,2026-09-25T13:33:02Z,https://www.reddit.com/r/Ebay/comments/1wpvx4d/rant_incoming/,t3_1wpvx4d,0,Toys/Collectibles,action figures,seller risk,A commenter warns the seller that the payout delay might be the least frustrating issue in the transaction.,medium,reddit:t1_pbywpcb
126,current_recent,ebay,comment,https://www.reddit.com/r/Ebay/comments/1wpvx4d/rant_incoming,t1_pbyve0e,Ebay,Rant incoming,"eBay's policy on payment holds is here: [https://www.ebay.com/help/selling/getting-paid/getting-paid-items-youve-sold/payments-hold?id=4816](https://www.ebay.com/help/selling/getting-paid/getting-paid-items-youve-sold/payments-hold?id=4816) ""Transaction holds may be applied as a one-off for a specific order (for example, a high-priced item), or may apply to all of a seller's orders for a period of time (for example, new sellers or sellers who had a recent suspension)."" New or infrequent sellers, or sellers selling uncharacteristically higher-priced items are often subject to payment holds. So if you have never sold anything for more than $175 and suddenly sell an item for $2000, that would count as uncharacteristically higher for you, in my opinion.",eburtonlab,6,,,2026-09-25T13:26:47Z,https://www.reddit.com/r/Ebay/comments/1wpvx4d/rant_incoming/,t3_1wpvx4d,0,Toys/Collectibles,action figures,payouts; seller policies,A commenter cites eBay policy explaining that uncharacteristically high-priced sales often trigger temporary payment holds.,high,reddit:t1_pbyve0e
126,current_recent,ebay,comment,https://www.reddit.com/r/Ebay/comments/1wpvx4d/rant_incoming,t1_pbz159g,Ebay,Rant incoming,Very true unfortunately. 😂,WheresMyVino,4,,,2026-09-25T13:53:42Z,https://www.reddit.com/r/Ebay/comments/1wpvx4d/rant_incoming/,t1_pbywpcb,1,Toys/Collectibles,action figures,seller risk,A user agrees with a comment warning that the payout delay may be the least aggravating issue.,medium,reddit:t1_pbz159g
126,current_recent,ebay,comment,https://www.reddit.com/r/Ebay/comments/1wpvx4d/rant_incoming,t1_pbysgjk,Ebay,Rant incoming,"Yeah, I would be frustrated too, especially after selling for years without this happening.",HolidayCellist8600,4,,,2026-09-25T13:12:49Z,https://www.reddit.com/r/Ebay/comments/1wpvx4d/rant_incoming/,t3_1wpvx4d,0,Toys/Collectibles,action figures,payouts; seller sentiment,A commenter sympathizes with the seller's frustration over the payment hold after years of selling without issue.,high,reddit:t1_pbysgjk
127,current_recent,ebay,post,https://www.reddit.com/r/Ebay/comments/1wpaz3y/funds_on_hold_awaiting_delivery,,Ebay,Funds on hold awaiting delivery,Just talked with a rep and he said my sales have increased so they put a hold on it. Feel like I’m being punished for all the hard work I’ve been doing. It’s been almost 3 months of this and it’s stressing me out. Anyone had this issue before? How long did you wait?,Mammoth-Win-8188,3,0.8,4,2026-09-24T19:22:17Z,https://www.reddit.com/r/Ebay/comments/1wpaz3y/funds_on_hold_awaiting_delivery/,,,General marketplace,Platform payouts,Payment holds; Seller experience,A seller shares that their funds have been held for nearly three months following increased sales and asks how long others waited.,high,reddit:t3_1wpaz3y
127,current_recent,ebay,comment,https://www.reddit.com/r/Ebay/comments/1wpaz3y/funds_on_hold_awaiting_delivery,t1_pbxeq0e,Ebay,Funds on hold awaiting delivery,They held your money for 3 months!?,Asleep_Swordfish8896,1,,,2026-09-25T07:28:38Z,https://www.reddit.com/r/Ebay/comments/1wpaz3y/funds_on_hold_awaiting_delivery/,t3_1wpaz3y,0,General marketplace,Platform payouts,Payment holds,A commenter expresses surprise that the original poster had their funds held for three months.,high,reddit:t1_pbxeq0e
128,current_recent,ebay,post,https://www.reddit.com/r/Ebay/comments/1wpohnk/is_this_a_glitch,,Ebay,Is this a glitch?,"Hello everyone, is anyone facing this issue with eBay account? I just logged in and can’t find my listings.",buntythegreat,2,1,2,2026-09-25T05:58:11Z,https://www.reddit.com/r/Ebay/comments/1wpohnk/is_this_a_glitch/,,,General marketplace,eBay platform,Technical glitch; Listing visibility,A user asks if others are experiencing an eBay glitch where their listings are missing upon logging in.,high,reddit:t3_1wpohnk
128,current_recent,ebay,comment,https://www.reddit.com/r/Ebay/comments/1wpohnk/is_this_a_glitch,t1_pbyw3kb,Ebay,Is this a glitch?,"Thursday nights Pacific Time are when eBay does server updates, which can cause temporary glitches like this.",eburtonlab,2,,,2026-09-25T13:30:09Z,https://www.reddit.com/r/Ebay/comments/1wpohnk/is_this_a_glitch/,t3_1wpohnk,0,General marketplace,eBay platform,Platform maintenance; Technical glitch,A commenter explains that eBay server updates on Thursday nights Pacific Time can cause temporary glitches.,high,reddit:t1_pbyw3kb
129,current_recent,ebay,post,https://www.reddit.com/r/Ebay/comments/1wpk9h3/am_i_in_the_wrong_for_complaining_about,,Ebay,Am I in the wrong for complaining about purposeful damage to a cheap item I bought?,"Never posted here before so I hope it’s okay, but this happened earlier today and I have no one to really ask about this situation so I wanted to share here. Purchased a mint condition item in its original packaging that I wanted to add to my collection, it was cheap at just 10$, yay! Once it arrived, I saw they folded the corner of the items cardboard to where it had a huge crease and ruined the logo. It was clear this was purposefully done to fit the crappy envelope type shipping container. Disappointed and confused I messaged the seller, who’s sold thousands of items with a 98% positive review and their description goes out of their way to pride themselves on being a collector trustworthy seller, and got written back: “you have to be kidding me you wasted time writing all this for a 9.99 item that only use is the code” So now I have an unnecessarily damaged item, got insulted for the price / item, and feel burned by a seller that has plenty of other things I was interested in buying. Am I in the wrong for complaining ?? This all felt so unnecessary 😭",BB_three,2,0.75,9,2026-09-25T02:09:36Z,https://www.reddit.com/r/Ebay/comments/1wpk9h3/am_i_in_the_wrong_for_complaining_about/,,,Toys/Collectibles,packaging; collectibles,shipping damage; seller dispute,A buyer asks if they were wrong to complain after a seller intentionally folded a packaged collectible to fit an envelope.,medium,reddit:t3_1wpk9h3
129,current_recent,ebay,comment,https://www.reddit.com/r/Ebay/comments/1wpk9h3/am_i_in_the_wrong_for_complaining_about,t1_pbw3zqv,Ebay,Am I in the wrong for complaining about purposeful damage to a cheap item I bought?,"Open an item not as described. You are not in the wrong, you purchased it unaltered. Pretty unprofessional response on the seller's part.",FilmoreSlim1974,11,,,2026-09-25T02:11:28Z,https://www.reddit.com/r/Ebay/comments/1wpk9h3/am_i_in_the_wrong_for_complaining_about/,t3_1wpk9h3,0,General marketplace,returns,item not as described; customer service,The commenter advises the buyer to open an 'item not as described' dispute and criticizes the seller's response.,high,reddit:t1_pbw3zqv
129,current_recent,ebay,comment,https://www.reddit.com/r/Ebay/comments/1wpk9h3/am_i_in_the_wrong_for_complaining_about,t1_pbw90fn,Ebay,Am I in the wrong for complaining about purposeful damage to a cheap item I bought?,This will force ebay/the seller to send you a prepaid label and they will pay return shipping. When it's received you'll get your entire purchase amount and shipping back. Then leave the seller a BIG FAT NEGATIVE,Loves_LV,6,,,2026-09-25T02:38:27Z,https://www.reddit.com/r/Ebay/comments/1wpk9h3/am_i_in_the_wrong_for_complaining_about/,t1_pbw4ams,2,General marketplace,returns,return shipping; seller feedback,"The commenter explains that filing a case forces a prepaid return label and full refund, and suggests leaving negative feedback.",high,reddit:t1_pbw90fn
129,current_recent,ebay,comment,https://www.reddit.com/r/Ebay/comments/1wpk9h3/am_i_in_the_wrong_for_complaining_about,t1_pbw4ams,Ebay,Am I in the wrong for complaining about purposeful damage to a cheap item I bought?,"Oh, I didn’t even think of that 😅 I’ve really never had issues on EBay so I didn’t even know what my options were, thank you!",BB_three,5,,,2026-09-25T02:13:01Z,https://www.reddit.com/r/Ebay/comments/1wpk9h3/am_i_in_the_wrong_for_complaining_about/,t1_pbw3zqv,1,General marketplace,online marketplaces,buyer dispute; customer support,The user expresses gratitude for learning about dispute options after rarely experiencing issues on eBay.,high,reddit:t1_pbw4ams
129,current_recent,ebay,comment,https://www.reddit.com/r/Ebay/comments/1wpk9h3/am_i_in_the_wrong_for_complaining_about,t1_pbw62ia,Ebay,Am I in the wrong for complaining about purposeful damage to a cheap item I bought?,"98% is really bad for a feedback percentage. Anything below 99.5, assuming they sell a decent amount, is total garbage. Definitely file a return.",Longjumping_Bad9555,3,,,2026-09-25T02:22:34Z,https://www.reddit.com/r/Ebay/comments/1wpk9h3/am_i_in_the_wrong_for_complaining_about/,t3_1wpk9h3,0,General marketplace,seller feedback,feedback rating; returns,The commenter states that a 98% feedback rating is poor and advises the buyer to file a return.,high,reddit:t1_pbw62ia
129,current_recent,ebay,comment,https://www.reddit.com/r/Ebay/comments/1wpk9h3/am_i_in_the_wrong_for_complaining_about,t1_pbw5m5e,Ebay,Am I in the wrong for complaining about purposeful damage to a cheap item I bought?,"Yep open a return ""item not as described"" and now seller will have to pay for a shipping label for you to return that 9.99 item",StrangeValue6657,3,,,2026-09-25T02:20:10Z,https://www.reddit.com/r/Ebay/comments/1wpk9h3/am_i_in_the_wrong_for_complaining_about/,t3_1wpk9h3,0,General marketplace,returns,item not as described; return shipping,The commenter recommends opening an 'item not as described' return so the seller must pay for return shipping.,high,reddit:t1_pbw5m5e
130,current_recent,ebay,post,https://www.reddit.com/r/Ebay/comments/1wpx4ai/order_with_postage_is_being_collected,,Ebay,Order with postage is being collected,"Hi all, I'd appreciate some advise, ebay doesn't seem to give me an option here and I can't find any way to contact support on this. I sold some wheels but didn't want to have to mess around with a courier so intended them to be collection only. I only realised after someone bought and paid for postage that I missed collection only. I messaged the buyer, apologised and offered their money back. They said they're OK with collection and are swinging by today. Now ebay are moaning that they need to be dispatched and give me no option to say it's collection. I'm concerned that if I just tell ebay its been dispatched, this could open me up to issues when the item isn't delivered. Or do I cancel the order, refund the buyer, then set up a new collection only listing? Seems like a right faff? Thanks",Creative_Macaron_230,1,1,3,2026-09-25T14:00:33Z,https://www.reddit.com/r/Ebay/comments/1wpx4ai/order_with_postage_is_being_collected/,,,Other / emerging,car wheels,local pickup; shipping options,A seller asks how to handle an order mistakenly listed with postage when the buyer agreed to local collection.,high,reddit:t3_1wpx4ai
130,current_recent,ebay,comment,https://www.reddit.com/r/Ebay/comments/1wpx4ai/order_with_postage_is_being_collected,t1_pbz3gvu,Ebay,Order with postage is being collected,"Yes, you would need to cancel are relist with the correct delivery option.",mchurchw1,3,,,2026-09-25T14:04:19Z,https://www.reddit.com/r/Ebay/comments/1wpx4ai/order_with_postage_is_being_collected/,t3_1wpx4ai,0,Other / emerging,car wheels,order cancellation; relisting,The commenter advises the seller to cancel and relist the item with the correct delivery option.,high,reddit:t1_pbz3gvu
130,current_recent,ebay,comment,https://www.reddit.com/r/Ebay/comments/1wpx4ai/order_with_postage_is_being_collected,t1_pbz7r1b,Ebay,Order with postage is being collected,💯%,Blackpooligan,1,,,2026-09-25T14:23:24Z,https://www.reddit.com/r/Ebay/comments/1wpx4ai/order_with_postage_is_being_collected/,t1_pbz3gvu,1,Other / emerging,car wheels,unclear reaction,The user reacts with a 100% emoji agreeing with the advice to cancel and relist.,medium,reddit:t1_pbz7r1b
131,current_recent,ebay,post,https://www.reddit.com/r/Ebay/comments/1wpx1lh/aitaam_i_too_impatient,,Ebay,AITA—Am I too impatient?,"Would like other sellers input. I also sell on eBay and know how things work… Purchased an out of print book on September 10th. Seller’s info said they would ship within 7 days. Not ideal, but I needed the book by the end of September, so that would work. On day 8, (so September 18), I requested a refund because the book had not shipped yet. Seller denied my request and provided tracking. Yesterday, so six days later, with tracking still not updating and the estimated delivery date passed, I opened a INR case and again asked for a refund, which I received. Today, suddenly, tracking has been updated and the book is scheduled to be delivered tomorrow. I specifically ordered from this seller because everyone else selling this book had tons of negative feedback (now this seller has negative feedback from other buyers because of shipping delays.) This is the third time lately I’ve had issues with sellers, which is not normal (most sellers are fantastic!) AITA for being pushy about shipping times?",Airregaithel,1,0.67,9,2026-09-25T13:57:33Z,https://www.reddit.com/r/Ebay/comments/1wpx1lh/aitaam_i_too_impatient/,,,Other / emerging,books,shipping delays; buyer refund,A buyer asks if they were too pushy after requesting refunds for a delayed out-of-print book that finally shipped.,high,reddit:t3_1wpx1lh
131,current_recent,ebay,comment,https://www.reddit.com/r/Ebay/comments/1wpx1lh/aitaam_i_too_impatient,t1_pbzbuuw,Ebay,AITA—Am I too impatient?,"Honestly, it reads like the seller wasn't paying attention, didn't even notice it sold until you filed a claim over a week later, finally sent it without a proper message or apology, and then USPS flubs the initial scan. Make sure the item is as described. I'd be sorely tempted to leave negative feedback based on the abysmal level of customer support from the seller. The delay, ok, shit happens, but being useless at communicating is another matter.",KerashiStorm,1,,,2026-09-25T14:41:03Z,https://www.reddit.com/r/Ebay/comments/1wpx1lh/aitaam_i_too_impatient/,t3_1wpx1lh,0,Other / emerging,books,seller communication; feedback,"A commenter attributes the delay to seller inattention, poor communication, and postal scanning issues, suggesting possible negative feedback.",high,reddit:t1_pbzbuuw
131,current_recent,ebay,comment,https://www.reddit.com/r/Ebay/comments/1wpx1lh/aitaam_i_too_impatient,t1_pbz4o6p,Ebay,AITA—Am I too impatient?,So is this actually a post office issue? We sell A lot of items and the amount of items that do not get tracked/scanned is incredible.,theDugen911,1,,,2026-09-25T14:09:47Z,https://www.reddit.com/r/Ebay/comments/1wpx1lh/aitaam_i_too_impatient/,t3_1wpx1lh,0,General marketplace,shipping,tracking scans; post office issues,"A seller asks if the issue stems from USPS, noting frequent missing tracking scans in their own sales experience.",medium,reddit:t1_pbz4o6p
131,current_recent,ebay,comment,https://www.reddit.com/r/Ebay/comments/1wpx1lh/aitaam_i_too_impatient,t1_pbzar37,Ebay,AITA—Am I too impatient?,"A combination of both seller incompetence and USPS. Seller dicked around and didn't ship until over a week later, giving no real communication, then USPS flubs and doesn't scan. This is not how one should handle a sale.",KerashiStorm,1,,,2026-09-25T14:36:20Z,https://www.reddit.com/r/Ebay/comments/1wpx1lh/aitaam_i_too_impatient/,t1_pbz4o6p,1,General marketplace,shipping,seller negligence; carrier delays,"A commenter blames both the seller's delayed handling and poor communication, as well as postal scanning failures.",high,reddit:t1_pbzar37
131,current_recent,ebay,comment,https://www.reddit.com/r/Ebay/comments/1wpx1lh/aitaam_i_too_impatient,t1_pbzah9q,Ebay,AITA—Am I too impatient?,"Shipping label says it was created on 9-18 but accepted by the post office on 9-24, so I don’t think it’s the post office’s fault this time. Shipping from Illinois and I’m in Ohio, so it’s not a distance issue either, however the seller’s profile says they’re in California, so I wonder if they’re drop shipping or something. Not sure how that works.",Airregaithel,1,,,2026-09-25T14:35:10Z,https://www.reddit.com/r/Ebay/comments/1wpx1lh/aitaam_i_too_impatient/,t1_pbz4o6p,1,Other / emerging,books,shipping delays; dropshipping,"The original poster notes tracking dates show postal acceptance was delayed, suspecting possible drop shipping based on differing locations.",high,reddit:t1_pbzah9q
132,current_recent,ebay,post,https://www.reddit.com/r/Ebay/comments/1wpwx1h/usps_using_17track,,Ebay,USPS using 17track?,I bought something from Florida on eBay and the USPS tracking website shows that the shipment has not yet been picked up. Seller tells me that USPS owns 17track and all the information is on that website. From what I found online 17track is used by drop shippers so I am starting to think that if I ever receive anything that the item will be a counterfeit. Has anyone ever experienced something similar? Thank you for any advice in advanced.,HeedLynn,1,1,3,2026-09-25T13:52:11Z,https://www.reddit.com/r/Ebay/comments/1wpwx1h/usps_using_17track/,,,General marketplace,eBay orders,Shipping tracking; Dropshipping concerns,"A buyer questions an eBay seller's claim regarding USPS and 17track, suspecting dropshipping and a potential counterfeit item.",high,reddit:t3_1wpwx1h
132,current_recent,ebay,comment,https://www.reddit.com/r/Ebay/comments/1wpwx1h/usps_using_17track,t1_pbzgqg5,Ebay,USPS using 17track?,"He’s a drop shipper probably in China, he’s gaslighting you. These are also the websites that eBay scammers use the fake tracking number scam on. Be careful",Jsand117,1,,,2026-09-25T15:01:48Z,https://www.reddit.com/r/Ebay/comments/1wpwx1h/usps_using_17track/,t3_1wpwx1h,0,General marketplace,eBay orders,Dropshipping claims; Tracking scams,A commenter claims the seller is likely a dropshipper in China and warns of potential fake tracking scams.,high,reddit:t1_pbzgqg5
132,current_recent,ebay,comment,https://www.reddit.com/r/Ebay/comments/1wpwx1h/usps_using_17track,t1_pbzhnqv,Ebay,USPS using 17track?,Fishy for sure. Drop shipping seems plausible,Embarrassed-Mind6764,1,,,2026-09-25T15:05:46Z,https://www.reddit.com/r/Ebay/comments/1wpwx1h/usps_using_17track/,t3_1wpwx1h,0,General marketplace,eBay orders,Dropshipping claims,A commenter states the situation seems suspicious and agrees dropshipping is plausible.,high,reddit:t1_pbzhnqv
133,current_recent,ebay,post,https://www.reddit.com/r/Ebay/comments/1wpwl0b/how_do_you_get_more_eyes_on_your_ebay_store,,Ebay,How do you get more eyes on your Ebay store?,"IS there a subreddit for just showing off what we are selling? I have to auctions finishing today both are for rare items, one has never been seen or posted on the internet before ever and I would love to get more attention to it before the auctions end? I've posted to my TikTok, Instagram and Facebook, even had the wife and friend share it to theirs. Posted on the subreddits for the items that allowed it. Am I missing anything?",Arkburn,1,0.67,6,2026-09-25T13:37:45Z,https://www.reddit.com/r/Ebay/comments/1wpwl0b/how_do_you_get_more_eyes_on_your_ebay_store/,,,General marketplace,rare collectibles; eBay listings,promotion strategies; store traffic,A seller asks how to drive more attention across social platforms and Reddit to ending eBay auctions for rare items.,high,reddit:t3_1wpwl0b
133,current_recent,ebay,comment,https://www.reddit.com/r/Ebay/comments/1wpwl0b/how_do_you_get_more_eyes_on_your_ebay_store,t1_pbyyxrc,Ebay,How do you get more eyes on your Ebay store?,"If you're selling something that has ""never been seen of posted on the internet before"" then people (most likely) aren't even looking for it or aware that it's there. What is the mystery item? Maybe that'll give us some insight into your problem?",SouthernCritic,4,,,2026-09-25T13:43:32Z,https://www.reddit.com/r/Ebay/comments/1wpwl0b/how_do_you_get_more_eyes_on_your_ebay_store/,t3_1wpwl0b,0,General marketplace,eBay listings,buyer search behavior; item identification,A commenter notes that buyers likely will not search for unknown items and asks the seller to identify the listing.,high,reddit:t1_pbyyxrc
133,current_recent,ebay,comment,https://www.reddit.com/r/Ebay/comments/1wpwl0b/how_do_you_get_more_eyes_on_your_ebay_store,t1_pbz04cg,Ebay,How do you get more eyes on your Ebay store?,"weird like that, the market is basically whoever stumbles onto it by chance what's the item though? i'm curious now",Academic_Big_2663,2,,,2026-09-25T13:49:00Z,https://www.reddit.com/r/Ebay/comments/1wpwl0b/how_do_you_get_more_eyes_on_your_ebay_store/,t1_pbyyxrc,1,General marketplace,eBay listings,buyer search behavior; item identification,A commenter notes the market depends on chance discovery for obscure items and asks what the seller is offering.,high,reddit:t1_pbz04cg
133,current_recent,ebay,comment,https://www.reddit.com/r/Ebay/comments/1wpwl0b/how_do_you_get_more_eyes_on_your_ebay_store,t1_pbz3oho,Ebay,How do you get more eyes on your Ebay store?,"Before listing ultra-rare, unique items, it may help to list some related but less-rare items that buyers might actually be searching for. That way you can build a reputation for selling such items and gain some followers. As a buyer, I often save links to sellers that I find that specialize in selling items in areas I am interested in, and then check their ""items for sale"" periodically to see what else they have listed that I might not have been searching for directly.",eburtonlab,2,,,2026-09-25T14:05:17Z,https://www.reddit.com/r/Ebay/comments/1wpwl0b/how_do_you_get_more_eyes_on_your_ebay_store/,t3_1wpwl0b,0,General marketplace,eBay listings,seller reputation; listing strategy,"A commenter suggests listing related, searchable items first to build a reputation and attract followers before selling ultra-rare pieces.",high,reddit:t1_pbz3oho
133,current_recent,ebay,comment,https://www.reddit.com/r/Ebay/comments/1wpwl0b/how_do_you_get_more_eyes_on_your_ebay_store,t1_pbzgyrx,Ebay,How do you get more eyes on your Ebay store?,It's hard to explain at least for me. I apparently lived near the artist who designed currency for America. He had three large banners of currency he designed really beautiful stuff. [https://ebay.io/m/CJuPGB](https://ebay.io/m/CJuPGB),Arkburn,1,,,2026-09-25T15:02:47Z,https://www.reddit.com/r/Ebay/comments/1wpwl0b/how_do_you_get_more_eyes_on_your_ebay_store/,t1_pbyyxrc,1,Other / emerging,currency art banners; memorabilia,item identification; listing details,The seller shares an eBay link and explains the items are banners designed by a US currency artist.,high,reddit:t1_pbzgyrx
133,current_recent,ebay,comment,https://www.reddit.com/r/Ebay/comments/1wpwl0b/how_do_you_get_more_eyes_on_your_ebay_store,t1_pbzhi1d,Ebay,How do you get more eyes on your Ebay store?,"I have a ton of stuff on my eBay store. In fact, I'll most likely max it out foe this month. That being said I've only listed one so far, I have two others. Waiting to see how the first one goes.",Arkburn,1,,,2026-09-25T15:05:05Z,https://www.reddit.com/r/Ebay/comments/1wpwl0b/how_do_you_get_more_eyes_on_your_ebay_store/,t1_pbz3oho,1,General marketplace,eBay listings,listing strategy; inventory limits,The seller states their store inventory is near capacity and that they are testing the first rare listing before adding others.,high,reddit:t1_pbzhi1d
134,current_recent,ebay,post,https://www.reddit.com/r/Ebay/comments/1wpr463/bundled_items_non_listed,,Ebay,Bundled Items + Non Listed,"I sell MTG cards, a buyer wanted to buy 3 of my items and combine shipping, so I offered a discounted rate. He then asked if I had any items not listed he could also purchase. I did, and have sent this list, do I need to then add these extra items as listed in order to maintain the buyer protection and offer them to him, and how would I set everything up at the pre agreed rate? I usually do everything from mobile and I’m struggling to find the options based on what the wiki advised.",KiriCrayon,1,1,2,2026-09-25T08:45:45Z,https://www.reddit.com/r/Ebay/comments/1wpr463/bundled_items_non_listed/,,,TCG/Pokemon,Magic: The Gathering cards,Listing process; Buyer protection,A seller asks how to properly list unlisted MTG cards to combine shipping and preserve buyer protection.,high,reddit:t3_1wpr463
134,current_recent,ebay,comment,https://www.reddit.com/r/Ebay/comments/1wpr463/bundled_items_non_listed,t1_pbz03hp,Ebay,Bundled Items + Non Listed,"You need to add these as a listing. eBay monitors your messages, just so you know.",SouthernCritic,1,,,2026-09-25T13:48:54Z,https://www.reddit.com/r/Ebay/comments/1wpr463/bundled_items_non_listed/,t3_1wpr463,0,TCG/Pokemon,Magic: The Gathering cards,Platform policy; Listing process,A commenter advises creating a listing for the items and notes that eBay monitors messages.,high,reddit:t1_pbz03hp
135,current_recent,ebay,post,https://www.reddit.com/r/Ebay/comments/1wplwou/what_is_the_safest_items_to_sell_as_a_newbie,,Ebay,What is the safest items to sell as a newbie?,"Hi there, I am trying to sell some collectibles and games on eBay. I have a plush that is no longer selling online at all but found one seller out of every platform and they are selling it for 400 bucks. But I'm planning to sell it for about 80 bucks, since I bought it for around 97 (imported it from Japan). I am also trying to sell some games and collectibles under 30. I read online and did research saying that it's not worth selling a big item you have on eBay and to try selling small items because of being a newbie, but I'm curious about how small you guys would consider? Is selling the things I have that are under $30 a safe bet or not? How would you go about building up a reputation on eBay to be protected more as a seller later on, from someone selling their video game and anime collection and physical media?",ExternalAsk9025,1,0.54,4,2026-09-25T03:33:15Z,https://www.reddit.com/r/Ebay/comments/1wplwou/what_is_the_safest_items_to_sell_as_a_newbie/,,,Toys/Collectibles; Other / emerging,plushies; video games,selling advice; seller reputation,"A beginner asks about safe price thresholds and strategies for selling collectibles, plushies, and video games on eBay.",high,reddit:t3_1wplwou
135,current_recent,ebay,comment,https://www.reddit.com/r/Ebay/comments/1wplwou/what_is_the_safest_items_to_sell_as_a_newbie,t1_pbwvahp,Ebay,What is the safest items to sell as a newbie?,"Yes make sure you have pictures of EVERY DEFECT, and make it clear in description that there is a defect or scratch etc.",Majestic_Ad_2198,6,,,2026-09-25T04:56:48Z,https://www.reddit.com/r/Ebay/comments/1wplwou/what_is_the_safest_items_to_sell_as_a_newbie/,t1_pbwjfgj,1,General marketplace,listing practices,condition disclosure; seller advice,A commenter advises photographing every defect and explicitly noting scratches or defects in item descriptions.,high,reddit:t1_pbwvahp
135,current_recent,ebay,comment,https://www.reddit.com/r/Ebay/comments/1wplwou/what_is_the_safest_items_to_sell_as_a_newbie,t1_pbwjfgj,Ebay,What is the safest items to sell as a newbie?,"Yeah start with smaller items, maybe <$50 or <$100 and just make sure your description is accurate, not overly long, and adds important detail to your photos. Don't AI-generate it because it'll try to write it like a marketing campaign and provides no useful information to the buyer. Then just make sure to pack stuff securely for shipping and ship on time. I would also do 30 days paid returns as the return policy, it may help prevent people that will force a not-as-described return if the policy is No Returns.",gt_710,5,,,2026-09-25T03:38:51Z,https://www.reddit.com/r/Ebay/comments/1wplwou/what_is_the_safest_items_to_sell_as_a_newbie/,t3_1wplwou,0,General marketplace,listing practices,seller advice; return policies,"A user recommends starting with smaller items, writing manual descriptions, packing securely, and offering 30-day paid returns.",high,reddit:t1_pbwjfgj
135,current_recent,ebay,comment,https://www.reddit.com/r/Ebay/comments/1wplwou/what_is_the_safest_items_to_sell_as_a_newbie,t1_pbwk3qf,Ebay,What is the safest items to sell as a newbie?,Makes sure you have the ability to thoroughly test video games especially catridge based games like pokemon they can work when you power them on but have other issues your buyers may submit a claim for,kushan22,1,,,2026-09-25T03:43:06Z,https://www.reddit.com/r/Ebay/comments/1wplwou/what_is_the_safest_items_to_sell_as_a_newbie/,t3_1wplwou,0,Other / emerging,video games,item testing; claim prevention,"A commenter advises thoroughly testing video games, particularly cartridge games like Pokemon, to prevent buyer claims.",high,reddit:t1_pbwk3qf
135,current_recent,ebay,comment,https://www.reddit.com/r/Ebay/comments/1wplwou/what_is_the_safest_items_to_sell_as_a_newbie,t1_pbwvq8b,Ebay,What is the safest items to sell as a newbie?,"You’ll find your niche, keep track of how much things are costing you. You’ll take some loses on things and you’ll have some refunds but you’ll make money just keep listing things.",Rbagg_,1,,,2026-09-25T04:59:51Z,https://www.reddit.com/r/Ebay/comments/1wplwou/what_is_the_safest_items_to_sell_as_a_newbie/,t3_1wplwou,0,General marketplace,seller finances,seller advice; reselling mindset,A user encourages tracking costs and continuing to list items despite occasional losses and refunds.,high,reddit:t1_pbwvq8b
136,current_recent,ebay,post,https://www.reddit.com/r/Ebay/comments/1wpk76d/i_moved_watchlist_items_to_new_lists_and_deleted,,Ebay,"I moved watchlist items to new lists and deleted them from from my main watchlist and it deleted them from all my watchlists, how to fix?","I moved hundreds of items to new watchlists, and then once moved, I deleted them to make room for new watchlist items (main list was full), and when I checked on them in the other lists, a bunch were deleted and only a few didnt delete. Do I have to go back and readd everything to the created watchlists, and not remove them from the main watch list in order to keep them? When i put something on a watchlist does it have to be added to a specific list to prevent it from being added to the main watchlist? Or what's going on?",OutrunRoad,1,1,3,2026-09-25T02:06:23Z,https://www.reddit.com/r/Ebay/comments/1wpk76d/i_moved_watchlist_items_to_new_lists_and_deleted/,,,General marketplace,watchlist,ui issue; list management,A user asks how to recover items deleted from custom watchlists after removing them from the main watchlist.,high,reddit:t3_1wpk76d
136,current_recent,ebay,comment,https://www.reddit.com/r/Ebay/comments/1wpk76d/i_moved_watchlist_items_to_new_lists_and_deleted,t1_pbw4dy5,Ebay,"I moved watchlist items to new lists and deleted them from from my main watchlist and it deleted them from all my watchlists, how to fix?","The only way I know of to add a deleted item back to a list is to find the item again and add it to a list manually. Check your Recently Viewed page for that last hundred or so items you have viewed. Check your Saved Searches and Saved Sellers. Check your cart and your Saved For Later list. Deleting from the Watch List also deletes from other lists, but the reverse is not necessarily the case. So if you add an item to your Watch List, leave it on the Watch List even if you move it to another list.",eburtonlab,2,,,2026-09-25T02:13:31Z,https://www.reddit.com/r/Ebay/comments/1wpk76d/i_moved_watchlist_items_to_new_lists_and_deleted/,t3_1wpk76d,0,General marketplace,watchlist,troubleshooting; account features,A commenter explains that deleting items from the main Watch List removes them from custom lists and suggests manual re-adding.,high,reddit:t1_pbw4dy5
136,current_recent,ebay,comment,https://www.reddit.com/r/Ebay/comments/1wpk76d/i_moved_watchlist_items_to_new_lists_and_deleted,t1_pbwa5fh,Ebay,"I moved watchlist items to new lists and deleted them from from my main watchlist and it deleted them from all my watchlists, how to fix?","You are welcome. It wasn't always set up that way, but it has been that way for at least a year or two. If you delete something from another list it actually gives you the option to delete from all lists or just the one; but on the Watch List that option is missing and it deletes from all lists by default. Perhaps if enough folks complain, eBay will reconsider. Use the ""Tell us what you think"" link on the Watch List page to give eBay some feedback, but don't hold your breath waiting for a fix.",eburtonlab,2,,,2026-09-25T02:44:44Z,https://www.reddit.com/r/Ebay/comments/1wpk76d/i_moved_watchlist_items_to_new_lists_and_deleted/,t1_pbw6ue7,2,General marketplace,watchlist,platform feedback; ui issue,A commenter explains eBay's watchlist deletion behavior across lists and suggests submitting feedback to the platform.,high,reddit:t1_pbwa5fh
136,current_recent,ebay,comment,https://www.reddit.com/r/Ebay/comments/1wpk76d/i_moved_watchlist_items_to_new_lists_and_deleted,t1_pbw6ue7,Ebay,"I moved watchlist items to new lists and deleted them from from my main watchlist and it deleted them from all my watchlists, how to fix?","Thank you for the help. Bruh...why would they design it like that?! And then not tell you upfront?! Why give the option for lists, and then still make you keep everything in the main list, so you cant make space for more stuff?! Now I have to go back and add so much...😒😢😠",OutrunRoad,1,,,2026-09-25T02:26:39Z,https://www.reddit.com/r/Ebay/comments/1wpk76d/i_moved_watchlist_items_to_new_lists_and_deleted/,t1_pbw4dy5,1,General marketplace,watchlist,user frustration; ui design,A user expresses frustration about watchlist design mechanics requiring items to stay on the main list.,high,reddit:t1_pbw6ue7
137,current_recent,ebay,post,https://www.reddit.com/r/Ebay/comments/1wphbkz/bought_something_on_0907_found_out_it_was_roach,,Ebay,"Bought something on 09/07.. found out it was roach infested, what can i do?","First time posting, not sure if i’m doing anything wrong. I bought an Xbox One X, it came in less than a week. Unboxed it, had a heavy smell of cigarettes. Didn’t think much of it, no roaches in sight either. A few days later I noticed two little roaches on my desk where the Xbox was, didn’t think much besides the fact it was maybe from the box it was shipped in. Now fast forward to today, I inserted a disc and took it back out, but the disc wasn’t the only thing that came out. I then checked the back of the xbox to find a few dead roaches there, pretty sure they were NOT there before. Infested consoles go for around $150 where I am.. is there any way to get some type of partial refund? I contacted the seller but got no response. For context, I also live in a dorm, no roaches or bugs in here.",Traditional-Guide604,1,0.6,16,2026-09-24T23:46:30Z,https://www.reddit.com/r/Ebay/comments/1wphbkz/bought_something_on_0907_found_out_it_was_roach/,,,Electronics,video game consoles; Xbox One X,refund request; damaged item,A buyer asks about getting a partial refund after finding an Xbox One X infested with roaches.,high,reddit:t3_1wphbkz
137,current_recent,ebay,comment,https://www.reddit.com/r/Ebay/comments/1wphbkz/bought_something_on_0907_found_out_it_was_roach,t1_pbvdmj0,Ebay,"Bought something on 09/07.. found out it was roach infested, what can i do?","Just return it for not as described. That's just gross, and the seller should've disclosed both issues.",Procontroller40,13,,,2026-09-24T23:52:08Z,https://www.reddit.com/r/Ebay/comments/1wphbkz/bought_something_on_0907_found_out_it_was_roach/,t3_1wphbkz,0,Electronics,video game consoles,returns; item not as described,A commenter advises returning the infested console as not as described because the seller should have disclosed the issues.,high,reddit:t1_pbvdmj0
137,current_recent,ebay,comment,https://www.reddit.com/r/Ebay/comments/1wphbkz/bought_something_on_0907_found_out_it_was_roach,t1_pbvsxx1,Ebay,"Bought something on 09/07.. found out it was roach infested, what can i do?","You're a funny guy. You've got a roach-infested console. And you're seeking partial refund, implying that you're happy to keep the console. Bro. Come on.",XxCarlxX,7,,,2026-09-25T01:13:45Z,https://www.reddit.com/r/Ebay/comments/1wphbkz/bought_something_on_0907_found_out_it_was_roach/,t3_1wphbkz,0,Electronics,video game consoles,refund request; buyer dispute,A commenter criticizes the buyer for seeking a partial refund to keep an infested console.,high,reddit:t1_pbvsxx1
137,current_recent,ebay,comment,https://www.reddit.com/r/Ebay/comments/1wphbkz/bought_something_on_0907_found_out_it_was_roach,t1_pbvi47l,Ebay,"Bought something on 09/07.. found out it was roach infested, what can i do?",Gross. Bag that shit up and send it bag for item not as described.,cougfan12345,6,,,2026-09-25T00:16:24Z,https://www.reddit.com/r/Ebay/comments/1wphbkz/bought_something_on_0907_found_out_it_was_roach/,t3_1wphbkz,0,Electronics,video game consoles,returns; item not as described,A commenter tells the buyer to bag up the infested item and return it as not as described.,high,reddit:t1_pbvi47l
137,current_recent,ebay,comment,https://www.reddit.com/r/Ebay/comments/1wphbkz/bought_something_on_0907_found_out_it_was_roach,t1_pbvkzwm,Ebay,"Bought something on 09/07.. found out it was roach infested, what can i do?",Yeah man just return it this is why I usually if I buy used consoles I always open them outside just in case,Azoth_N_Storn,5,,,2026-09-25T00:31:39Z,https://www.reddit.com/r/Ebay/comments/1wphbkz/bought_something_on_0907_found_out_it_was_roach/,t3_1wphbkz,0,Electronics,video game consoles,returns; buying advice,A commenter recommends returning the console and shares their practice of unboxing used consoles outside.,high,reddit:t1_pbvkzwm
137,current_recent,ebay,comment,https://www.reddit.com/r/Ebay/comments/1wphbkz/bought_something_on_0907_found_out_it_was_roach,t1_pbvs762,Ebay,"Bought something on 09/07.. found out it was roach infested, what can i do?",Infested consoles go for 150? Lol wut,SeaAcanthisitta6759,2,,,2026-09-25T01:09:52Z,https://www.reddit.com/r/Ebay/comments/1wphbkz/bought_something_on_0907_found_out_it_was_roach/,t3_1wphbkz,0,Electronics,video game consoles,pricing; item condition,A commenter expresses disbelief at the claim that infested consoles sell for $150.,high,reddit:t1_pbvs762
