comment_row,video_url,source_row,original_filename,video_comments_count,video_views,item_category,ebay_item,comment_id,comment_text,comment_likes,comment_created_at,author,flash_community,flash_specific_category,flash_topic,flash_short_summary,flash_confidence,flash_evidence_row_id
1,https://www.tiktok.com/@whatnot/video/7499564422554209582,829,0832_7499564422554209582.mp4,1910.0,12100000.0,"Toy, collectible","Labubu designer toys, Pop Mart collectibles, The Monsters blind boxes, One Piece figures",7503354358359458606,The Labubu’s are basically a Tokoloshi demon!,452,2025-05-12T00:47:36.000Z,yuh.yuh.yuh777,Toys/Collectibles,designer toys; Labubu,design comparison; appearance,The commenter asserts that Labubu toys basically resemble a Tokoloshe demon.,high,tiktok_comment:7503354358359458606
2,https://www.tiktok.com/@whatnot/video/7499564422554209582,829,0832_7499564422554209582.mp4,1910.0,12100000.0,"Toy, collectible","Labubu designer toys, Pop Mart collectibles, The Monsters blind boxes, One Piece figures",7500620196484285226,They look like the anime version of Where the Wild Things Are,2873,2025-05-04T15:57:45.000Z,bahobthewarrior,Toys/Collectibles,designer toys,design comparison; appearance,The commenter compares the toys' look to an anime version of Where the Wild Things Are.,high,tiktok_comment:7500620196484285226
3,https://www.tiktok.com/@whatnot/video/7499564422554209582,829,0832_7499564422554209582.mp4,1910.0,12100000.0,"Toy, collectible","Labubu designer toys, Pop Mart collectibles, The Monsters blind boxes, One Piece figures",7506663872768394030,Grown adults btw,199,2025-05-20T22:50:15.000Z,basswoahh,Toys/Collectibles,designer toys,buyer demographics; criticism,The commenter points out critically that grown adults are the ones engaging with the items.,medium,tiktok_comment:7506663872768394030
4,https://www.tiktok.com/@whatnot/video/7499564422554209582,829,0832_7499564422554209582.mp4,1910.0,12100000.0,"Toy, collectible","Labubu designer toys, Pop Mart collectibles, The Monsters blind boxes, One Piece figures",7509999826307744530,They are not even củte whaat,538,2025-05-29T22:35:17.000Z,sui_cenhrang,Toys/Collectibles,designer toys,aesthetic critique,The commenter expresses disbelief and states that the items are not even cute.,high,tiktok_comment:7509999826307744530
5,https://www.tiktok.com/@whatnot/video/7499564422554209582,829,0832_7499564422554209582.mp4,1910.0,12100000.0,"Toy, collectible","Labubu designer toys, Pop Mart collectibles, The Monsters blind boxes, One Piece figures",7501708915789906730,social psychology issue. I bet you most of these people bought it because everyone else has one. It's a trend and people don't want to stand out of it,941,2025-05-07T14:22:30.000Z,lovingsillhouette,Toys/Collectibles,designer toys,trend chasing; consumer behavior,The commenter attributes purchases to social psychology and peer trend conformity rather than individual interest.,high,tiktok_comment:7501708915789906730
6,https://www.tiktok.com/@whatnot/video/7499564422554209582,829,0832_7499564422554209582.mp4,1910.0,12100000.0,"Toy, collectible","Labubu designer toys, Pop Mart collectibles, The Monsters blind boxes, One Piece figures",7520332670212735775,Keep in mind grown ahh people buy these 🤦🏽‍♂️🤦🏽‍♂️,793,2025-06-26T18:51:59.000Z,yoboialmond,Toys/Collectibles,designer toys,buyer demographics; criticism,The commenter expresses disapproval that grown adults buy these items.,high,tiktok_comment:7520332670212735775
7,https://www.tiktok.com/@whatnot/video/7499564422554209582,829,0832_7499564422554209582.mp4,1910.0,12100000.0,"Toy, collectible","Labubu designer toys, Pop Mart collectibles, The Monsters blind boxes, One Piece figures",7500031768726569758,these remind me of some dolls my mom used to have called monchichis,511,2025-05-03T01:54:09.000Z,abraham.boror,Toys/Collectibles,designer toys,item comparison; nostalgia,The commenter notes the toys remind them of Monchhichi dolls their mother used to own.,high,tiktok_comment:7500031768726569758
8,https://www.tiktok.com/@whatnot/video/7499564422554209582,829,0832_7499564422554209582.mp4,1910.0,12100000.0,"Toy, collectible","Labubu designer toys, Pop Mart collectibles, The Monsters blind boxes, One Piece figures",7500158036738392878,never seen one in my life.,716,2025-05-03T10:06:49.000Z,slavakane007,Toys/Collectibles,designer toys,unfamiliarity,The commenter mentions having never seen one of the items before in their life.,high,tiktok_comment:7500158036738392878
9,https://www.tiktok.com/@whatnot/video/7499564422554209582,829,0832_7499564422554209582.mp4,1910.0,12100000.0,"Toy, collectible","Labubu designer toys, Pop Mart collectibles, The Monsters blind boxes, One Piece figures",7500568576386941726,I honestly dont see the hype. They're overpriced just like everything else in that place.,523,2025-05-04T12:37:15.000Z,chefshbeeny,Toys/Collectibles,designer toys,pricing criticism; hype,"The commenter questions the hype, calling the items overpriced like everything else in that store.",high,tiktok_comment:7500568576386941726
10,https://www.tiktok.com/@whatnot/video/7499564422554209582,829,0832_7499564422554209582.mp4,1910.0,12100000.0,"Toy, collectible","Labubu designer toys, Pop Mart collectibles, The Monsters blind boxes, One Piece figures",7504838131923256094,Umm but they are demonic so I would not get them sorry,50,2025-05-16T00:45:11.000Z,spamm.1217,Toys/Collectibles,designer toys,personal refusal; appearance,The commenter says they would not buy the items because they consider them demonic.,high,tiktok_comment:7504838131923256094
11,https://www.tiktok.com/@hypebeast/video/7055690255357332782,696,0698_7055690255357332782.mp4,2027.0,3200000.0,sneakers,Louis Vuitton x Nike Air Force 1 sneakers,7055696910669792005,R.I.P Virgil 🕊,6498,2022-01-21T16:27:37.000Z,nick_letendre,Sneakers/Streetwear; Luxury Fashion,designer sneakers,designer tribute,User pays respects to Virgil Abloh.,high,tiktok_comment:7055696910669792005
12,https://www.tiktok.com/@hypebeast/video/7055690255357332782,696,0698_7055690255357332782.mp4,2027.0,3200000.0,sneakers,Louis Vuitton x Nike Air Force 1 sneakers,7055761849858114310,mans opened the box upside down,1266,2022-01-21T20:39:37.000Z,anonymous194848283,Sneakers/Streetwear,designer sneakers,unboxing behavior,User points out that the box was opened upside down.,high,tiktok_comment:7055761849858114310
13,https://www.tiktok.com/@hypebeast/video/7055690255357332782,696,0698_7055690255357332782.mp4,2027.0,3200000.0,sneakers,Louis Vuitton x Nike Air Force 1 sneakers,7056485598932157186,Man’s trying to sound soooo inspirational,1041,2022-01-23T19:28:13.000Z,clark1233566,Sneakers/Streetwear,designer sneakers,creator critique,User comments that the creator is trying hard to sound inspirational.,medium,tiktok_comment:7056485598932157186
14,https://www.tiktok.com/@hypebeast/video/7055690255357332782,696,0698_7055690255357332782.mp4,2027.0,3200000.0,sneakers,Louis Vuitton x Nike Air Force 1 sneakers,7056301006027784961,"""wow"" before seeing anything",6,2022-01-23T07:31:53.000Z,chrishakm,Sneakers/Streetwear,designer sneakers,unboxing reaction,User notes the creator said 'wow' before actually seeing anything.,high,tiktok_comment:7056301006027784961
15,https://www.tiktok.com/@hypebeast/video/7055690255357332782,696,0698_7055690255357332782.mp4,2027.0,3200000.0,sneakers,Louis Vuitton x Nike Air Force 1 sneakers,7176105382738690862,My man got the cleanest shoes,5,2022-12-12T03:54:15.000Z,za1nreza,Sneakers/Streetwear,designer sneakers,product praise,User compliments the creator on having very clean shoes.,high,tiktok_comment:7176105382738690862
16,https://www.tiktok.com/@hypebeast/video/7055690255357332782,696,0698_7055690255357332782.mp4,2027.0,3200000.0,sneakers,Louis Vuitton x Nike Air Force 1 sneakers,7057614691153199877,So creative,6,2022-01-26T20:29:34.000Z,symonaosten3833,Sneakers/Streetwear,designer sneakers,product praise,User remarks that something is creative.,medium,tiktok_comment:7057614691153199877
17,https://www.tiktok.com/@hypebeast/video/7055690255357332782,696,0698_7055690255357332782.mp4,2027.0,3200000.0,sneakers,Louis Vuitton x Nike Air Force 1 sneakers,7056880648581120815,nice!,6,2022-01-24T21:01:11.000Z,eternityleggiero4346,Sneakers/Streetwear,designer sneakers,unclear reaction,User expresses a simple positive reaction.,low,tiktok_comment:7056880648581120815
18,https://www.tiktok.com/@hypebeast/video/7055690255357332782,696,0698_7055690255357332782.mp4,2027.0,3200000.0,sneakers,Louis Vuitton x Nike Air Force 1 sneakers,7064102215447429894,Another one🙏💀,6,2022-02-13T08:04:35.000Z,kvvvvvmil,Sneakers/Streetwear,designer sneakers,catchphrase reference,User comments with the catchphrase 'Another one'.,medium,tiktok_comment:7064102215447429894
19,https://www.tiktok.com/@hypebeast/video/7055690255357332782,696,0698_7055690255357332782.mp4,2027.0,3200000.0,sneakers,Louis Vuitton x Nike Air Force 1 sneakers,7056444470384821038,Dj Khaled not the best music 💀,155,2022-01-23T16:48:36.000Z,super.duper.scrumptious,Sneakers/Streetwear,designer sneakers,creator critique,User critiques DJ Khaled's music.,high,tiktok_comment:7056444470384821038
20,https://www.tiktok.com/@hypebeast/video/7055690255357332782,696,0698_7055690255357332782.mp4,2027.0,3200000.0,sneakers,Louis Vuitton x Nike Air Force 1 sneakers,7056578450426250030,Can you e a pair Kalid? 🔥 🔥,6,2022-01-24T01:28:30.000Z,reechris1016,Sneakers/Streetwear,designer sneakers,gift request,User asks Khaled for a pair of shoes.,medium,tiktok_comment:7056578450426250030
21,https://www.tiktok.com/@jonnyshops/video/7581281769668857143,323,0324_7581281769668857143.mp4,2108.0,5400000.0,"Electronics, video games, collectibles","Retro game stick, game console, video game controller, classic video games",7603812614821462815,Is the original Pokémon on here?,0,2026-02-06T17:57:49.000Z,crossfire4417,Electronics,retro game stick; classic video games,game availability; inquiry,User asks if the original Pokémon game is included on the retro console.,high,tiktok_comment:7603812614821462815
22,https://www.tiktok.com/@jonnyshops/video/7581281769668857143,323,0324_7581281769668857143.mp4,2108.0,5400000.0,"Electronics, video games, collectibles","Retro game stick, game console, video game controller, classic video games",7674271680834994958,more than half are doubled and not in english,1,2026-08-15T14:54:11.000Z,pinoy._.grigio,Electronics,retro game stick; classic video games,game library quality; language issues,User notes that over half the games are duplicates and not in English.,high,tiktok_comment:7674271680834994958
23,https://www.tiktok.com/@jonnyshops/video/7581281769668857143,323,0324_7581281769668857143.mp4,2108.0,5400000.0,"Electronics, video games, collectibles","Retro game stick, game console, video game controller, classic video games",7606713393824056094,Mine didn’t work 😭,0,2026-02-14T13:35:15.000Z,pool.boy.q,Electronics,retro game stick,defective product; hardware issue,User reports that their retro game console did not work.,high,tiktok_comment:7606713393824056094
24,https://www.tiktok.com/@jonnyshops/video/7581281769668857143,323,0324_7581281769668857143.mp4,2108.0,5400000.0,"Electronics, video games, collectibles","Retro game stick, game console, video game controller, classic video games",7671551823400420109,does it have 102 dalmatians,1,2026-08-08T06:59:55.000Z,butterflyswishes,Electronics,retro game stick; classic video games,game availability; inquiry,User inquires if the device includes the 102 Dalmatians game.,high,tiktok_comment:7671551823400420109
25,https://www.tiktok.com/@jonnyshops/video/7581281769668857143,323,0324_7581281769668857143.mp4,2108.0,5400000.0,"Electronics, video games, collectibles","Retro game stick, game console, video game controller, classic video games",7582218560568607519,The lag with the controller is horrible.,70,2025-12-10T13:21:14.000Z,russell.kidd2,Electronics,video game controller; retro game stick,input lag; hardware performance,User complains that the controller suffers from terrible lag.,high,tiktok_comment:7582218560568607519
26,https://www.tiktok.com/@jonnyshops/video/7581281769668857143,323,0324_7581281769668857143.mp4,2108.0,5400000.0,"Electronics, video games, collectibles","Retro game stick, game console, video game controller, classic video games",7625741784467112735,i can't get the controller to work,0,2026-04-06T20:13:13.000Z,labori0001,Electronics,video game controller; retro game stick,controller malfunction; hardware issue,User states they cannot get the controller to work.,high,tiktok_comment:7625741784467112735
27,https://www.tiktok.com/@jonnyshops/video/7581281769668857143,323,0324_7581281769668857143.mp4,2108.0,5400000.0,"Electronics, video games, collectibles","Retro game stick, game console, video game controller, classic video games",7687528964960633607,does it have gta5,0,2026-09-20T08:18:45.000Z,ted.bred7,Electronics,retro game stick; classic video games,game availability; inquiry,User asks if the device includes GTA 5.,high,tiktok_comment:7687528964960633607
28,https://www.tiktok.com/@jonnyshops/video/7581281769668857143,323,0324_7581281769668857143.mp4,2108.0,5400000.0,"Electronics, video games, collectibles","Retro game stick, game console, video game controller, classic video games",7689172708705714974,Does it have Helldivers 2? The 90’s TMNT? altered beast? Ocarina of time? If so I’ll think about it.,0,2026-09-24T18:37:48.000Z,ses.harbinger.of,Electronics,retro game stick; classic video games,game availability; purchase intent,User lists several specific titles and will consider buying if they are included.,high,tiktok_comment:7689172708705714974
29,https://www.tiktok.com/@jonnyshops/video/7581281769668857143,323,0324_7581281769668857143.mp4,2108.0,5400000.0,"Electronics, video games, collectibles","Retro game stick, game console, video game controller, classic video games",7689094570332652319,Twilight princess zelda on GameCube,0,2026-09-24T13:35:01.000Z,struggler_nb,Electronics,retro game stick; classic video games,game availability; inquiry,"User mentions Twilight Princess Zelda on GameCube, asking about or requesting it.",medium,tiktok_comment:7689094570332652319
30,https://www.tiktok.com/@jonnyshops/video/7581281769668857143,323,0324_7581281769668857143.mp4,2108.0,5400000.0,"Electronics, video games, collectibles","Retro game stick, game console, video game controller, classic video games",7675749215268045598,Does it have Marvel ultimate alliance?,0,2026-08-19T14:27:44.000Z,jasonhercula,Electronics,retro game stick; classic video games,game availability; inquiry,User asks if the device includes Marvel Ultimate Alliance.,high,tiktok_comment:7675749215268045598
31,https://www.tiktok.com/@megclectic/video/7637861517366447374,396,0396_7637861517366447374.mp4,1797.0,870200.0,Clothing,Vintage Levi's jeans,7638360499378045709,I have a shed full of those. My grandfather owned a feedlot store in the 60’s,2263,2026-05-10T20:20:29.000Z,joincasper,Other / emerging,vintage jeans,personal inventory; family history,Commenter claims to have a shed full of vintage jeans from their grandfather's feedlot store.,high,tiktok_comment:7638360499378045709
32,https://www.tiktok.com/@megclectic/video/7637861517366447374,396,0396_7637861517366447374.mp4,1797.0,870200.0,Clothing,Vintage Levi's jeans,7638041603748102943,"Offset belt loop ZXX and rivets, I’d pay you $6000",402,2026-05-09T23:43:19.000Z,vanilla.gorilla52,Other / emerging,vintage jeans,item features; valuation offer,Commenter offers $6000 based on specific vintage features like the offset belt loop and rivets.,high,tiktok_comment:7638041603748102943
33,https://www.tiktok.com/@megclectic/video/7637861517366447374,396,0396_7637861517366447374.mp4,1797.0,870200.0,Clothing,Vintage Levi's jeans,7638082750285316895,For the first time today I saw Levi's behind the counter at Goodwill 😫They are looking at EVERYTHING now.,269,2026-05-10T02:22:33.000Z,nattyni22,Other / emerging,vintage jeans; thrift store finds,thrift pricing; retail observation,"Commenter observed Levi's kept behind the counter at Goodwill, noting they inspect everything now.",high,tiktok_comment:7638082750285316895
34,https://www.tiktok.com/@megclectic/video/7637861517366447374,396,0396_7637861517366447374.mp4,1797.0,870200.0,Clothing,Vintage Levi's jeans,7638069229905085214,Early 50s Levi’s 50s tee,330,2026-05-10T01:30:08.000Z,4sumuni,Other / emerging,vintage jeans; vintage clothing,item identification,Commenter notes an early 1950s Levi's piece and a 1950s t-shirt.,medium,tiktok_comment:7638069229905085214
35,https://www.tiktok.com/@megclectic/video/7637861517366447374,396,0396_7637861517366447374.mp4,1797.0,870200.0,Clothing,Vintage Levi's jeans,7638071404667650823,Why would anyone pay $3000 for jeans that never cost more than $100 lol they aren’t even a luxury brand,71,2026-05-10T01:38:14.000Z,shaunsmith994,Other / emerging,vintage jeans,price skepticism; market valuation,"Commenter questions paying $3,000 for non-luxury jeans that originally retailed under $100.",high,tiktok_comment:7638071404667650823
36,https://www.tiktok.com/@megclectic/video/7637861517366447374,396,0396_7637861517366447374.mp4,1797.0,870200.0,Clothing,Vintage Levi's jeans,7638785320447673096,I paid $900 dollars for a pair of Levi’s made in Valdosta Georgia factory. I know my grandmother would have inspected them.,159,2026-05-11T23:48:37.000Z,jamesherrin0,Other / emerging,vintage jeans,purchase price; personal nostalgia,Commenter states they paid $900 for Levi's from the Valdosta Georgia factory where their grandmother worked.,high,tiktok_comment:7638785320447673096
37,https://www.tiktok.com/@megclectic/video/7637861517366447374,396,0396_7637861517366447374.mp4,1797.0,870200.0,Clothing,Vintage Levi's jeans,7640291912990032671,"Aha, the rivets on the back pocket! Anyone else remember burning your butt, more than a few times, pulling those old Levi’s on straight out of the dryer!",124,2026-05-16T01:15:41.000Z,pepper20201973,Other / emerging,vintage jeans,item features; nostalgia,Commenter recalls back pocket rivets burning them after taking old Levi's straight out of the dryer.,high,tiktok_comment:7640291912990032671
38,https://www.tiktok.com/@megclectic/video/7637861517366447374,396,0396_7637861517366447374.mp4,1797.0,870200.0,Clothing,Vintage Levi's jeans,7638058267238859550,"I just wanna say it as a relatively new reseller, this was an excellent video! Super educational thank you for the tips",401,2026-05-10T00:47:20.000Z,_yvette2,Other / emerging,vintage jeans,reselling education; video feedback,A newer reseller praises the video as educational and thanks the creator for the tips.,high,tiktok_comment:7638058267238859550
39,https://www.tiktok.com/@megclectic/video/7637861517366447374,396,0396_7637861517366447374.mp4,1797.0,870200.0,Clothing,Vintage Levi's jeans,7637931748772561694,"Wow, $3000 and you pick Applebees? Insane choice.",296,2026-05-09T16:36:35.000Z,jaycesin_sells,Unclear,unclear,humor; unclear reaction,"Commenter jokes about choosing Applebee's after having or spending $3,000.",medium,tiktok_comment:7637931748772561694
40,https://www.tiktok.com/@megclectic/video/7637861517366447374,396,0396_7637861517366447374.mp4,1797.0,870200.0,Clothing,Vintage Levi's jeans,7638079900352643853,Wow as a reseller thanks for the knowledge,40,2026-05-10T02:11:35.000Z,ashleym.smol,Other / emerging,vintage jeans,reselling education; appreciation,Commenter identifies as a reseller and thanks the creator for the knowledge.,high,tiktok_comment:7638079900352643853
41,https://www.tiktok.com/@jasgami/video/7587012243720654102,400,0401_7587012243720654102.mp4,1893.0,6000000.0,"Collectibles, movies, video games",Steelbooks (movie/game editions),7587491867425800982,Every steelbook collectors be like: 😱 why?!,585,2025-12-24T18:23:50.000Z,ltpaterson,Other / emerging,steelbooks; physical media,collector reaction,Commenter imagines steelbook collectors reacting with shock to what was shown.,high,tiktok_comment:7587491867425800982
42,https://www.tiktok.com/@jasgami/video/7587012243720654102,400,0401_7587012243720654102.mp4,1893.0,6000000.0,"Collectibles, movies, video games",Steelbooks (movie/game editions),7591695519127274253,For a second I forgot steel book cases were a thing and thought you meant like steel BOOKS😂,0,2026-01-05T02:16:16.000Z,kjo_gemini,Other / emerging,steelbooks,confusion,Commenter briefly confused steelbook cases with literal books made of steel.,high,tiktok_comment:7591695519127274253
43,https://www.tiktok.com/@jasgami/video/7587012243720654102,400,0401_7587012243720654102.mp4,1893.0,6000000.0,"Collectibles, movies, video games",Steelbooks (movie/game editions),7587101397147173664,calculating in a death Note is wild,5088,2025-12-23T17:08:34.000Z,padelflash,Toys/Collectibles,Death Note merchandise,observation; humor,Commenter finds it wild that calculations were done in a Death Note notebook.,high,tiktok_comment:7587101397147173664
44,https://www.tiktok.com/@jasgami/video/7587012243720654102,400,0401_7587012243720654102.mp4,1893.0,6000000.0,"Collectibles, movies, video games",Steelbooks (movie/game editions),7587401601003225878,i thought they were dvd covers at first,820,2025-12-24T12:33:30.000Z,ajayj0055,Other / emerging,steelbooks; DVDs,confusion,Commenter thought the items were standard DVD covers at first.,high,tiktok_comment:7587401601003225878
45,https://www.tiktok.com/@jasgami/video/7587012243720654102,400,0401_7587012243720654102.mp4,1893.0,6000000.0,"Collectibles, movies, video games",Steelbooks (movie/game editions),7587051097505612577,It's better to sell it unnecessarily.,12,2025-12-23T13:53:26.000Z,xkingdragon5780,Unclear,unclear,reselling advice,Commenter states that it is better to sell it unnecessarily.,low,tiktok_comment:7587051097505612577
46,https://www.tiktok.com/@jasgami/video/7587012243720654102,400,0401_7587012243720654102.mp4,1893.0,6000000.0,"Collectibles, movies, video games",Steelbooks (movie/game editions),7587876148651164428,The cat: That's not for math!!,711,2025-12-25T19:14:54.000Z,nixkrow_,Unclear,unclear,humor,Commenter jokes about a cat reacting to math being done.,high,tiktok_comment:7587876148651164428
47,https://www.tiktok.com/@jasgami/video/7587012243720654102,400,0401_7587012243720654102.mp4,1893.0,6000000.0,"Collectibles, movies, video games",Steelbooks (movie/game editions),7596497902505493266,Con viniles,5,2026-01-18T00:52:01.000Z,hugocelis1,Other / emerging,vinyl records,suggestion,Commenter suggests doing it with vinyl records.,medium,tiktok_comment:7596497902505493266
48,https://www.tiktok.com/@jasgami/video/7587012243720654102,400,0401_7587012243720654102.mp4,1893.0,6000000.0,"Collectibles, movies, video games",Steelbooks (movie/game editions),7587056997813011232,Verdammt geile Idee. Und sieht super aus. Respekt.,122,2025-12-23T14:16:19.000Z,8lack8u11,Other / emerging,steelbooks; display,praise; display aesthetics,Commenter praises the idea and notes that it looks great.,high,tiktok_comment:7587056997813011232
49,https://www.tiktok.com/@jasgami/video/7587012243720654102,400,0401_7587012243720654102.mp4,1893.0,6000000.0,"Collectibles, movies, video games",Steelbooks (movie/game editions),7587072957102457623,muy bonito... pero el día que quieras cambiar alguna o quitarlas. te quedas sin carátulas y sin pared.😅,599,2025-12-23T15:18:11.000Z,kinderbueno4x,Other / emerging,steelbooks; display,wall damage; display practicality,Commenter warns that removing the covers will ruin both the cases and the wall.,high,tiktok_comment:7587072957102457623
50,https://www.tiktok.com/@jasgami/video/7587012243720654102,400,0401_7587012243720654102.mp4,1893.0,6000000.0,"Collectibles, movies, video games",Steelbooks (movie/game editions),7587263246717944598,"Para los que decís que son imanes, eso es cinta de doble cara y le va a destrozar la pared cuando lo quiera quitar. Pero la verdad es que queda muy bien, lo malo es cuando quieras ver la peli de arriba que te tienes que subir a una escalera.",8,2025-12-24T03:37:15.000Z,borjalaforga,Other / emerging,steelbooks; display,wall damage; display practicality,Commenter notes double-sided tape will damage the wall and criticizes the difficulty of reaching top movies.,high,tiktok_comment:7587263246717944598
51,https://www.tiktok.com/@murphyr3ps/video/7663598993603169558,733,0735_7663598993603169558.mp4,1565.0,2100000.0,"Clothing, sneakers","Hoodies, polo shirts, t-shirts, jeans, jorts, sweatpants, sneakers, shoes",7670040746665231118,How do you find 5$ essential shorts bro,31,2026-08-04T05:15:48.000Z,arabia_loo_loobear890,Sneakers/Streetwear,shorts,pricing inquiry; sourcing,A commenter asks how the creator finds Essentials shorts for five dollars.,high,tiktok_comment:7670040746665231118
52,https://www.tiktok.com/@murphyr3ps/video/7663598993603169558,733,0735_7663598993603169558.mp4,1565.0,2100000.0,"Clothing, sneakers","Hoodies, polo shirts, t-shirts, jeans, jorts, sweatpants, sneakers, shoes",7663599040482853654,Comment down below for links 🔗 ❤️,52,2026-07-17T20:38:30.000Z,murphyr3ps,Sneakers/Streetwear,clothing,link request; engagement prompt,The creator prompts viewers to comment below to receive links.,high,tiktok_comment:7663599040482853654
53,https://www.tiktok.com/@murphyr3ps/video/7663598993603169558,733,0735_7663598993603169558.mp4,1565.0,2100000.0,"Clothing, sneakers","Hoodies, polo shirts, t-shirts, jeans, jorts, sweatpants, sneakers, shoes",7664667260853846815,Just add an extra zero and those actual prices 😂😂😂,10185,2026-07-20T17:43:52.000Z,in10_yozma,Sneakers/Streetwear,clothing; sneakers,price skepticism,A user jokes that adding an extra zero reflects the actual prices.,high,tiktok_comment:7664667260853846815
54,https://www.tiktok.com/@murphyr3ps/video/7663598993603169558,733,0735_7663598993603169558.mp4,1565.0,2100000.0,"Clothing, sneakers","Hoodies, polo shirts, t-shirts, jeans, jorts, sweatpants, sneakers, shoes",7689268058216645389,5 bucks but shipping 45,1,2026-09-25T00:47:33.000Z,adam.siddiqui2,Sneakers/Streetwear,clothing; sneakers,shipping fees; hidden costs,A commenter suggests an item priced at five dollars comes with forty-five dollar shipping.,high,tiktok_comment:7689268058216645389
55,https://www.tiktok.com/@murphyr3ps/video/7663598993603169558,733,0735_7663598993603169558.mp4,1565.0,2100000.0,"Clothing, sneakers","Hoodies, polo shirts, t-shirts, jeans, jorts, sweatpants, sneakers, shoes",7689195050686186254,Jesus love you,0,2026-09-24T20:04:52.000Z,appleuser52392988,Unclear,,religious message,A user posts a religious comment stating Jesus loves you.,high,tiktok_comment:7689195050686186254
56,https://www.tiktok.com/@murphyr3ps/video/7663598993603169558,733,0735_7663598993603169558.mp4,1565.0,2100000.0,"Clothing, sneakers","Hoodies, polo shirts, t-shirts, jeans, jorts, sweatpants, sneakers, shoes",7688627238741590814,where the link,0,2026-09-23T07:22:51.000Z,.fearofnapalm,Sneakers/Streetwear,clothing; sneakers,link request,A commenter asks where to find the link.,high,tiktok_comment:7688627238741590814
57,https://www.tiktok.com/@murphyr3ps/video/7663598993603169558,733,0735_7663598993603169558.mp4,1565.0,2100000.0,"Clothing, sneakers","Hoodies, polo shirts, t-shirts, jeans, jorts, sweatpants, sneakers, shoes",7664322685082764063,where do you shop i need to upgrade my closet fo sho,590,2026-07-19T20:22:19.000Z,tiger56230,Sneakers/Streetwear,clothing,sourcing inquiry; shopping advice,A user asks where the creator shops because they want to upgrade their wardrobe.,high,tiktok_comment:7664322685082764063
58,https://www.tiktok.com/@murphyr3ps/video/7663598993603169558,733,0735_7663598993603169558.mp4,1565.0,2100000.0,"Clothing, sneakers","Hoodies, polo shirts, t-shirts, jeans, jorts, sweatpants, sneakers, shoes",7665168670125507359,No cause where the hell you finding these prices at 😭,81,2026-07-22T02:09:41.000Z,calebluvdih_,Sneakers/Streetwear,clothing; sneakers,price skepticism; sourcing inquiry,A user expresses disbelief and asks where the creator is finding such prices.,high,tiktok_comment:7665168670125507359
59,https://www.tiktok.com/@murphyr3ps/video/7663598993603169558,733,0735_7663598993603169558.mp4,1565.0,2100000.0,"Clothing, sneakers","Hoodies, polo shirts, t-shirts, jeans, jorts, sweatpants, sneakers, shoes",7664401252092740383,When are asics ever 18 $,81,2026-07-20T00:31:44.000Z,jay4you_0,Sneakers/Streetwear,sneakers,price skepticism,A commenter questions whether Asics shoes are ever sold for eighteen dollars.,high,tiktok_comment:7664401252092740383
60,https://www.tiktok.com/@murphyr3ps/video/7663598993603169558,733,0735_7663598993603169558.mp4,1565.0,2100000.0,"Clothing, sneakers","Hoodies, polo shirts, t-shirts, jeans, jorts, sweatpants, sneakers, shoes",7663599650134737686,Can you send me links,16,2026-07-17T20:41:03.000Z,m.wldn0,Sneakers/Streetwear,clothing; sneakers,link request,A user asks to be sent links.,high,tiktok_comment:7663599650134737686
61,https://www.tiktok.com/@germany_marketplace/video/7608323650227358996,769,0770_7608323650227358996.mp4,1763.0,3100000.0,clothing,"vintage clothing, sweatshirts",7608440152008999701,я видел чудное мгновенье,116605,2026-02-19T05:13:56.000Z,gnilolaz,Other / emerging,vintage sweatshirts,unclear reaction,The user quotes a classic Russian poetry line as a vague reaction.,low,tiktok_comment:7608440152008999701
62,https://www.tiktok.com/@germany_marketplace/video/7608323650227358996,769,0770_7608323650227358996.mp4,1763.0,3100000.0,clothing,"vintage clothing, sweatshirts",7608492424533017352,,11940,2026-02-19T08:36:42.000Z,killerproduction_off,Other / emerging,vintage sweatshirts,unclear reaction,The comment is empty.,low,tiktok_comment:7608492424533017352
63,https://www.tiktok.com/@germany_marketplace/video/7608323650227358996,769,0770_7608323650227358996.mp4,1763.0,3100000.0,clothing,"vintage clothing, sweatshirts",7608500727954965255,случайно дедовскую положил,71845,2026-02-19T09:08:54.000Z,__clutch__0,Other / emerging,vintage sweatshirts,humor; item source,The commenter jokes that someone accidentally included their grandfather's item.,medium,tiktok_comment:7608500727954965255
64,https://www.tiktok.com/@germany_marketplace/video/7608323650227358996,769,0770_7608323650227358996.mp4,1763.0,3100000.0,clothing,"vintage clothing, sweatshirts",7608531948629361415,Одну из них прям от сердца оторвал,11795,2026-02-19T11:10:00.000Z,samirchik069,Other / emerging,vintage sweatshirts,personal value; reluctance to part,The commenter notes that one of the items was torn straight from the heart to part with.,medium,tiktok_comment:7608531948629361415
65,https://www.tiktok.com/@germany_marketplace/video/7608323650227358996,769,0770_7608323650227358996.mp4,1763.0,3100000.0,clothing,"vintage clothing, sweatshirts",7608444215684629269,,1454,2026-02-19T05:29:37.000Z,mge449,Other / emerging,vintage sweatshirts,unclear reaction,The comment is empty.,low,tiktok_comment:7608444215684629269
66,https://www.tiktok.com/@germany_marketplace/video/7608323650227358996,769,0770_7608323650227358996.mp4,1763.0,3100000.0,clothing,"vintage clothing, sweatshirts",7623967747719316232,таможня:,34,2026-04-02T01:29:08.000Z,mur_merit,Other / emerging,vintage sweatshirts,customs; humor,"The user mentions customs in a fragmented, humorous setup.",low,tiktok_comment:7623967747719316232
67,https://www.tiktok.com/@germany_marketplace/video/7608323650227358996,769,0770_7608323650227358996.mp4,1763.0,3100000.0,clothing,"vintage clothing, sweatshirts",7608324938055942920,Хороший немец,9172,2026-02-18T21:46:51.000Z,foggy_91,Other / emerging,vintage sweatshirts,item commentary,The commenter remarks 'good German' about an item.,low,tiktok_comment:7608324938055942920
68,https://www.tiktok.com/@germany_marketplace/video/7608323650227358996,769,0770_7608323650227358996.mp4,1763.0,3100000.0,clothing,"vintage clothing, sweatshirts",7613695973811159824,,184,2026-03-05T09:09:09.000Z,user_unfunny,Other / emerging,vintage sweatshirts,unclear reaction,The comment is empty.,low,tiktok_comment:7613695973811159824
69,https://www.tiktok.com/@germany_marketplace/video/7608323650227358996,769,0770_7608323650227358996.mp4,1763.0,3100000.0,clothing,"vintage clothing, sweatshirts",7608514766030078728,,1516,2026-02-19T10:03:20.000Z,djmaick0,Other / emerging,vintage sweatshirts,unclear reaction,The comment is empty.,low,tiktok_comment:7608514766030078728
70,https://www.tiktok.com/@germany_marketplace/video/7608323650227358996,769,0770_7608323650227358996.mp4,1763.0,3100000.0,clothing,"vintage clothing, sweatshirts",7608615574256239361,"Мой еврейский глазик, увидел там алмазик",33534,2026-02-19T16:34:37.000Z,e_m_e_r_a_l_d_i,Other / emerging,vintage sweatshirts,value spotting; humor,The commenter rhymes that their eye spotted a valuable 'diamond' among the items.,medium,tiktok_comment:7608615574256239361
71,https://www.tiktok.com/@mybloodygalentine/video/7359335744634244395,991,0993_7359335744634244395.mp4,1904.0,1600000.0,"collectibles, home goods, antiques, oddities","oddities, antique light fixture, baby coffin, antique typewriter",7359409063744357162,What are you searching to pull these things up on eBay?,11614,2024-04-19T03:06:07.000Z,_paris_tisdale,Other / emerging,antiques; oddities,search terms; discovery,The commenter asks what search terms are used to find these items on eBay.,high,tiktok_comment:7359409063744357162
72,https://www.tiktok.com/@mybloodygalentine/video/7359335744634244395,991,0993_7359335744634244395.mp4,1904.0,1600000.0,"collectibles, home goods, antiques, oddities","oddities, antique light fixture, baby coffin, antique typewriter",7359385277617128238,“This light fixture” oh okay that’s cute— “from the tuberculosis sanatorium” HUH 👁️👄👁️,7993,2024-04-19T01:33:56.000Z,nickihilton23,Other / emerging,antique light fixture,item origin; shock,The commenter expresses surprise at the light fixture originating from a tuberculosis sanatorium.,high,tiktok_comment:7359385277617128238
73,https://www.tiktok.com/@mybloodygalentine/video/7359335744634244395,991,0993_7359335744634244395.mp4,1904.0,1600000.0,"collectibles, home goods, antiques, oddities","oddities, antique light fixture, baby coffin, antique typewriter",7359503992638472992,I’d never want this energy in my house,8213,2024-04-19T09:14:51.000Z,user_721092,Other / emerging,oddities; antiques,negative energy; home decor,The commenter states they would never want this kind of energy in their house.,high,tiktok_comment:7359503992638472992
74,https://www.tiktok.com/@mybloodygalentine/video/7359335744634244395,991,0993_7359335744634244395.mp4,1904.0,1600000.0,"collectibles, home goods, antiques, oddities","oddities, antique light fixture, baby coffin, antique typewriter",7359520816591143688,“HIS ENTIRE HEAD…. Of hair” 😮‍💨,8954,2024-04-19T10:20:22.000Z,emmaeggz,Other / emerging,oddities,quote reaction; relief,The commenter reacts to a quote clarifying an item is an entire head of hair.,medium,tiktok_comment:7359520816591143688
75,https://www.tiktok.com/@mybloodygalentine/video/7359335744634244395,991,0993_7359335744634244395.mp4,1904.0,1600000.0,"collectibles, home goods, antiques, oddities","oddities, antique light fixture, baby coffin, antique typewriter",7359338729335522091,How did it just keep getting worse?,4428,2024-04-18T22:33:23.000Z,octoberlatte,Other / emerging,oddities; antiques,reaction; shock,The commenter asks how the featured items kept getting worse.,medium,tiktok_comment:7359338729335522091
76,https://www.tiktok.com/@mybloodygalentine/video/7359335744634244395,991,0993_7359335744634244395.mp4,1904.0,1600000.0,"collectibles, home goods, antiques, oddities","oddities, antique light fixture, baby coffin, antique typewriter",7359390659888956203,not the last one 🙃,31,2024-04-19T01:54:38.000Z,autumn.moth,Other / emerging,oddities; antiques,item reaction,The commenter reacts negatively or with disbelief to the last featured item.,medium,tiktok_comment:7359390659888956203
77,https://www.tiktok.com/@mybloodygalentine/video/7359335744634244395,991,0993_7359335744634244395.mp4,1904.0,1600000.0,"collectibles, home goods, antiques, oddities","oddities, antique light fixture, baby coffin, antique typewriter",7360156196031251246,Wayyyy too much energy for me 😂,32,2024-04-21T03:25:31.000Z,classylady013,Other / emerging,oddities; antiques,negative energy; reaction,The commenter remarks that the items hold way too much energy for them.,medium,tiktok_comment:7360156196031251246
78,https://www.tiktok.com/@mybloodygalentine/video/7359335744634244395,991,0993_7359335744634244395.mp4,1904.0,1600000.0,"collectibles, home goods, antiques, oddities","oddities, antique light fixture, baby coffin, antique typewriter",7359777511452885802,"I wouldn't tell anyone if I won the lottery, but there would be signs",18,2024-04-20T02:56:03.000Z,hot2rot,Other / emerging,oddities; antiques,lottery spending; buying interest,The commenter implies they would purchase these items if they won the lottery.,medium,tiktok_comment:7359777511452885802
79,https://www.tiktok.com/@mybloodygalentine/video/7359335744634244395,991,0993_7359335744634244395.mp4,1904.0,1600000.0,"collectibles, home goods, antiques, oddities","oddities, antique light fixture, baby coffin, antique typewriter",7360243254355608353,I feel like you’re trying to entice ghosts 😫,35,2024-04-21T09:03:27.000Z,jessicamorrey92,Other / emerging,oddities; antiques,ghosts; paranormal,The commenter feels the creator is attempting to entice ghosts with the items.,high,tiktok_comment:7360243254355608353
80,https://www.tiktok.com/@mybloodygalentine/video/7359335744634244395,991,0993_7359335744634244395.mp4,1904.0,1600000.0,"collectibles, home goods, antiques, oddities","oddities, antique light fixture, baby coffin, antique typewriter",7359974467923510058,how does one find these things? Tons of scrolling? I need to know 😅,36,2024-04-20T15:40:21.000Z,jadealexa99,Other / emerging,oddities; antiques,discovery; search process,The commenter inquires whether finding these items requires extensive scrolling.,high,tiktok_comment:7359974467923510058
81,https://www.tiktok.com/@emazamboni/video/7614617255569001750,678,0680_7614617255569001750.mp4,2123.0,2800000.0,electronics,Sony Vaio laptop/netbook,7615305270935438098,piccolo 8 inch mini netbook literally released last year and y'all were sleeping 😞,15032,2026-03-09T17:13:54.000Z,jackthepeeper,Electronics,mini netbooks,product availability; market awareness,"The commenter notes that a Piccolo 8-inch mini netbook was released last year, lamenting that people overlooked it.",high,tiktok_comment:7615305270935438098
82,https://www.tiktok.com/@emazamboni/video/7614617255569001750,678,0680_7614617255569001750.mp4,2123.0,2800000.0,electronics,Sony Vaio laptop/netbook,7617430502719881991,how is the past more futuristic than the present 😭😭,40515,2026-03-15T10:41:03.000Z,savagej9750,Electronics,vintage laptops,design nostalgia; retrofuturism,The commenter remarks on how past technology feels more futuristic than modern designs.,high,tiktok_comment:7617430502719881991
83,https://www.tiktok.com/@emazamboni/video/7614617255569001750,678,0680_7614617255569001750.mp4,2123.0,2800000.0,electronics,Sony Vaio laptop/netbook,7614706846263395075,"all these bonkers ideas from 2000s were simply ahead of their times, mobile tech was too slow then. Imagine if companies were not afraid of experimenting now...",32622,2026-03-08T02:32:29.000Z,rorutokun,Electronics,laptops; mobile devices,tech innovation; retro tech,The commenter reflects that 2000s tech ideas were ahead of their time and wishes modern companies would experiment more.,high,tiktok_comment:7614706846263395075
84,https://www.tiktok.com/@emazamboni/video/7614617255569001750,678,0680_7614617255569001750.mp4,2123.0,2800000.0,electronics,Sony Vaio laptop/netbook,7614643567202403094,why does nobody and i mean NOBODY make these no more,17329,2026-03-07T22:26:17.000Z,reddo_sturo,Electronics,laptops; netbooks,product discontinuation; market demand,The commenter asks why no manufacturers produce devices like these anymore.,high,tiktok_comment:7614643567202403094
85,https://www.tiktok.com/@emazamboni/video/7614617255569001750,678,0680_7614617255569001750.mp4,2123.0,2800000.0,electronics,Sony Vaio laptop/netbook,7614916758663889685,"без рофла я до сих пор его хочу, ну или подобное, если помощнее",715,2026-03-08T16:06:23.000Z,zirxor,Electronics,laptops; netbooks,purchase intent; hardware specs,The commenter seriously wants this device or a more powerful modern equivalent.,high,tiktok_comment:7614916758663889685
86,https://www.tiktok.com/@emazamboni/video/7614617255569001750,678,0680_7614617255569001750.mp4,2123.0,2800000.0,electronics,Sony Vaio laptop/netbook,7614656982146663190,bring back creative tech,1576,2026-03-07T23:18:25.000Z,ragnars.stake,Electronics,consumer electronics,tech innovation; product design,The commenter advocates for the return of creative technology.,high,tiktok_comment:7614656982146663190
87,https://www.tiktok.com/@emazamboni/video/7614617255569001750,678,0680_7614617255569001750.mp4,2123.0,2800000.0,electronics,Sony Vaio laptop/netbook,7614915008316801808,,3352,2026-03-08T15:59:34.000Z,mramearts,Unclear,,unclear reaction,The comment is completely empty.,low,tiktok_comment:7614915008316801808
88,https://www.tiktok.com/@emazamboni/video/7614617255569001750,678,0680_7614617255569001750.mp4,2123.0,2800000.0,electronics,Sony Vaio laptop/netbook,7625607620728193813,что это и сколько стоит,4,2026-04-06T11:32:20.000Z,bradsvoyi,Electronics,laptops,product identification; price inquiry,The commenter asks what the item is and how much it costs.,high,tiktok_comment:7625607620728193813
89,https://www.tiktok.com/@emazamboni/video/7614617255569001750,678,0680_7614617255569001750.mp4,2123.0,2800000.0,electronics,Sony Vaio laptop/netbook,7664367178833740564,как называются все дивайсы в. видео,0,2026-07-19T22:19:21.000Z,uncukwpmwxq,Electronics,consumer electronics,product identification,The commenter inquires about the names of all the devices featured in the video.,high,tiktok_comment:7664367178833740564
90,https://www.tiktok.com/@emazamboni/video/7614617255569001750,678,0680_7614617255569001750.mp4,2123.0,2800000.0,electronics,Sony Vaio laptop/netbook,7614845949681435405,the people yearn for a Y2K resurgence,6516,2026-03-08T12:14:51.000Z,melo_nocturne,Electronics,vintage laptops,trend resurgence; y2k aesthetic,The commenter claims that people yearn for a Y2K resurgence.,medium,tiktok_comment:7614845949681435405
91,https://www.tiktok.com/@kykyrips/video/7686968748682530079,907,0911_7686968748682530079.mp4,1868.0,368200.0,trading card,"Pokemon Elite Trainer Boxes, Pokemon cards",7689166530981937933,HELL YEAH,0,2026-09-24T18:14:10.000Z,aish_ketchum,TCG/Pokemon,Pokemon cards,unclear reaction,"The user expresses generic excitement with ""HELL YEAH"".",low,tiktok_comment:7689166530981937933
92,https://www.tiktok.com/@kykyrips/video/7686968748682530079,907,0911_7686968748682530079.mp4,1868.0,368200.0,trading card,"Pokemon Elite Trainer Boxes, Pokemon cards",7689255497467839246,We didn’t get in to until this past year! So it’s cool to see the ‘older sets’,0,2026-09-24T23:58:54.000Z,dear928megan,TCG/Pokemon,Pokemon cards,collecting interest; older sets,The user shares they started collecting this past year and enjoys seeing older sets.,high,tiktok_comment:7689255497467839246
93,https://www.tiktok.com/@kykyrips/video/7686968748682530079,907,0911_7686968748682530079.mp4,1868.0,368200.0,trading card,"Pokemon Elite Trainer Boxes, Pokemon cards",7689271408657285919,Please help me. I can’t find any packs anything anywhere?,0,2026-09-25T01:00:57.000Z,dustinjamesscottmorgan,TCG/Pokemon,Pokemon cards; card packs,stock availability; seeking help,"The commenter asks for help, stating they cannot find any card packs anywhere.",high,tiktok_comment:7689271408657285919
94,https://www.tiktok.com/@kykyrips/video/7686968748682530079,907,0911_7686968748682530079.mp4,1868.0,368200.0,trading card,"Pokemon Elite Trainer Boxes, Pokemon cards",7689241783134077714,That Mewtwo is INSANE — I have a good idea for those packs 👌🙌,0,2026-09-24T23:05:41.000Z,wreklessbbx,TCG/Pokemon,Pokemon cards,card appreciation,The commenter praises a Mewtwo card and mentions having an idea for the packs.,high,tiktok_comment:7689241783134077714
95,https://www.tiktok.com/@kykyrips/video/7686968748682530079,907,0911_7686968748682530079.mp4,1868.0,368200.0,trading card,"Pokemon Elite Trainer Boxes, Pokemon cards",7689271821234127630,Make me winner for once ahhhh,0,2026-09-25T01:02:20.000Z,gengarpulls151,TCG/Pokemon,Pokemon cards,giveaway entry,The commenter asks to be chosen as a winner.,medium,tiktok_comment:7689271821234127630
96,https://www.tiktok.com/@kykyrips/video/7686968748682530079,907,0911_7686968748682530079.mp4,1868.0,368200.0,trading card,"Pokemon Elite Trainer Boxes, Pokemon cards",7688592270047707917,let go great cards,0,2026-09-23T05:05:32.000Z,arturowonders,TCG/Pokemon,Pokemon cards,card appreciation,The user expresses enthusiasm and praises the cards shown.,medium,tiktok_comment:7688592270047707917
97,https://www.tiktok.com/@kykyrips/video/7686968748682530079,907,0911_7686968748682530079.mp4,1868.0,368200.0,trading card,"Pokemon Elite Trainer Boxes, Pokemon cards",7687134959404270366,Love the 30th anniversary! Even the cards that aren’t considered a hit I’m still loving 😂❤️,8,2026-09-19T06:50:35.000Z,shi_town0311,TCG/Pokemon,Pokemon cards,card appreciation; set reception,"The user expresses love for the 30th anniversary cards, including non-hit cards.",high,tiktok_comment:7687134959404270366
98,https://www.tiktok.com/@kykyrips/video/7686968748682530079,907,0911_7686968748682530079.mp4,1868.0,368200.0,trading card,"Pokemon Elite Trainer Boxes, Pokemon cards",7687015337392751391,the pikachu cards are super cool in the 30th,8,2026-09-18T23:05:58.000Z,thebigcat11,TCG/Pokemon,Pokemon cards,card appreciation,The commenter states that the Pikachu cards in the 30th set are super cool.,high,tiktok_comment:7687015337392751391
99,https://www.tiktok.com/@kykyrips/video/7686968748682530079,907,0911_7686968748682530079.mp4,1868.0,368200.0,trading card,"Pokemon Elite Trainer Boxes, Pokemon cards",7687431378929025822,30th!,6,2026-09-20T02:00:17.000Z,bighert510,TCG/Pokemon,Pokemon cards,unclear reaction,"The commenter simply posts ""30th!"".",low,tiktok_comment:7687431378929025822
100,https://www.tiktok.com/@kykyrips/video/7686968748682530079,907,0911_7686968748682530079.mp4,1868.0,368200.0,trading card,"Pokemon Elite Trainer Boxes, Pokemon cards",7687013567425643295,Please 😭😭😭,8,2026-09-18T22:59:09.000Z,em15364,TCG/Pokemon,Pokemon cards,unclear reaction,"The user pleads with ""Please"" and crying emojis without further context.",low,tiktok_comment:7687013567425643295
101,https://www.tiktok.com/@question.to.learn/video/7631221614222347551,693,0695_7631221614222347551.mp4,1496.0,758100.0,"electronics, software, collectibles, media","Disney's Pocahontas Storybook CD-ROM game, retro computer components",7631515269055447829,"Don’t forget the age-old tradition of having no idea what the fuck minesweeper is, but still getting very upset when you lose",20703,2026-04-22T09:37:04.000Z,bzu122,Other / emerging,retro computer games,nostalgia; gameplay,Commenter jokes about the tradition of playing Minesweeper without understanding the rules and getting upset upon losing.,high,tiktok_comment:7631515269055447829
102,https://www.tiktok.com/@question.to.learn/video/7631221614222347551,693,0695_7631221614222347551.mp4,1496.0,758100.0,"electronics, software, collectibles, media","Disney's Pocahontas Storybook CD-ROM game, retro computer components",7631417326550942494,"And if you think about it. You keep this device offline, they're safe from the weird stuff on the internet.",7597,2026-04-22T03:17:37.000Z,tinanewtonart,Electronics,retro computers,offline safety; parenting,Commenter observes that keeping the device offline protects users from strange internet content.,high,tiktok_comment:7631417326550942494
103,https://www.tiktok.com/@question.to.learn/video/7631221614222347551,693,0695_7631221614222347551.mp4,1496.0,758100.0,"electronics, software, collectibles, media","Disney's Pocahontas Storybook CD-ROM game, retro computer components",7631539417816072990,Fighting over the “family computer” is a lost piece of our culture.,23622,2026-04-22T11:11:26.000Z,okaythen4321,Electronics,retro computers,nostalgia,Commenter remarks that fighting over the shared family computer is a lost cultural experience.,high,tiktok_comment:7631539417816072990
104,https://www.tiktok.com/@question.to.learn/video/7631221614222347551,693,0695_7631221614222347551.mp4,1496.0,758100.0,"electronics, software, collectibles, media","Disney's Pocahontas Storybook CD-ROM game, retro computer components",7631684605984113438,All of this software is free on archive.org,1575,2026-04-22T20:34:33.000Z,mattamathews,Other / emerging,vintage software,digital preservation; pricing,Commenter points out that all the software is available for free on archive.org.,high,tiktok_comment:7631684605984113438
105,https://www.tiktok.com/@question.to.learn/video/7631221614222347551,693,0695_7631221614222347551.mp4,1496.0,758100.0,"electronics, software, collectibles, media","Disney's Pocahontas Storybook CD-ROM game, retro computer components",7631564738917008141,also this builds actual computer skills,4569,2026-04-22T12:49:40.000Z,bernardwilson40,Electronics,retro computers,learning; computer skills,Commenter notes that using such devices builds practical computer skills.,high,tiktok_comment:7631564738917008141
106,https://www.tiktok.com/@question.to.learn/video/7631221614222347551,693,0695_7631221614222347551.mp4,1496.0,758100.0,"electronics, software, collectibles, media","Disney's Pocahontas Storybook CD-ROM game, retro computer components",7631357654481289998,Now that's how you teach patience,2753,2026-04-21T23:25:49.000Z,proxy6057,Electronics,retro computers,parenting; patience,Commenter remarks that using vintage technology is an effective way to teach patience.,medium,tiktok_comment:7631357654481289998
107,https://www.tiktok.com/@question.to.learn/video/7631221614222347551,693,0695_7631221614222347551.mp4,1496.0,758100.0,"electronics, software, collectibles, media","Disney's Pocahontas Storybook CD-ROM game, retro computer components",7631612967150863112,"btw Freddie Fish, Hercules, and a lot of old games are on Steam. the others are available on abandonware if you can't find things at the thrift :)",357,2026-04-22T15:56:08.000Z,lijandri,Other / emerging,retro computer games,game availability; sourcing,Commenter notes that classic games like Freddie Fish are available on Steam and abandonware sites if thrift finds fail.,high,tiktok_comment:7631612967150863112
108,https://www.tiktok.com/@question.to.learn/video/7631221614222347551,693,0695_7631221614222347551.mp4,1496.0,758100.0,"electronics, software, collectibles, media","Disney's Pocahontas Storybook CD-ROM game, retro computer components",7631509440466322183,Make sure you call whatever room it’s in the “computer room”,426,2026-04-22T09:14:28.000Z,fightinghamster,Electronics,retro computers,nostalgia,Commenter advises referring to the room housing the device as the 'computer room.',high,tiktok_comment:7631509440466322183
109,https://www.tiktok.com/@question.to.learn/video/7631221614222347551,693,0695_7631221614222347551.mp4,1496.0,758100.0,"electronics, software, collectibles, media","Disney's Pocahontas Storybook CD-ROM game, retro computer components",7631556731575960338,No subscription no ads 🙏🏼,831,2026-04-22T12:18:00.000Z,zeynepaytug,Other / emerging,vintage software,user experience; monetization,Commenter expresses gratitude that retro software has neither subscriptions nor advertisements.,high,tiktok_comment:7631556731575960338
110,https://www.tiktok.com/@question.to.learn/video/7631221614222347551,693,0695_7631221614222347551.mp4,1496.0,758100.0,"electronics, software, collectibles, media","Disney's Pocahontas Storybook CD-ROM game, retro computer components",7631513403190592278,"I’ve been looking for that Pocahontas storybook game with cats and dogs, and you found it for a dollar…???? 🫠🫠🫠",841,2026-04-22T09:30:09.000Z,kowaiwolf,Other / emerging,retro computer games,pricing; sourcing,Commenter expresses astonishment at finding the Pocahontas storybook CD-ROM game for only one dollar.,high,tiktok_comment:7631513403190592278
111,https://www.tiktok.com/@isobellorna_/video/7647481702427708694,581,0583_7647481702427708694.mp4,1477.0,3200000.0,"Luxury goods, fashion accessories, automotive","Heels, sunglasses, Birkin bag, Porsche car",7647503014844285718,I wouldn't advise filming here!,27569,2026-06-04T11:37:48.000Z,user8004811612576,Luxury Fashion,luxury goods; vault storage,filming location; safety concern,Commenter advises against filming in that location.,high,tiktok_comment:7647503014844285718
112,https://www.tiktok.com/@isobellorna_/video/7647481702427708694,581,0583_7647481702427708694.mp4,1477.0,3200000.0,"Luxury goods, fashion accessories, automotive","Heels, sunglasses, Birkin bag, Porsche car",7648515268562535181,When she said the vault I thought that was a store. Nah she meant THE VAULT 😭😭😭😭😭😭😭😭😭,25898,2026-06-07T05:06:07.000Z,lily_giggles,Luxury Fashion,luxury goods; vault storage,vault realization; humor,"Commenter realized 'the vault' referred to an actual secure vault, not a retail store.",high,tiktok_comment:7648515268562535181
113,https://www.tiktok.com/@isobellorna_/video/7647481702427708694,581,0583_7647481702427708694.mp4,1477.0,3200000.0,"Luxury goods, fashion accessories, automotive","Heels, sunglasses, Birkin bag, Porsche car",7648088488961098516,how did this find me? im in district 12,65983,2026-06-06T01:29:46.000Z,jen46764,Luxury Fashion,luxury goods,algorithm joke; wealth contrast,"Commenter jokingly questions how the luxury video found them, referencing being in 'district 12'.",medium,tiktok_comment:7648088488961098516
114,https://www.tiktok.com/@isobellorna_/video/7647481702427708694,581,0583_7647481702427708694.mp4,1477.0,3200000.0,"Luxury goods, fashion accessories, automotive","Heels, sunglasses, Birkin bag, Porsche car",7647586813138453270,I honestly couldn’t be bothered to own anything if I had to go and collect it from a vault 😭😂,10363,2026-06-04T17:03:00.000Z,kazindam,Luxury Fashion,luxury goods; vault storage,vault inconvenience; personal preference,Commenter states they could not be bothered owning items if they required collection from a vault.,high,tiktok_comment:7647586813138453270
115,https://www.tiktok.com/@isobellorna_/video/7647481702427708694,581,0583_7647481702427708694.mp4,1477.0,3200000.0,"Luxury goods, fashion accessories, automotive","Heels, sunglasses, Birkin bag, Porsche car",7647838619542586135,Went up a tax bracket just from watching this,8770,2026-06-05T09:20:16.000Z,dr_peacock,Luxury Fashion,luxury goods,wealth perception; humor,Commenter jokes that watching the video made them move up a tax bracket.,high,tiktok_comment:7647838619542586135
116,https://www.tiktok.com/@isobellorna_/video/7647481702427708694,581,0583_7647481702427708694.mp4,1477.0,3200000.0,"Luxury goods, fashion accessories, automotive","Heels, sunglasses, Birkin bag, Porsche car",7651695365770478358,First time in a vault. Kinda nervous.,4695,2026-06-15T18:46:06.000Z,naomichilton,Luxury Fashion,luxury goods; vault storage,viewer reaction; humor,Commenter humorously notes feeling nervous experiencing a vault for the first time as a viewer.,medium,tiktok_comment:7651695365770478358
117,https://www.tiktok.com/@isobellorna_/video/7647481702427708694,581,0583_7647481702427708694.mp4,1477.0,3200000.0,"Luxury goods, fashion accessories, automotive","Heels, sunglasses, Birkin bag, Porsche car",7648454633484075796,Not everything should be vlogged my love,9188,2026-06-07T01:10:30.000Z,peculiarnanya,Luxury Fashion,luxury goods; vault storage,vlogging criticism; privacy concern,Commenter remarks that not everything should be vlogged.,high,tiktok_comment:7648454633484075796
118,https://www.tiktok.com/@isobellorna_/video/7647481702427708694,581,0583_7647481702427708694.mp4,1477.0,3200000.0,"Luxury goods, fashion accessories, automotive","Heels, sunglasses, Birkin bag, Porsche car",7651593164458296086,filming this is fucking wild,1793,2026-06-15T12:09:58.000Z,chaoslangdon,Luxury Fashion,luxury goods; vault storage,filming criticism; disbelief,Commenter expresses disbelief at the choice to film inside the location.,high,tiktok_comment:7651593164458296086
119,https://www.tiktok.com/@isobellorna_/video/7647481702427708694,581,0583_7647481702427708694.mp4,1477.0,3200000.0,"Luxury goods, fashion accessories, automotive","Heels, sunglasses, Birkin bag, Porsche car",7648612442767737613,Let this type of life find me Lord,2608,2026-06-07T11:24:05.000Z,rachelashman,Luxury Fashion,luxury goods,lifestyle aspiration; humor,Commenter hopes to experience this type of wealthy lifestyle.,high,tiktok_comment:7648612442767737613
120,https://www.tiktok.com/@isobellorna_/video/7647481702427708694,581,0583_7647481702427708694.mp4,1477.0,3200000.0,"Luxury goods, fashion accessories, automotive","Heels, sunglasses, Birkin bag, Porsche car",7666552770808021782,Oh- its an ACTUAL VAULT,170,2026-07-25T19:40:37.000Z,fergusmcdowall467,Luxury Fashion,luxury goods; vault storage,vault realization; surprise,Commenter expresses surprise that the location is an actual physical vault.,high,tiktok_comment:7666552770808021782
121,https://www.tiktok.com/@soleloco/video/7051812266123218223,706,0708_7051812266123218223.mp4,1520.0,4100000.0,Sneakers,Jordan 1 Mocha sneakers,7052335484467004165,Thats why footlocker cant have the good stuff,11006,2022-01-12T15:03:35.000Z,gawd_dawgg,Sneakers/Streetwear,Sneakers,retail inventory; Foot Locker,User claims this is why Foot Locker cannot stock desirable items.,high,tiktok_comment:7052335484467004165
122,https://www.tiktok.com/@soleloco/video/7051812266123218223,706,0708_7051812266123218223.mp4,1520.0,4100000.0,Sneakers,Jordan 1 Mocha sneakers,7052075210434347822,God damn resellers,8195,2022-01-11T22:13:38.000Z,gibbynxtg,Sneakers/Streetwear,Sneakers,reselling,User expresses frustration toward resellers.,high,tiktok_comment:7052075210434347822
123,https://www.tiktok.com/@soleloco/video/7051812266123218223,706,0708_7051812266123218223.mp4,1520.0,4100000.0,Sneakers,Jordan 1 Mocha sneakers,7052938089564128006,everyone mad for what?😂 go wait in lines on release,136,2022-01-14T06:02:06.000Z,johannesburgg_,Sneakers/Streetwear,Sneakers,release day lines; buyer frustration,User questions why people are mad and tells them to wait in release lines.,high,tiktok_comment:7052938089564128006
124,https://www.tiktok.com/@soleloco/video/7051812266123218223,706,0708_7051812266123218223.mp4,1520.0,4100000.0,Sneakers,Jordan 1 Mocha sneakers,7051914387007324933,How are they allowing you to buy multiple pairs 😳,9,2022-01-11T11:49:36.000Z,ayusss477,Sneakers/Streetwear,Sneakers,purchase limits,User asks how the creator is allowed to buy multiple pairs.,high,tiktok_comment:7051914387007324933
125,https://www.tiktok.com/@soleloco/video/7051812266123218223,706,0708_7051812266123218223.mp4,1520.0,4100000.0,Sneakers,Jordan 1 Mocha sneakers,7052107959254795054,Y’all so mad in these comments it’s so funny 😂😂😂💀,27,2022-01-12T00:20:43.000Z,itsaii.tim,Sneakers/Streetwear,Sneakers,unclear reaction; comment section reaction,User finds the angry reactions in the comments humorous.,medium,tiktok_comment:7052107959254795054
126,https://www.tiktok.com/@soleloco/video/7051812266123218223,706,0708_7051812266123218223.mp4,1520.0,4100000.0,Sneakers,Jordan 1 Mocha sneakers,7052060239110095662,This why we can’t have nice things,6099,2022-01-11T21:15:34.000Z,backendlema,Sneakers/Streetwear,Sneakers,buyer frustration,User states that this behavior is why people cannot have nice things.,medium,tiktok_comment:7052060239110095662
127,https://www.tiktok.com/@soleloco/video/7051812266123218223,706,0708_7051812266123218223.mp4,1520.0,4100000.0,Sneakers,Jordan 1 Mocha sneakers,7051926457836405550,That’s why we can’t have nice things,4338,2022-01-11T12:36:32.000Z,crazy_.j,Sneakers/Streetwear,Sneakers,buyer frustration,User remarks that this is why people cannot have nice things.,medium,tiktok_comment:7051926457836405550
128,https://www.tiktok.com/@soleloco/video/7051812266123218223,706,0708_7051812266123218223.mp4,1520.0,4100000.0,Sneakers,Jordan 1 Mocha sneakers,7052091614319854382,Everyone is so mad in comments💀🤣🤣,3846,2022-01-11T23:17:15.000Z,soleloco,Sneakers/Streetwear,Sneakers,unclear reaction; comment section reaction,User points out and laughs at how angry commenters are.,medium,tiktok_comment:7052091614319854382
129,https://www.tiktok.com/@soleloco/video/7051812266123218223,706,0708_7051812266123218223.mp4,1520.0,4100000.0,Sneakers,Jordan 1 Mocha sneakers,7052065917812212527,That’s crazy my nearest Nike store only has roshes,1324,2022-01-11T21:37:35.000Z,dbazan1,Sneakers/Streetwear,Sneakers,retail inventory; Nike store,User notes their local Nike store only stocks Roshes in comparison.,high,tiktok_comment:7052065917812212527
130,https://www.tiktok.com/@soleloco/video/7051812266123218223,706,0708_7051812266123218223.mp4,1520.0,4100000.0,Sneakers,Jordan 1 Mocha sneakers,7056066434410332975,"bro in portland wtf, they usually have heat but damn not that much",7,2022-01-22T16:21:40.000Z,jojor0619,Sneakers/Streetwear,Sneakers,retail inventory; store location,User expresses surprise at the high amount of desirable inventory at a Portland store.,high,tiktok_comment:7056066434410332975
131,https://www.tiktok.com/@koolthingsltd/video/7688388120764501251,356,0356_7688388120764501251.mp4,1496.0,43800.0,trading card,Pokemon Elite Trainer Box,7689177963849745184,"Pokémon 30!! I had an etb and I lost it, it was in my bag and I accidentally left it on the bus :[ thank you for doing this, good luck everyone 😼😼🫶",1,2026-09-24T18:57:48.000Z,rubydubysnuby,TCG/Pokemon,Pokemon cards; Elite Trainer Box,giveaways; item loss,Commenter enters giveaway after losing their Pokemon ETB on a bus and wishes everyone good luck.,high,tiktok_comment:7689177963849745184
132,https://www.tiktok.com/@koolthingsltd/video/7688388120764501251,356,0356_7688388120764501251.mp4,1496.0,43800.0,trading card,Pokemon Elite Trainer Box,7689025652353958679,Pokemon 30 xx amazing giveaway missed the release and would love this for my sons 13th birthday,0,2026-09-24T09:07:55.000Z,gibson_van_life,TCG/Pokemon,Pokemon cards; Elite Trainer Box,giveaways,Commenter enters giveaway wanting the item for their son's birthday after missing the release.,high,tiktok_comment:7689025652353958679
133,https://www.tiktok.com/@koolthingsltd/video/7688388120764501251,356,0356_7688388120764501251.mp4,1496.0,43800.0,trading card,Pokemon Elite Trainer Box,7689144050264195862,POKEMON 30!!!!!,1,2026-09-24T16:46:28.000Z,_saylesssss_,TCG/Pokemon,Pokemon cards,giveaways,User enters giveaway with the keyword phrase.,medium,tiktok_comment:7689144050264195862
134,https://www.tiktok.com/@koolthingsltd/video/7688388120764501251,356,0356_7688388120764501251.mp4,1496.0,43800.0,trading card,Pokemon Elite Trainer Box,7688720672391234326,POKÉMON 30 🖤,1,2026-09-23T13:23:44.000Z,phynixrose,TCG/Pokemon,Pokemon cards,giveaways,User enters giveaway using the specified phrase.,medium,tiktok_comment:7688720672391234326
135,https://www.tiktok.com/@koolthingsltd/video/7688388120764501251,356,0356_7688388120764501251.mp4,1496.0,43800.0,trading card,Pokemon Elite Trainer Box,7688948694914482966,POKEMON30,1,2026-09-24T04:10:04.000Z,katypokemon27,TCG/Pokemon,Pokemon cards,giveaways,User submits the giveaway entry phrase.,medium,tiktok_comment:7688948694914482966
136,https://www.tiktok.com/@koolthingsltd/video/7688388120764501251,356,0356_7688388120764501251.mp4,1496.0,43800.0,trading card,Pokemon Elite Trainer Box,7688696328701346582,pokemon 30th,8,2026-09-23T11:49:22.000Z,jameshowarth56,TCG/Pokemon,Pokemon cards,giveaways,User posts giveaway entry keyword.,medium,tiktok_comment:7688696328701346582
137,https://www.tiktok.com/@koolthingsltd/video/7688388120764501251,356,0356_7688388120764501251.mp4,1496.0,43800.0,trading card,Pokemon Elite Trainer Box,7688776300434309910,Pokemon 30!,1,2026-09-23T16:59:24.000Z,jscozzaro,TCG/Pokemon,Pokemon cards,giveaways,User submits the giveaway entry text.,medium,tiktok_comment:7688776300434309910
138,https://www.tiktok.com/@koolthingsltd/video/7688388120764501251,356,0356_7688388120764501251.mp4,1496.0,43800.0,trading card,Pokemon Elite Trainer Box,7688402069518730016,Pokémon 30!,26,2026-09-22T16:47:00.000Z,tattoos.and.stories,TCG/Pokemon,Pokemon cards,giveaways,User enters giveaway using keyword.,medium,tiktok_comment:7688402069518730016
139,https://www.tiktok.com/@koolthingsltd/video/7688388120764501251,356,0356_7688388120764501251.mp4,1496.0,43800.0,trading card,Pokemon Elite Trainer Box,7688969571021128470,Pokémon 30,0,2026-09-24T05:29:29.000Z,katlyndaly,TCG/Pokemon,Pokemon cards,giveaways,User posts entry phrase for giveaway.,medium,tiktok_comment:7688969571021128470
140,https://www.tiktok.com/@koolthingsltd/video/7688388120764501251,356,0356_7688388120764501251.mp4,1496.0,43800.0,trading card,Pokemon Elite Trainer Box,7688696228796810016,Pokémon 30,6,2026-09-23T11:48:45.000Z,cheeky_aarch,TCG/Pokemon,Pokemon cards,giveaways,User leaves entry phrase for giveaway.,medium,tiktok_comment:7688696228796810016
141,https://www.tiktok.com/@a.blida/video/7682528580504423712,353,0353_7682528580504423712.mp4,1527.0,5100000.0,Trading card,Pokemon trading cards,7684815718793282335,MOONBREON 😭😭😭😭,5740,2026-09-13T00:50:16.000Z,killakalilla,TCG/Pokemon,Pokemon cards,pull reaction,Commenter reacts emotionally to seeing a Moonbreon card.,high,tiktok_comment:7684815718793282335
142,https://www.tiktok.com/@a.blida/video/7682528580504423712,353,0353_7682528580504423712.mp4,1527.0,5100000.0,Trading card,Pokemon trading cards,7683903897861522184,she pulled the moonbreon?👍👍👍,115,2026-09-10T13:51:38.000Z,thunderthomaslee55,TCG/Pokemon,Pokemon cards,card pull,Commenter asks if she pulled the Moonbreon card.,high,tiktok_comment:7683903897861522184
143,https://www.tiktok.com/@a.blida/video/7682528580504423712,353,0353_7682528580504423712.mp4,1527.0,5100000.0,Trading card,Pokemon trading cards,7684909714970673933,its okay girl i dont even know which is the rare one,58029,2026-09-13T06:55:19.000Z,adriianafung,TCG/Pokemon,Pokemon cards,card rarity,Commenter admits to not knowing which card is rare.,high,tiktok_comment:7684909714970673933
144,https://www.tiktok.com/@a.blida/video/7682528580504423712,353,0353_7682528580504423712.mp4,1527.0,5100000.0,Trading card,Pokemon trading cards,7683011431268107030,be gentle with those fucking cards ahahaha,45844,2026-09-08T04:09:23.000Z,damianomorvillo,TCG/Pokemon,Pokemon cards,card handling,Commenter jokingly warns to be gentle with the cards.,high,tiktok_comment:7683011431268107030
145,https://www.tiktok.com/@a.blida/video/7682528580504423712,353,0353_7682528580504423712.mp4,1527.0,5100000.0,Trading card,Pokemon trading cards,7685025671367525150,which one is the rare one,4149,2026-09-13T14:25:26.000Z,mkerom,TCG/Pokemon,Pokemon cards,card rarity,Commenter asks which card is the rare one.,high,tiktok_comment:7685025671367525150
146,https://www.tiktok.com/@a.blida/video/7682528580504423712,353,0353_7682528580504423712.mp4,1527.0,5100000.0,Trading card,Pokemon trading cards,7684239889101046536,1400$🥲,3061,2026-09-11T11:35:25.000Z,eisake7,TCG/Pokemon,Pokemon cards,card value,Commenter mentions a price of $1400 with a tearful emoji.,medium,tiktok_comment:7684239889101046536
147,https://www.tiktok.com/@a.blida/video/7682528580504423712,353,0353_7682528580504423712.mp4,1527.0,5100000.0,Trading card,Pokemon trading cards,7683716367250588430,As a Pokemon fan since day one I LOVE seeing how mad these people get. Open them packs!,9309,2026-09-10T01:44:25.000Z,jelloispain,TCG/Pokemon,Pokemon cards,pack opening; community reaction,A long-time Pokemon fan enjoys seeing people get mad and encourages opening packs.,high,tiktok_comment:7683716367250588430
148,https://www.tiktok.com/@a.blida/video/7682528580504423712,353,0353_7682528580504423712.mp4,1527.0,5100000.0,Trading card,Pokemon trading cards,7683081288148747030,"I swear to god, the Girlfriend's lucky is real",11568,2026-09-08T08:40:13.000Z,bastingsk_8,TCG/Pokemon,Pokemon cards,pack opening luck,Commenter remarks on the reality of girlfriend luck when opening cards.,medium,tiktok_comment:7683081288148747030
149,https://www.tiktok.com/@a.blida/video/7682528580504423712,353,0353_7682528580504423712.mp4,1527.0,5100000.0,Trading card,Pokemon trading cards,7682940993210172182,RIP PSA10,5172,2026-09-07T23:36:28.000Z,ar2pac,TCG/Pokemon,Pokemon cards,card grading,Commenter laments the potential loss of a PSA 10 grade.,high,tiktok_comment:7682940993210172182
150,https://www.tiktok.com/@a.blida/video/7682528580504423712,353,0353_7682528580504423712.mp4,1527.0,5100000.0,Trading card,Pokemon trading cards,7684512757051949838,I’m so happy for you,413,2026-09-12T05:15:10.000Z,eternally_saved1,TCG/Pokemon,Pokemon cards,unclear reaction,Commenter expresses happiness for the creator.,medium,tiktok_comment:7684512757051949838
151,https://www.tiktok.com/@luh.sneakerheads/video/7681421897799617806,496,0497_7681421897799617806.mp4,1474.0,121200.0,sneakers,Jordan 4 sneakers,7681652171608589089,Real Jordan 4‘s,481,2026-09-04T12:14:10.000Z,lefauxneuf,Sneakers/Streetwear,Jordan 4; sneakers,item identification; authenticity,Comment identifies or describes the sneakers as real Jordan 4s.,high,tiktok_comment:7681652171608589089
152,https://www.tiktok.com/@luh.sneakerheads/video/7681421897799617806,496,0497_7681421897799617806.mp4,1474.0,121200.0,sneakers,Jordan 4 sneakers,7681681008614032158,Jordan 4 cactus jacks,15,2026-09-04T14:06:37.000Z,christian24166,Sneakers/Streetwear,Jordan 4; sneakers,item identification,Comment mentions Jordan 4 Cactus Jacks.,high,tiktok_comment:7681681008614032158
153,https://www.tiktok.com/@luh.sneakerheads/video/7681421897799617806,496,0497_7681421897799617806.mp4,1474.0,121200.0,sneakers,Jordan 4 sneakers,7689197563353940750,Jordon 1,0,2026-09-24T20:14:00.000Z,cody67_theking,Sneakers/Streetwear,Jordan 1; sneakers,item identification,Comment names Jordan 1.,high,tiktok_comment:7689197563353940750
154,https://www.tiktok.com/@luh.sneakerheads/video/7681421897799617806,496,0497_7681421897799617806.mp4,1474.0,121200.0,sneakers,Jordan 4 sneakers,7688918543215166239,Jordan 4 thunder,0,2026-09-24T02:11:11.000Z,leiland.smith72,Sneakers/Streetwear,Jordan 4; sneakers,item identification,Comment identifies Jordan 4 Thunder.,high,tiktok_comment:7688918543215166239
155,https://www.tiktok.com/@luh.sneakerheads/video/7681421897799617806,496,0497_7681421897799617806.mp4,1474.0,121200.0,sneakers,Jordan 4 sneakers,7688729716198916886,"Jordan 4 fear
Jordan 4 university
Nike Air Max
Nike Air Max 95",0,2026-09-23T13:58:34.000Z,daniixx109,Sneakers/Streetwear,Air Jordan; Nike Air Max,item identification,"Comment lists Jordan 4 Fear, Jordan 4 University, Nike Air Max, and Nike Air Max 95.",high,tiktok_comment:7688729716198916886
156,https://www.tiktok.com/@luh.sneakerheads/video/7681421897799617806,496,0497_7681421897799617806.mp4,1474.0,121200.0,sneakers,Jordan 4 sneakers,7681502693869470495,Skechers lol,850,2026-09-04T02:34:03.000Z,ejmines,Sneakers/Streetwear,Skechers; sneakers,humor; item identification,Comment humorously suggests Skechers.,medium,tiktok_comment:7681502693869470495
157,https://www.tiktok.com/@luh.sneakerheads/video/7681421897799617806,496,0497_7681421897799617806.mp4,1474.0,121200.0,sneakers,Jordan 4 sneakers,7688702353928061718,Nike air force black,0,2026-09-23T12:12:45.000Z,sankix5,Sneakers/Streetwear,Nike Air Force; sneakers,item identification,Comment names Nike Air Force Black.,high,tiktok_comment:7688702353928061718
158,https://www.tiktok.com/@luh.sneakerheads/video/7681421897799617806,496,0497_7681421897799617806.mp4,1474.0,121200.0,sneakers,Jordan 4 sneakers,7688695870913168150,jordan 4 mars,0,2026-09-23T11:47:27.000Z,julek.piasecki,Sneakers/Streetwear,Jordan 4; sneakers,item identification,Comment mentions Jordan 4 Mars.,high,tiktok_comment:7688695870913168150
159,https://www.tiktok.com/@luh.sneakerheads/video/7681421897799617806,496,0497_7681421897799617806.mp4,1474.0,121200.0,sneakers,Jordan 4 sneakers,7681716875973804822,Real ones,150,2026-09-04T16:25:09.000Z,marcos10_014,Sneakers/Streetwear,Jordan 4; sneakers,authenticity; unclear reaction,Comment remarks 'Real ones' referring to the items.,medium,tiktok_comment:7681716875973804822
160,https://www.tiktok.com/@luh.sneakerheads/video/7681421897799617806,496,0497_7681421897799617806.mp4,1474.0,121200.0,sneakers,Jordan 4 sneakers,7681591134036673302,A real one,44,2026-09-04T08:17:34.000Z,ivan.radev123,Sneakers/Streetwear,Jordan 4; sneakers,authenticity; unclear reaction,Comment states 'A real one'.,medium,tiktok_comment:7681591134036673302
161,https://www.tiktok.com/@carterpcs/video/7562798436265889054,687,0688_7562798436265889054.mp4,1411.0,3700000.0,Electronics,Original Xiaomi Mi 17 Pro Max 5G Smartphone Dual Screen Snapdragon 8 Elite Gen 5,7562910969401541398,bought one off wondamobile its arriving in a few days 🙏🙏🙏 (xiaomi 17 pro max),93,2025-10-19T12:37:25.000Z,o_otok,Electronics,smartphones,order status; online retailer,The commenter states they bought a Xiaomi 17 Pro Max from Wondamobile and expects it to arrive soon.,high,tiktok_comment:7562910969401541398
162,https://www.tiktok.com/@carterpcs/video/7562798436265889054,687,0688_7562798436265889054.mp4,1411.0,3700000.0,Electronics,Original Xiaomi Mi 17 Pro Max 5G Smartphone Dual Screen Snapdragon 8 Elite Gen 5,7562800033617494792,guys what happened i love my huawei phone,2310,2025-10-19T05:26:49.000Z,hannahbanana9559,Electronics,smartphones,brand loyalty; user feedback,The commenter expresses love for their Huawei phone and asks what happened.,medium,tiktok_comment:7562800033617494792
163,https://www.tiktok.com/@carterpcs/video/7562798436265889054,687,0688_7562798436265889054.mp4,1411.0,3700000.0,Electronics,Original Xiaomi Mi 17 Pro Max 5G Smartphone Dual Screen Snapdragon 8 Elite Gen 5,7562812760457102093,That’s the same price as the actual 17 pro max though 😂✌,1083,2025-10-19T06:17:02.000Z,lewisdav,Electronics,smartphones,price comparison,The commenter notes that the price matches that of the actual 17 Pro Max.,medium,tiktok_comment:7562812760457102093
164,https://www.tiktok.com/@carterpcs/video/7562798436265889054,687,0688_7562798436265889054.mp4,1411.0,3700000.0,Electronics,Original Xiaomi Mi 17 Pro Max 5G Smartphone Dual Screen Snapdragon 8 Elite Gen 5,7562995575730815766,USA is so weird 🥀 every chinsese phone brand is banned there,2195,2025-10-19T18:05:36.000Z,_icerat_,Electronics,smartphones,market restrictions; regulations,The commenter remarks on the US banning every Chinese phone brand.,medium,tiktok_comment:7562995575730815766
165,https://www.tiktok.com/@carterpcs/video/7562798436265889054,687,0688_7562798436265889054.mp4,1411.0,3700000.0,Electronics,Original Xiaomi Mi 17 Pro Max 5G Smartphone Dual Screen Snapdragon 8 Elite Gen 5,7562800872112997151,"If you use a China regional device in the US, there will be some friction. Cell service, play store, etc.",655,2025-10-19T05:30:28.000Z,polarblairtechtok,Electronics,smartphones,compatibility issues; regional differences,The commenter notes potential friction with cell service and the Play Store when using Chinese regional devices in the US.,high,tiktok_comment:7562800872112997151
166,https://www.tiktok.com/@carterpcs/video/7562798436265889054,687,0688_7562798436265889054.mp4,1411.0,3700000.0,Electronics,Original Xiaomi Mi 17 Pro Max 5G Smartphone Dual Screen Snapdragon 8 Elite Gen 5,7562875165349511958,I'm to European for this,1737,2025-10-19T10:18:23.000Z,kadirartar61,Electronics,smartphones,unclear reaction,The commenter remarks that they are too European for this situation.,low,tiktok_comment:7562875165349511958
167,https://www.tiktok.com/@carterpcs/video/7562798436265889054,687,0688_7562798436265889054.mp4,1411.0,3700000.0,Electronics,Original Xiaomi Mi 17 Pro Max 5G Smartphone Dual Screen Snapdragon 8 Elite Gen 5,7562862280742322975,you just got to make sure when you're buying a Chinese phone that you don't get the domestic China version. you want the EU/global because those have the Play store,273,2025-10-19T09:30:08.000Z,nitro_sir,Electronics,smartphones,buying advice; software compatibility,The commenter advises buyers to select EU/global versions of Chinese phones to ensure Google Play Store access.,high,tiktok_comment:7562862280742322975
168,https://www.tiktok.com/@carterpcs/video/7562798436265889054,687,0688_7562798436265889054.mp4,1411.0,3700000.0,Electronics,Original Xiaomi Mi 17 Pro Max 5G Smartphone Dual Screen Snapdragon 8 Elite Gen 5,7562837378608792341,is trading Shenzhen not a thing in America?,692,2025-10-19T07:51:43.000Z,s0von,Electronics; General marketplace,smartphones; electronics retailer,retailer availability,The commenter asks whether TradingShenzhen is known or used in America.,medium,tiktok_comment:7562837378608792341
169,https://www.tiktok.com/@carterpcs/video/7562798436265889054,687,0688_7562798436265889054.mp4,1411.0,3700000.0,Electronics,Original Xiaomi Mi 17 Pro Max 5G Smartphone Dual Screen Snapdragon 8 Elite Gen 5,7562799297957069576,Gotta support small creators,396,2025-10-19T05:23:55.000Z,z3roaura,General marketplace,creator content,creator support,The commenter states that small creators need to be supported.,medium,tiktok_comment:7562799297957069576
170,https://www.tiktok.com/@carterpcs/video/7562798436265889054,687,0688_7562798436265889054.mp4,1411.0,3700000.0,Electronics,Original Xiaomi Mi 17 Pro Max 5G Smartphone Dual Screen Snapdragon 8 Elite Gen 5,7684724384659784455,Did you buy the phone Carter?,2,2026-09-12T18:55:40.000Z,mvl_onchain,Electronics,smartphones,purchase inquiry,The commenter asks Carter if he bought the phone.,medium,tiktok_comment:7684724384659784455
171,https://www.tiktok.com/@legendshobby/video/7665481276731788575,542,0544_7665481276731788575.mp4,1472.0,373700.0,"Trading card, collectible",signed baseball cards,7665537151836504863,"Soooo, Paul Lo Duca is The Man. Got it.",3554,2026-07-23T01:59:34.000Z,dailyoutburstsports,Sports Cards,signed baseball cards,player appreciation,Commenter calls Paul Lo Duca 'The Man.',high,tiktok_comment:7665537151836504863
172,https://www.tiktok.com/@legendshobby/video/7665481276731788575,542,0544_7665481276731788575.mp4,1472.0,373700.0,"Trading card, collectible",signed baseball cards,7665537593883345695,All MLB players should be this nice to the fans.,1600,2026-07-23T02:01:21.000Z,jamest1040,Sports Cards,baseball cards,fan interaction; player behavior,Commenter states all MLB players should be this nice to fans.,high,tiktok_comment:7665537593883345695
173,https://www.tiktok.com/@legendshobby/video/7665481276731788575,542,0544_7665481276731788575.mp4,1472.0,373700.0,"Trading card, collectible",signed baseball cards,7665689711046722317,“Do you have a certificate of authenticity for this autograph?” “Sure thing check out this reel.”,1557,2026-07-23T11:52:24.000Z,markerdoodle,Sports Cards,autographed baseball cards,certificate of authenticity; video proof,Commenter jokes about using the video reel as a certificate of authenticity for the autograph.,high,tiktok_comment:7665689711046722317
174,https://www.tiktok.com/@legendshobby/video/7665481276731788575,542,0544_7665481276731788575.mp4,1472.0,373700.0,"Trading card, collectible",signed baseball cards,7665527087060419359,Paul is a collector himself. so he gets it.,491,2026-07-23T01:20:38.000Z,jck101033,Sports Cards,signed baseball cards,collector culture,Commenter notes that Paul Lo Duca understands because he is a collector himself.,high,tiktok_comment:7665527087060419359
175,https://www.tiktok.com/@legendshobby/video/7665481276731788575,542,0544_7665481276731788575.mp4,1472.0,373700.0,"Trading card, collectible",signed baseball cards,7665529302071821086,That was a banger pack,344,2026-07-23T01:29:15.000Z,bustinrocks4,Sports Cards,baseball card pack,pack opening,Commenter remarks that the pack was great.,high,tiktok_comment:7665529302071821086
176,https://www.tiktok.com/@legendshobby/video/7665481276731788575,542,0544_7665481276731788575.mp4,1472.0,373700.0,"Trading card, collectible",signed baseball cards,7665704790958261005,Paul Lo Duca I have just earned a tremendous amount of respect for you! That young boy/fan will remember this moment for the rest of his life!!! Hats off to you sir!!!!,534,2026-07-23T12:50:45.000Z,nunzie724,Sports Cards,signed baseball cards,player appreciation; fan interaction,Commenter expresses high respect for Paul Lo Duca creating a lifelong memory for a young fan.,high,tiktok_comment:7665704790958261005
177,https://www.tiktok.com/@legendshobby/video/7665481276731788575,542,0544_7665481276731788575.mp4,1472.0,373700.0,"Trading card, collectible",signed baseball cards,7665700410912604941,1000% what it’s all about.,401,2026-07-23T12:33:35.000Z,10man07,Sports Cards,signed baseball cards,fan interaction,Commenter expresses that this fan interaction is completely what it is all about.,medium,tiktok_comment:7665700410912604941
178,https://www.tiktok.com/@legendshobby/video/7665481276731788575,542,0544_7665481276731788575.mp4,1472.0,373700.0,"Trading card, collectible",signed baseball cards,7666271553806598943,"Lo Duca's the man, that's awesome!",5,2026-07-25T01:29:37.000Z,ibebutler,Sports Cards,signed baseball cards,player appreciation,"Commenter praises Lo Duca, calling him 'the man.'",high,tiktok_comment:7666271553806598943
179,https://www.tiktok.com/@legendshobby/video/7665481276731788575,542,0544_7665481276731788575.mp4,1472.0,373700.0,"Trading card, collectible",signed baseball cards,7665716102823150350,What a dude! Running around the field for this kid. Love it,171,2026-07-23T13:34:23.000Z,themac123456,Sports Cards,signed baseball cards,fan interaction; player appreciation,Commenter praises the player for running around the field for the kid.,high,tiktok_comment:7665716102823150350
180,https://www.tiktok.com/@legendshobby/video/7665481276731788575,542,0544_7665481276731788575.mp4,1472.0,373700.0,"Trading card, collectible",signed baseball cards,7665716118293037837,This is how athletes and people in sports should act. Great job sir,27,2026-07-23T13:34:27.000Z,sports_chat_101,Sports Cards,signed baseball cards,player behavior; sportsmanship,"Commenter commends the behavior, stating this is how athletes should act.",high,tiktok_comment:7665716118293037837
181,https://www.tiktok.com/@kick_essentials/video/7047288477070806318,711,0713_7047288477070806318.mp4,1376.0,1300000.0,sneakers,Jordan 1 High Zoom sneakers,7047295246308770565,the canyon rust but the lows,46,2021-12-30T01:04:53.000Z,satx.b3tttt0,Sneakers/Streetwear,sneakers; Air Jordan 1,colorway preference; sneaker model preference,The commenter prefers the Canyon Rust colorway in the low-top version.,high,tiktok_comment:7047295246308770565
182,https://www.tiktok.com/@kick_essentials/video/7047288477070806318,711,0713_7047288477070806318.mp4,1376.0,1300000.0,sneakers,Jordan 1 High Zoom sneakers,7047296870184157998,"i was tryna sing the song, don't get me wrong love the shoes but come on i wanted the actual song😓",24,2021-12-30T01:11:14.000Z,ilovejennaaa_,Sneakers/Streetwear,sneakers,background music; sneaker appreciation,The user likes the sneakers but wished the video used the actual full song to sing along.,high,tiktok_comment:7047296870184157998
183,https://www.tiktok.com/@kick_essentials/video/7047288477070806318,711,0713_7047288477070806318.mp4,1376.0,1300000.0,sneakers,Jordan 1 High Zoom sneakers,7047294088479228677,Canyon rust obvi,5415,2021-12-30T01:00:23.000Z,xox.brooke.xoxo,Sneakers/Streetwear,sneakers; Air Jordan 1,colorway preference,The commenter picks the Canyon Rust colorway as the obvious choice.,high,tiktok_comment:7047294088479228677
184,https://www.tiktok.com/@kick_essentials/video/7047288477070806318,711,0713_7047288477070806318.mp4,1376.0,1300000.0,sneakers,Jordan 1 High Zoom sneakers,7047395613793534766,Canyon Rust for sure,2111,2021-12-30T07:34:32.000Z,shay_0120,Sneakers/Streetwear,sneakers; Air Jordan 1,colorway preference,The user expresses a clear preference for the Canyon Rust colorway.,high,tiktok_comment:7047395613793534766
185,https://www.tiktok.com/@kick_essentials/video/7047288477070806318,711,0713_7047288477070806318.mp4,1376.0,1300000.0,sneakers,Jordan 1 High Zoom sneakers,7047341328359818030,uhm I need both,307,2021-12-30T04:03:46.000Z,rebedachie,Sneakers/Streetwear,sneakers,purchase interest,The commenter states that they need both featured pairs.,high,tiktok_comment:7047341328359818030
186,https://www.tiktok.com/@kick_essentials/video/7047288477070806318,711,0713_7047288477070806318.mp4,1376.0,1300000.0,sneakers,Jordan 1 High Zoom sneakers,7048399448724226863,well there both amazing shoes but imma go with Canyon Rust,141,2022-01-02T00:29:49.000Z,yourgworljordynn,Sneakers/Streetwear,sneakers; Air Jordan 1,colorway preference,The user finds both shoes amazing but chooses the Canyon Rust pair.,high,tiktok_comment:7048399448724226863
187,https://www.tiktok.com/@kick_essentials/video/7047288477070806318,711,0713_7047288477070806318.mp4,1376.0,1300000.0,sneakers,Jordan 1 High Zoom sneakers,7048580354785641262,my easter’s r gorgeous 🥳🥰💖,26,2022-01-02T12:12:28.000Z,delaneyagallagher,Sneakers/Streetwear,sneakers; Air Jordan 1,sneaker appreciation; personal ownership,The commenter shares that their Easter pair is gorgeous.,high,tiktok_comment:7048580354785641262
188,https://www.tiktok.com/@kick_essentials/video/7047288477070806318,711,0713_7047288477070806318.mp4,1376.0,1300000.0,sneakers,Jordan 1 High Zoom sneakers,7047292624205513518,Easter,758,2021-12-30T00:54:44.000Z,haydenmcalpineeee,Sneakers/Streetwear,sneakers; Air Jordan 1,colorway preference,The commenter votes for the Easter colorway.,high,tiktok_comment:7047292624205513518
189,https://www.tiktok.com/@kick_essentials/video/7047288477070806318,711,0713_7047288477070806318.mp4,1376.0,1300000.0,sneakers,Jordan 1 High Zoom sneakers,7047292599032103726,When they are both on your wishlist already! I think canyon rust is my next one though!,89,2021-12-30T00:54:41.000Z,sierragracephotography,Sneakers/Streetwear,sneakers; Air Jordan 1,wishlist; next purchase,The commenter notes both pairs are on their wishlist and Canyon Rust will likely be their next pickup.,high,tiktok_comment:7047292599032103726
190,https://www.tiktok.com/@kick_essentials/video/7047288477070806318,711,0713_7047288477070806318.mp4,1376.0,1300000.0,sneakers,Jordan 1 High Zoom sneakers,7047297769153102597,Easter!,54,2021-12-30T01:14:40.000Z,_jtimes4,Sneakers/Streetwear,sneakers; Air Jordan 1,colorway preference,The user selects the Easter colorway.,high,tiktok_comment:7047297769153102597
191,https://www.tiktok.com/@suhailarain39/video/7527900370337729814,824,0827_7527900370337729814.mp4,1341.0,1300000.0,"Toy, collectible","Labubu dolls, collectible plush toys",7548092220253438726,how much pls I need two,7,2025-09-09T14:13:11.000Z,baby.ruth72,Toys/Collectibles,Labubu dolls; collectible plush toys,pricing inquiry; purchase intent,The user asks for the price and states they need two.,high,tiktok_comment:7548092220253438726
192,https://www.tiktok.com/@suhailarain39/video/7527900370337729814,824,0827_7527900370337729814.mp4,1341.0,1300000.0,"Toy, collectible","Labubu dolls, collectible plush toys",7535802024676459282,1 labubu kitny ka ha ?,11,2025-08-07T11:20:42.000Z,fiazkhan6509,Toys/Collectibles,Labubu dolls,pricing inquiry,The user asks in Urdu how much one Labubu costs.,high,tiktok_comment:7535802024676459282
193,https://www.tiktok.com/@suhailarain39/video/7527900370337729814,824,0827_7527900370337729814.mp4,1341.0,1300000.0,"Toy, collectible","Labubu dolls, collectible plush toys",7531879334803751681,I want to buy,9,2025-07-27T21:39:09.000Z,xyromakesedits,Toys/Collectibles,Labubu dolls; collectible plush toys,purchase intent,The user states that they want to buy.,high,tiktok_comment:7531879334803751681
194,https://www.tiktok.com/@suhailarain39/video/7527900370337729814,824,0827_7527900370337729814.mp4,1341.0,1300000.0,"Toy, collectible","Labubu dolls, collectible plush toys",7536862377342878471,please price,7,2025-08-10T07:55:24.000Z,munira.sohail2,Toys/Collectibles,Labubu dolls; collectible plush toys,pricing inquiry,The user asks for the price.,high,tiktok_comment:7536862377342878471
195,https://www.tiktok.com/@suhailarain39/video/7527900370337729814,824,0827_7527900370337729814.mp4,1341.0,1300000.0,"Toy, collectible","Labubu dolls, collectible plush toys",7539023278191903506,bro there are jins I wanted to buy it but my parents said there are jins in it trying to haunt them every person In THE EARTH!!!,4,2025-08-16T03:40:50.000Z,538shan,Toys/Collectibles,Labubu dolls; collectible plush toys,superstition; purchase intent,The user wanted to buy one but states their parents claimed it contains jinn trying to haunt people.,high,tiktok_comment:7539023278191903506
196,https://www.tiktok.com/@suhailarain39/video/7527900370337729814,824,0827_7527900370337729814.mp4,1341.0,1300000.0,"Toy, collectible","Labubu dolls, collectible plush toys",7675516835412706049,Et s a a,1,2026-08-18T23:25:52.000Z,damesylla011,Unclear,,unclear reaction,The comment is an ambiguous text fragment.,low,tiktok_comment:7675516835412706049
197,https://www.tiktok.com/@suhailarain39/video/7527900370337729814,824,0827_7527900370337729814.mp4,1341.0,1300000.0,"Toy, collectible","Labubu dolls, collectible plush toys",7678921814575465223,please kosur jawab da do,1,2026-08-28T03:38:43.000Z,qureshig524,Toys/Collectibles,Labubu dolls; collectible plush toys,seller inquiry,The user asks for a reply.,medium,tiktok_comment:7678921814575465223
198,https://www.tiktok.com/@suhailarain39/video/7527900370337729814,824,0827_7527900370337729814.mp4,1341.0,1300000.0,"Toy, collectible","Labubu dolls, collectible plush toys",7561766836045398805,how much price,4,2025-10-16T10:37:31.000Z,user39122656852490,Toys/Collectibles,Labubu dolls; collectible plush toys,pricing inquiry,The user asks how much it costs.,high,tiktok_comment:7561766836045398805
199,https://www.tiktok.com/@suhailarain39/video/7527900370337729814,824,0827_7527900370337729814.mp4,1341.0,1300000.0,"Toy, collectible","Labubu dolls, collectible plush toys",7536841183874040584,ham ne pink wala khareeda Rs 2500 🥰,4,2025-08-10T06:33:16.000Z,arman58616,Toys/Collectibles,Labubu dolls; collectible plush toys,purchase history; price reporting,The user reports having bought the pink one for Rs 2500.,high,tiktok_comment:7536841183874040584
200,https://www.tiktok.com/@suhailarain39/video/7527900370337729814,824,0827_7527900370337729814.mp4,1341.0,1300000.0,"Toy, collectible","Labubu dolls, collectible plush toys",7527911801608110866,me too please,2,2025-07-17T05:05:56.000Z,sonlirina,Toys/Collectibles,Labubu dolls; collectible plush toys,purchase intent,The user requests one for themselves as well.,medium,tiktok_comment:7527911801608110866
201,https://www.tiktok.com/@kira.kabuki/video/7656800683793927437,792,0794_7656800683793927437.mp4,1343.0,2600000.0,"toy, collectible","Toy Story 5 Friends Forever blind box case, Toy Story blind box figures, Toy Story collectibles",7657064176028697358,woodys hair is so dark omg😭😭,16825,2026-06-30T06:01:06.000Z,madeofangeldusttt,Toys/Collectibles,blind box figures; Toy Story figures,figure appearance; character design,Commenter reacts to how dark Woody's hair appears on the figure.,high,tiktok_comment:7657064176028697358
202,https://www.tiktok.com/@kira.kabuki/video/7656800683793927437,792,0794_7656800683793927437.mp4,1343.0,2600000.0,"toy, collectible","Toy Story 5 Friends Forever blind box case, Toy Story blind box figures, Toy Story collectibles",7656922741761491726,These are the type of Toys McDonald’s should’ve put on in their happy meals,18682,2026-06-29T20:51:37.000Z,janellemoniquee,Toys/Collectibles,blind box figures; fast food toys,item comparison; toy quality,Commenter states that McDonald's should have included toys like these in Happy Meals.,high,tiktok_comment:7656922741761491726
203,https://www.tiktok.com/@kira.kabuki/video/7656800683793927437,792,0794_7656800683793927437.mp4,1343.0,2600000.0,"toy, collectible","Toy Story 5 Friends Forever blind box case, Toy Story blind box figures, Toy Story collectibles",7656922205549609750,I love that the first ones are dirty!!!,6824,2026-06-29T20:49:08.000Z,aa.mellaa,Toys/Collectibles,blind box figures; Toy Story figures,figure appearance; design appreciation,Commenter expresses love that the first figures are depicted as dirty.,high,tiktok_comment:7656922205549609750
204,https://www.tiktok.com/@kira.kabuki/video/7656800683793927437,792,0794_7656800683793927437.mp4,1343.0,2600000.0,"toy, collectible","Toy Story 5 Friends Forever blind box case, Toy Story blind box figures, Toy Story collectibles",7657553961393734418,mau beli yg ini,5489,2026-07-01T13:40:27.000Z,eljiyy,Toys/Collectibles,blind box figures,purchase intent,Commenter expresses a desire to buy this item.,high,tiktok_comment:7657553961393734418
205,https://www.tiktok.com/@kira.kabuki/video/7656800683793927437,792,0794_7656800683793927437.mp4,1343.0,2600000.0,"toy, collectible","Toy Story 5 Friends Forever blind box case, Toy Story blind box figures, Toy Story collectibles",7656813790462231310,Very unique,1926,2026-06-29T13:49:04.000Z,spicyli_,Toys/Collectibles,blind box figures,figure appearance,Commenter notes that the items are very unique.,high,tiktok_comment:7656813790462231310
206,https://www.tiktok.com/@kira.kabuki/video/7656800683793927437,792,0794_7656800683793927437.mp4,1343.0,2600000.0,"toy, collectible","Toy Story 5 Friends Forever blind box case, Toy Story blind box figures, Toy Story collectibles",7658334982646399766,dont let Atronautella see ts😭✌,1,2026-07-03T16:11:27.000Z,imatotalbigback,Toys/Collectibles,blind box figures,unclear reaction; social mention,Commenter jokingly warns not to let a specific user see the post.,medium,tiktok_comment:7658334982646399766
207,https://www.tiktok.com/@kira.kabuki/video/7656800683793927437,792,0794_7656800683793927437.mp4,1343.0,2600000.0,"toy, collectible","Toy Story 5 Friends Forever blind box case, Toy Story blind box figures, Toy Story collectibles",7688082408789656351,ilutoys table and his mother got popped up she said I love toy story so so much that I really want all of the toy story toys but you know what I only have 40 and buzz and a little pack of Woody all right and I wish you could give me like I don't know but I wish give me like all the toy story 3 toys Taurus toy story 3 is my favorite and I love you love you love you so much,1,2026-09-21T20:06:51.000Z,catina.bros,Toys/Collectibles,Toy Story figures,collecting desire; fandom,Commenter shares a rambling story about loving Toy Story and wishing for more Toy Story toys.,medium,tiktok_comment:7688082408789656351
208,https://www.tiktok.com/@kira.kabuki/video/7656800683793927437,792,0794_7656800683793927437.mp4,1343.0,2600000.0,"toy, collectible","Toy Story 5 Friends Forever blind box case, Toy Story blind box figures, Toy Story collectibles",7657081548341510929,я надеюсь что секретка это он со съемной шляпой и лысиной,1005,2026-06-30T07:07:16.000Z,090ao090,Toys/Collectibles,blind box figures,secret rare speculation; figure design,Commenter hopes the secret figure is the character with a removable hat and bald head.,high,tiktok_comment:7657081548341510929
209,https://www.tiktok.com/@kira.kabuki/video/7656800683793927437,792,0794_7656800683793927437.mp4,1343.0,2600000.0,"toy, collectible","Toy Story 5 Friends Forever blind box case, Toy Story blind box figures, Toy Story collectibles",7661686828924551943,literalmente le taparon las entradas 😭🥀,43,2026-07-12T16:58:14.000Z,erickgarcia2053,Toys/Collectibles,blind box figures,figure appearance; character design,Commenter remarks that the character's receding hairline was covered up.,medium,tiktok_comment:7661686828924551943
210,https://www.tiktok.com/@kira.kabuki/video/7656800683793927437,792,0794_7656800683793927437.mp4,1343.0,2600000.0,"toy, collectible","Toy Story 5 Friends Forever blind box case, Toy Story blind box figures, Toy Story collectibles",7657170186147054354,como mantenerme 7 minutos callada,264,2026-06-30T12:51:13.000Z,luciofficial111,Unclear,video reaction,unclear reaction,Commenter wonders how to remain quiet for seven minutes.,low,tiktok_comment:7657170186147054354
211,https://www.tiktok.com/@kkatieccasper/video/7389633718509456683,126,0126_7389633718509456683.mp4,1299.0,1500000.0,bag,Vintage designer handbag,7689316495116993293,Which seller do you use?,0,2026-09-25T03:55:42.000Z,oliviahanegan,Luxury Fashion,designer handbag,seller recommendation,User asks which seller the creator buys from.,high,tiktok_comment:7689316495116993293
212,https://www.tiktok.com/@kkatieccasper/video/7389633718509456683,126,0126_7389633718509456683.mp4,1299.0,1500000.0,bag,Vintage designer handbag,7389745769756689195,how are u sure of authenticity?,100,2024-07-09T21:08:09.000Z,kfrefinery,Luxury Fashion,designer handbag,authenticity verification,User asks how to verify the authenticity of an item.,high,tiktok_comment:7389745769756689195
213,https://www.tiktok.com/@kkatieccasper/video/7389633718509456683,126,0126_7389633718509456683.mp4,1299.0,1500000.0,bag,Vintage designer handbag,7389673706366878494,hi! how can you tell if it’s authentic?,45,2024-07-09T16:28:37.000Z,itisnotnoa,Luxury Fashion,designer handbag,authenticity verification,User asks how one can tell if an item is authentic.,high,tiktok_comment:7389673706366878494
214,https://www.tiktok.com/@kkatieccasper/video/7389633718509456683,126,0126_7389633718509456683.mp4,1299.0,1500000.0,bag,Vintage designer handbag,7389743644788523819,What eBay are y’all on??? I think I’m in the wrong place lol,2220,2024-07-09T21:00:02.000Z,savannaaabanana,General marketplace,online marketplace,platform navigation,User humorously questions what version of eBay others are using.,high,tiktok_comment:7389743644788523819
215,https://www.tiktok.com/@kkatieccasper/video/7389633718509456683,126,0126_7389633718509456683.mp4,1299.0,1500000.0,bag,Vintage designer handbag,7389690450721030954,I got a Gucci bag for $60 and a Celine for $20 from Japanese eBay I lerveee,2784,2024-07-09T17:33:30.000Z,carounder,Luxury Fashion,handbags,purchase experience; pricing,User shares they bought inexpensive Gucci and Celine bags from Japanese eBay.,high,tiktok_comment:7389690450721030954
216,https://www.tiktok.com/@kkatieccasper/video/7389633718509456683,126,0126_7389633718509456683.mp4,1299.0,1500000.0,bag,Vintage designer handbag,7389720266236511022,I got a vintage Cartier watch from Japan and it arrived perfectly and set to my local time.,2335,2024-07-09T19:29:19.000Z,jackiemayc,Luxury Fashion,luxury watches,purchase experience; shipping,User shares they purchased a vintage Cartier watch from Japan that arrived set to their local time.,high,tiktok_comment:7389720266236511022
217,https://www.tiktok.com/@kkatieccasper/video/7389633718509456683,126,0126_7389633718509456683.mp4,1299.0,1500000.0,bag,Vintage designer handbag,7389785407360008990,Somebody please drop the Japanese eBay link in the comments 😩,541,2024-07-09T23:42:06.000Z,fafa99829,General marketplace,online marketplace,link request,User requests a link to Japanese eBay in the comments.,high,tiktok_comment:7389785407360008990
218,https://www.tiktok.com/@kkatieccasper/video/7389633718509456683,126,0126_7389633718509456683.mp4,1299.0,1500000.0,bag,Vintage designer handbag,7389662894672560939,Got a vintage 1997 Birkin from a Japanese reseller. Best investment!,1278,2024-07-09T15:46:57.000Z,samcperry,Luxury Fashion,luxury handbags,purchase experience; investment,User shares that purchasing a 1997 Birkin bag from a Japanese reseller was their best investment.,high,tiktok_comment:7389662894672560939
219,https://www.tiktok.com/@kkatieccasper/video/7389633718509456683,126,0126_7389633718509456683.mp4,1299.0,1500000.0,bag,Vintage designer handbag,7389691027076858667,I LOVE BUYEE,148,2024-07-09T17:36:04.000Z,amangopodhitsdifferent,General marketplace,proxy buying service,platform praise,User expresses enthusiasm for proxy buying service Buyee.,high,tiktok_comment:7389691027076858667
220,https://www.tiktok.com/@kkatieccasper/video/7389633718509456683,126,0126_7389633718509456683.mp4,1299.0,1500000.0,bag,Vintage designer handbag,7389663178089956127,Excuse me?! That price for this bag is unreal,1197,2024-07-09T15:47:36.000Z,nidhi_mody,Luxury Fashion,designer handbag,price reaction,User expresses astonishment at the price of the bag.,high,tiktok_comment:7389663178089956127
221,https://www.tiktok.com/@crt_craig/video/7657608824462806285,279,0280_7657608824462806285.mp4,8084.0,1000000.0,Video games,"Video game discs (PS3, PS4 games)",7657881788417147661,"if buying isn't owning, Then Pirecy isn't stealing",19623,2026-07-02T10:54:02.000Z,gordylachance1,Other / emerging,video games; digital media,piracy; digital ownership,Commenter argues that piracy is not stealing if purchasing digital media does not confer true ownership.,high,tiktok_comment:7657881788417147661
222,https://www.tiktok.com/@crt_craig/video/7657608824462806285,279,0280_7657608824462806285.mp4,8084.0,1000000.0,Video games,"Video game discs (PS3, PS4 games)",7657969138699453205,Honestly physical media was the main reason to own a console.,3570,2026-07-02T16:31:40.000Z,doctorevil78,Electronics; Other / emerging,gaming consoles; physical media,physical media; hardware adoption,Commenter states that physical media was the primary reason to own a console.,high,tiktok_comment:7657969138699453205
223,https://www.tiktok.com/@crt_craig/video/7657608824462806285,279,0280_7657608824462806285.mp4,8084.0,1000000.0,Video games,"Video game discs (PS3, PS4 games)",7657663452697133837,"After PlayStation just said no more disc , the ps5 is the last gaming console i buy from PlayStation.",1150,2026-07-01T20:45:45.000Z,cw74772,Electronics,PlayStation consoles,disc drive removal; boycott,Commenter states the PS5 will be their last PlayStation console following the removal of disc support.,high,tiktok_comment:7657663452697133837
224,https://www.tiktok.com/@crt_craig/video/7657608824462806285,279,0280_7657608824462806285.mp4,8084.0,1000000.0,Video games,"Video game discs (PS3, PS4 games)",7657681671505330974,Start by not buying gta6 digital,5180,2026-07-01T21:56:29.000Z,horrible_magician,Other / emerging,video games,digital purchases; boycott,Commenter advises starting a boycott by refusing to buy GTA 6 digitally.,high,tiktok_comment:7657681671505330974
225,https://www.tiktok.com/@crt_craig/video/7657608824462806285,279,0280_7657608824462806285.mp4,8084.0,1000000.0,Video games,"Video game discs (PS3, PS4 games)",7657907011987931936,"IF BUYING ISN'T OWNING
PRICACY ISN'T STEALING",1379,2026-07-02T12:30:39.000Z,jaberdz,Other / emerging,video games; digital media,piracy; digital ownership,Commenter asserts in all caps that piracy is not stealing if buying does not mean owning.,high,tiktok_comment:7657907011987931936
226,https://www.tiktok.com/@crt_craig/video/7657608824462806285,279,0280_7657608824462806285.mp4,8084.0,1000000.0,Video games,"Video game discs (PS3, PS4 games)",7677770035829850912,I know a guy,294,2026-08-25T01:10:07.000Z,22samxumfxe,Unclear,unspecified,unclear reaction,Commenter vaguely notes that they 'know a guy'.,low,tiktok_comment:7677770035829850912
227,https://www.tiktok.com/@crt_craig/video/7657608824462806285,279,0280_7657608824462806285.mp4,8084.0,1000000.0,Video games,"Video game discs (PS3, PS4 games)",7657904557171311381,Would be like this,403,2026-07-02T12:21:08.000Z,ilovesegamegadrive,Unclear,unspecified,unclear reaction,Commenter leaves a vague remark stating 'Would be like this'.,low,tiktok_comment:7657904557171311381
228,https://www.tiktok.com/@crt_craig/video/7657608824462806285,279,0280_7657608824462806285.mp4,8084.0,1000000.0,Video games,"Video game discs (PS3, PS4 games)",7657899882640638742,Michael Jackson predicted this years ago 🥺,14,2026-07-02T12:03:04.000Z,mollyseymour10,Unclear,unspecified,unclear reaction,Commenter claims Michael Jackson predicted this situation years ago.,low,tiktok_comment:7657899882640638742
229,https://www.tiktok.com/@crt_craig/video/7657608824462806285,279,0280_7657608824462806285.mp4,8084.0,1000000.0,Video games,"Video game discs (PS3, PS4 games)",7657857013615657750,If buying isn't owning...,2449,2026-07-02T09:16:46.000Z,bendsect,Other / emerging,digital media,digital ownership,Commenter starts the common phrase questioning ownership when buying digital goods.,medium,tiktok_comment:7657857013615657750
230,https://www.tiktok.com/@crt_craig/video/7657608824462806285,279,0280_7657608824462806285.mp4,8084.0,1000000.0,Video games,"Video game discs (PS3, PS4 games)",7657822706872402710,HAHAHAHAHAAAA I KNEW IT,1483,2026-07-02T07:03:45.000Z,g0rg729,Unclear,unspecified,unclear reaction,Commenter laughs and claims they knew it all along.,low,tiktok_comment:7657822706872402710
231,https://www.tiktok.com/@bubutales1/video/7546784562286710072,825,0828_7546784562286710072.mp4,1327.0,1500000.0,"Collectible, toy, home goods","Labubu collectible, character slippers",7635106441405891336,هو فل عو,2,2026-05-02T01:52:50.000Z,ttk11223344556,Toys/Collectibles,Labubu; toys,unclear reaction,Commenter leaves an ambiguous Arabic text fragment.,low,tiktok_comment:7635106441405891336
232,https://www.tiktok.com/@bubutales1/video/7546784562286710072,825,0828_7546784562286710072.mp4,1327.0,1500000.0,"Collectible, toy, home goods","Labubu collectible, character slippers",7684580438111585044,Every time i watch these kind of video my braincells decrease by 1,1,2026-09-12T09:37:08.000Z,endrukjkj8,Toys/Collectibles,Labubu; toys,viewer reaction; content critique,User comments that watching these types of videos decreases their brain cells.,high,tiktok_comment:7684580438111585044
233,https://www.tiktok.com/@bubutales1/video/7546784562286710072,825,0828_7546784562286710072.mp4,1327.0,1500000.0,"Collectible, toy, home goods","Labubu collectible, character slippers",7685412974559773473,I’m,0,2026-09-14T15:27:52.000Z,pelin.216,Toys/Collectibles,Labubu; toys,unclear reaction,User posts an incomplete fragment reading 'I'm'.,low,tiktok_comment:7685412974559773473
234,https://www.tiktok.com/@bubutales1/video/7546784562286710072,825,0828_7546784562286710072.mp4,1327.0,1500000.0,"Collectible, toy, home goods","Labubu collectible, character slippers",7688640572483502849,😳😁🥰😁,0,2026-09-23T08:12:30.000Z,nandaemiliia,Toys/Collectibles,Labubu; toys,emoji reaction,Commenter posts a series of emojis.,low,tiktok_comment:7688640572483502849
235,https://www.tiktok.com/@bubutales1/video/7546784562286710072,825,0828_7546784562286710072.mp4,1327.0,1500000.0,"Collectible, toy, home goods","Labubu collectible, character slippers",7647906199472521992,Not,1,2026-06-05T13:42:15.000Z,jozeffstore,Toys/Collectibles,Labubu; toys,unclear reaction,User posts a single-word fragment reading 'Not'.,low,tiktok_comment:7647906199472521992
236,https://www.tiktok.com/@bubutales1/video/7546784562286710072,825,0828_7546784562286710072.mp4,1327.0,1500000.0,"Collectible, toy, home goods","Labubu collectible, character slippers",7684658455304143624,Sergio,0,2026-09-12T14:39:44.000Z,alalll1234,Toys/Collectibles,Labubu; toys,unclear reaction,Commenter posts the name 'Sergio'.,low,tiktok_comment:7684658455304143624
237,https://www.tiktok.com/@bubutales1/video/7546784562286710072,825,0828_7546784562286710072.mp4,1327.0,1500000.0,"Collectible, toy, home goods","Labubu collectible, character slippers",7687968934424183573,T,0,2026-09-21T12:46:11.000Z,ramdhna17,Toys/Collectibles,Labubu; toys,unclear reaction,User leaves a single letter 'T'.,low,tiktok_comment:7687968934424183573
238,https://www.tiktok.com/@bubutales1/video/7546784562286710072,825,0828_7546784562286710072.mp4,1327.0,1500000.0,"Collectible, toy, home goods","Labubu collectible, character slippers",7651502459630011153,2,1,2026-06-15T06:17:34.000Z,user02192802,Toys/Collectibles,Labubu; toys,unclear reaction,Commenter posts the number '2'.,low,tiktok_comment:7651502459630011153
239,https://www.tiktok.com/@bubutales1/video/7546784562286710072,825,0828_7546784562286710072.mp4,1327.0,1500000.0,"Collectible, toy, home goods","Labubu collectible, character slippers",7617269915678229269,S,0,2026-03-15T00:17:51.000Z,salina_ma0,Toys/Collectibles,Labubu; toys,unclear reaction,User leaves a single letter 'S'.,low,tiktok_comment:7617269915678229269
240,https://www.tiktok.com/@bubutales1/video/7546784562286710072,825,0828_7546784562286710072.mp4,1327.0,1500000.0,"Collectible, toy, home goods","Labubu collectible, character slippers",7632242392770954004,Ah h@,1,2026-04-24T08:38:43.000Z,widya.wdi,Toys/Collectibles,Labubu; toys,unclear reaction,Commenter leaves an ambiguous text fragment 'Ah h@'.,low,tiktok_comment:7632242392770954004
241,https://www.tiktok.com/@unfilteredgracie/video/7647715325462449422,596,0598_7647715325462449422.mp4,1269.0,2500000.0,"Clothing, bag, jewelry, accessories","Dior handbag, luxury sunglasses, luxury clothing",7647876112383542038,"Amazing budget, bad taste",27351,2026-06-05T11:45:46.000Z,jcami6666,Luxury Fashion,luxury accessories; handbags,taste critique; budget,The commenter remarks that the creator has an amazing budget but bad taste.,high,tiktok_comment:7647876112383542038
242,https://www.tiktok.com/@unfilteredgracie/video/7647715325462449422,596,0598_7647715325462449422.mp4,1269.0,2500000.0,"Clothing, bag, jewelry, accessories","Dior handbag, luxury sunglasses, luxury clothing",7647815573788033810,It’s giving new money,13976,2026-06-05T07:50:39.000Z,wapistaani,Luxury Fashion,luxury fashion,aesthetic critique; wealth perception,The commenter asserts that the haul exudes a 'new money' vibe.,high,tiktok_comment:7647815573788033810
243,https://www.tiktok.com/@unfilteredgracie/video/7647715325462449422,596,0598_7647715325462449422.mp4,1269.0,2500000.0,"Clothing, bag, jewelry, accessories","Dior handbag, luxury sunglasses, luxury clothing",7665703721871868702,What was the total for this haul?,34,2026-07-23T12:46:22.000Z,preshpetals,Luxury Fashion,luxury fashion haul,total cost inquiry,The commenter asks for the total cost of the haul.,high,tiktok_comment:7665703721871868702
244,https://www.tiktok.com/@unfilteredgracie/video/7647715325462449422,596,0598_7647715325462449422.mp4,1269.0,2500000.0,"Clothing, bag, jewelry, accessories","Dior handbag, luxury sunglasses, luxury clothing",7647875141006869270,What do you do for living ?????,31,2026-06-05T11:41:50.000Z,sar.lba,Luxury Fashion,luxury fashion,career inquiry; wealth,The commenter asks what the creator does for a living.,high,tiktok_comment:7647875141006869270
245,https://www.tiktok.com/@unfilteredgracie/video/7647715325462449422,596,0598_7647715325462449422.mp4,1269.0,2500000.0,"Clothing, bag, jewelry, accessories","Dior handbag, luxury sunglasses, luxury clothing",7660602065807246102,"Are those real or fake? If they’re real, they’re worth at least $100K.",8,2026-07-09T18:48:52.000Z,sisteratelier25,Luxury Fashion,luxury items,authenticity inquiry; estimated value,The commenter questions if the items are real and notes they are worth at least $100K if genuine.,high,tiktok_comment:7660602065807246102
246,https://www.tiktok.com/@unfilteredgracie/video/7647715325462449422,596,0598_7647715325462449422.mp4,1269.0,2500000.0,"Clothing, bag, jewelry, accessories","Dior handbag, luxury sunglasses, luxury clothing",7666707574000091918,"i did the math and it’s almost $60,000 omg i wish😭😭",251,2026-07-26T05:41:36.000Z,danica.edwards,Luxury Fashion,luxury fashion haul,estimated total cost,"The commenter calculates the haul's value at nearly $60,000 and expresses envy.",high,tiktok_comment:7666707574000091918
247,https://www.tiktok.com/@unfilteredgracie/video/7647715325462449422,596,0598_7647715325462449422.mp4,1269.0,2500000.0,"Clothing, bag, jewelry, accessories","Dior handbag, luxury sunglasses, luxury clothing",7647918785772520210,You just had money?,31,2026-06-05T14:31:02.000Z,jsyshzjykxd,Luxury Fashion,luxury fashion,wealth inquiry,The commenter asks if the creator simply had money.,medium,tiktok_comment:7647918785772520210
248,https://www.tiktok.com/@unfilteredgracie/video/7647715325462449422,596,0598_7647715325462449422.mp4,1269.0,2500000.0,"Clothing, bag, jewelry, accessories","Dior handbag, luxury sunglasses, luxury clothing",7647828229255922454,Went to Hermes for the first time and got offered 3 Kelly belts and a picotin ?,916,2026-06-05T08:39:49.000Z,danamyanni,Luxury Fashion,Hermès bags; belts,store experience; product offering,The commenter questions being offered three Kelly belts and a Picotin on a first visit to Hermès.,high,tiktok_comment:7647828229255922454
249,https://www.tiktok.com/@unfilteredgracie/video/7647715325462449422,596,0598_7647715325462449422.mp4,1269.0,2500000.0,"Clothing, bag, jewelry, accessories","Dior handbag, luxury sunglasses, luxury clothing",7665786334334354194,Good money. Bad taste,102,2026-07-23T18:06:19.000Z,toxicbella_,Luxury Fashion,luxury accessories; handbags,taste critique; wealth,The commenter critiques the creator for having good money but bad taste.,high,tiktok_comment:7665786334334354194
250,https://www.tiktok.com/@unfilteredgracie/video/7647715325462449422,596,0598_7647715325462449422.mp4,1269.0,2500000.0,"Clothing, bag, jewelry, accessories","Dior handbag, luxury sunglasses, luxury clothing",7647797935246082838,I bought a bag 2 years ago 😂 from tk max 😂,37,2026-06-05T06:42:30.000Z,angiegabrriela,Luxury Fashion,handbags,personal purchase; retail comparison,The commenter humorously shares that they bought a bag two years ago from TK Maxx.,high,tiktok_comment:7647797935246082838
251,https://www.tiktok.com/@pokeripper1/video/7686249312988204318,518,0519_7686249312988204318.mp4,1242.0,2200000.0,Trading card,"Pokemon Elite Trainer Box, Pokemon trading cards",7686267440066134814,Your prices are way off?,1328,2026-09-16T22:43:44.000Z,exoticmorty,TCG/Pokemon,Pokemon cards,pricing accuracy,Commenter questions the accuracy of the stated card prices.,high,tiktok_comment:7686267440066134814
252,https://www.tiktok.com/@pokeripper1/video/7686249312988204318,518,0519_7686249312988204318.mp4,1242.0,2200000.0,Trading card,"Pokemon Elite Trainer Box, Pokemon trading cards",7686373874715656980,got this from my 2nd pack 😭,2727,2026-09-17T05:36:33.000Z,paulfn07,TCG/Pokemon,Pokemon cards,pack opening; pull rates,Commenter shares that they pulled the featured item from their second pack.,medium,tiktok_comment:7686373874715656980
253,https://www.tiktok.com/@pokeripper1/video/7686249312988204318,518,0519_7686249312988204318.mp4,1242.0,2200000.0,Trading card,"Pokemon Elite Trainer Box, Pokemon trading cards",7686596104876213022,I’m not sure about those prices.,178,2026-09-17T19:59:20.000Z,mr.merrill_,TCG/Pokemon,Pokemon cards,pricing accuracy,Commenter expresses doubt regarding the prices displayed.,high,tiktok_comment:7686596104876213022
254,https://www.tiktok.com/@pokeripper1/video/7686249312988204318,518,0519_7686249312988204318.mp4,1242.0,2200000.0,Trading card,"Pokemon Elite Trainer Box, Pokemon trading cards",7689319702431269646,When ripping 30th do 2 cards to the front,0,2026-09-25T04:08:25.000Z,tito_apod,TCG/Pokemon,Pokemon cards,pack trick; card opening advice,Commenter advises moving two cards to the front when opening 30th packs.,high,tiktok_comment:7689319702431269646
255,https://www.tiktok.com/@pokeripper1/video/7686249312988204318,518,0519_7686249312988204318.mp4,1242.0,2200000.0,Trading card,"Pokemon Elite Trainer Box, Pokemon trading cards",7686288875938038558,I’m shaking from one ETB💀💀💀,358,2026-09-17T00:07:05.000Z,malky169,TCG/Pokemon,Pokemon Elite Trainer Box,pack opening reaction,Commenter reacts strongly to their pulls from a single Elite Trainer Box.,high,tiktok_comment:7686288875938038558
256,https://www.tiktok.com/@pokeripper1/video/7686249312988204318,518,0519_7686249312988204318.mp4,1242.0,2200000.0,Trading card,"Pokemon Elite Trainer Box, Pokemon trading cards",7686262176232145694,Holy why are the hit rates so good i wish i could get my hands on this set,5067,2026-09-16T22:23:36.000Z,moblobvintagethrift1,TCG/Pokemon,Pokemon cards,hit rates; product availability,Commenter praises high hit rates and expresses a desire to obtain the set.,high,tiktok_comment:7686262176232145694
257,https://www.tiktok.com/@pokeripper1/video/7686249312988204318,518,0519_7686249312988204318.mp4,1242.0,2200000.0,Trading card,"Pokemon Elite Trainer Box, Pokemon trading cards",7686265561454199582,"All those cards are already about 15% of the value you claimed. The hit rates have been INSANE, and the value is tanking fast!",677,2026-09-16T22:36:48.000Z,loganreidmartin,TCG/Pokemon,Pokemon cards,card values; hit rates,Commenter argues card values are dropping fast due to very high hit rates.,high,tiktok_comment:7686265561454199582
258,https://www.tiktok.com/@pokeripper1/video/7686249312988204318,518,0519_7686249312988204318.mp4,1242.0,2200000.0,Trading card,"Pokemon Elite Trainer Box, Pokemon trading cards",7686284440713200415,she’s a lil different but i love her,2356,2026-09-16T23:49:43.000Z,kristinaaveryy,TCG/Pokemon,Pokemon cards,unclear reaction,Commenter states an affectionate reaction to a card or character.,medium,tiktok_comment:7686284440713200415
259,https://www.tiktok.com/@pokeripper1/video/7686249312988204318,518,0519_7686249312988204318.mp4,1242.0,2200000.0,Trading card,"Pokemon Elite Trainer Box, Pokemon trading cards",7686372540461302559,In 1 pack,230,2026-09-17T05:32:01.000Z,normalcheerios,TCG/Pokemon,Pokemon cards,pack pull,Commenter notes an outcome achieved in just one pack.,medium,tiktok_comment:7686372540461302559
260,https://www.tiktok.com/@pokeripper1/video/7686249312988204318,518,0519_7686249312988204318.mp4,1242.0,2200000.0,Trading card,"Pokemon Elite Trainer Box, Pokemon trading cards",7686279334882460446,bro the exeggutor is already $3 on tcg player hahaha i rly hope they print this set to the ground so these investor bros and scalpers stop buying,76,2026-09-16T23:29:59.000Z,veddady,TCG/Pokemon,Pokemon cards,secondary market prices; scalping,Commenter notes low Exeggutor prices on TCGPlayer and hopes heavy printing deters scalpers.,high,tiktok_comment:7686279334882460446
261,https://www.tiktok.com/@ryanvanskiver/video/7688771729476357390,861,0862_7688771729476357390.mp4,4339.0,2300000.0,other,2023 BMW X6 Xdrive40i,7688875741572956941,I gotta hunch he’s gonna sell this car.,28406,2026-09-23T23:25:31.000Z,lowebw,Other / emerging,Cars; BMW X6,Sales prediction; Selling intention,The user shares a hunch that the creator is going to sell the car.,high,tiktok_comment:7688875741572956941
262,https://www.tiktok.com/@ryanvanskiver/video/7688771729476357390,861,0862_7688771729476357390.mp4,4339.0,2300000.0,other,2023 BMW X6 Xdrive40i,7688918097059300127,these comments are rude keep your head up man,29487,2026-09-24T02:09:58.000Z,resinatural,Other / emerging,Cars,Comment section negativity; Encouragement,The user calls other comments rude and encourages the creator to keep his head up.,high,tiktok_comment:7688918097059300127
263,https://www.tiktok.com/@ryanvanskiver/video/7688771729476357390,861,0862_7688771729476357390.mp4,4339.0,2300000.0,other,2023 BMW X6 Xdrive40i,7688928972122850061,I’m angry at the comments. May your sales increase from putting yourself out there.,78264,2026-09-24T02:51:55.000Z,tarahbella,Other / emerging,Cars,Comment section negativity; Well wishes for sales,The user expresses anger at negative comments and wishes the creator increased sales.,high,tiktok_comment:7688928972122850061
264,https://www.tiktok.com/@ryanvanskiver/video/7688771729476357390,861,0862_7688771729476357390.mp4,4339.0,2300000.0,other,2023 BMW X6 Xdrive40i,7688935615676809998,Whoever called him Jimothy is definitely going to hell 🤦🏼‍♀️😭,8505,2026-09-24T03:17:48.000Z,brendakaye34,Other / emerging,Cars,Comment section humor; Mocking names,The user reacts with laughter to someone calling the creator 'Jimothy'.,high,tiktok_comment:7688935615676809998
265,https://www.tiktok.com/@ryanvanskiver/video/7688771729476357390,861,0862_7688771729476357390.mp4,4339.0,2300000.0,other,2023 BMW X6 Xdrive40i,7689021113884164894,Idk yall he fine as hell to me!😋😋,10400,2026-09-24T08:50:51.000Z,savannahnoblues,Other / emerging,Cars,Creator attractiveness; Compliment,The user compliments the creator's physical appearance.,high,tiktok_comment:7689021113884164894
266,https://www.tiktok.com/@ryanvanskiver/video/7688771729476357390,861,0862_7688771729476357390.mp4,4339.0,2300000.0,other,2023 BMW X6 Xdrive40i,7688999737076744991,Y’all too comfortable talking about ppl,7428,2026-09-24T07:30:27.000Z,alizechenal,Other / emerging,Cars,Comment section criticism; Online behavior,The user criticizes others for being too comfortable talking negatively about people.,high,tiktok_comment:7688999737076744991
267,https://www.tiktok.com/@ryanvanskiver/video/7688771729476357390,861,0862_7688771729476357390.mp4,4339.0,2300000.0,other,2023 BMW X6 Xdrive40i,7688938611258475295,I am sickened at the amount of ADULTS who are making fun of another human. What is wrong with some of you?,5138,2026-09-24T03:29:41.000Z,ar62913,Other / emerging,Cars,Bullying criticism; Comment section negativity,The user expresses disgust at adults making fun of another person.,high,tiktok_comment:7688938611258475295
268,https://www.tiktok.com/@ryanvanskiver/video/7688771729476357390,861,0862_7688771729476357390.mp4,4339.0,2300000.0,other,2023 BMW X6 Xdrive40i,7688929613637124878,Might be the first car salesman i might trust,7649,2026-09-24T02:54:39.000Z,koreylosey,Other / emerging,Cars,Salesperson trust; Impression,The user states the creator might be the first car salesman they would trust.,high,tiktok_comment:7688929613637124878
269,https://www.tiktok.com/@ryanvanskiver/video/7688771729476357390,861,0862_7688771729476357390.mp4,4339.0,2300000.0,other,2023 BMW X6 Xdrive40i,7688919684527358734,"Fuck, this dude seems like the nicest dude and I wanna have a couple beers with him. I can’t afford the car [Tears of joy]",8728,2026-09-24T02:15:35.000Z,sjgorno3,Other / emerging,Cars,Creator personality; Affordability,"The user finds the creator very nice and wants to hang out, but notes they cannot afford the car.",high,tiktok_comment:7688919684527358734
270,https://www.tiktok.com/@ryanvanskiver/video/7688771729476357390,861,0862_7688771729476357390.mp4,4339.0,2300000.0,other,2023 BMW X6 Xdrive40i,7688943938401370894,Ryan… I apologize for all the heartless people in here… I hope you have a record month selling cars 🍾🍾,26302,2026-09-24T03:50:13.000Z,tulsa.shawn3,Other / emerging,Cars,Apology for comments; Well wishes for sales,The user apologizes for heartless commenters and wishes Ryan a record month selling cars.,high,tiktok_comment:7688943938401370894
271,https://www.tiktok.com/@nyc.yoel/video/7050539820929830191,705,0707_7050539820929830191.mp4,3881.0,5800000.0,sneakers,Jordan 3 sneakers,7057899147701076782,ok so people still don't realize Jordan is releasing the same shoes over and over again,711,2022-01-27T14:53:34.000Z,bigjerome24,Sneakers/Streetwear,Jordan sneakers,release frequency; re-releases,The commenter observes that Jordan brand repeatedly re-releases the same shoes.,high,tiktok_comment:7057899147701076782
272,https://www.tiktok.com/@nyc.yoel/video/7050539820929830191,705,0707_7050539820929830191.mp4,3881.0,5800000.0,sneakers,Jordan 3 sneakers,7057641062776914735,on my birthday that’s crazy,47,2022-01-26T22:11:58.000Z,eduar_ph_sike,Sneakers/Streetwear,Jordan 3 sneakers,release date; personal reaction,The commenter notes that the release falls on their birthday.,medium,tiktok_comment:7057641062776914735
273,https://www.tiktok.com/@nyc.yoel/video/7050539820929830191,705,0707_7050539820929830191.mp4,3881.0,5800000.0,sneakers,Jordan 3 sneakers,7050583552472171311,Let me get a pair that’s my bday month,777,2022-01-07T21:45:16.000Z,demarcusbluntsr,Sneakers/Streetwear,Jordan 3 sneakers,purchase interest,The commenter expresses interest in getting a pair because it releases in their birthday month.,high,tiktok_comment:7050583552472171311
274,https://www.tiktok.com/@nyc.yoel/video/7050539820929830191,705,0707_7050539820929830191.mp4,3881.0,5800000.0,sneakers,Jordan 3 sneakers,7050544447045731118,Sell me some early pairs,2482,2022-01-07T19:13:31.000Z,issajenni,Sneakers/Streetwear,sneakers,purchase intent; early pairs,The commenter asks to buy early pairs of the shoes.,high,tiktok_comment:7050544447045731118
275,https://www.tiktok.com/@nyc.yoel/video/7050539820929830191,705,0707_7050539820929830191.mp4,3881.0,5800000.0,sneakers,Jordan 3 sneakers,7050658386304221953,McDonald 3’s,2156,2022-01-08T02:35:46.000Z,john_wikz,Sneakers/Streetwear,Jordan 3 sneakers,nickname; colorway comparison,The commenter nicknames the shoes 'McDonald 3’s'.,high,tiktok_comment:7050658386304221953
276,https://www.tiktok.com/@nyc.yoel/video/7050539820929830191,705,0707_7050539820929830191.mp4,3881.0,5800000.0,sneakers,Jordan 3 sneakers,7060191301112202030,bruh i swear i seen these shoes on Instagram for sell,5,2022-02-02T19:08:18.000Z,lyoohoo941l,Sneakers/Streetwear,sneakers,social media listing; availability,The commenter mentions seeing these shoes listed for sale on Instagram.,high,tiktok_comment:7060191301112202030
277,https://www.tiktok.com/@nyc.yoel/video/7050539820929830191,705,0707_7050539820929830191.mp4,3881.0,5800000.0,sneakers,Jordan 3 sneakers,7060222289758438190,Them hard I just don’t like 3’s for sum reason,5,2022-02-02T21:08:31.000Z,ilovedeadfxces,Sneakers/Streetwear,Jordan 3 sneakers,product opinion; aesthetic preference,The commenter thinks the sneakers look good but personally dislikes the Jordan 3 silhouette.,high,tiktok_comment:7060222289758438190
278,https://www.tiktok.com/@nyc.yoel/video/7050539820929830191,705,0707_7050539820929830191.mp4,3881.0,5800000.0,sneakers,Jordan 3 sneakers,7060214726319637294,There nice,5,2022-02-02T20:39:05.000Z,famouss.a2,Sneakers/Streetwear,Jordan 3 sneakers,product opinion,The commenter thinks the sneakers are nice.,high,tiktok_comment:7060214726319637294
279,https://www.tiktok.com/@nyc.yoel/video/7050539820929830191,705,0707_7050539820929830191.mp4,3881.0,5800000.0,sneakers,Jordan 3 sneakers,7050598580063830830,I would cop but I’ll just wait for fire red 3s,36,2022-01-07T22:43:34.000Z,nyc.j7rry,Sneakers/Streetwear,Jordan 3 sneakers,purchase decision; competing releases,The commenter opts against buying these to wait for the Fire Red 3s release.,high,tiktok_comment:7050598580063830830
280,https://www.tiktok.com/@nyc.yoel/video/7050539820929830191,705,0707_7050539820929830191.mp4,3881.0,5800000.0,sneakers,Jordan 3 sneakers,7060200273785242414,I already got em🙏my dad work for foot locker,5,2022-02-02T19:43:08.000Z,shefw_isaiah35,Sneakers/Streetwear,Jordan 3 sneakers,acquisition; store connections,The commenter claims to already have the shoes because their father works for Foot Locker.,high,tiktok_comment:7060200273785242414
281,https://www.tiktok.com/@1topfamily/video/7583921406602218759,817,0819_7583921406602218759.mp4,3693.0,7400000.0,"Toy, collectible",Labubu collectible figures,7608253462849913620,noooo labubu whyy🥺,9,2026-02-18T17:09:23.000Z,username_rsya,Toys/Collectibles,Labubu figures,reaction,The user reacts sadly toward Labubu.,high,tiktok_comment:7608253462849913620
282,https://www.tiktok.com/@1topfamily/video/7583921406602218759,817,0819_7583921406602218759.mp4,3693.0,7400000.0,"Toy, collectible",Labubu collectible figures,7597097680297100040,My,14,2026-01-19T15:39:10.000Z,aayshafahmi,Toys/Collectibles,Labubu figures,unclear reaction,The user commented 'My'.,low,tiktok_comment:7597097680297100040
283,https://www.tiktok.com/@1topfamily/video/7583921406602218759,817,0819_7583921406602218759.mp4,3693.0,7400000.0,"Toy, collectible",Labubu collectible figures,7675758734261404437,yvb,1,2026-08-19T15:04:14.000Z,falak.habib,Toys/Collectibles,Labubu figures,unclear reaction,The user posted an unclear text fragment.,low,tiktok_comment:7675758734261404437
284,https://www.tiktok.com/@1topfamily/video/7583921406602218759,817,0819_7583921406602218759.mp4,3693.0,7400000.0,"Toy, collectible",Labubu collectible figures,7667584847812985601,Mở,2,2026-07-28T14:25:27.000Z,kieunguyen_993,Toys/Collectibles,Labubu figures,unclear reaction,The user posted a single word in Vietnamese meaning 'open'.,low,tiktok_comment:7667584847812985601
285,https://www.tiktok.com/@1topfamily/video/7583921406602218759,817,0819_7583921406602218759.mp4,3693.0,7400000.0,"Toy, collectible",Labubu collectible figures,7673820594795168528,🥰هههههههه,1,2026-08-14T09:43:35.000Z,hamagian588,Toys/Collectibles,Labubu figures,laughter,The user reacted with an emoji and Arabic laughter.,low,tiktok_comment:7673820594795168528
286,https://www.tiktok.com/@1topfamily/video/7583921406602218759,817,0819_7583921406602218759.mp4,3693.0,7400000.0,"Toy, collectible",Labubu collectible figures,7687599112295875349,To n,0,2026-09-20T12:50:59.000Z,cmz.xo,Toys/Collectibles,Labubu figures,unclear reaction,The user posted an ambiguous text fragment.,low,tiktok_comment:7687599112295875349
287,https://www.tiktok.com/@1topfamily/video/7583921406602218759,817,0819_7583921406602218759.mp4,3693.0,7400000.0,"Toy, collectible",Labubu collectible figures,7687767265240204050,m,0,2026-09-20T23:43:40.000Z,sundahwbdr0,Toys/Collectibles,Labubu figures,unclear reaction,The user posted a single letter.,low,tiktok_comment:7687767265240204050
288,https://www.tiktok.com/@1topfamily/video/7583921406602218759,817,0819_7583921406602218759.mp4,3693.0,7400000.0,"Toy, collectible",Labubu collectible figures,7688482761216279327,Si,0,2026-09-22T22:00:30.000Z,martinezgriselda01,Toys/Collectibles,Labubu figures,unclear reaction,The user commented 'Si'.,low,tiktok_comment:7688482761216279327
289,https://www.tiktok.com/@1topfamily/video/7583921406602218759,817,0819_7583921406602218759.mp4,3693.0,7400000.0,"Toy, collectible",Labubu collectible figures,7628743341320471316,"g
ateuerghhgjj2iye828628i2",1,2026-04-14T22:20:41.000Z,mery199772,Toys/Collectibles,Labubu figures,unclear reaction,The user commented with random characters and numbers.,low,tiktok_comment:7628743341320471316
290,https://www.tiktok.com/@1topfamily/video/7583921406602218759,817,0819_7583921406602218759.mp4,3693.0,7400000.0,"Toy, collectible",Labubu collectible figures,7634559718037488405,من اذ لد,1,2026-04-30T14:31:05.000Z,qn.ix7,Toys/Collectibles,Labubu figures,unclear reaction,The user commented with an unclear Arabic phrase.,low,tiktok_comment:7634559718037488405
291,https://www.tiktok.com/@ryrotech/video/7679489816156835086,465,0465_7679489816156835086.mp4,3896.0,7300000.0,"Collectible, home goods",Israel flag smiley face shot glass,7679513729004929822,hey it’s me it’s tel avivity,88460,2026-08-29T17:56:32.000Z,endlessrideshome,Other / emerging,shot glass; home goods,unclear reaction,Commenter posts a playful pun greeting referring to Tel Aviv.,low,tiktok_comment:7679513729004929822
292,https://www.tiktok.com/@ryrotech/video/7679489816156835086,465,0465_7679489816156835086.mp4,3896.0,7300000.0,"Collectible, home goods",Israel flag smiley face shot glass,7679555475831522078,Shalom! It’s me! Israelity!,29458,2026-08-29T20:38:12.000Z,gubnar.gurgle,Other / emerging,shot glass; home goods,unclear reaction,Commenter makes a parody greeting referencing Israel.,low,tiktok_comment:7679555475831522078
293,https://www.tiktok.com/@ryrotech/video/7679489816156835086,465,0465_7679489816156835086.mp4,3896.0,7300000.0,"Collectible, home goods",Israel flag smiley face shot glass,7683652283976286990,"Anyways, Free Palestine 🇵🇸",14007,2026-09-09T21:35:27.000Z,noaahh.44,Other / emerging,shot glass; home goods,political commentary,Commenter expresses support for Palestine with a flag emoji.,high,tiktok_comment:7683652283976286990
294,https://www.tiktok.com/@ryrotech/video/7679489816156835086,465,0465_7679489816156835086.mp4,3896.0,7300000.0,"Collectible, home goods",Israel flag smiley face shot glass,7679546188555158285,Hey it’s me! It’s crimes against humanity!,10759,2026-08-29T20:01:59.000Z,ravenlord2009,Other / emerging,shot glass; home goods,political commentary,Commenter leaves a sarcastic parody greeting mentioning crimes against humanity.,medium,tiktok_comment:7679546188555158285
295,https://www.tiktok.com/@ryrotech/video/7679489816156835086,465,0465_7679489816156835086.mp4,3896.0,7300000.0,"Collectible, home goods",Israel flag smiley face shot glass,7679602994124555022,Special grade cursed object😭😭,2248,2026-08-29T23:42:33.000Z,randist042,Other / emerging,shot glass; home goods,unclear reaction; humor,Commenter jokingly calls the featured item a special grade cursed object.,medium,tiktok_comment:7679602994124555022
296,https://www.tiktok.com/@ryrotech/video/7679489816156835086,465,0465_7679489816156835086.mp4,3896.0,7300000.0,"Collectible, home goods",Israel flag smiley face shot glass,7679562504344011551,Hey its me im jewity,1399,2026-08-29T21:05:26.000Z,maita8395,Other / emerging,shot glass; home goods,unclear reaction,Commenter writes a parody greeting mimicking internet memes.,low,tiktok_comment:7679562504344011551
297,https://www.tiktok.com/@ryrotech/video/7679489816156835086,465,0465_7679489816156835086.mp4,3896.0,7300000.0,"Collectible, home goods",Israel flag smiley face shot glass,7679556296072397598,"Hey it’s me, crimes against humanity",821,2026-08-29T20:40:59.000Z,gilbert123456788,Other / emerging,shot glass; home goods,political commentary,Commenter writes a satirical greeting citing crimes against humanity.,medium,tiktok_comment:7679556296072397598
298,https://www.tiktok.com/@ryrotech/video/7679489816156835086,465,0465_7679489816156835086.mp4,3896.0,7300000.0,"Collectible, home goods",Israel flag smiley face shot glass,7679559883712480017,too embarrassing to purchase Id just steal it,1012,2026-08-29T20:54:45.000Z,heliophysicist,Other / emerging,shot glass; home goods,purchase intent; humor,"Commenter jokes that purchasing the item would be too embarrassing, opting to steal it instead.",medium,tiktok_comment:7679559883712480017
299,https://www.tiktok.com/@ryrotech/video/7679489816156835086,465,0465_7679489816156835086.mp4,3896.0,7300000.0,"Collectible, home goods",Israel flag smiley face shot glass,7679581744840934175,"ask me anything, i bomb everything",480,2026-08-29T22:20:50.000Z,severed.alex,Other / emerging,shot glass; home goods,political commentary; unclear reaction,Commenter posts a provocative satirical rhyme referencing bombing.,low,tiktok_comment:7679581744840934175
300,https://www.tiktok.com/@ryrotech/video/7679489816156835086,465,0465_7679489816156835086.mp4,3896.0,7300000.0,"Collectible, home goods",Israel flag smiley face shot glass,7679505574585615117,No flared base but i’ll risk it.,11962,2026-08-29T17:24:30.000Z,pawvert_,Other / emerging,shot glass; home goods,humor,Commenter makes a suggestive joke about the shape of the shot glass lacking a flared base.,medium,tiktok_comment:7679505574585615117
301,https://www.tiktok.com/@patripzpacks/video/7461729758238362911,52,0052_7461729758238362911.mp4,5021.0,14200000.0,Trading card,PSA 10 Graded Pokemon Vaporeon ex card,7461912888165434130,Should I open it? Or should I keep it sealed?,70940,2025-01-20T08:33:18.000Z,iamalwaysawake,TCG/Pokemon,Pokemon cards; graded cards,opening vs sealed,The user asks whether they should open the item or keep it sealed.,high,tiktok_comment:7461912888165434130
302,https://www.tiktok.com/@patripzpacks/video/7461729758238362911,52,0052_7461729758238362911.mp4,5021.0,14200000.0,Trading card,PSA 10 Graded Pokemon Vaporeon ex card,7462047844238951201,schrodinger psa 10,4696,2025-01-20T17:17:06.000Z,skyreen_brightlance,TCG/Pokemon,Pokemon cards; graded cards,card grading; humor,The user jokingly refers to the card as a Schrödinger PSA 10.,high,tiktok_comment:7462047844238951201
303,https://www.tiktok.com/@patripzpacks/video/7461729758238362911,52,0052_7461729758238362911.mp4,5021.0,14200000.0,Trading card,PSA 10 Graded Pokemon Vaporeon ex card,7462181781351154474,Schrödinger’s PSA10. It’s both a PSA10 and a PSA1 until you open it,29909,2025-01-21T01:56:57.000Z,kaseycuyler,TCG/Pokemon,Pokemon cards; graded cards,card grading; humor,The commenter jokes that it is both a PSA 10 and a PSA 1 until opened.,high,tiktok_comment:7462181781351154474
304,https://www.tiktok.com/@patripzpacks/video/7461729758238362911,52,0052_7461729758238362911.mp4,5021.0,14200000.0,Trading card,PSA 10 Graded Pokemon Vaporeon ex card,7462099206784615214,Still counts.,48191,2025-01-20T20:36:28.000Z,detroitlions,TCG/Pokemon,Pokemon cards; graded cards,grading opinion; unclear reaction,The commenter asserts that it still counts.,medium,tiktok_comment:7462099206784615214
305,https://www.tiktok.com/@patripzpacks/video/7461729758238362911,52,0052_7461729758238362911.mp4,5021.0,14200000.0,Trading card,PSA 10 Graded Pokemon Vaporeon ex card,7461907037232956178,A tens a ten,66026,2025-01-20T08:10:35.000Z,rrralphyy,TCG/Pokemon,Pokemon cards; graded cards,card grading,The commenter remarks that a ten is a ten.,high,tiktok_comment:7461907037232956178
306,https://www.tiktok.com/@patripzpacks/video/7461729758238362911,52,0052_7461729758238362911.mp4,5021.0,14200000.0,Trading card,PSA 10 Graded Pokemon Vaporeon ex card,7461785491803816750,Kinda looks like an art piece haha what happened?,37374,2025-01-20T00:18:55.000Z,almost415,TCG/Pokemon,Pokemon cards; graded cards,item condition; appearance,The user says it looks like an art piece and asks what happened.,high,tiktok_comment:7461785491803816750
307,https://www.tiktok.com/@patripzpacks/video/7461729758238362911,52,0052_7461729758238362911.mp4,5021.0,14200000.0,Trading card,PSA 10 Graded Pokemon Vaporeon ex card,7461752843077092142,They gave it the Bubble Mew treatment.,27399,2025-01-19T22:12:28.000Z,galaxiagamingtcg,TCG/Pokemon,Pokemon cards,card comparison,The commenter states it received the Bubble Mew treatment.,high,tiktok_comment:7461752843077092142
308,https://www.tiktok.com/@patripzpacks/video/7461729758238362911,52,0052_7461729758238362911.mp4,5021.0,14200000.0,Trading card,PSA 10 Graded Pokemon Vaporeon ex card,7461934759208895239,now there should be a grading system for graded cards,14315,2025-01-20T09:58:12.000Z,nitsuj0624,TCG/Pokemon,Pokemon cards; graded cards,card grading; grading system,The commenter suggests there should be a grading system for graded cards.,high,tiktok_comment:7461934759208895239
309,https://www.tiktok.com/@patripzpacks/video/7461729758238362911,52,0052_7461729758238362911.mp4,5021.0,14200000.0,Trading card,PSA 10 Graded Pokemon Vaporeon ex card,7461792626086593326,wouldn't be shocked if someone would pay more for something like that 😂,5061,2025-01-20T00:46:37.000Z,s1mcity,TCG/Pokemon,Pokemon cards; graded cards,item value; collector demand,The commenter notes they would not be shocked if someone paid more for it.,high,tiktok_comment:7461792626086593326
310,https://www.tiktok.com/@patripzpacks/video/7461729758238362911,52,0052_7461729758238362911.mp4,5021.0,14200000.0,Trading card,PSA 10 Graded Pokemon Vaporeon ex card,7462650892442780446,"Not even gonna lie, that looks kinda cool",1018,2025-01-22T08:19:00.000Z,puffthemagicdravon,TCG/Pokemon,Pokemon cards,appearance,The user comments that the item looks kind of cool.,high,tiktok_comment:7462650892442780446
311,https://www.tiktok.com/@shoe_community/video/7053547225351277870,698,0700_7053547225351277870.mp4,3509.0,4900000.0,Sneakers,Nike Dunk Low sneakers,7053547491388621615,Apparently there Nike Dunks for basketball should I play basketball in them?,88302,2022-01-15T21:26:52.000Z,shoe_community,Sneakers/Streetwear,Nike Dunks,product utility; sports performance,The commenter asks whether they should play basketball in Nike Dunks.,high,tiktok_comment:7053547491388621615
312,https://www.tiktok.com/@shoe_community/video/7053547225351277870,698,0700_7053547225351277870.mp4,3509.0,4900000.0,Sneakers,Nike Dunk Low sneakers,7053611964606645038,bro has 350k with 3 pairs of shoes,59968,2022-01-16T01:37:01.000Z,god.ls.k1ng,Sneakers/Streetwear,sneakers,collection value; inventory,The commenter remarks on having $350k with three pairs of shoes.,high,tiktok_comment:7053611964606645038
313,https://www.tiktok.com/@shoe_community/video/7053547225351277870,698,0700_7053547225351277870.mp4,3509.0,4900000.0,Sneakers,Nike Dunk Low sneakers,7053551170941387567,Bro how do you even have all of these💀,122796,2022-01-15T21:41:06.000Z,asher38462,Sneakers/Streetwear,sneakers,collection size; curiosity,The commenter questions how the creator managed to acquire all of the items.,medium,tiktok_comment:7053551170941387567
314,https://www.tiktok.com/@shoe_community/video/7053547225351277870,698,0700_7053547225351277870.mp4,3509.0,4900000.0,Sneakers,Nike Dunk Low sneakers,7067241522961974062,"University of Michigan, Air Jordan 1's",7,2022-02-21T19:06:38.000Z,alexwilliams6132,Sneakers/Streetwear,Air Jordan 1,item identification,The commenter identifies a pair as University of Michigan Air Jordan 1s.,high,tiktok_comment:7067241522961974062
315,https://www.tiktok.com/@shoe_community/video/7053547225351277870,698,0700_7053547225351277870.mp4,3509.0,4900000.0,Sneakers,Nike Dunk Low sneakers,7067947400589542149,Yooooo I have that stool,16,2022-02-23T16:45:47.000Z,t.k.00008,Unclear,furniture,unclear reaction; ownership,The commenter mentions owning the same stool seen in the video.,high,tiktok_comment:7067947400589542149
316,https://www.tiktok.com/@shoe_community/video/7053547225351277870,698,0700_7053547225351277870.mp4,3509.0,4900000.0,Sneakers,Nike Dunk Low sneakers,7067918077568697094,my man is the owner of jordans,5,2022-02-23T14:52:00.000Z,nedoabc,Sneakers/Streetwear,Air Jordans,collection size; hyperbole,The commenter jokingly calls the creator the owner of Jordans.,high,tiktok_comment:7067918077568697094
317,https://www.tiktok.com/@shoe_community/video/7053547225351277870,698,0700_7053547225351277870.mp4,3509.0,4900000.0,Sneakers,Nike Dunk Low sneakers,7072447683931226926,There the Dunk high Pro SB Reverse goldenrod,5,2022-03-07T19:49:13.000Z,4nthony.1,Sneakers/Streetwear,Nike Dunk High SB,item identification,The commenter identifies the shoes as Dunk High Pro SB Reverse Goldenrods.,high,tiktok_comment:7072447683931226926
318,https://www.tiktok.com/@shoe_community/video/7053547225351277870,698,0700_7053547225351277870.mp4,3509.0,4900000.0,Sneakers,Nike Dunk Low sneakers,7067875062854632198,The Ikea 1s,5,2022-02-23T12:05:07.000Z,krille_no_scope,Sneakers/Streetwear,sneakers,humor; item nickname,The commenter jokingly refers to the shoes as 'The Ikea 1s'.,high,tiktok_comment:7067875062854632198
319,https://www.tiktok.com/@shoe_community/video/7053547225351277870,698,0700_7053547225351277870.mp4,3509.0,4900000.0,Sneakers,Nike Dunk Low sneakers,7053709499441496838,Του λιντλ😂,48,2022-01-16T07:55:30.000Z,us3r125209,Sneakers/Streetwear,sneakers,humor; unclear reaction,The commenter jokingly refers to the item as being from Lidl.,low,tiktok_comment:7053709499441496838
320,https://www.tiktok.com/@shoe_community/video/7053547225351277870,698,0700_7053547225351277870.mp4,3509.0,4900000.0,Sneakers,Nike Dunk Low sneakers,7053731078213288710,i have them🥰🥰🥰🥰,5,2022-01-16T09:19:14.000Z,whitemonsterkitty,Sneakers/Streetwear,Nike Dunks,item ownership,The commenter states that they own them.,high,tiktok_comment:7053731078213288710
321,https://www.tiktok.com/@nikolcosmetics/video/7662141635765013791,579,0581_7662141635765013791.mp4,3529.0,652700.0,clothing,sunglasses,7662835949780353822,I bought a strathberry bag instead of Gucci bc it’s less known. I feel this.,30,2026-07-15T19:17:22.000Z,manda.0706,Luxury Fashion,handbags,brand choice; purchasing preference,Commenter bought a Strathberry bag over Gucci because it is less widely known.,high,tiktok_comment:7662835949780353822
322,https://www.tiktok.com/@nikolcosmetics/video/7662141635765013791,579,0581_7662141635765013791.mp4,3529.0,652700.0,clothing,sunglasses,7662248806692520718,I adore my new 100% Italian genuine leather handbag I found at TJMax!,2924,2026-07-14T05:19:24.000Z,annahrodz_1,Luxury Fashion,handbags,discount shopping; product appreciation,Commenter loves an Italian leather handbag they purchased at TJ Maxx.,high,tiktok_comment:7662248806692520718
323,https://www.tiktok.com/@nikolcosmetics/video/7662141635765013791,579,0581_7662141635765013791.mp4,3529.0,652700.0,clothing,sunglasses,7662660555241177888,I know a retired baddie when i see one,8005,2026-07-15T07:57:00.000Z,mayuloco,Unclear,sunglasses,unclear reaction; creator appearance,Commenter remarks on recognizing a retired baddie.,low,tiktok_comment:7662660555241177888
324,https://www.tiktok.com/@nikolcosmetics/video/7662141635765013791,579,0581_7662141635765013791.mp4,3529.0,652700.0,clothing,sunglasses,7662643579092845333,True luxury is wearing what you like and not caring about the worlds opinion,4425,2026-07-15T06:50:48.000Z,hkrainbowz,Luxury Fashion,sunglasses; clothing,luxury definition; personal style,Commenter defines true luxury as wearing what you like regardless of outside opinions.,high,tiktok_comment:7662643579092845333
325,https://www.tiktok.com/@nikolcosmetics/video/7662141635765013791,579,0581_7662141635765013791.mp4,3529.0,652700.0,clothing,sunglasses,7689034264776753940,"I don’t think everyone is buying it, I think it’s just social media",1,2026-09-24T09:40:12.000Z,iamgenevieveee,Unclear,sunglasses,social media hype; consumer trends,Commenter doubts widespread purchasing and attributes perceived popularity to social media.,medium,tiktok_comment:7689034264776753940
326,https://www.tiktok.com/@nikolcosmetics/video/7662141635765013791,579,0581_7662141635765013791.mp4,3529.0,652700.0,clothing,sunglasses,7662163656507720461,That’s why I only buy vintage.,2369,2026-07-13T23:49:17.000Z,elizabethfoga,Luxury Fashion,vintage fashion,purchasing preference; vintage shopping,Commenter states that they only buy vintage.,medium,tiktok_comment:7662163656507720461
327,https://www.tiktok.com/@nikolcosmetics/video/7662141635765013791,579,0581_7662141635765013791.mp4,3529.0,652700.0,clothing,sunglasses,7662170279749468941,Personal taste disappeared years ago,4845,2026-07-14T00:14:34.000Z,imhazel20,Luxury Fashion,fashion,personal style; consumer taste,Commenter asserts that personal taste disappeared years ago.,medium,tiktok_comment:7662170279749468941
328,https://www.tiktok.com/@nikolcosmetics/video/7662141635765013791,579,0581_7662141635765013791.mp4,3529.0,652700.0,clothing,sunglasses,7662583107695117070,Your hair is the real luxury. Love it!,1142,2026-07-15T02:56:25.000Z,frank.sanchez298,Unclear,sunglasses,creator appearance; compliment,Commenter compliments the creator's hair as the real luxury.,high,tiktok_comment:7662583107695117070
329,https://www.tiktok.com/@nikolcosmetics/video/7662141635765013791,579,0581_7662141635765013791.mp4,3529.0,652700.0,clothing,sunglasses,7662498313438479117,Expensive doesn’t = luxury anymore.,1906,2026-07-14T21:27:23.000Z,tornadotaco4,Luxury Fashion,fashion,luxury definition; price vs value,Commenter states that being expensive no longer equals luxury.,high,tiktok_comment:7662498313438479117
330,https://www.tiktok.com/@nikolcosmetics/video/7662141635765013791,579,0581_7662141635765013791.mp4,3529.0,652700.0,clothing,sunglasses,7662684640180716320,Taste disappeared after the Kardashians,233,2026-07-15T09:30:23.000Z,valeria.serjodkina,Luxury Fashion,fashion,celebrity influence; consumer taste,Commenter claims that taste disappeared following the emergence of the Kardashians.,medium,tiktok_comment:7662684640180716320
331,https://www.tiktok.com/@paywright8/video/7052359462383897862,703,0705_7052359462383897862.mp4,3415.0,2100000.0,Sneakers,Air Jordan 5 sneakers,7052496170002629422,5’s aren’t it,47,2022-01-13T01:27:10.000Z,itzshaggo,Sneakers/Streetwear,Air Jordan 5,shoe design opinion,Commenter states that Jordan 5s are not good.,high,tiktok_comment:7052496170002629422
332,https://www.tiktok.com/@paywright8/video/7052359462383897862,703,0705_7052359462383897862.mp4,3415.0,2100000.0,Sneakers,Air Jordan 5 sneakers,7052377243347485486,imagine he drops the shoe after making the vid,22230,2022-01-12T17:45:44.000Z,premiumkable,Sneakers/Streetwear,sneakers,creator actions; shoe handling,User imagines the video creator dropping the shoe after filming.,high,tiktok_comment:7052377243347485486
333,https://www.tiktok.com/@paywright8/video/7052359462383897862,703,0705_7052359462383897862.mp4,3415.0,2100000.0,Sneakers,Air Jordan 5 sneakers,7052408120518443823,Best release of the year besides the black and red 4’s,14514,2022-01-12T19:45:34.000Z,rareeluv,Sneakers/Streetwear,Air Jordan 5; Air Jordan 4,release ranking,User considers this release the best of the year aside from black and red 4s.,high,tiktok_comment:7052408120518443823
334,https://www.tiktok.com/@paywright8/video/7052359462383897862,703,0705_7052359462383897862.mp4,3415.0,2100000.0,Sneakers,Air Jordan 5 sneakers,7052477632395461423,5s will always be my favorite shoes,35,2022-01-13T00:15:14.000Z,rudegirlkani,Sneakers/Streetwear,Air Jordan 5,favorite shoe,User states that Jordan 5s will always be their favorite shoes.,high,tiktok_comment:7052477632395461423
335,https://www.tiktok.com/@paywright8/video/7052359462383897862,703,0705_7052359462383897862.mp4,3415.0,2100000.0,Sneakers,Air Jordan 5 sneakers,7053876531004883717,pov: you here to see if he really commented on all the vids,6989,2022-01-16T18:43:35.000Z,savedem.flicks,Unclear,social media video,video commentary; user behavior,Commenter describes checking whether a creator commented on every video.,high,tiktok_comment:7053876531004883717
336,https://www.tiktok.com/@paywright8/video/7052359462383897862,703,0705_7052359462383897862.mp4,3415.0,2100000.0,Sneakers,Air Jordan 5 sneakers,7052570341567152943,them shits harddddd,8,2022-01-13T06:15:05.000Z,gotuptv,Sneakers/Streetwear,sneakers,shoe design opinion,User expresses strong approval of the featured shoes.,medium,tiktok_comment:7052570341567152943
337,https://www.tiktok.com/@paywright8/video/7052359462383897862,703,0705_7052359462383897862.mp4,3415.0,2100000.0,Sneakers,Air Jordan 5 sneakers,7052433667599729455,mid,1835,2022-01-12T21:24:39.000Z,darionneee,Sneakers/Streetwear,sneakers,item evaluation,User calls the item mediocre.,medium,tiktok_comment:7052433667599729455
338,https://www.tiktok.com/@paywright8/video/7052359462383897862,703,0705_7052359462383897862.mp4,3415.0,2100000.0,Sneakers,Air Jordan 5 sneakers,7052456124955706158,Hardest 5s I’ve seen,1297,2022-01-12T22:51:44.000Z,backup_mando,Sneakers/Streetwear,Air Jordan 5,shoe design opinion,Commenter considers them the best-looking Jordan 5s they have seen.,high,tiktok_comment:7052456124955706158
339,https://www.tiktok.com/@paywright8/video/7052359462383897862,703,0705_7052359462383897862.mp4,3415.0,2100000.0,Sneakers,Air Jordan 5 sneakers,7053890904923489070,I dont think he commented on this one 💀,745,2022-01-16T19:39:28.000Z,moneysatisfyseverything,Unclear,social media video,comment section observation,Commenter notes that a specific person did not comment on this video.,high,tiktok_comment:7053890904923489070
340,https://www.tiktok.com/@paywright8/video/7052359462383897862,703,0705_7052359462383897862.mp4,3415.0,2100000.0,Sneakers,Air Jordan 5 sneakers,7052556851049448238,u coulda told me these been dropped nd i wouldn’t know. jordan’s be looking the same,21,2022-01-13T05:22:41.000Z,jerimiahodey,Sneakers/Streetwear,Air Jordan,shoe design repetition,User remarks that Jordans look the same and they would not know if these had already released.,high,tiktok_comment:7052556851049448238
341,https://www.tiktok.com/@emazamboni/video/7521548684773821718,686,0688_7521548684773821718.mp4,3542.0,6200000.0,Electronics,FiiO music player,7550295667157533495,The Fiio JM21 is $180 for anyone that wants to get into proper music quality lol,191,2025-09-15T12:44:03.000Z,neurodivirgin6669,Electronics,audio player; digital audio player,pricing; entry-level recommendation,The user notes the FiiO JM21 costs $180 as an option for proper music quality.,high,tiktok_comment:7550295667157533495
342,https://www.tiktok.com/@emazamboni/video/7521548684773821718,686,0688_7521548684773821718.mp4,3542.0,6200000.0,Electronics,FiiO music player,7521761798338396984,Sony Walkman its better,1661,2025-06-30T15:17:32.000Z,sinverguenzas_de_siempre,Electronics,audio player; digital audio player,product comparison; brand preference,The commenter asserts that the Sony Walkman is better.,high,tiktok_comment:7521761798338396984
343,https://www.tiktok.com/@emazamboni/video/7521548684773821718,686,0688_7521548684773821718.mp4,3542.0,6200000.0,Electronics,FiiO music player,7521576802487288594,all that to use spotify is crazy💀🥀,8138,2025-06-30T03:19:41.000Z,chewbakinss,Electronics,audio player; digital audio player,streaming service; audio source criticism,The commenter criticizes using Spotify on such dedicated hardware.,high,tiktok_comment:7521576802487288594
344,https://www.tiktok.com/@emazamboni/video/7521548684773821718,686,0688_7521548684773821718.mp4,3542.0,6200000.0,Electronics,FiiO music player,7522347720087126814,its cool but not $359 cool,3040,2025-07-02T05:11:32.000Z,cryptocrazy69,Electronics,audio player; digital audio player,price evaluation; value assessment,The commenter thinks the device is cool but not worth $359.,high,tiktok_comment:7522347720087126814
345,https://www.tiktok.com/@emazamboni/video/7521548684773821718,686,0688_7521548684773821718.mp4,3542.0,6200000.0,Electronics,FiiO music player,7522217493587624726,Or.... hear me out.... just use your phone 🤔,353,2025-07-01T20:45:50.000Z,paul.davison80,Electronics,audio player; smartphones,alternative device; utility skepticism,The user suggests simply using a smartphone instead of a dedicated player.,high,tiktok_comment:7522217493587624726
346,https://www.tiktok.com/@emazamboni/video/7521548684773821718,686,0688_7521548684773821718.mp4,3542.0,6200000.0,Electronics,FiiO music player,7521554733858718482,My one does phone calls as well 😁,422,2025-06-30T01:54:03.000Z,artysig,Electronics,audio player; smartphones,feature comparison; alternative device,The user remarks that their device makes phone calls as well.,high,tiktok_comment:7521554733858718482
347,https://www.tiktok.com/@emazamboni/video/7521548684773821718,686,0688_7521548684773821718.mp4,3542.0,6200000.0,Electronics,FiiO music player,7522303968459047687,you can do that with your phone,10,2025-07-02T02:21:22.000Z,jimmystojanovski,Electronics,audio player; smartphones,alternative device; utility skepticism,The user points out that a smartphone can perform the same function.,high,tiktok_comment:7522303968459047687
348,https://www.tiktok.com/@emazamboni/video/7521548684773821718,686,0688_7521548684773821718.mp4,3542.0,6200000.0,Electronics,FiiO music player,7522141885278028562,Poweramp es el mejor ninguno le llega,1976,2025-07-01T15:52:25.000Z,hector_hernandez_1988,Electronics,audio player; audio software,app recommendation; product comparison,The commenter claims in Spanish that Poweramp is the best and unmatched.,high,tiktok_comment:7522141885278028562
349,https://www.tiktok.com/@emazamboni/video/7521548684773821718,686,0688_7521548684773821718.mp4,3542.0,6200000.0,Electronics,FiiO music player,7521794123520099090,"It kinda makes sense to separate music from the phone. You always want to share music, but not your phone",260,2025-06-30T17:22:53.000Z,carlospina78,Electronics,audio player; smartphones,device separation; use case,The commenter defends separating music from a phone to easily share music without sharing the phone.,high,tiktok_comment:7521794123520099090
350,https://www.tiktok.com/@emazamboni/video/7521548684773821718,686,0688_7521548684773821718.mp4,3542.0,6200000.0,Electronics,FiiO music player,7521702246548472584,дорогущий,168,2025-06-30T11:26:23.000Z,jasbvai,Electronics,audio player,price evaluation; expensive,The commenter remarks in Russian that the item is very expensive.,high,tiktok_comment:7521702246548472584
351,https://www.tiktok.com/@charles.foxy/video/7592452437559004447,19,0019_7592452437559004447.mp4,3350.0,4200000.0,"Music, Collectible",Catherine Wheel - Chrome CD,7592976201636905750,i know you tried it i just dont have the proof,65191,2026-01-08T13:05:58.000Z,steffoxito,Other / emerging,CDs; physical media,unclear reaction; suspicion,Commenter playfully claims they know the person tried something but lacks proof.,low,tiktok_comment:7592976201636905750
352,https://www.tiktok.com/@charles.foxy/video/7592452437559004447,19,0019_7592452437559004447.mp4,3350.0,4200000.0,"Music, Collectible",Catherine Wheel - Chrome CD,7592638742122103582,"Wow, thats like $500 worth of sheets.",95610,2026-01-07T15:17:01.000Z,jason.online,Other / emerging,CDs; unclear item,value estimation,Commenter estimates the items are worth approximately $500 of sheets.,low,tiktok_comment:7592638742122103582
353,https://www.tiktok.com/@charles.foxy/video/7592452437559004447,19,0019_7592452437559004447.mp4,3350.0,4200000.0,"Music, Collectible",Catherine Wheel - Chrome CD,7592493941351236365,eBay review:,170462,2026-01-07T05:54:57.000Z,t.e.f14,General marketplace,marketplace platform,seller feedback; unclear reaction,Commenter leaves an incomplete comment prompting an eBay review.,low,tiktok_comment:7592493941351236365
354,https://www.tiktok.com/@charles.foxy/video/7592452437559004447,19,0019_7592452437559004447.mp4,3350.0,4200000.0,"Music, Collectible",Catherine Wheel - Chrome CD,7592757255906542367,in foil ?? you struck old gold,148790,2026-01-07T22:56:33.000Z,cretiin,Other / emerging,CDs; physical media,item condition; rarity find,Commenter notes the item is in foil and calls it finding old gold.,medium,tiktok_comment:7592757255906542367
355,https://www.tiktok.com/@charles.foxy/video/7592452437559004447,19,0019_7592452437559004447.mp4,3350.0,4200000.0,"Music, Collectible",Catherine Wheel - Chrome CD,7593083644040069901,bro looked EVERYWHERE for that,75375,2026-01-08T20:03:21.000Z,nicnicnicninicnicnic,Other / emerging,CDs; physical media,unclear reaction; searching,Commenter states that someone looked everywhere for the item.,medium,tiktok_comment:7593083644040069901
356,https://www.tiktok.com/@charles.foxy/video/7592452437559004447,19,0019_7592452437559004447.mp4,3350.0,4200000.0,"Music, Collectible",Catherine Wheel - Chrome CD,7592741215382586143,Please test before you take or sell. Have fun!,24939,2026-01-07T21:54:17.000Z,pastelviolence,Unclear,substance,safety advice; testing,Commenter advises testing the item before taking or selling it.,medium,tiktok_comment:7592741215382586143
357,https://www.tiktok.com/@charles.foxy/video/7592452437559004447,19,0019_7592452437559004447.mp4,3350.0,4200000.0,"Music, Collectible",Catherine Wheel - Chrome CD,7592486061654983454,God forbid he wanna look out n make sure you get the full experience😭,18172,2026-01-07T05:24:12.000Z,monkmafia2,Other / emerging,CDs; physical media,unclear reaction; humor,Commenter makes a sarcastic remark about ensuring someone gets the full experience.,low,tiktok_comment:7592486061654983454
358,https://www.tiktok.com/@charles.foxy/video/7592452437559004447,19,0019_7592452437559004447.mp4,3350.0,4200000.0,"Music, Collectible",Catherine Wheel - Chrome CD,7592967207501513485,You wanna hang out,68473,2026-01-08T12:32:17.000Z,candicane422,Unclear,social invitation,unclear reaction,Commenter asks if the recipient wants to hang out.,low,tiktok_comment:7592967207501513485
359,https://www.tiktok.com/@charles.foxy/video/7592452437559004447,19,0019_7592452437559004447.mp4,3350.0,4200000.0,"Music, Collectible",Catherine Wheel - Chrome CD,7612518705554522893,Use Bunk police to test it (:,2805,2026-03-02T05:01:45.000Z,queef__burglar69,Unclear,test kit,product recommendation; safety advice,Commenter suggests using Bunk Police to test the item.,medium,tiktok_comment:7612518705554522893
360,https://www.tiktok.com/@charles.foxy/video/7592452437559004447,19,0019_7592452437559004447.mp4,3350.0,4200000.0,"Music, Collectible",Catherine Wheel - Chrome CD,7593141606179652407,I’m jealous and I don’t even do drugs,14688,2026-01-08T23:48:07.000Z,normeeezed,Unclear,substance,envy; personal admission,Commenter expresses jealousy despite not using drugs.,medium,tiktok_comment:7593141606179652407
361,https://www.tiktok.com/@the.lazy.thrifter/video/7680728373080919326,633,0635_7680728373080919326.mp4,3362.0,3200000.0,Bag,"Designer bags, luxury handbags",7682966537687499534,I still carry my neverful and not letting random people make me feel bad for using anything I spent my money on,2397,2026-09-08T01:14:33.000Z,denycelawton,Luxury Fashion,Louis Vuitton Neverfull; tote bag,personal preference; criticism reaction,The commenter asserts they will keep carrying their Neverfull regardless of others' opinions on how they spend their money.,high,tiktok_comment:7682966537687499534
362,https://www.tiktok.com/@the.lazy.thrifter/video/7680728373080919326,633,0635_7680728373080919326.mp4,3362.0,3200000.0,Bag,"Designer bags, luxury handbags",7682188264950186765,"All ugly, the Louis Vuitton Neverfull is a classic for a reason.",3976,2026-09-05T22:54:23.000Z,crystalbluevibes,Luxury Fashion,Louis Vuitton Neverfull; tote bag,design appreciation; product comparison,The commenter finds the alternatives ugly and praises the Louis Vuitton Neverfull as a classic.,high,tiktok_comment:7682188264950186765
363,https://www.tiktok.com/@the.lazy.thrifter/video/7680728373080919326,633,0635_7680728373080919326.mp4,3362.0,3200000.0,Bag,"Designer bags, luxury handbags",7689264129589347102,The Acne Studios tote in black is gorgeous!!!!,0,2026-09-25T00:32:27.000Z,k.c.h46,Luxury Fashion,Acne Studios tote bag,product appreciation,The commenter states that the black Acne Studios tote is gorgeous.,high,tiktok_comment:7689264129589347102
364,https://www.tiktok.com/@the.lazy.thrifter/video/7680728373080919326,633,0635_7680728373080919326.mp4,3362.0,3200000.0,Bag,"Designer bags, luxury handbags",7680775835323056926,I love my Neverfull & Gucci bags.. you can’t change my mind 🤷🏼‍♀️🤪,480,2026-09-02T03:33:52.000Z,heykimburroughs,Luxury Fashion,Louis Vuitton Neverfull; Gucci handbags,brand loyalty; personal preference,The commenter states their enduring love for their Neverfull and Gucci bags.,high,tiktok_comment:7680775835323056926
365,https://www.tiktok.com/@the.lazy.thrifter/video/7680728373080919326,633,0635_7680728373080919326.mp4,3362.0,3200000.0,Bag,"Designer bags, luxury handbags",7689303928308335391,I wonder how much they pay you to promote products 🤔,0,2026-09-25T03:06:57.000Z,just.tweety,General marketplace,sponsored promotion,creator sponsorship,The commenter wonders how much the creator is paid to promote products.,high,tiktok_comment:7689303928308335391
366,https://www.tiktok.com/@the.lazy.thrifter/video/7680728373080919326,633,0635_7680728373080919326.mp4,3362.0,3200000.0,Bag,"Designer bags, luxury handbags",7689232615366574861,as someone who hateessss flashy luxury purses this is perfect thank you,0,2026-09-24T22:30:10.000Z,cocomel0napples,Luxury Fashion,luxury handbags,style preference; recommendation feedback,The commenter appreciates the recommendation because they dislike flashy luxury purses.,high,tiktok_comment:7689232615366574861
367,https://www.tiktok.com/@the.lazy.thrifter/video/7680728373080919326,633,0635_7680728373080919326.mp4,3362.0,3200000.0,Bag,"Designer bags, luxury handbags",7680733476437590815,[Photo] What do you think of Tod's bags?,441,2026-09-02T00:49:12.000Z,nicolestewart653,Luxury Fashion,Tod's handbags,opinion inquiry,The commenter asks for opinions regarding Tod's bags alongside an attached photo.,high,tiktok_comment:7680733476437590815
368,https://www.tiktok.com/@the.lazy.thrifter/video/7680728373080919326,633,0635_7680728373080919326.mp4,3362.0,3200000.0,Bag,"Designer bags, luxury handbags",7680903644904555286,Europeans wears Longchamp for everyday bag classy / practical and NEVER LOUD . Also we have local leather shops making unique bags . in Europe we value rarity not price tags iykyk,184,2026-09-02T11:49:30.000Z,skipper_law,Luxury Fashion; Other / emerging,Longchamp bags; leather bags,cultural preference; brand perception,"The commenter highlights Europeans' preference for understated Longchamp and local leather bags over loud, pricey items.",high,tiktok_comment:7680903644904555286
369,https://www.tiktok.com/@the.lazy.thrifter/video/7680728373080919326,633,0635_7680728373080919326.mp4,3362.0,3200000.0,Bag,"Designer bags, luxury handbags",7680832622742995734,I know my LV is authentic-that’s all that matters ♥️,521,2026-09-02T07:14:25.000Z,haleysgin,Luxury Fashion,Louis Vuitton handbags,authenticity,The commenter states that knowing their Louis Vuitton bag is authentic is all that matters.,high,tiktok_comment:7680832622742995734
370,https://www.tiktok.com/@the.lazy.thrifter/video/7680728373080919326,633,0635_7680728373080919326.mp4,3362.0,3200000.0,Bag,"Designer bags, luxury handbags",7689282528393937694,Do you ever look at Portland Leather bags? They are great quality,0,2026-09-25T01:43:43.000Z,louann1111,Other / emerging,Portland Leather bags,product recommendation; quality evaluation,"The commenter recommends Portland Leather bags, noting their great quality.",high,tiktok_comment:7689282528393937694
371,https://www.tiktok.com/@viiotela/video/7600910298492488974,1005,1007_7600910298492488974.mp4,2912.0,785000.0,Other,eBay Carson (as a cultural reference/trend),7602284316995633951,"she calls me her ""lesbian goth gf"" (im neither lesbian or goth, I just dress alt) and she keeps telling me tips to sh better",18429,2026-02-02T15:07:25.000Z,ssubm1ss1ve,Unclear,alternative fashion,personal relationship; self-harm mention,A commenter describes a friend mislabeling their identity and giving them tips regarding self-harm.,medium,tiktok_comment:7602284316995633951
372,https://www.tiktok.com/@viiotela/video/7600910298492488974,1005,1007_7600910298492488974.mp4,2912.0,785000.0,Other,eBay Carson (as a cultural reference/trend),7601156699898331918,they can be either really nice or genuinely unstable 💔,25613,2026-01-30T14:10:45.000Z,alien_art2.0,Unclear,unclear,interpersonal dynamics; behavior observation,A user observes that certain individuals can either be very kind or genuinely unstable.,medium,tiktok_comment:7601156699898331918
373,https://www.tiktok.com/@viiotela/video/7600910298492488974,1005,1007_7600910298492488974.mp4,2912.0,785000.0,Other,eBay Carson (as a cultural reference/trend),7601109368860541729,you don't need the haircut to be scene ahh,7785,2026-01-30T11:06:55.000Z,renardqueenstonlover,Unclear,scene subculture,subculture criteria; fashion,A user remarks that having the specific haircut is not necessary to be scene.,medium,tiktok_comment:7601109368860541729
374,https://www.tiktok.com/@viiotela/video/7600910298492488974,1005,1007_7600910298492488974.mp4,2912.0,785000.0,Other,eBay Carson (as a cultural reference/trend),7601103717929632544,why are they always so clingy bro,6493,2026-01-30T10:45:03.000Z,yvivr,Unclear,unclear,behavior observation; clinginess,A user asks why certain people are always clingy.,medium,tiktok_comment:7601103717929632544
375,https://www.tiktok.com/@viiotela/video/7600910298492488974,1005,1007_7600910298492488974.mp4,2912.0,785000.0,Other,eBay Carson (as a cultural reference/trend),7600939974137316151,scratched my face open when i pulled the cookie run character she wanted 💗 (she bought it the next day w real money),8380,2026-01-30T00:09:25.000Z,tokyodr1ftin,Other / emerging,mobile gaming,gacha pull; in-game purchase,A user recounts a friend scratching them over a Cookie Run pull before buying the character with real money.,high,tiktok_comment:7600939974137316151
376,https://www.tiktok.com/@viiotela/video/7600910298492488974,1005,1007_7600910298492488974.mp4,2912.0,785000.0,Other,eBay Carson (as a cultural reference/trend),7601292787866436372,"I have two friends like this, one is the sweetest person I’ve ever met and the other genuinely posted my full address on Pinterest 🥹❤️‍🩹",3725,2026-01-30T22:58:31.000Z,firstgirlonpandora,Unclear,unclear,friendship behavior; doxxing,"A commenter contrasts two friends, noting one was sweet while the other posted their address on Pinterest.",high,tiktok_comment:7601292787866436372
377,https://www.tiktok.com/@viiotela/video/7600910298492488974,1005,1007_7600910298492488974.mp4,2912.0,785000.0,Other,eBay Carson (as a cultural reference/trend),7601106605015794462,ts used to be me but i never ever was evil bro,1300,2026-01-30T11:00:07.000Z,1nlovewithhistory,Unclear,unclear,past behavior; self-reflection,A user reflects that they used to fit the described archetype but was never evil.,medium,tiktok_comment:7601106605015794462
378,https://www.tiktok.com/@viiotela/video/7600910298492488974,1005,1007_7600910298492488974.mp4,2912.0,785000.0,Other,eBay Carson (as a cultural reference/trend),7600932949546615582,Forsaken or dandy’s world💀,2300,2026-01-29T23:42:35.000Z,accountunableatthistime,Other / emerging,video games,game reference; unclear reaction,A commenter questions whether the context relates to Forsaken or Dandy's World.,medium,tiktok_comment:7600932949546615582
379,https://www.tiktok.com/@viiotela/video/7600910298492488974,1005,1007_7600910298492488974.mp4,2912.0,785000.0,Other,eBay Carson (as a cultural reference/trend),7612370103925736206,They’re always SO touchy,254,2026-03-01T19:24:29.000Z,atemyrocketlauncher,Unclear,unclear,behavior observation; physical boundaries,A commenter remarks that certain individuals are always overly touchy.,medium,tiktok_comment:7612370103925736206
380,https://www.tiktok.com/@viiotela/video/7600910298492488974,1005,1007_7600910298492488974.mp4,2912.0,785000.0,Other,eBay Carson (as a cultural reference/trend),7602254103309566751,N you feel bad at first but they GENUINLEY are getting loud and embarrassing to be near,557,2026-02-02T13:09:27.000Z,goosetiel,Unclear,unclear,social behavior; embarrassment,A user mentions feeling bad initially before someone becomes genuinely loud and embarrassing to be near.,medium,tiktok_comment:7602254103309566751
381,https://www.tiktok.com/@retrobox24/video/7442748922990218551,349,0350_7442748922990218551.mp4,3247.0,7500000.0,electronics,retro handheld gaming console,7443540006913868599,precio y donde lo consigo,42,2024-12-01T20:17:04.000Z,angel.28.4,Electronics,retro handheld gaming console,pricing inquiry; purchasing availability,A commenter asks for the price and where to get the retro handheld console.,high,tiktok_comment:7443540006913868599
382,https://www.tiktok.com/@retrobox24/video/7442748922990218551,349,0350_7442748922990218551.mp4,3247.0,7500000.0,electronics,retro handheld gaming console,7444359454416765751,son una chulada yo le compre uno a mi hijo y ya no gasto en juegos mi hijo ya hasta dejo de usar su Nintendo Switch jajajaja,40,2024-12-04T01:17:14.000Z,bdulayami7,Electronics,retro handheld gaming console,customer satisfaction; cost savings,"A commenter praises the console bought for their son, noting savings on games and less Nintendo Switch use.",high,tiktok_comment:7444359454416765751
383,https://www.tiktok.com/@retrobox24/video/7442748922990218551,349,0350_7442748922990218551.mp4,3247.0,7500000.0,electronics,retro handheld gaming console,7443424981269119799,"no solo un niño la quisiera , por ejemplo yo estoy viejo y la quiero 🤣🤣🤣🤣",1275,2024-12-01T12:50:51.000Z,jenizhitaorbe21,Electronics,retro handheld gaming console,purchase intent; audience appeal,"A commenter notes that older adults also want the console, not just children.",high,tiktok_comment:7443424981269119799
384,https://www.tiktok.com/@retrobox24/video/7442748922990218551,349,0350_7442748922990218551.mp4,3247.0,7500000.0,electronics,retro handheld gaming console,7442826050378384183,"Hola, de dónde son?? me interesa comprar una",7,2024-11-29T22:06:43.000Z,dafne_cmm,Electronics,retro handheld gaming console,seller location; purchase intent,A commenter asks where the seller is located and expresses interest in buying one.,high,tiktok_comment:7442826050378384183
385,https://www.tiktok.com/@retrobox24/video/7442748922990218551,349,0350_7442748922990218551.mp4,3247.0,7500000.0,electronics,retro handheld gaming console,7452449432223630111,Wife got me one for Christmas and I haven’t been able to put it down!! Been playing Pokémon for hours 😂😂,3,2024-12-25T20:30:04.000Z,bradb9811,Electronics,retro handheld gaming console,user experience; gift reception,A commenter shares that their wife gifted them the console for Christmas and they have played Pokémon for hours.,high,tiktok_comment:7452449432223630111
386,https://www.tiktok.com/@retrobox24/video/7442748922990218551,349,0350_7442748922990218551.mp4,3247.0,7500000.0,electronics,retro handheld gaming console,7443494906025493304,Deberían poner el precio !! Cuesta tanto y ya así el que va a comprar compra y listo … pero lo ponen a uno a preguntar y a buscar,127,2024-12-01T17:22:20.000Z,marti0854,Electronics,retro handheld gaming console,pricing transparency; seller feedback,A commenter criticizes the seller for not listing the price directly instead of making buyers ask.,high,tiktok_comment:7443494906025493304
387,https://www.tiktok.com/@retrobox24/video/7442748922990218551,349,0350_7442748922990218551.mp4,3247.0,7500000.0,electronics,retro handheld gaming console,7444750439596704568,porque no ponen el maldito valor y listo,210,2024-12-05T02:34:28.000Z,reniaj13,Electronics,retro handheld gaming console,pricing transparency; seller feedback,A commenter angrily asks why the price is not simply displayed.,high,tiktok_comment:7444750439596704568
388,https://www.tiktok.com/@retrobox24/video/7442748922990218551,349,0350_7442748922990218551.mp4,3247.0,7500000.0,electronics,retro handheld gaming console,7443510332218098488,si tengo casi 30 años puedo pedir uno al niño Jesús 🥺😅,307,2024-12-01T18:21:53.000Z,dani_max1103,Electronics,retro handheld gaming console,purchase intent; humor,A commenter jokes about asking for one for Christmas despite being nearly 30 years old.,high,tiktok_comment:7443510332218098488
389,https://www.tiktok.com/@retrobox24/video/7442748922990218551,349,0350_7442748922990218551.mp4,3247.0,7500000.0,electronics,retro handheld gaming console,7444654390272885559,"que rabia que no ponen lugar, precio , pais , y el tal link ni lo encontre",12,2024-12-04T20:21:28.000Z,nathasanchez101314,Electronics,retro handheld gaming console,pricing transparency; missing purchase link,"A commenter expresses anger over the absence of location, price, country, and the mentioned link.",high,tiktok_comment:7444654390272885559
390,https://www.tiktok.com/@retrobox24/video/7442748922990218551,349,0350_7442748922990218551.mp4,3247.0,7500000.0,electronics,retro handheld gaming console,7443615821425820472,soy mujer madre de una niña de 5 😳😘 tengo 35 y lo quiero para mí 😂😂😂,40,2024-12-02T01:11:29.000Z,gibelly.luciana,Electronics,retro handheld gaming console,purchase intent; audience appeal,A 35-year-old mother expresses desire to have the console for herself.,high,tiktok_comment:7443615821425820472
391,https://www.tiktok.com/@imaculatevibezonly/video/6937379214257655046,715,0717_6937379214257655046.mp4,3058.0,5900000.0,clothing,"Clothing, t-shirts, pants, caps, jackets, sneakers",6942649731260743685,Wiz khalifa told us but no one listened,118,2021-03-23T01:06:48.000Z,madeliikeme,Sneakers/Streetwear,clothing,unclear reaction; pop culture reference,Commenter references Wiz Khalifa regarding color combinations.,low,tiktok_comment:6942649731260743685
392,https://www.tiktok.com/@imaculatevibezonly/video/6937379214257655046,715,0717_6937379214257655046.mp4,3058.0,5900000.0,clothing,"Clothing, t-shirts, pants, caps, jackets, sneakers",6938623617844412422,Black and yellow will get me shot in chicago,1724,2021-03-12T04:43:27.000Z,oxoty,Sneakers/Streetwear,clothing,color combination; safety concern,Commenter claims wearing black and yellow would get them shot in Chicago.,high,tiktok_comment:6938623617844412422
393,https://www.tiktok.com/@imaculatevibezonly/video/6937379214257655046,715,0717_6937379214257655046.mp4,3058.0,5900000.0,clothing,"Clothing, t-shirts, pants, caps, jackets, sneakers",6937662659420831749,Me who always wears all black🥲✌🏼,18286,2021-03-09T14:34:26.000Z,leonelm068,Sneakers/Streetwear,clothing,outfit preference; color combination,Commenter states that they always wear all black.,high,tiktok_comment:6937662659420831749
394,https://www.tiktok.com/@imaculatevibezonly/video/6937379214257655046,715,0717_6937379214257655046.mp4,3058.0,5900000.0,clothing,"Clothing, t-shirts, pants, caps, jackets, sneakers",6937651186040995845,"Yellow+Denim
Navy+Oliver
white+any color
Purple+Black/white
!",1955,2021-03-09T13:49:55.000Z,david_vii,Sneakers/Streetwear,clothing,color combination; outfit styling,Commenter lists suggested color combinations for outfits.,high,tiktok_comment:6937651186040995845
395,https://www.tiktok.com/@imaculatevibezonly/video/6937379214257655046,715,0717_6937379214257655046.mp4,3058.0,5900000.0,clothing,"Clothing, t-shirts, pants, caps, jackets, sneakers",6937379362791227397,Which combo would you wear?,146,2021-03-08T20:15:05.000Z,imaculatevibezonly,Sneakers/Streetwear,clothing,question; outfit preference,Commenter asks which outfit color combo viewers would wear.,high,tiktok_comment:6937379362791227397
396,https://www.tiktok.com/@imaculatevibezonly/video/6937379214257655046,715,0717_6937379214257655046.mp4,3058.0,5900000.0,clothing,"Clothing, t-shirts, pants, caps, jackets, sneakers",6942025950863523845,I wish I could wear the first colors- havent worn black and yellow since I was little if I wore it today I’d be dead lol,519,2021-03-21T08:46:15.000Z,nothingreallymattress_,Sneakers/Streetwear,clothing,color combination; safety concern,Commenter expresses a wish to wear black and yellow but says wearing it today would be dangerous.,high,tiktok_comment:6942025950863523845
397,https://www.tiktok.com/@imaculatevibezonly/video/6937379214257655046,715,0717_6937379214257655046.mp4,3058.0,5900000.0,clothing,"Clothing, t-shirts, pants, caps, jackets, sneakers",6941580412246818821,Now do some with purple and white!,22,2021-03-20T03:57:20.000Z,kingslayer__jay,Sneakers/Streetwear,clothing,content request; color combination,Commenter asks for outfit combinations featuring purple and white.,high,tiktok_comment:6941580412246818821
398,https://www.tiktok.com/@imaculatevibezonly/video/6937379214257655046,715,0717_6937379214257655046.mp4,3058.0,5900000.0,clothing,"Clothing, t-shirts, pants, caps, jackets, sneakers",6937686790208323590,whats the name of the Pullover (green),66,2021-03-09T16:08:04.000Z,marlon.brgr,Sneakers/Streetwear,pullover; clothing,item identification,Commenter asks for the name of the green pullover shown.,high,tiktok_comment:6937686790208323590
399,https://www.tiktok.com/@imaculatevibezonly/video/6937379214257655046,715,0717_6937379214257655046.mp4,3058.0,5900000.0,clothing,"Clothing, t-shirts, pants, caps, jackets, sneakers",6938830775303684102,Where’s that bird from? The one u we’re holding on the beginning of the video,32,2021-03-12T18:07:18.000Z,lastminute_mark,Unclear,bird prop,item identification,Commenter asks about the origin of the bird held at the start of the video.,medium,tiktok_comment:6938830775303684102
400,https://www.tiktok.com/@imaculatevibezonly/video/6937379214257655046,715,0717_6937379214257655046.mp4,3058.0,5900000.0,clothing,"Clothing, t-shirts, pants, caps, jackets, sneakers",6937620079475949573,"Orange hoodie/tshirt, black jeans and white shoes is fye",138,2021-03-09T11:49:14.000Z,rapidooooo69,Sneakers/Streetwear,hoodie; sneakers,outfit styling; praise,Commenter states that an orange hoodie or t-shirt with black jeans and white shoes is fire.,high,tiktok_comment:6937620079475949573
401,https://www.tiktok.com/@gligoygd12t/video/7669183172025847070,136,0136_7669183172025847070.mp4,2996.0,2100000.0,Sports memorabilia,"Soccer jerseys, soccer memorabilia",7677102680166892295,7 because he’s not that level and he knows this is a big number for him. Nobody can wear it except the coat.,38,2026-08-23T05:59:31.000Z,cr7.gaming45,Toys/Collectibles,Soccer jerseys; Soccer memorabilia,jersey numbers; player debate,Commenter argues a player is not worthy of wearing jersey number 7.,medium,tiktok_comment:7677102680166892295
402,https://www.tiktok.com/@gligoygd12t/video/7669183172025847070,136,0136_7669183172025847070.mp4,2996.0,2100000.0,Sports memorabilia,"Soccer jerseys, soccer memorabilia",7672180246980657952,Ronaldo is better than messi,63,2026-08-09T23:38:29.000Z,harlanfitzsimons7,Toys/Collectibles,Soccer memorabilia,player debate,Commenter asserts that Ronaldo is better than Messi.,high,tiktok_comment:7672180246980657952
403,https://www.tiktok.com/@gligoygd12t/video/7669183172025847070,136,0136_7669183172025847070.mp4,2996.0,2100000.0,Sports memorabilia,"Soccer jerseys, soccer memorabilia",7669276073772122893,NO ONES TALKING ABOUT THE FIRST SHOT,2706,2026-08-02T03:48:46.000Z,pu.rple1,Toys/Collectibles,Soccer memorabilia,video content,User notes that no one is mentioning the first shot shown.,medium,tiktok_comment:7669276073772122893
404,https://www.tiktok.com/@gligoygd12t/video/7669183172025847070,136,0136_7669183172025847070.mp4,2996.0,2100000.0,Sports memorabilia,"Soccer jerseys, soccer memorabilia",7677037554947883796,"In the next two videos, there’s going to be an ad",7,2026-08-23T01:46:51.000Z,amaroon8,General marketplace,Online video ads,advertisements,User predicts an advertisement will appear in the next two videos.,high,tiktok_comment:7677037554947883796
405,https://www.tiktok.com/@gligoygd12t/video/7669183172025847070,136,0136_7669183172025847070.mp4,2996.0,2100000.0,Sports memorabilia,"Soccer jerseys, soccer memorabilia",7675889576774894343,7 because number seven is the goat,6,2026-08-19T23:32:10.000Z,lee783322,Toys/Collectibles,Soccer jerseys; Soccer memorabilia,jersey numbers; player debate,"User chooses number 7, calling number seven the greatest of all time.",high,tiktok_comment:7675889576774894343
406,https://www.tiktok.com/@gligoygd12t/video/7669183172025847070,136,0136_7669183172025847070.mp4,2996.0,2100000.0,Sports memorabilia,"Soccer jerseys, soccer memorabilia",7677499965157131029,7 cause Messi is too scared of Ronaldo,9,2026-08-24T07:41:15.000Z,fhans_9,Toys/Collectibles,Soccer jerseys; Soccer memorabilia,player debate,"User chooses number 7, claiming Messi is scared of Ronaldo.",medium,tiktok_comment:7677499965157131029
407,https://www.tiktok.com/@gligoygd12t/video/7669183172025847070,136,0136_7669183172025847070.mp4,2996.0,2100000.0,Sports memorabilia,"Soccer jerseys, soccer memorabilia",7676914773284078344,7 who is with me,5,2026-08-22T17:50:18.000Z,oupa3712,Toys/Collectibles,Soccer jerseys; Soccer memorabilia,jersey numbers,User backs number 7 and asks who agrees.,medium,tiktok_comment:7676914773284078344
408,https://www.tiktok.com/@gligoygd12t/video/7669183172025847070,136,0136_7669183172025847070.mp4,2996.0,2100000.0,Sports memorabilia,"Soccer jerseys, soccer memorabilia",7674406192949510934,@ Ronald is a is the goat,5,2026-08-15T23:36:22.000Z,b.j..bullies,Toys/Collectibles,Soccer memorabilia,player praise,User claims Ronaldo is the greatest of all time.,medium,tiktok_comment:7674406192949510934
409,https://www.tiktok.com/@gligoygd12t/video/7669183172025847070,136,0136_7669183172025847070.mp4,2996.0,2100000.0,Sports memorabilia,"Soccer jerseys, soccer memorabilia",7672728310233957142,Lamine when ī followed,56,2026-08-11T11:05:00.000Z,.tinnedchef,Toys/Collectibles,Soccer memorabilia,unclear reaction,"User makes a brief, unclear reference mentioning Lamine.",low,tiktok_comment:7672728310233957142
410,https://www.tiktok.com/@gligoygd12t/video/7669183172025847070,136,0136_7669183172025847070.mp4,2996.0,2100000.0,Sports memorabilia,"Soccer jerseys, soccer memorabilia",7676740890064880405,7 who is with me,13,2026-08-22T06:37:30.000Z,eminemnkosi391,Toys/Collectibles,Soccer jerseys; Soccer memorabilia,jersey numbers,User selects number 7 and asks who agrees.,medium,tiktok_comment:7676740890064880405
411,https://www.tiktok.com/@baileyivy/video/7587635430699355447,822,0825_7587635430699355447.mp4,2772.0,8000000.0,"Toy, collectible",Labubu collectible toy,7587885512992604942,big sis giving it RIGHT back so she could finish opening it 🥹🥹🥹💓,97545,2025-12-25T19:51:38.000Z,fivestarofftherocker,Toys/Collectibles,Labubu; collectible toy,unboxing; family interaction,Commenter reacts emotionally to the older sister returning the item so the girl could finish opening it.,high,tiktok_comment:7587885512992604942
412,https://www.tiktok.com/@baileyivy/video/7587635430699355447,822,0825_7587635430699355447.mp4,2772.0,8000000.0,"Toy, collectible",Labubu collectible toy,7588190417956045576,The point isnt that it's a Labubu. The point is that she got something she wanted more than anything and she got it and is extremely grateful. How can people not see that???,39268,2025-12-26T15:34:26.000Z,3il33n_85,Toys/Collectibles,Labubu; collectible toy,gift reaction; sentiment,"Commenter argues the significance is her gratitude for receiving a desired item, not just that it is a Labubu.",high,tiktok_comment:7588190417956045576
413,https://www.tiktok.com/@baileyivy/video/7587635430699355447,822,0825_7587635430699355447.mp4,2772.0,8000000.0,"Toy, collectible",Labubu collectible toy,7587654311073973005,Aweee her saying “it’s real!” was so cute because there are so many fake ones out there 🥹,52866,2025-12-25T04:54:30.000Z,madelyn.gilliam,Toys/Collectibles,Labubu; designer toy,authenticity; counterfeits,Commenter finds it cute that she noted it is real because there are many fakes around.,high,tiktok_comment:7587654311073973005
414,https://www.tiktok.com/@baileyivy/video/7587635430699355447,822,0825_7587635430699355447.mp4,2772.0,8000000.0,"Toy, collectible",Labubu collectible toy,7587804735916245791,What’s a sweet sister,44350,2025-12-25T14:38:33.000Z,geminicxrpse,Toys/Collectibles,Labubu; collectible toy,family interaction,Commenter remarks on how sweet the sister is.,high,tiktok_comment:7587804735916245791
415,https://www.tiktok.com/@baileyivy/video/7587635430699355447,822,0825_7587635430699355447.mp4,2772.0,8000000.0,"Toy, collectible",Labubu collectible toy,7587896609826063135,"as an oldest sister, your oldest is killing it ❤",60027,2025-12-25T20:35:34.000Z,witchesapple,Toys/Collectibles,Labubu; collectible toy,family interaction,Commenter praises the oldest sister's behavior from the perspective of an oldest sister.,high,tiktok_comment:7587896609826063135
416,https://www.tiktok.com/@baileyivy/video/7587635430699355447,822,0825_7587635430699355447.mp4,2772.0,8000000.0,"Toy, collectible",Labubu collectible toy,7587654905114428173,And the eye liner on point,22667,2025-12-25T04:57:21.000Z,helenabebeee44,Unclear,makeup,unclear reaction; appearance,Commenter compliments the person's eyeliner.,high,tiktok_comment:7587654905114428173
417,https://www.tiktok.com/@baileyivy/video/7587635430699355447,822,0825_7587635430699355447.mp4,2772.0,8000000.0,"Toy, collectible",Labubu collectible toy,7587881694003266334,I can’t wait to convince my kids they not getting something and then getting it for them lolll,12472,2025-12-25T19:36:40.000Z,user6002527540,Toys/Collectibles,Labubu; collectible toy,gift giving; parenting,Commenter looks forward to surprising their own kids by pretending they are not getting something.,high,tiktok_comment:7587881694003266334
418,https://www.tiktok.com/@baileyivy/video/7587635430699355447,822,0825_7587635430699355447.mp4,2772.0,8000000.0,"Toy, collectible",Labubu collectible toy,7587799655033324319,It’s her sisters happiness for her that makes me wanna cry 😭,14185,2025-12-25T14:19:25.000Z,whois_chloeejayy,Toys/Collectibles,Labubu; collectible toy,family interaction; emotional reaction,Commenter is moved to tears by the sister's happiness for her.,high,tiktok_comment:7587799655033324319
419,https://www.tiktok.com/@baileyivy/video/7587635430699355447,822,0825_7587635430699355447.mp4,2772.0,8000000.0,"Toy, collectible",Labubu collectible toy,7588013339537064759,"She is THAT girl with the wing liner, nails, and her labubu. Ok boo",7084,2025-12-26T04:08:08.000Z,fabish30,Toys/Collectibles,Labubu; collectible toy,compliment; appearance,Commenter compliments her appearance alongside having her Labubu.,high,tiktok_comment:7588013339537064759
420,https://www.tiktok.com/@baileyivy/video/7587635430699355447,822,0825_7587635430699355447.mp4,2772.0,8000000.0,"Toy, collectible",Labubu collectible toy,7587887093810414366,No the way her and her sister interacted with each other has me legit crying 🥹🥹🥹,1635,2025-12-25T19:58:02.000Z,reaggae.x,Toys/Collectibles,Labubu; collectible toy,family interaction; emotional reaction,Commenter expresses being moved to tears by the interaction between the sisters.,high,tiktok_comment:7587887093810414366
421,https://www.tiktok.com/@msdollhouse/video/7264643440233975086,595,0597_7264643440233975086.mp4,3289.0,3300000.0,"home goods, furniture, decor","Luxury bedroom furniture, decorative pillows, chandelier, tufted bench",7264685313766982442,I’m this extra😭😭😭😭,10344,2023-08-07T20:49:45.000Z,thats_quaa,Other / emerging,bedroom furniture; home decor,unclear reaction,"The commenter relates to the extravagant bedroom aesthetic, claiming they are that extra.",medium,tiktok_comment:7264685313766982442
422,https://www.tiktok.com/@msdollhouse/video/7264643440233975086,595,0597_7264643440233975086.mp4,3289.0,3300000.0,"home goods, furniture, decor","Luxury bedroom furniture, decorative pillows, chandelier, tufted bench",7265666655325307680,Le jour où j’ai une chambre comme ça je ne sort jamais,820,2023-08-10T12:18:03.000Z,verybadmum67,Other / emerging,bedroom furniture; home decor,product admiration,"The commenter remarks that if they had a bedroom like that, they would never leave.",high,tiktok_comment:7265666655325307680
423,https://www.tiktok.com/@msdollhouse/video/7264643440233975086,595,0597_7264643440233975086.mp4,3289.0,3300000.0,"home goods, furniture, decor","Luxury bedroom furniture, decorative pillows, chandelier, tufted bench",7264894281797436206,Now THAT is a bed!,2695,2023-08-08T10:21:24.000Z,thereallcinderella,Other / emerging,bedroom furniture; bed,product admiration,The commenter expresses enthusiasm and admiration for the bed shown.,high,tiktok_comment:7264894281797436206
424,https://www.tiktok.com/@msdollhouse/video/7264643440233975086,595,0597_7264643440233975086.mp4,3289.0,3300000.0,"home goods, furniture, decor","Luxury bedroom furniture, decorative pillows, chandelier, tufted bench",7265215504234971936,The kInd of bed barbie would sleep on 😍,11,2023-08-09T07:07:58.000Z,mya76876,Other / emerging,bedroom furniture; bed,product admiration,The commenter remarks that it looks like a bed Barbie would sleep on.,high,tiktok_comment:7265215504234971936
425,https://www.tiktok.com/@msdollhouse/video/7264643440233975086,595,0597_7264643440233975086.mp4,3289.0,3300000.0,"home goods, furniture, decor","Luxury bedroom furniture, decorative pillows, chandelier, tufted bench",7483222822941278981,I'm çommenting to stay on richtok,962,2025-03-18T18:46:47.000Z,kabeloramaila2,Unclear,home decor,algorithm engagement,The commenter states they are commenting simply to stay on the 'richtok' algorithm.,medium,tiktok_comment:7483222822941278981
426,https://www.tiktok.com/@msdollhouse/video/7264643440233975086,595,0597_7264643440233975086.mp4,3289.0,3300000.0,"home goods, furniture, decor","Luxury bedroom furniture, decorative pillows, chandelier, tufted bench",7280667515624784670,Where can I buy a bed like this ?,8,2023-09-19T22:28:52.000Z,iamtheinspo_,Other / emerging,bedroom furniture; bed,sourcing inquiry,The commenter asks where they can purchase a bed like the one shown.,high,tiktok_comment:7280667515624784670
427,https://www.tiktok.com/@msdollhouse/video/7264643440233975086,595,0597_7264643440233975086.mp4,3289.0,3300000.0,"home goods, furniture, decor","Luxury bedroom furniture, decorative pillows, chandelier, tufted bench",7503085575303725830,Rich TikTok 🌝,78,2025-05-11T07:25:16.000Z,thelovenest.ng,Unclear,home decor,unclear reaction,The commenter refers to the content as 'Rich TikTok'.,medium,tiktok_comment:7503085575303725830
428,https://www.tiktok.com/@msdollhouse/video/7264643440233975086,595,0597_7264643440233975086.mp4,3289.0,3300000.0,"home goods, furniture, decor","Luxury bedroom furniture, decorative pillows, chandelier, tufted bench",7268030322888983339,my problem is i always expect the worst to happen to me 😭😭 id lose sleep over that chandelier,60,2023-08-16T21:10:02.000Z,kxmariee03,Other / emerging,lighting; chandelier,safety concern,The commenter expresses anxiety about sleeping beneath the chandelier.,high,tiktok_comment:7268030322888983339
429,https://www.tiktok.com/@msdollhouse/video/7264643440233975086,595,0597_7264643440233975086.mp4,3289.0,3300000.0,"home goods, furniture, decor","Luxury bedroom furniture, decorative pillows, chandelier, tufted bench",7278812307973702442,"I have that exact bed, but in the original wood; I wana paint it soooo bad!",61,2023-09-14T22:29:32.000Z,fromtheheartbydalanab,Other / emerging,bedroom furniture; bed,item customization; ownership,The commenter owns the exact bed in original wood and wants to paint it.,high,tiktok_comment:7278812307973702442
430,https://www.tiktok.com/@msdollhouse/video/7264643440233975086,595,0597_7264643440233975086.mp4,3289.0,3300000.0,"home goods, furniture, decor","Luxury bedroom furniture, decorative pillows, chandelier, tufted bench",7265329725022421803,Absolutely Beautiful,45,2023-08-09T14:30:29.000Z,laveshadraper,Other / emerging,bedroom furniture; home decor,product admiration,The commenter praises the setup as absolutely beautiful.,high,tiktok_comment:7265329725022421803
431,https://www.tiktok.com/@jessicabadalamenti/video/7046119793191193902,708,0710_7046119793191193902.mp4,2749.0,1100000.0,Sneakers,"Sneakers, sneaker display unit",7047774547219153669,How do u get the ones at the top?!,0,2021-12-31T08:04:56.000Z,xopreppy.oliviaxo,Sneakers/Streetwear,sneaker display; sneakers,display accessibility; storage question,The user asks how to reach the shoes stored at the very top of the display.,high,tiktok_comment:7047774547219153669
432,https://www.tiktok.com/@jessicabadalamenti/video/7046119793191193902,708,0710_7046119793191193902.mp4,2749.0,1100000.0,Sneakers,"Sneakers, sneaker display unit",7047428584788902661,my mom.needs these boxes,0,2021-12-30T09:42:20.000Z,_mariamdaoud,Sneakers/Streetwear,sneaker display; shoe storage boxes,storage interest; family need,The user remarks that their mom needs these storage boxes.,high,tiktok_comment:7047428584788902661
433,https://www.tiktok.com/@jessicabadalamenti/video/7046119793191193902,708,0710_7046119793191193902.mp4,2749.0,1100000.0,Sneakers,"Sneakers, sneaker display unit",7047894282916709167,you should color coordinate it 💗💗,0,2021-12-31T15:49:34.000Z,emilytrumble08,Sneakers/Streetwear,sneaker display; sneakers,color coordination; organization suggestion,The user suggests organizing the displayed shoes by color coordination.,high,tiktok_comment:7047894282916709167
434,https://www.tiktok.com/@jessicabadalamenti/video/7046119793191193902,708,0710_7046119793191193902.mp4,2749.0,1100000.0,Sneakers,"Sneakers, sneaker display unit",7047447582716920581,86 pairs ?,0,2021-12-30T10:56:03.000Z,dijamtt,Sneakers/Streetwear,sneakers; sneaker collection,collection size; counting,The user asks if there are 86 pairs of shoes in total.,medium,tiktok_comment:7047447582716920581
435,https://www.tiktok.com/@jessicabadalamenti/video/7046119793191193902,708,0710_7046119793191193902.mp4,2749.0,1100000.0,Sneakers,"Sneakers, sneaker display unit",7046426923833017135,where did you get the boxes from?,632,2021-12-27T16:55:29.000Z,perezelizabethh279,Sneakers/Streetwear,sneaker display; shoe storage boxes,product sourcing; inquiry,The user asks where the display storage boxes were purchased.,high,tiktok_comment:7046426923833017135
436,https://www.tiktok.com/@jessicabadalamenti/video/7046119793191193902,708,0710_7046119793191193902.mp4,2749.0,1100000.0,Sneakers,"Sneakers, sneaker display unit",7047956619250418479,It irritates me how all the shoes not facing the same way 😭,94,2021-12-31T19:51:25.000Z,maybe_is_maybe_not,Sneakers/Streetwear,sneakers; sneaker display,display arrangement; visual preference,The user expresses irritation that all the shoes are not facing the same direction.,high,tiktok_comment:7047956619250418479
437,https://www.tiktok.com/@jessicabadalamenti/video/7046119793191193902,708,0710_7046119793191193902.mp4,2749.0,1100000.0,Sneakers,"Sneakers, sneaker display unit",7047710288161948421,ayza,0,2021-12-31T03:55:28.000Z,karmaelsemary,Unclear,unspecified,unclear reaction,The user comments with a single name or word without context.,low,tiktok_comment:7047710288161948421
438,https://www.tiktok.com/@jessicabadalamenti/video/7046119793191193902,708,0710_7046119793191193902.mp4,2749.0,1100000.0,Sneakers,"Sneakers, sneaker display unit",7047548281048269573,But them in rainbow order!!!!!,47,2021-12-30T17:26:47.000Z,.lifestylesari,Sneakers/Streetwear,sneakers; sneaker display,organization suggestion; color order,The user urges putting the shoes in rainbow order.,high,tiktok_comment:7047548281048269573
439,https://www.tiktok.com/@jessicabadalamenti/video/7046119793191193902,708,0710_7046119793191193902.mp4,2749.0,1100000.0,Sneakers,"Sneakers, sneaker display unit",7047559641504678703,My brother:,1,2021-12-30T18:10:56.000Z,swaggy._.tay1,Sneakers/Streetwear,sneakers,unclear reaction; tagging,The user leaves an unfinished remark referencing their brother.,low,tiktok_comment:7047559641504678703
440,https://www.tiktok.com/@jessicabadalamenti/video/7046119793191193902,708,0710_7046119793191193902.mp4,2749.0,1100000.0,Sneakers,"Sneakers, sneaker display unit",7047470080644416261,ein träumchen,4,2021-12-30T12:23:19.000Z,bocadildo,Sneakers/Streetwear,sneakers; sneaker display,positive reaction; admiration,The user remarks in German that the setup is a dream.,medium,tiktok_comment:7047470080644416261
441,https://www.tiktok.com/@mlpkingdom/video/7641729046392392991,883,0886_7641729046392392991.mp4,2221.0,1400000.0,"Toys, collectibles","My Little Pony toys, My Little Pony figures, My Little Pony playsets",7641740403208946462,"Sell it. You probably have at least $20,000 worth of stuff there.",46804,2026-05-19T22:55:54.000Z,scp_stonerdemon,Toys/Collectibles,My Little Pony toys,selling advice; collection valuation,"Commenter advises selling the items, estimating the collection is worth at least $20,000.",high,tiktok_comment:7641740403208946462
442,https://www.tiktok.com/@mlpkingdom/video/7641729046392392991,883,0886_7641729046392392991.mp4,2221.0,1400000.0,"Toys, collectibles","My Little Pony toys, My Little Pony figures, My Little Pony playsets",7641741848856445727,Awh man I wish I had a DJ pon3 figure….,7,2026-05-19T23:01:55.000Z,latenightdewdrop,Toys/Collectibles,My Little Pony figures,desire to own; item identification,Commenter expresses a wish to own a DJ Pon-3 figure.,high,tiktok_comment:7641741848856445727
443,https://www.tiktok.com/@mlpkingdom/video/7641729046392392991,883,0886_7641729046392392991.mp4,2221.0,1400000.0,"Toys, collectibles","My Little Pony toys, My Little Pony figures, My Little Pony playsets",7662431613942694669,Nooooo pls tell me this is a joke 😭😭😭,4,2026-07-14T17:08:31.000Z,yalilocia,Toys/Collectibles,My Little Pony toys,unclear reaction; distress reaction,Commenter reacts with dismay and asks if the situation is a joke.,medium,tiktok_comment:7662431613942694669
444,https://www.tiktok.com/@mlpkingdom/video/7641729046392392991,883,0886_7641729046392392991.mp4,2221.0,1400000.0,"Toys, collectibles","My Little Pony toys, My Little Pony figures, My Little Pony playsets",7641921404618851094,It never was,29,2026-05-20T10:38:18.000Z,abiiura,Toys/Collectibles,My Little Pony toys,unclear reaction,Commenter states that it never was.,low,tiktok_comment:7641921404618851094
445,https://www.tiktok.com/@mlpkingdom/video/7641729046392392991,883,0886_7641729046392392991.mp4,2221.0,1400000.0,"Toys, collectibles","My Little Pony toys, My Little Pony figures, My Little Pony playsets",7641935793443734302,Does anyone read the caption nowadays,47,2026-05-20T11:34:43.000Z,lunatheessa_,Toys/Collectibles,My Little Pony toys,caption reading,Commenter asks whether anyone reads the video caption nowadays.,medium,tiktok_comment:7641935793443734302
446,https://www.tiktok.com/@mlpkingdom/video/7641729046392392991,883,0886_7641729046392392991.mp4,2221.0,1400000.0,"Toys, collectibles","My Little Pony toys, My Little Pony figures, My Little Pony playsets",7641735951799403295,"NOOOOOO!!!! Please tell me it’s not true!!!! Wait, just saw this was a joke 😳 scared me half to death.",35,2026-05-19T22:38:51.000Z,snorlaxforever19,Toys/Collectibles,My Little Pony toys,joke realization; reaction,Commenter expresses initial fright before noticing the video was meant as a joke.,high,tiktok_comment:7641735951799403295
447,https://www.tiktok.com/@mlpkingdom/video/7641729046392392991,883,0886_7641729046392392991.mp4,2221.0,1400000.0,"Toys, collectibles","My Little Pony toys, My Little Pony figures, My Little Pony playsets",7685832621189202702,Are you selling these anywhere? My 3 year old would love these.,1,2026-09-15T18:37:20.000Z,emperatriz_lanza,Toys/Collectibles,My Little Pony toys,purchase inquiry,"Commenter asks if the items are for sale, noting their three-year-old child would love them.",high,tiktok_comment:7685832621189202702
448,https://www.tiktok.com/@mlpkingdom/video/7641729046392392991,883,0886_7641729046392392991.mp4,2221.0,1400000.0,"Toys, collectibles","My Little Pony toys, My Little Pony figures, My Little Pony playsets",7641846129885381396,Keep for maybe a year or more so the price rises,44,2026-05-20T05:46:07.000Z,erf.iee,Toys/Collectibles,My Little Pony toys,holding advice; appreciation expectation,Commenter advises keeping the items for a year or more so the price rises.,high,tiktok_comment:7641846129885381396
449,https://www.tiktok.com/@mlpkingdom/video/7641729046392392991,883,0886_7641729046392392991.mp4,2221.0,1400000.0,"Toys, collectibles","My Little Pony toys, My Little Pony figures, My Little Pony playsets",7641731808408814367,ILL TAKE THEM,15848,2026-05-19T22:22:41.000Z,rbyxqb,Toys/Collectibles,My Little Pony toys,purchase interest,Commenter declares that they will take the items.,high,tiktok_comment:7641731808408814367
450,https://www.tiktok.com/@mlpkingdom/video/7641729046392392991,883,0886_7641729046392392991.mp4,2221.0,1400000.0,"Toys, collectibles","My Little Pony toys, My Little Pony figures, My Little Pony playsets",7642014175711740693,"well even if it was a phase you enjoyed collecting right?? As long as you had fun in those 4 years it was worth it, now you can sell all that stuff and put the money towards something else you enjoy doing!",112,2026-05-20T16:38:13.000Z,0braincells4life,Toys/Collectibles,My Little Pony toys,collecting sentiment; selling advice,Commenter affirms the value of enjoying the collecting phase and suggests selling the collection to fund other hobbies.,high,tiktok_comment:7642014175711740693
451,https://www.tiktok.com/@lqmnahmed/video/7048736892094827782,699,0701_7048736892094827782.mp4,2677.0,2900000.0,sneakers,"Nike Dunk Low ""Panda"" sneakers",7049001233222812462,Bro I just got Jordan 1 bred toes for 119 at shoe palace,32,2022-01-03T15:25:12.000Z,seb.11.llx,Sneakers/Streetwear,Air Jordan 1,purchase price; retail purchase,The commenter shares purchasing Jordan 1 Bred Toes for $119 at Shoe Palace.,high,tiktok_comment:7049001233222812462
452,https://www.tiktok.com/@lqmnahmed/video/7048736892094827782,699,0701_7048736892094827782.mp4,2677.0,2900000.0,sneakers,"Nike Dunk Low ""Panda"" sneakers",7048792344657953582,Hit for retail on these on a recent restock on JD sports!,75,2022-01-03T01:54:29.000Z,mosweatshirt,Sneakers/Streetwear,Nike Dunk Low,retail purchase; restock,The commenter states they secured the sneakers for retail during a recent JD Sports restock.,high,tiktok_comment:7048792344657953582
453,https://www.tiktok.com/@lqmnahmed/video/7048736892094827782,699,0701_7048736892094827782.mp4,2677.0,2900000.0,sneakers,"Nike Dunk Low ""Panda"" sneakers",7048745957790171950,I hope they’re not a draw. I can never get any 😩,4551,2022-01-02T22:54:27.000Z,ginavel322,Sneakers/Streetwear,sneakers,release method; purchase frustration,"The commenter hopes the release is not a draw, citing consistent difficulty winning them.",high,tiktok_comment:7048745957790171950
454,https://www.tiktok.com/@lqmnahmed/video/7048736892094827782,699,0701_7048736892094827782.mp4,2677.0,2900000.0,sneakers,"Nike Dunk Low ""Panda"" sneakers",7048890303524913926,I will make a video when a a release date comes out!,1142,2022-01-03T08:14:39.000Z,lqmnahmed,Sneakers/Streetwear,sneakers,release date; content creation,The user promises to make a video once a release date is officially announced.,high,tiktok_comment:7048890303524913926
455,https://www.tiktok.com/@lqmnahmed/video/7048736892094827782,699,0701_7048736892094827782.mp4,2677.0,2900000.0,sneakers,"Nike Dunk Low ""Panda"" sneakers",7048817921878967087,ya really out here buying dunks for more than 200????? yikes,3424,2022-01-03T03:33:40.000Z,heeeeidixo,Sneakers/Streetwear,Nike Dunks,resale price; price criticism,The commenter criticizes buyers paying over $200 for Nike Dunks.,high,tiktok_comment:7048817921878967087
456,https://www.tiktok.com/@lqmnahmed/video/7048736892094827782,699,0701_7048736892094827782.mp4,2677.0,2900000.0,sneakers,"Nike Dunk Low ""Panda"" sneakers",7048790815725011758,Need these. Claiming them now. These are the only color I’ve been wanting.,1582,2022-01-03T01:48:31.000Z,virgoloveee,Sneakers/Streetwear,Nike Dunk Low,purchase intent; colorway preference,The commenter expresses a strong desire to acquire the featured sneaker colorway.,high,tiktok_comment:7048790815725011758
457,https://www.tiktok.com/@lqmnahmed/video/7048736892094827782,699,0701_7048736892094827782.mp4,2677.0,2900000.0,sneakers,"Nike Dunk Low ""Panda"" sneakers",7048934597228348207,What’s the point? It’s going to get resold for twice it’s amount anyways. LMAO!,307,2022-01-03T11:06:51.000Z,rahmune,Sneakers/Streetwear,sneakers,resale market; price markup,"The commenter questions the point of the release, predicting it will resell for twice the price.",high,tiktok_comment:7048934597228348207
458,https://www.tiktok.com/@lqmnahmed/video/7048736892094827782,699,0701_7048736892094827782.mp4,2677.0,2900000.0,sneakers,"Nike Dunk Low ""Panda"" sneakers",7048779726429356846,I just bought some black and white dunks for 325 on goat 💔💔,72,2022-01-03T01:05:29.000Z,jaylen.3k,Sneakers/Streetwear,Nike Dunk Low,secondary marketplace; purchase price,The commenter laments having just bought black and white Dunks for $325 on GOAT.,high,tiktok_comment:7048779726429356846
459,https://www.tiktok.com/@lqmnahmed/video/7048736892094827782,699,0701_7048736892094827782.mp4,2677.0,2900000.0,sneakers,"Nike Dunk Low ""Panda"" sneakers",7048742588958065455,What retailers are gonna be selling this??,367,2022-01-02T22:41:21.000Z,dennitoooo,Sneakers/Streetwear,sneakers,retail availability; inquiry,The commenter asks which retailers will be stocking the featured sneakers.,high,tiktok_comment:7048742588958065455
460,https://www.tiktok.com/@lqmnahmed/video/7048736892094827782,699,0701_7048736892094827782.mp4,2677.0,2900000.0,sneakers,"Nike Dunk Low ""Panda"" sneakers",7048772321486897967,I bought them yesterday for $290😭,1560,2022-01-03T00:36:46.000Z,ihatedumbitches,Sneakers/Streetwear,Nike Dunk Low,purchase price; buyer remorse,The commenter expresses regret after purchasing the sneakers yesterday for $290.,high,tiktok_comment:7048772321486897967
461,https://www.tiktok.com/@kwechi_/video/7055448065754484015,697,0699_7055448065754484015.mp4,2623.0,14000000.0,"sneakers, cleaning supplies","shoe cleaning kit, sneakers",7055453360711271214,Mans had to make his presence known 😂,83732,2022-01-21T00:42:33.000Z,jaykerzb,Sneakers/Streetwear,sneakers; shoe cleaning kit,unclear reaction; social interaction,User comments that the person had to make their presence known.,low,tiktok_comment:7055453360711271214
462,https://www.tiktok.com/@kwechi_/video/7055448065754484015,697,0699_7055448065754484015.mp4,2623.0,14000000.0,"sneakers, cleaning supplies","shoe cleaning kit, sneakers",7055728885321270062,Bro really dropped some on the floor 💀,53028,2022-01-21T18:31:47.000Z,.tatty,Sneakers/Streetwear,shoe cleaning kit; sneakers,accidental drop; video observation,User points out that someone dropped something on the floor.,medium,tiktok_comment:7055728885321270062
463,https://www.tiktok.com/@kwechi_/video/7055448065754484015,697,0699_7055448065754484015.mp4,2623.0,14000000.0,"sneakers, cleaning supplies","shoe cleaning kit, sneakers",7055575944287011630,this funny ashittt 😂😂😂😂😂😂😂😂😂,10856,2022-01-21T08:38:36.000Z,zeddywill,Sneakers/Streetwear,sneakers,unclear reaction; humor,User expresses that the video is very funny.,low,tiktok_comment:7055575944287011630
464,https://www.tiktok.com/@kwechi_/video/7055448065754484015,697,0699_7055448065754484015.mp4,2623.0,14000000.0,"sneakers, cleaning supplies","shoe cleaning kit, sneakers",7055457226736206639,I never realized how offended I would be if they didn't notice me,11391,2022-01-21T00:57:34.000Z,ethanhuntepic,Sneakers/Streetwear,sneakers,social interaction; personal reaction,User reflects on how offended they would feel if they were not noticed.,medium,tiktok_comment:7055457226736206639
465,https://www.tiktok.com/@kwechi_/video/7055448065754484015,697,0699_7055448065754484015.mp4,2623.0,14000000.0,"sneakers, cleaning supplies","shoe cleaning kit, sneakers",7055723414212657966,Ive never felt a tiktok more in my life….,5170,2022-01-21T18:10:36.000Z,dauoodn,Sneakers/Streetwear,sneakers,unclear reaction; relatability,User notes that they strongly relate to the video.,low,tiktok_comment:7055723414212657966
466,https://www.tiktok.com/@kwechi_/video/7055448065754484015,697,0699_7055448065754484015.mp4,2623.0,14000000.0,"sneakers, cleaning supplies","shoe cleaning kit, sneakers",7057242174576427822,Hit 'em where it hurts 😂,5020,2022-01-25T20:24:07.000Z,dickssportinggoods,Sneakers/Streetwear,sneakers,unclear reaction,User makes a brief remark about hitting someone where it hurts.,low,tiktok_comment:7057242174576427822
467,https://www.tiktok.com/@kwechi_/video/7055448065754484015,697,0699_7055448065754484015.mp4,2623.0,14000000.0,"sneakers, cleaning supplies","shoe cleaning kit, sneakers",7055707730502288175,I be on my phone speed walking. And they still try to stop me 😂,2768,2022-01-21T17:09:43.000Z,princewhitingiv,Sneakers/Streetwear,sneakers,mall solicitors; social interaction,User relates how people still try to stop them while they speed walk on their phone.,medium,tiktok_comment:7055707730502288175
468,https://www.tiktok.com/@kwechi_/video/7055448065754484015,697,0699_7055448065754484015.mp4,2623.0,14000000.0,"sneakers, cleaning supplies","shoe cleaning kit, sneakers",7055654569842262831,Lmfao 🤣,1143,2022-01-21T13:43:31.000Z,richblackguy,Sneakers/Streetwear,sneakers,unclear reaction,User reacts with laughter.,low,tiktok_comment:7055654569842262831
469,https://www.tiktok.com/@kwechi_/video/7055448065754484015,697,0699_7055448065754484015.mp4,2623.0,14000000.0,"sneakers, cleaning supplies","shoe cleaning kit, sneakers",7058505707587322670,aye gotta keep the 550 clean especially the aime’s,1426,2022-01-29T06:07:20.000Z,corridostumbadosbelicos,Sneakers/Streetwear,sneakers; shoe care,sneaker cleaning; shoe maintenance,"User emphasizes the need to keep New Balance 550s clean, specifically the Aimé Leon Dore collaboration.",high,tiktok_comment:7058505707587322670
470,https://www.tiktok.com/@kwechi_/video/7055448065754484015,697,0699_7055448065754484015.mp4,2623.0,14000000.0,"sneakers, cleaning supplies","shoe cleaning kit, sneakers",7055518950465504046,Westbrook hilarious bro😂😂😂,668,2022-01-21T04:57:06.000Z,rlowthegamer,Sneakers/Streetwear,sneakers,humor; unclear reaction,User comments that Westbrook is hilarious.,medium,tiktok_comment:7055518950465504046
471,https://www.tiktok.com/@itschrisfigueroa/video/7515524767672290602,827,0830_7515524767672290602.mp4,2779.0,2200000.0,collectible toy,"Pop Mart Labubu blind boxes, Labubu collectible figures",7516210479527346966,Is mine a lafufu or labubu,3658,2025-06-15T16:15:36.000Z,roscoe_lloyd,Toys/Collectibles,Labubu figures,authenticity check,The user questions whether their item is an authentic Labubu or a fake.,high,tiktok_comment:7516210479527346966
472,https://www.tiktok.com/@itschrisfigueroa/video/7515524767672290602,827,0830_7515524767672290602.mp4,2779.0,2200000.0,collectible toy,"Pop Mart Labubu blind boxes, Labubu collectible figures",7515686364478980895,My first secret labubu,12711,2025-06-14T06:22:15.000Z,gobb071,Toys/Collectibles,Labubu figures,pulling a secret,The user shares that they obtained their first secret Labubu figure.,high,tiktok_comment:7515686364478980895
473,https://www.tiktok.com/@itschrisfigueroa/video/7515524767672290602,827,0830_7515524767672290602.mp4,2779.0,2200000.0,collectible toy,"Pop Mart Labubu blind boxes, Labubu collectible figures",7515533042918621998,dude the makeup always eats wow 😭💖,6937,2025-06-13T20:26:51.000Z,katiekatiekatieeez,Toys/Collectibles,Labubu figures,creator appearance,The user compliments the creator's makeup.,high,tiktok_comment:7515533042918621998
474,https://www.tiktok.com/@itschrisfigueroa/video/7515524767672290602,827,0830_7515524767672290602.mp4,2779.0,2200000.0,collectible toy,"Pop Mart Labubu blind boxes, Labubu collectible figures",7515551742509204246,I just want one labubu. I can’t get them anywhere in Ireland,110,2025-06-13T21:39:28.000Z,elldetail,Toys/Collectibles,Labubu figures,product availability,The commenter expresses a desire for one Labubu and notes unavailability in Ireland.,high,tiktok_comment:7515551742509204246
475,https://www.tiktok.com/@itschrisfigueroa/video/7515524767672290602,827,0830_7515524767672290602.mp4,2779.0,2200000.0,collectible toy,"Pop Mart Labubu blind boxes, Labubu collectible figures",7517005473001046786,this seal plush is better than labubu,456,2025-06-17T19:40:34.000Z,lotus_being_lotus,Toys/Collectibles,plush toys; Labubu figures,item comparison,The user claims a seal plush is better than a Labubu.,high,tiktok_comment:7517005473001046786
476,https://www.tiktok.com/@itschrisfigueroa/video/7515524767672290602,827,0830_7515524767672290602.mp4,2779.0,2200000.0,collectible toy,"Pop Mart Labubu blind boxes, Labubu collectible figures",7515702345821684487,400? I spent 18$ on a fake one,757,2025-06-14T07:23:41.000Z,likeaflutterby,Toys/Collectibles,Labubu figures,counterfeit pricing,The user notes spending $18 on a fake compared to 400.,high,tiktok_comment:7515702345821684487
477,https://www.tiktok.com/@itschrisfigueroa/video/7515524767672290602,827,0830_7515524767672290602.mp4,2779.0,2200000.0,collectible toy,"Pop Mart Labubu blind boxes, Labubu collectible figures",7515550586320175902,I heard the production is so crazy that the quality has gone down just a tad,614,2025-06-13T21:35:17.000Z,kdasmomma4lyfe,Toys/Collectibles,Labubu figures,production quality,The user mentions hearing that high production has slightly decreased item quality.,high,tiktok_comment:7515550586320175902
478,https://www.tiktok.com/@itschrisfigueroa/video/7515524767672290602,827,0830_7515524767672290602.mp4,2779.0,2200000.0,collectible toy,"Pop Mart Labubu blind boxes, Labubu collectible figures",7515866286984659734,I need to learn how to skip,1285,2025-06-14T18:00:00.000Z,kayden.batey.boy,Toys/Collectibles,Labubu figures,unclear reaction,The commenter remarks that they need to learn how to skip.,low,tiktok_comment:7515866286984659734
479,https://www.tiktok.com/@itschrisfigueroa/video/7515524767672290602,827,0830_7515524767672290602.mp4,2779.0,2200000.0,collectible toy,"Pop Mart Labubu blind boxes, Labubu collectible figures",7515603628884149022,The throw always takes me out 😂💀,591,2025-06-14T01:00:53.000Z,angelcp444,Toys/Collectibles,Labubu figures,video reaction,The user reacts with amusement to a throwing action in the video.,medium,tiktok_comment:7515603628884149022
480,https://www.tiktok.com/@itschrisfigueroa/video/7515524767672290602,827,0830_7515524767672290602.mp4,2779.0,2200000.0,collectible toy,"Pop Mart Labubu blind boxes, Labubu collectible figures",7515531271059456814,“Love you so much” 🚮🚮 *to the abyss,5538,2025-06-13T20:20:03.000Z,therealssashaaa,Toys/Collectibles,Labubu figures,video reaction,The user quotes a phrase followed by an action of throwing something away.,medium,tiktok_comment:7515531271059456814
481,https://www.tiktok.com/@thatsmom4u/video/7512194439285083422,823,0826_7512194439285083422.mp4,8503.0,5300000.0,"toy, collectible",Labubu plush toy,7512338793460122398,scan the QR code on the tag. it should tell you if it's a real labubu or a fake one.,289,2025-06-05T05:52:25.000Z,d.herr88,Toys/Collectibles,Labubu plush toy,authentication; QR code verification,The commenter advises scanning the tag's QR code to verify if the Labubu is real or fake.,high,tiktok_comment:7512338793460122398
482,https://www.tiktok.com/@thatsmom4u/video/7512194439285083422,823,0826_7512194439285083422.mp4,8503.0,5300000.0,"toy, collectible",Labubu plush toy,7515738584110285585,it's a lafufu just be happy it's not a lachuchu,11112,2025-06-14T09:44:24.000Z,isabelle_izzybuzy,Toys/Collectibles,Labubu plush toy,counterfeit; humor,The commenter jokes that the item is a fake 'lafufu' but notes it could be worse.,medium,tiktok_comment:7515738584110285585
483,https://www.tiktok.com/@thatsmom4u/video/7512194439285083422,823,0826_7512194439285083422.mp4,8503.0,5300000.0,"toy, collectible",Labubu plush toy,7512226195171001130,what do you think,29559,2025-06-04T22:34:42.000Z,baiino,Toys/Collectibles,Labubu plush toy,unclear reaction,The commenter asks what the viewer or poster thinks.,low,tiktok_comment:7512226195171001130
484,https://www.tiktok.com/@thatsmom4u/video/7512194439285083422,823,0826_7512194439285083422.mp4,8503.0,5300000.0,"toy, collectible",Labubu plush toy,7512605032124203807,"I’m sorry, but it’s fake and all the people are lying to you search up a LaBubu secret",7451,2025-06-05T23:04:59.000Z,ilovefall024,Toys/Collectibles,Labubu plush toy,counterfeit; authentication,"The commenter claims the item is fake, says others are lying, and suggests searching for a secret Labubu.",high,tiktok_comment:7512605032124203807
485,https://www.tiktok.com/@thatsmom4u/video/7512194439285083422,823,0826_7512194439285083422.mp4,8503.0,5300000.0,"toy, collectible",Labubu plush toy,7512305180848980767,Is this question for real? Lol,1683,2025-06-05T03:41:26.000Z,nesssieeeee,Toys/Collectibles,Labubu plush toy,unclear reaction,The commenter questions whether the question asked is serious.,low,tiktok_comment:7512305180848980767
486,https://www.tiktok.com/@thatsmom4u/video/7512194439285083422,823,0826_7512194439285083422.mp4,8503.0,5300000.0,"toy, collectible",Labubu plush toy,7512381987772973854,do these lafufu factories not have SOME kind of quality control? like cmon why are all of them upside down or super deformed lol,882,2025-06-05T08:40:03.000Z,swammi27,Toys/Collectibles,Labubu plush toy,counterfeits; manufacturing quality,"The commenter mocks counterfeit factories for having poor quality control, citing deformed or upside-down items.",high,tiktok_comment:7512381987772973854
487,https://www.tiktok.com/@thatsmom4u/video/7512194439285083422,823,0826_7512194439285083422.mp4,8503.0,5300000.0,"toy, collectible",Labubu plush toy,7514215384808014599,Do you guys not know what a factory error is? SMH😭,2389,2025-06-10T07:13:31.000Z,wifi3572,Toys/Collectibles,Labubu plush toy,manufacturing defect,The commenter questions if people understand what a factory error is.,medium,tiktok_comment:7514215384808014599
488,https://www.tiktok.com/@thatsmom4u/video/7512194439285083422,823,0826_7512194439285083422.mp4,8503.0,5300000.0,"toy, collectible",Labubu plush toy,7514878719522636574,This is what the secret Labubu looks like. It’s directly from PopMart. Sorry but that’s a Lafufu.,2678,2025-06-12T02:07:54.000Z,tjgtx94,Toys/Collectibles,Labubu plush toy,counterfeit; authentication,The commenter asserts the item is a fake after comparing it to an authentic PopMart secret Labubu.,high,tiktok_comment:7514878719522636574
489,https://www.tiktok.com/@thatsmom4u/video/7512194439285083422,823,0826_7512194439285083422.mp4,8503.0,5300000.0,"toy, collectible",Labubu plush toy,7512807365088609067,Lafufu 100% real ones have nine teeth and their face is correct.,340,2025-06-06T12:10:16.000Z,hallhillhouse,Toys/Collectibles,Labubu plush toy,counterfeit; authentication criteria,"The commenter calls the item a fake, stating authentic ones have nine teeth and an aligned face.",high,tiktok_comment:7512807365088609067
490,https://www.tiktok.com/@thatsmom4u/video/7512194439285083422,823,0826_7512194439285083422.mp4,8503.0,5300000.0,"toy, collectible",Labubu plush toy,7512651385403736863,Bro how would u think that this is a labubu while the head is upside down,3245,2025-06-06T02:04:47.000Z,cleebo916,Toys/Collectibles,Labubu plush toy,counterfeit; manufacturing defect,The commenter questions how anyone could consider the item real when its head is upside down.,high,tiktok_comment:7512651385403736863
491,https://www.tiktok.com/@justanotherrach/video/7459170197954415914,269,0269_7459170197954415914.mp4,2224.0,1900000.0,bag,Louis Vuitton Speedy 30 Hand Bag Monogram Brown,7459179971980002090,How do we know these are real ?,8,2025-01-12T23:48:09.000Z,jennifermarie392,Luxury Fashion,handbags; designer bags,authenticity verification; counterfeits,The user asks how to verify the authenticity of the items.,high,tiktok_comment:7459179971980002090
492,https://www.tiktok.com/@justanotherrach/video/7459170197954415914,269,0269_7459170197954415914.mp4,2224.0,1900000.0,bag,Louis Vuitton Speedy 30 Hand Bag Monogram Brown,7459273183214158634,Japanese ebay is the BEST.,222,2025-01-13T05:50:00.000Z,erikakdavis,Luxury Fashion,luxury resale; handbags,platform feedback; Japanese sellers,The user praises Japanese eBay as the best option.,high,tiktok_comment:7459273183214158634
493,https://www.tiktok.com/@justanotherrach/video/7459170197954415914,269,0269_7459170197954415914.mp4,2224.0,1900000.0,bag,Louis Vuitton Speedy 30 Hand Bag Monogram Brown,7459220443791573790,Just got mine. $317. I checked the serial number on Louis Vuitton and made in March 1998 in France. Thank you!!!!! ❤️,4170,2025-01-13T02:25:04.000Z,jesseniamelo1,Luxury Fashion,Louis Vuitton bags; handbags,purchase confirmation; serial number verification,User reports buying a bag for $317 and verifying its March 1998 production via serial number.,high,tiktok_comment:7459220443791573790
494,https://www.tiktok.com/@justanotherrach/video/7459170197954415914,269,0269_7459170197954415914.mp4,2224.0,1900000.0,bag,Louis Vuitton Speedy 30 Hand Bag Monogram Brown,7459400437982135083,I would have NEVER found this information on IG! We must save this app 😩😩😩,5995,2025-01-13T14:04:14.000Z,rho5e_gold,General marketplace,shopping tips,platform praise; information sharing,User expresses appreciation for finding information on TikTok that they would not find on Instagram.,high,tiktok_comment:7459400437982135083
495,https://www.tiktok.com/@justanotherrach/video/7459170197954415914,269,0269_7459170197954415914.mp4,2224.0,1900000.0,bag,Louis Vuitton Speedy 30 Hand Bag Monogram Brown,7459207657515434795,Mercari also has a Japan setting!,555,2025-01-13T01:35:34.000Z,tashintomorrowland,General marketplace,resale platforms,platform alternative; Japan setting,User notes that Mercari also offers a Japan setting.,high,tiktok_comment:7459207657515434795
496,https://www.tiktok.com/@justanotherrach/video/7459170197954415914,269,0269_7459170197954415914.mp4,2224.0,1900000.0,bag,Louis Vuitton Speedy 30 Hand Bag Monogram Brown,7459176438118368042,"Also, use the sort feature and select lowest to highest price 🥰 (also toggle on “authenticity guarantee”)",774,2025-01-12T23:34:23.000Z,heiresshandles,General marketplace,search filtering,search tips; authenticity guarantee,User advises sorting price low-to-high and enabling the authenticity guarantee filter.,high,tiktok_comment:7459176438118368042
497,https://www.tiktok.com/@justanotherrach/video/7459170197954415914,269,0269_7459170197954415914.mp4,2224.0,1900000.0,bag,Louis Vuitton Speedy 30 Hand Bag Monogram Brown,7459424958164501294,Can also use your phone.. just scroll to the very bottom and change it to classic . Perform a regular search .. when the items show up the advanced option appears next to the search bar.,1181,2025-01-13T15:38:51.000Z,lachocolatedoll,General marketplace,search filtering,mobile site navigation; search tips,User explains how to access advanced search on a phone by switching to classic view.,high,tiktok_comment:7459424958164501294
498,https://www.tiktok.com/@justanotherrach/video/7459170197954415914,269,0269_7459170197954415914.mp4,2224.0,1900000.0,bag,Louis Vuitton Speedy 30 Hand Bag Monogram Brown,7459205802831282986,I got several LVs from there 👀 all for less than a grand for all 3,533,2025-01-13T01:28:18.000Z,thaarealchase,Luxury Fashion,Louis Vuitton bags; handbags,purchase history; pricing,User shares they purchased three Louis Vuitton items for less than a thousand dollars total.,high,tiktok_comment:7459205802831282986
499,https://www.tiktok.com/@justanotherrach/video/7459170197954415914,269,0269_7459170197954415914.mp4,2224.0,1900000.0,bag,Louis Vuitton Speedy 30 Hand Bag Monogram Brown,7459192369549214495,Welp I know what I’ll be doing at work tomorrow. 🤣🤣,3159,2025-01-13T00:36:10.000Z,zhykiki,Luxury Fashion,handbags; luxury resale,browsing intent,User jokes about browsing for items while at work tomorrow.,medium,tiktok_comment:7459192369549214495
500,https://www.tiktok.com/@justanotherrach/video/7459170197954415914,269,0269_7459170197954415914.mp4,2224.0,1900000.0,bag,Louis Vuitton Speedy 30 Hand Bag Monogram Brown,7459219394766390046,"I get nervous on whether they are authentic for the price they are charging, especially if they are brand new",67,2025-01-13T02:20:58.000Z,arethaev,Luxury Fashion,handbags; luxury goods,authenticity concerns; pricing,"User expresses anxiety about item authenticity given the low prices, especially for brand new items.",high,tiktok_comment:7459219394766390046
