chat_row,video_id,video_url,video_title,channel,stream_status,event_type,offset,author,message,is_owner,is_moderator,is_member,super_chat_amount,super_chat_value,published_at,flash_community,flash_specific_category,flash_topic,flash_short_summary,flash_confidence,flash_evidence_row_id
1,7ZUsxHRr94c,https://www.youtube.com/watch?v=7ZUsxHRr94c,,,,error,,,Request failed with status code 429,,,,,,,Unclear,,excluded error,Source error event; excluded from audience evidence.,low,youtube_live:7ZUsxHRr94c:1
2,F7otWfCpugY,https://www.youtube.com/watch?v=F7otWfCpugY,,,,error,,,Request failed with status code 429,,,,,,,Unclear,,excluded error,Source error event; excluded from audience evidence.,low,youtube_live:F7otWfCpugY:2
3,Ix3OdRpYZiU,https://www.youtube.com/watch?v=Ix3OdRpYZiU,,,,error,,,Request failed with status code 429,,,,,,,Unclear,,excluded error,Source error event; excluded from audience evidence.,low,youtube_live:Ix3OdRpYZiU:3
4,9fzi4mMrWRk,https://www.youtube.com/watch?v=9fzi4mMrWRk,,,,error,,,Request failed with status code 429,,,,,,,Unclear,,excluded error,Source error event; excluded from audience evidence.,low,youtube_live:9fzi4mMrWRk:4
5,S5WhbYdjgm8,https://www.youtube.com/watch?v=S5WhbYdjgm8,,,,error,,,Request failed with status code 429,,,,,,,Unclear,,excluded error,Source error event; excluded from audience evidence.,low,youtube_live:S5WhbYdjgm8:5
6,9RKmfDiyOfQ,https://www.youtube.com/watch?v=9RKmfDiyOfQ,,,,error,,,Request failed with status code 429,,,,,,,Unclear,,excluded error,Source error event; excluded from audience evidence.,low,youtube_live:9RKmfDiyOfQ:6
7,xEEbvhyMOnE,https://www.youtube.com/watch?v=xEEbvhyMOnE,Buyaparcel eBay LIVE Spotlight on Dewalt | £1 Auctions | Live ONLY Flash Sale,Buyaparcel,replay,system,0:00,,Live chat replay is on. Messages that appeared when the stream was live will show up here.,False,False,False,,,2026-09-25T17:04:58.860Z,Unclear,,excluded system,Source system event; excluded from audience evidence.,low,youtube_live:xEEbvhyMOnE:7
8,xEEbvhyMOnE,https://www.youtube.com/watch?v=xEEbvhyMOnE,Buyaparcel eBay LIVE Spotlight on Dewalt | £1 Auctions | Live ONLY Flash Sale,Buyaparcel,replay,message,39:20,@Buyaparcel,Link to the live show in the description.,True,False,False,,,2026-09-24T15:41:27.914Z,Other / emerging,Power tools; Hardware tools,Livestream link; Promotion,A message directs viewers to a link in the description for the live shopping show.,high,youtube_live:xEEbvhyMOnE:8
9,GKYH-awLpo0,https://www.youtube.com/watch?v=GKYH-awLpo0,eBay- 2025 Bowman Chrome Baseball FIVE CASE Pick Your Player Break #1! - 9/24/25,Best Card Breaks,replay,system,0:00,,Live chat replay is on. Messages that appeared when the stream was live will show up here.,False,False,False,,,2026-09-25T17:04:58.796Z,Unclear,,excluded system,Source system event; excluded from audience evidence.,low,youtube_live:GKYH-awLpo0:9
10,GKYH-awLpo0,https://www.youtube.com/watch?v=GKYH-awLpo0,eBay- 2025 Bowman Chrome Baseball FIVE CASE Pick Your Player Break #1! - 9/24/25,Best Card Breaks,replay,message,3:45,@alpha3-alice,good luck,False,False,False,,,2025-09-25T00:08:26.298Z,Sports Cards,Baseball Cards,Livestream Chat,A viewer wishes good luck in the Bowman Chrome baseball card break livestream.,high,youtube_live:GKYH-awLpo0:10
11,GKYH-awLpo0,https://www.youtube.com/watch?v=GKYH-awLpo0,eBay- 2025 Bowman Chrome Baseball FIVE CASE Pick Your Player Break #1! - 9/24/25,Best Card Breaks,replay,message,4:41,@tybr2607,ok so just pull me a super lol,False,False,False,,,2025-09-25T00:09:22.266Z,Sports Cards,Baseball Cards,Card Pulls,A user asks the breaker to pull a Superfractor card for them.,high,youtube_live:GKYH-awLpo0:11
12,GKYH-awLpo0,https://www.youtube.com/watch?v=GKYH-awLpo0,eBay- 2025 Bowman Chrome Baseball FIVE CASE Pick Your Player Break #1! - 9/24/25,Best Card Breaks,replay,message,12:00,@MFDell7,ZZTOP song please...Lagrange,False,False,False,,,2025-09-25T00:16:40.893Z,Sports Cards,Baseball Cards,Music Request,A participant requests the song 'La Grange' by ZZ Top during the livestream.,high,youtube_live:GKYH-awLpo0:12
13,GKYH-awLpo0,https://www.youtube.com/watch?v=GKYH-awLpo0,eBay- 2025 Bowman Chrome Baseball FIVE CASE Pick Your Player Break #1! - 9/24/25,Best Card Breaks,replay,message,12:02,@tybr2607,what if 2 are pulled?,False,False,False,,,2025-09-25T00:16:42.633Z,Sports Cards,Baseball Cards,Break Rules,A viewer asks what happens if two of a specific card are pulled.,medium,youtube_live:GKYH-awLpo0:13
14,GKYH-awLpo0,https://www.youtube.com/watch?v=GKYH-awLpo0,eBay- 2025 Bowman Chrome Baseball FIVE CASE Pick Your Player Break #1! - 9/24/25,Best Card Breaks,replay,message,14:47,@safehaven567,they're calling in a Superfractor,False,False,False,,,2025-09-25T00:19:27.580Z,Sports Cards,Baseball Cards,Card Pulls,A chatter remarks that people are predicting or calling in a Superfractor pull.,high,youtube_live:GKYH-awLpo0:14
15,GKYH-awLpo0,https://www.youtube.com/watch?v=GKYH-awLpo0,eBay- 2025 Bowman Chrome Baseball FIVE CASE Pick Your Player Break #1! - 9/24/25,Best Card Breaks,replay,message,15:34,@BigSizzlee,banggggg,False,False,False,,,2025-09-25T00:20:15.345Z,Sports Cards,Baseball Cards,Reaction,A viewer types an enthusiastic reaction during the baseball card break stream.,high,youtube_live:GKYH-awLpo0:15
16,GKYH-awLpo0,https://www.youtube.com/watch?v=GKYH-awLpo0,eBay- 2025 Bowman Chrome Baseball FIVE CASE Pick Your Player Break #1! - 9/24/25,Best Card Breaks,replay,message,16:56,@AndyMaverick2307,Im just here for the “have you pulled any (insert name here) yet” comments ,False,False,False,,,2025-09-25T00:21:36.772Z,Sports Cards,Baseball Cards,Livestream Chat,A chatter jokes about recurring viewer comments asking if particular players were pulled yet.,high,youtube_live:GKYH-awLpo0:16
17,GKYH-awLpo0,https://www.youtube.com/watch?v=GKYH-awLpo0,eBay- 2025 Bowman Chrome Baseball FIVE CASE Pick Your Player Break #1! - 9/24/25,Best Card Breaks,replay,message,16:59,@BigSizzlee,W cris rodriguez,False,False,False,,,2025-09-25T00:21:40.069Z,Sports Cards,Baseball Cards,Card Pulls,A user celebrates a pull of baseball player Cris Rodriguez.,high,youtube_live:GKYH-awLpo0:17
18,GKYH-awLpo0,https://www.youtube.com/watch?v=GKYH-awLpo0,eBay- 2025 Bowman Chrome Baseball FIVE CASE Pick Your Player Break #1! - 9/24/25,Best Card Breaks,replay,message,19:14,@AndyMaverick2307,So if I have Kyle Teel that means I get Roki cards? ,False,False,False,,,2025-09-25T00:23:54.725Z,Sports Cards,Baseball Cards,Break Rules,A viewer asks if having Kyle Teel entitles them to receive Roki Sasaki cards.,high,youtube_live:GKYH-awLpo0:18
19,GKYH-awLpo0,https://www.youtube.com/watch?v=GKYH-awLpo0,eBay- 2025 Bowman Chrome Baseball FIVE CASE Pick Your Player Break #1! - 9/24/25,Best Card Breaks,replay,message,19:46,@MFDell7,collate...,False,False,False,,,2025-09-25T00:24:27.159Z,Sports Cards,Baseball Cards,Collation,A participant comments on card collation during the Bowman Chrome break.,medium,youtube_live:GKYH-awLpo0:19
20,GKYH-awLpo0,https://www.youtube.com/watch?v=GKYH-awLpo0,eBay- 2025 Bowman Chrome Baseball FIVE CASE Pick Your Player Break #1! - 9/24/25,Best Card Breaks,replay,message,20:09,@AndyMaverick2307,lol ,False,False,False,,,2025-09-25T00:24:49.679Z,Sports Cards,Baseball Cards,Livestream Chat,A viewer posts 'lol' in the chat during a baseball card break stream.,low,youtube_live:GKYH-awLpo0:20
21,GKYH-awLpo0,https://www.youtube.com/watch?v=GKYH-awLpo0,eBay- 2025 Bowman Chrome Baseball FIVE CASE Pick Your Player Break #1! - 9/24/25,Best Card Breaks,replay,message,20:57,@AndyMaverick2307,Holy this is hard to listen to :loudly_crying_face:,False,False,False,,,2025-09-25T00:25:38.359Z,Sports Cards,Baseball Cards,Stream Audio,A viewer states the livestream audio is difficult to listen to.,medium,youtube_live:GKYH-awLpo0:21
22,GKYH-awLpo0,https://www.youtube.com/watch?v=GKYH-awLpo0,eBay- 2025 Bowman Chrome Baseball FIVE CASE Pick Your Player Break #1! - 9/24/25,Best Card Breaks,replay,message,21:21,@BigSizzlee,BANGGG,False,False,False,,,2025-09-25T00:26:01.648Z,Sports Cards,Baseball Cards,Card Break Hit,A chatter exclaims 'BANGGG' during the baseball card break.,medium,youtube_live:GKYH-awLpo0:22
23,GKYH-awLpo0,https://www.youtube.com/watch?v=GKYH-awLpo0,eBay- 2025 Bowman Chrome Baseball FIVE CASE Pick Your Player Break #1! - 9/24/25,Best Card Breaks,replay,message,21:26,@BigSizzlee,delayed reaction on cris lol,False,False,False,,,2025-09-25T00:26:07.019Z,Sports Cards,Baseball Cards,Break Commentary,A user comments on a delayed reaction to a player named Cris.,medium,youtube_live:GKYH-awLpo0:23
24,GKYH-awLpo0,https://www.youtube.com/watch?v=GKYH-awLpo0,eBay- 2025 Bowman Chrome Baseball FIVE CASE Pick Your Player Break #1! - 9/24/25,Best Card Breaks,replay,message,21:31,@BigSizzlee,i’m paid already imo,False,False,False,,,2025-09-25T00:26:11.488Z,Sports Cards,Baseball Cards,Break ROI,A viewer states their opinion that their break spot has already paid off.,medium,youtube_live:GKYH-awLpo0:24
25,GKYH-awLpo0,https://www.youtube.com/watch?v=GKYH-awLpo0,eBay- 2025 Bowman Chrome Baseball FIVE CASE Pick Your Player Break #1! - 9/24/25,Best Card Breaks,replay,message,21:34,@BigSizzlee,GOAT,False,False,False,,,2025-09-25T00:26:15.097Z,Sports Cards,Baseball Cards,Player Reaction,A chatter comments 'GOAT' during the baseball card break stream.,low,youtube_live:GKYH-awLpo0:25
26,GKYH-awLpo0,https://www.youtube.com/watch?v=GKYH-awLpo0,eBay- 2025 Bowman Chrome Baseball FIVE CASE Pick Your Player Break #1! - 9/24/25,Best Card Breaks,replay,message,21:41,@safehaven567,how does Joe Jackson work in the ten case,False,False,False,,,2025-09-25T00:26:22.357Z,Sports Cards,Baseball Cards,Break Rules,A viewer asks how player Joe Jackson is handled in the ten case break.,high,youtube_live:GKYH-awLpo0:26
27,GKYH-awLpo0,https://www.youtube.com/watch?v=GKYH-awLpo0,eBay- 2025 Bowman Chrome Baseball FIVE CASE Pick Your Player Break #1! - 9/24/25,Best Card Breaks,replay,message,21:45,@tybr2607,you were paid with the green auto...,False,False,False,,,2025-09-25T00:26:25.810Z,Sports Cards,Baseball Cards,Card Break Hit,A user tells another chatter they were paid with a green autograph card.,high,youtube_live:GKYH-awLpo0:27
28,GKYH-awLpo0,https://www.youtube.com/watch?v=GKYH-awLpo0,eBay- 2025 Bowman Chrome Baseball FIVE CASE Pick Your Player Break #1! - 9/24/25,Best Card Breaks,replay,message,22:30,@BigSizzlee,W ty ,False,False,False,,,2025-09-25T00:27:10.846Z,Sports Cards,Baseball Cards,Livestream Chat,A viewer types 'W ty' in the chat during the card break.,medium,youtube_live:GKYH-awLpo0:28
29,GKYH-awLpo0,https://www.youtube.com/watch?v=GKYH-awLpo0,eBay- 2025 Bowman Chrome Baseball FIVE CASE Pick Your Player Break #1! - 9/24/25,Best Card Breaks,replay,message,22:46,@BigSizzlee,get me a couple more bro :folded_hands::folded_hands:,False,False,False,,,2025-09-25T00:27:26.902Z,Sports Cards,Baseball Cards,Card Break Pulls,A viewer asks the breaker to pull a couple more cards for them.,medium,youtube_live:GKYH-awLpo0:29
30,GKYH-awLpo0,https://www.youtube.com/watch?v=GKYH-awLpo0,eBay- 2025 Bowman Chrome Baseball FIVE CASE Pick Your Player Break #1! - 9/24/25,Best Card Breaks,replay,message,24:10,@tybr2607,wow,False,False,False,,,2025-09-25T00:28:50.853Z,Sports Cards,Baseball Cards,unclear reaction,A viewer posts a brief reaction during a Bowman Chrome baseball card break stream.,low,youtube_live:GKYH-awLpo0:30
31,GKYH-awLpo0,https://www.youtube.com/watch?v=GKYH-awLpo0,eBay- 2025 Bowman Chrome Baseball FIVE CASE Pick Your Player Break #1! - 9/24/25,Best Card Breaks,replay,message,24:12,@MFDell7,collate thats nice,False,False,False,,,2025-09-25T00:28:52.553Z,Sports Cards,Baseball Cards,card collation,A viewer comments on card collation during the Bowman Chrome baseball stream.,medium,youtube_live:GKYH-awLpo0:31
32,GKYH-awLpo0,https://www.youtube.com/watch?v=GKYH-awLpo0,eBay- 2025 Bowman Chrome Baseball FIVE CASE Pick Your Player Break #1! - 9/24/25,Best Card Breaks,replay,message,24:14,@AndyMaverick2307,Boom,False,False,False,,,2025-09-25T00:28:55.091Z,Sports Cards,Baseball Cards,unclear reaction,A user writes an exclamation during the baseball card break stream.,low,youtube_live:GKYH-awLpo0:32
33,GKYH-awLpo0,https://www.youtube.com/watch?v=GKYH-awLpo0,eBay- 2025 Bowman Chrome Baseball FIVE CASE Pick Your Player Break #1! - 9/24/25,Best Card Breaks,replay,message,24:22,@AndyMaverick2307,Second one in two days ,False,False,False,,,2025-09-25T00:29:03.439Z,Sports Cards,Baseball Cards,card pulls,A chatter remarks that this is the second one seen in two days.,low,youtube_live:GKYH-awLpo0:33
34,GKYH-awLpo0,https://www.youtube.com/watch?v=GKYH-awLpo0,eBay- 2025 Bowman Chrome Baseball FIVE CASE Pick Your Player Break #1! - 9/24/25,Best Card Breaks,replay,message,25:17,@AndyMaverick2307,Yep,False,False,False,,,2025-09-25T00:29:57.607Z,Sports Cards,Baseball Cards,unclear reaction,A user replies with an affirmative comment during the baseball card break.,low,youtube_live:GKYH-awLpo0:34
35,GKYH-awLpo0,https://www.youtube.com/watch?v=GKYH-awLpo0,eBay- 2025 Bowman Chrome Baseball FIVE CASE Pick Your Player Break #1! - 9/24/25,Best Card Breaks,replay,message,25:29,@MFDell7,Thats sick what Leo 1st insig go for you think?,False,False,False,,,2025-09-25T00:30:09.777Z,Sports Cards,Baseball Cards,card pricing,A viewer asks what a Leo 1st insignia card might sell for.,medium,youtube_live:GKYH-awLpo0:35
36,GKYH-awLpo0,https://www.youtube.com/watch?v=GKYH-awLpo0,eBay- 2025 Bowman Chrome Baseball FIVE CASE Pick Your Player Break #1! - 9/24/25,Best Card Breaks,replay,message,26:17,@BigSizzlee,juan’s red just went for 5k,False,False,False,,,2025-09-25T00:30:58.398Z,Sports Cards,Baseball Cards,market value,"A chatter reports that Juan's red card recently went for 5,000.",medium,youtube_live:GKYH-awLpo0:36
37,GKYH-awLpo0,https://www.youtube.com/watch?v=GKYH-awLpo0,eBay- 2025 Bowman Chrome Baseball FIVE CASE Pick Your Player Break #1! - 9/24/25,Best Card Breaks,replay,message,26:33,@MFDell7,wow the insig maybe similar to red value?,False,False,False,,,2025-09-25T00:31:14.311Z,Sports Cards,Baseball Cards,card pricing,A viewer wonders if an insignia card holds similar value to a red parallel.,medium,youtube_live:GKYH-awLpo0:37
38,GKYH-awLpo0,https://www.youtube.com/watch?v=GKYH-awLpo0,eBay- 2025 Bowman Chrome Baseball FIVE CASE Pick Your Player Break #1! - 9/24/25,Best Card Breaks,replay,message,27:48,@MFDell7,huuuge,False,False,False,,,2025-09-25T00:32:29.022Z,Sports Cards,Baseball Cards,unclear reaction,A chatter reacts with 'huuuge' during the baseball card break stream.,low,youtube_live:GKYH-awLpo0:38
39,GKYH-awLpo0,https://www.youtube.com/watch?v=GKYH-awLpo0,eBay- 2025 Bowman Chrome Baseball FIVE CASE Pick Your Player Break #1! - 9/24/25,Best Card Breaks,replay,message,27:55,@MFDell7,paid for that dude,False,False,False,,,2025-09-25T00:32:35.612Z,Sports Cards,Baseball Cards,break value,A user comments that a pull paid off the purchase for that person.,low,youtube_live:GKYH-awLpo0:39
40,GKYH-awLpo0,https://www.youtube.com/watch?v=GKYH-awLpo0,eBay- 2025 Bowman Chrome Baseball FIVE CASE Pick Your Player Break #1! - 9/24/25,Best Card Breaks,replay,message,28:03,@AndyMaverick2307,Nick Kurtz is fun to watch play ball ,False,False,False,,,2025-09-25T00:32:43.645Z,Sports Cards,Baseball Cards,Player Discussion,A viewer comments that Nick Kurtz is fun to watch play baseball.,high,youtube_live:GKYH-awLpo0:40
41,GKYH-awLpo0,https://www.youtube.com/watch?v=GKYH-awLpo0,eBay- 2025 Bowman Chrome Baseball FIVE CASE Pick Your Player Break #1! - 9/24/25,Best Card Breaks,replay,message,28:23,@safehaven567,is the ebay store just best card,False,False,False,,,2025-09-25T00:33:03.960Z,Sports Cards; General marketplace,Baseball Cards; eBay Stores,Seller Inquiry,"A viewer asks whether the eBay store name is just ""best card"".",high,youtube_live:GKYH-awLpo0:41
42,GKYH-awLpo0,https://www.youtube.com/watch?v=GKYH-awLpo0,eBay- 2025 Bowman Chrome Baseball FIVE CASE Pick Your Player Break #1! - 9/24/25,Best Card Breaks,replay,message,30:20,@safehaven567,raniel is better,False,False,False,,,2025-09-25T00:35:00.699Z,Sports Cards,Baseball Cards,Player Comparison,A viewer opines that Raniel is better.,medium,youtube_live:GKYH-awLpo0:42
43,GKYH-awLpo0,https://www.youtube.com/watch?v=GKYH-awLpo0,eBay- 2025 Bowman Chrome Baseball FIVE CASE Pick Your Player Break #1! - 9/24/25,Best Card Breaks,replay,message,31:54,@tybr2607,i like djean macares,False,False,False,,,2025-09-25T00:36:34.479Z,Sports Cards,Baseball Cards,Player Discussion,A viewer states their preference for Djean Macares.,medium,youtube_live:GKYH-awLpo0:43
44,GKYH-awLpo0,https://www.youtube.com/watch?v=GKYH-awLpo0,eBay- 2025 Bowman Chrome Baseball FIVE CASE Pick Your Player Break #1! - 9/24/25,Best Card Breaks,replay,message,32:28,@hitmanskid-td4pg,anyone dabble into nfts,False,False,False,,,2025-09-25T00:37:08.573Z,Other / emerging,NFTs,General Discussion,A viewer asks the chat if anyone dabbles in NFTs.,high,youtube_live:GKYH-awLpo0:44
45,GKYH-awLpo0,https://www.youtube.com/watch?v=GKYH-awLpo0,eBay- 2025 Bowman Chrome Baseball FIVE CASE Pick Your Player Break #1! - 9/24/25,Best Card Breaks,replay,message,33:05,@danebeeler5121,Is justice bigbie super too much to ask for,False,False,False,,,2025-09-25T00:37:45.781Z,Sports Cards,Baseball Cards,Card Pulls,A viewer wonders if asking for a Justice Bigbie Superfractor is too much to ask for.,high,youtube_live:GKYH-awLpo0:45
46,GKYH-awLpo0,https://www.youtube.com/watch?v=GKYH-awLpo0,eBay- 2025 Bowman Chrome Baseball FIVE CASE Pick Your Player Break #1! - 9/24/25,Best Card Breaks,replay,message,35:11,@BigSizzlee,we take those thank you ,False,False,False,,,2025-09-25T00:39:51.882Z,Sports Cards,Baseball Cards,Break Reaction,"A viewer reacts with gratitude to a pull, stating ""we take those thank you"".",medium,youtube_live:GKYH-awLpo0:46
47,GKYH-awLpo0,https://www.youtube.com/watch?v=GKYH-awLpo0,eBay- 2025 Bowman Chrome Baseball FIVE CASE Pick Your Player Break #1! - 9/24/25,Best Card Breaks,replay,message,35:18,@BigSizzlee,justice bigbie :face_with_tears_of_joy::face_with_tears_of_joy:,False,False,False,,,2025-09-25T00:39:59.357Z,Sports Cards,Baseball Cards,Player Reaction,A viewer mentions Justice Bigbie accompanied by laughing emojis.,medium,youtube_live:GKYH-awLpo0:47
48,GKYH-awLpo0,https://www.youtube.com/watch?v=GKYH-awLpo0,eBay- 2025 Bowman Chrome Baseball FIVE CASE Pick Your Player Break #1! - 9/24/25,Best Card Breaks,replay,message,35:26,@BigSizzlee,fellow tigers player let’s go,False,False,False,,,2025-09-25T00:40:07.272Z,Sports Cards,Baseball Cards,Team Discussion,A viewer cheers for a fellow Detroit Tigers player.,high,youtube_live:GKYH-awLpo0:48
49,GKYH-awLpo0,https://www.youtube.com/watch?v=GKYH-awLpo0,eBay- 2025 Bowman Chrome Baseball FIVE CASE Pick Your Player Break #1! - 9/24/25,Best Card Breaks,replay,message,36:55,@danebeeler5121,Who was tigers green,False,False,False,,,2025-09-25T00:41:35.908Z,Sports Cards,Baseball Cards,Card Pulls,A viewer asks who the Tigers green parallel card was.,high,youtube_live:GKYH-awLpo0:49
50,GKYH-awLpo0,https://www.youtube.com/watch?v=GKYH-awLpo0,eBay- 2025 Bowman Chrome Baseball FIVE CASE Pick Your Player Break #1! - 9/24/25,Best Card Breaks,replay,message,37:02,@AndyMaverick2307,Like I mentioned before :skull::rolling_on_the_floor_laughing:,False,False,False,,,2025-09-25T00:41:42.606Z,Sports Cards,Baseball Cards,unclear reaction,A viewer posts an ambiguous laughing reaction during a baseball card break livestream.,low,youtube_live:GKYH-awLpo0:50
51,GKYH-awLpo0,https://www.youtube.com/watch?v=GKYH-awLpo0,eBay- 2025 Bowman Chrome Baseball FIVE CASE Pick Your Player Break #1! - 9/24/25,Best Card Breaks,replay,message,38:13,@AndyMaverick2307,How the fuck did a smaller card submitted 3 weeks after 2 Nick Kurtz auto get graded before my Kurtz autos lol man PSA drives me nuts sometimes ,False,False,False,,,2025-09-25T00:42:54.021Z,Sports Cards,Baseball Cards,card grading; turnaround times,A user expresses frustration that PSA graded a later-submitted card before their Nick Kurtz autograph cards.,high,youtube_live:GKYH-awLpo0:51
52,GKYH-awLpo0,https://www.youtube.com/watch?v=GKYH-awLpo0,eBay- 2025 Bowman Chrome Baseball FIVE CASE Pick Your Player Break #1! - 9/24/25,Best Card Breaks,replay,message,38:23,@BigSizzlee,the base green was the nestor tigers or whatever dame,False,False,False,,,2025-09-25T00:43:03.583Z,Sports Cards,Baseball Cards,pull discussion,A chatter comments on a base green card pull relating to the Tigers.,medium,youtube_live:GKYH-awLpo0:52
53,GKYH-awLpo0,https://www.youtube.com/watch?v=GKYH-awLpo0,eBay- 2025 Bowman Chrome Baseball FIVE CASE Pick Your Player Break #1! - 9/24/25,Best Card Breaks,replay,message,40:02,@suresurfalot,What Chourio did you pull?,False,False,False,,,2025-09-25T00:44:42.718Z,Sports Cards,Baseball Cards,box break,A viewer asks what Chourio card was pulled during the stream.,high,youtube_live:GKYH-awLpo0:53
54,GKYH-awLpo0,https://www.youtube.com/watch?v=GKYH-awLpo0,eBay- 2025 Bowman Chrome Baseball FIVE CASE Pick Your Player Break #1! - 9/24/25,Best Card Breaks,replay,message,40:13,@safehaven567,underrated prospect is Slade Caldwell,False,False,False,,,2025-09-25T00:44:53.560Z,Sports Cards,Baseball Cards,prospecting,A chatter identifies Slade Caldwell as an underrated prospect.,high,youtube_live:GKYH-awLpo0:54
55,GKYH-awLpo0,https://www.youtube.com/watch?v=GKYH-awLpo0,eBay- 2025 Bowman Chrome Baseball FIVE CASE Pick Your Player Break #1! - 9/24/25,Best Card Breaks,replay,message,41:18,@suresurfalot,sry my chat is a few minutes behind,False,False,False,,,2025-09-25T00:45:59.002Z,Sports Cards,Baseball Cards,stream delay,"A viewer apologizes, noting their chat is delayed by a few minutes.",high,youtube_live:GKYH-awLpo0:55
56,GKYH-awLpo0,https://www.youtube.com/watch?v=GKYH-awLpo0,eBay- 2025 Bowman Chrome Baseball FIVE CASE Pick Your Player Break #1! - 9/24/25,Best Card Breaks,replay,message,41:45,@safehaven567,didn't you pull the roman Anthony 1st bowman superfractor on release day,False,False,False,,,2025-09-25T00:46:25.898Z,Sports Cards,Baseball Cards,pull discussion,A viewer asks whether the streamer pulled the Roman Anthony 1st Bowman superfractor on release day.,high,youtube_live:GKYH-awLpo0:56
57,GKYH-awLpo0,https://www.youtube.com/watch?v=GKYH-awLpo0,eBay- 2025 Bowman Chrome Baseball FIVE CASE Pick Your Player Break #1! - 9/24/25,Best Card Breaks,replay,message,43:20,@safehaven567,Dylan Beavers is a prospect i started collecting but he got called up recently,False,False,False,,,2025-09-25T00:48:00.920Z,Sports Cards,Baseball Cards,player collecting,A user mentions collecting prospect Dylan Beavers and notes he was recently called up.,high,youtube_live:GKYH-awLpo0:57
58,GKYH-awLpo0,https://www.youtube.com/watch?v=GKYH-awLpo0,eBay- 2025 Bowman Chrome Baseball FIVE CASE Pick Your Player Break #1! - 9/24/25,Best Card Breaks,replay,message,43:23,@AndyMaverick2307,Nick pulled that same Roki patch auto last night ,False,False,False,,,2025-09-25T00:48:03.595Z,Sports Cards,Baseball Cards,pull discussion,A chatter notes that Nick pulled the same Roki patch autograph card the previous night.,high,youtube_live:GKYH-awLpo0:58
59,GKYH-awLpo0,https://www.youtube.com/watch?v=GKYH-awLpo0,eBay- 2025 Bowman Chrome Baseball FIVE CASE Pick Your Player Break #1! - 9/24/25,Best Card Breaks,replay,message,44:13,@danebeeler5121,Fine I’ll take the /5 red then geez,False,False,False,,,2025-09-25T00:48:54.360Z,Sports Cards,Baseball Cards,box break,A viewer jokes about settling for a red parallel card numbered to five.,medium,youtube_live:GKYH-awLpo0:59
60,GKYH-awLpo0,https://www.youtube.com/watch?v=GKYH-awLpo0,eBay- 2025 Bowman Chrome Baseball FIVE CASE Pick Your Player Break #1! - 9/24/25,Best Card Breaks,replay,message,45:13,@safehaven567,we need some snack packs,False,False,False,,,2025-09-25T00:49:53.788Z,Sports Cards,Baseball Cards,Snack packs; Chat,A viewer comments in the chat that they need some snack packs.,low,youtube_live:GKYH-awLpo0:60
61,GKYH-awLpo0,https://www.youtube.com/watch?v=GKYH-awLpo0,eBay- 2025 Bowman Chrome Baseball FIVE CASE Pick Your Player Break #1! - 9/24/25,Best Card Breaks,replay,message,45:33,@safehaven567,yes beavers is with the o's,False,False,False,,,2025-09-25T00:50:14.372Z,Sports Cards,Baseball Cards,Player teams; Dylan Beavers,A chatter confirms that Beavers is with the Orioles.,high,youtube_live:GKYH-awLpo0:61
62,GKYH-awLpo0,https://www.youtube.com/watch?v=GKYH-awLpo0,eBay- 2025 Bowman Chrome Baseball FIVE CASE Pick Your Player Break #1! - 9/24/25,Best Card Breaks,replay,message,47:21,@AndyMaverick2307,I was always Kurtz over cags and it drives me nuts that cags hype is still there ,False,False,False,,,2025-09-25T00:52:02.402Z,Sports Cards,Baseball Cards,Player hype; Nick Kurtz,A viewer states their preference for Kurtz over Caglianone and expresses frustration with ongoing Caglianone hype.,high,youtube_live:GKYH-awLpo0:62
63,GKYH-awLpo0,https://www.youtube.com/watch?v=GKYH-awLpo0,eBay- 2025 Bowman Chrome Baseball FIVE CASE Pick Your Player Break #1! - 9/24/25,Best Card Breaks,replay,message,47:24,@safehaven567,and Corbin Carroll,False,False,False,,,2025-09-25T00:52:04.647Z,Sports Cards,Baseball Cards,Player discussion; Corbin Carroll,A user mentions Corbin Carroll during the livestream chat.,medium,youtube_live:GKYH-awLpo0:63
64,GKYH-awLpo0,https://www.youtube.com/watch?v=GKYH-awLpo0,eBay- 2025 Bowman Chrome Baseball FIVE CASE Pick Your Player Break #1! - 9/24/25,Best Card Breaks,replay,message,49:26,@safehaven567,Chandler Simpson has hit 1 homer over the fence in 6 years,False,False,False,,,2025-09-25T00:54:07.492Z,Sports Cards,Baseball Cards,Player statistics; Chandler Simpson,A chatter notes that Chandler Simpson has hit only one home run over the fence in six years.,high,youtube_live:GKYH-awLpo0:64
65,GKYH-awLpo0,https://www.youtube.com/watch?v=GKYH-awLpo0,eBay- 2025 Bowman Chrome Baseball FIVE CASE Pick Your Player Break #1! - 9/24/25,Best Card Breaks,replay,message,49:32,@AndyMaverick2307,Chandler is an absolute dog. I have a Roki redemption on the way I’m gonna try to trade is for a Simpson ,False,False,False,,,2025-09-25T00:54:12.711Z,Sports Cards,Baseball Cards,Trading; Redemptions,A user praises Chandler Simpson and plans to trade an incoming Roki Sasaki redemption for a Simpson card.,high,youtube_live:GKYH-awLpo0:65
66,GKYH-awLpo0,https://www.youtube.com/watch?v=GKYH-awLpo0,eBay- 2025 Bowman Chrome Baseball FIVE CASE Pick Your Player Break #1! - 9/24/25,Best Card Breaks,replay,message,51:00,@safehaven567,simpson hit .355 with 104 steals in 110 games in the minors,False,False,False,,,2025-09-25T00:55:40.811Z,Sports Cards,Baseball Cards,Player statistics; Chandler Simpson,A chatter cites Chandler Simpson's minor league batting average and stolen base totals.,high,youtube_live:GKYH-awLpo0:66
67,GKYH-awLpo0,https://www.youtube.com/watch?v=GKYH-awLpo0,eBay- 2025 Bowman Chrome Baseball FIVE CASE Pick Your Player Break #1! - 9/24/25,Best Card Breaks,replay,message,52:33,@safehaven567,woah that's sacrilegious,False,False,False,,,2025-09-25T00:57:13.586Z,Sports Cards,Baseball Cards,Stream chat; Unclear reaction,A viewer reacts by calling a preceding comment or action sacrilegious.,low,youtube_live:GKYH-awLpo0:67
68,GKYH-awLpo0,https://www.youtube.com/watch?v=GKYH-awLpo0,eBay- 2025 Bowman Chrome Baseball FIVE CASE Pick Your Player Break #1! - 9/24/25,Best Card Breaks,replay,message,52:58,@AndyMaverick2307,No he did not ,False,False,False,,,2025-09-25T00:57:39.263Z,Sports Cards,Baseball Cards,Disagreement; Unclear reaction,"A chatter disagrees, stating that he did not do so.",low,youtube_live:GKYH-awLpo0:68
69,GKYH-awLpo0,https://www.youtube.com/watch?v=GKYH-awLpo0,eBay- 2025 Bowman Chrome Baseball FIVE CASE Pick Your Player Break #1! - 9/24/25,Best Card Breaks,replay,message,53:05,@AndyMaverick2307,Magnum did though ,False,False,False,,,2025-09-25T00:57:45.976Z,Sports Cards,Baseball Cards,Player discussion; Magnum,A user claims that Magnum did do so.,low,youtube_live:GKYH-awLpo0:69
70,GKYH-awLpo0,https://www.youtube.com/watch?v=GKYH-awLpo0,eBay- 2025 Bowman Chrome Baseball FIVE CASE Pick Your Player Break #1! - 9/24/25,Best Card Breaks,replay,message,54:06,@safehaven567,yadi throws out anyone. Chandler wouldn't have the guts to run on him,False,False,False,,,2025-09-25T00:58:47.049Z,Sports Cards,Baseball Cards,Player Discussion,"A viewer comments on baseball players, asserting Yadi throws out anyone and Chandler would not run on him.",medium,youtube_live:GKYH-awLpo0:70
71,GKYH-awLpo0,https://www.youtube.com/watch?v=GKYH-awLpo0,eBay- 2025 Bowman Chrome Baseball FIVE CASE Pick Your Player Break #1! - 9/24/25,Best Card Breaks,replay,message,55:41,@AndyMaverick2307,Maykel any good? ,False,False,False,,,2025-09-25T01:00:21.965Z,Sports Cards,Baseball Cards,Prospect Evaluation,A chatter asks if Maykel is any good during a Bowman Chrome baseball card break.,high,youtube_live:GKYH-awLpo0:71
72,GKYH-awLpo0,https://www.youtube.com/watch?v=GKYH-awLpo0,eBay- 2025 Bowman Chrome Baseball FIVE CASE Pick Your Player Break #1! - 9/24/25,Best Card Breaks,replay,message,55:54,@safehaven567,me and Paul been arguing all day i just got to add you to the list,False,False,False,,,2025-09-25T01:00:34.914Z,Sports Cards,Baseball Cards,Chat Banter,A viewer jokes about arguing all day with Paul and adding someone to the list.,low,youtube_live:GKYH-awLpo0:72
73,GKYH-awLpo0,https://www.youtube.com/watch?v=GKYH-awLpo0,eBay- 2025 Bowman Chrome Baseball FIVE CASE Pick Your Player Break #1! - 9/24/25,Best Card Breaks,replay,message,57:22,@hitmanskid-td4pg,is kurtz is the best,False,False,False,,,2025-09-25T01:02:03.039Z,Sports Cards,Baseball Cards,Prospect Evaluation,A user asks if Kurtz is the best prospect during the break stream.,high,youtube_live:GKYH-awLpo0:73
74,GKYH-awLpo0,https://www.youtube.com/watch?v=GKYH-awLpo0,eBay- 2025 Bowman Chrome Baseball FIVE CASE Pick Your Player Break #1! - 9/24/25,Best Card Breaks,replay,message,57:48,@safehaven567,paul owes me a case of flawless,False,False,False,,,2025-09-25T01:02:29.201Z,Sports Cards,Baseball Cards,Chat Banter,A commenter claims Paul owes them a case of Flawless cards.,medium,youtube_live:GKYH-awLpo0:74
75,GKYH-awLpo0,https://www.youtube.com/watch?v=GKYH-awLpo0,eBay- 2025 Bowman Chrome Baseball FIVE CASE Pick Your Player Break #1! - 9/24/25,Best Card Breaks,replay,message,1:01:31,@safehaven567,can I pickup at the store if I buy on ebay,False,False,False,,,2025-09-25T01:06:12.254Z,Sports Cards; General marketplace,Baseball Cards; Store Pickup,Fulfillment,A user asks if they can pick up an order at the store if purchased on eBay.,high,youtube_live:GKYH-awLpo0:75
76,GKYH-awLpo0,https://www.youtube.com/watch?v=GKYH-awLpo0,eBay- 2025 Bowman Chrome Baseball FIVE CASE Pick Your Player Break #1! - 9/24/25,Best Card Breaks,replay,message,1:06:44,@DerekStroud-tp7fs,You prospect what do u think of Tommy white? If he gets his glove better?,False,False,False,,,2025-09-25T01:11:25.077Z,Sports Cards,Baseball Cards,Prospect Evaluation,A viewer asks for thoughts on prospect Tommy White if his fielding glove improves.,high,youtube_live:GKYH-awLpo0:76
77,GKYH-awLpo0,https://www.youtube.com/watch?v=GKYH-awLpo0,eBay- 2025 Bowman Chrome Baseball FIVE CASE Pick Your Player Break #1! - 9/24/25,Best Card Breaks,replay,message,1:09:01,@jeremypierce3161,thats two greens lol,False,False,False,,,2025-09-25T01:13:42.217Z,Sports Cards,Baseball Cards,Break Pulls,A chatter notes that two green parallels were pulled in the card break.,high,youtube_live:GKYH-awLpo0:77
78,GKYH-awLpo0,https://www.youtube.com/watch?v=GKYH-awLpo0,eBay- 2025 Bowman Chrome Baseball FIVE CASE Pick Your Player Break #1! - 9/24/25,Best Card Breaks,replay,message,1:09:22,@DerekStroud-tp7fs,It’s got a lot better while at lsu. Hoping he can continue to get better. Big lsu guy. Need to hit a purple Tommy for my collection. I collect purple lsu guys 1st bowman ,False,False,False,,,2025-09-25T01:14:03.316Z,Sports Cards,Baseball Cards,Card Collecting,"A viewer discusses collecting purple 1st Bowman cards of LSU players, hoping to pull a Tommy White.",high,youtube_live:GKYH-awLpo0:78
79,GKYH-awLpo0,https://www.youtube.com/watch?v=GKYH-awLpo0,eBay- 2025 Bowman Chrome Baseball FIVE CASE Pick Your Player Break #1! - 9/24/25,Best Card Breaks,replay,message,1:09:47,@jeremypierce3161,guess i get to sell one and keep one hahah,False,False,False,,,2025-09-25T01:14:28.131Z,Sports Cards,Baseball Cards,Reselling,A participant remarks that they get to sell one card and keep another.,medium,youtube_live:GKYH-awLpo0:79
80,GKYH-awLpo0,https://www.youtube.com/watch?v=GKYH-awLpo0,eBay- 2025 Bowman Chrome Baseball FIVE CASE Pick Your Player Break #1! - 9/24/25,Best Card Breaks,replay,message,1:10:58,@DerekStroud-tp7fs,I’ve got everyone ones purple that has one ones that don’t have blue ,False,False,False,,,2025-09-25T01:15:39.385Z,Sports Cards,baseball cards,parallels; box break,A viewer mentions having purple and blue parallel cards during a baseball card break.,medium,youtube_live:GKYH-awLpo0:80
81,GKYH-awLpo0,https://www.youtube.com/watch?v=GKYH-awLpo0,eBay- 2025 Bowman Chrome Baseball FIVE CASE Pick Your Player Break #1! - 9/24/25,Best Card Breaks,replay,message,1:11:15,@safehaven567,and he's got a great nickname,False,False,False,,,2025-09-25T01:15:56.183Z,Sports Cards,baseball cards,player discussion,A chat user remarks that a player has a great nickname.,medium,youtube_live:GKYH-awLpo0:81
82,GKYH-awLpo0,https://www.youtube.com/watch?v=GKYH-awLpo0,eBay- 2025 Bowman Chrome Baseball FIVE CASE Pick Your Player Break #1! - 9/24/25,Best Card Breaks,replay,message,1:12:13,@jeremypierce3161,okay lets speak this into existence: pull a dollander auto thats not green Lmao,False,False,False,,,2025-09-25T01:16:54.408Z,Sports Cards,baseball cards,card pulls; autographs,A viewer hopes to pull a Dollander autograph card that is not green.,high,youtube_live:GKYH-awLpo0:82
83,GKYH-awLpo0,https://www.youtube.com/watch?v=GKYH-awLpo0,eBay- 2025 Bowman Chrome Baseball FIVE CASE Pick Your Player Break #1! - 9/24/25,Best Card Breaks,replay,message,1:12:28,@AndyMaverick2307,I just went to spy on my card I had you guys sell for me it’s listed as a bomb squad auto but it’s a gridiron kings auto lol oops ,False,False,False,,,2025-09-25T01:17:09.363Z,Sports Cards,football cards,consignment listing error,A user notes their consigned card was mistakenly listed as a Bomb Squad autograph instead of Gridiron Kings.,high,youtube_live:GKYH-awLpo0:83
84,GKYH-awLpo0,https://www.youtube.com/watch?v=GKYH-awLpo0,eBay- 2025 Bowman Chrome Baseball FIVE CASE Pick Your Player Break #1! - 9/24/25,Best Card Breaks,replay,message,1:12:38,@BigSizzlee,we gotta suffer through more hobby nooo,False,False,False,,,2025-09-25T01:17:19.578Z,Sports Cards,baseball cards,product formats,A chatter expresses reluctance about opening more hobby boxes.,medium,youtube_live:GKYH-awLpo0:84
85,GKYH-awLpo0,https://www.youtube.com/watch?v=GKYH-awLpo0,eBay- 2025 Bowman Chrome Baseball FIVE CASE Pick Your Player Break #1! - 9/24/25,Best Card Breaks,replay,message,1:12:51,@hitmanskid-td4pg,andrew andrew andrew,False,False,False,,,2025-09-25T01:17:31.933Z,Sports Cards,baseball cards,chat reaction,A user repeats the name Andrew in chat during the live break.,low,youtube_live:GKYH-awLpo0:85
86,GKYH-awLpo0,https://www.youtube.com/watch?v=GKYH-awLpo0,eBay- 2025 Bowman Chrome Baseball FIVE CASE Pick Your Player Break #1! - 9/24/25,Best Card Breaks,replay,message,1:12:57,@hitmanskid-td4pg,kurtz is the man indeed,False,False,False,,,2025-09-25T01:17:37.894Z,Sports Cards,baseball cards,player discussion,A viewer comments positively about Kurtz during the card break stream.,high,youtube_live:GKYH-awLpo0:86
87,GKYH-awLpo0,https://www.youtube.com/watch?v=GKYH-awLpo0,eBay- 2025 Bowman Chrome Baseball FIVE CASE Pick Your Player Break #1! - 9/24/25,Best Card Breaks,replay,message,1:13:01,@safehaven567,I've called so many of your pulls. Im predicting a Shotaro /25,False,False,False,,,2025-09-25T01:17:41.745Z,Sports Cards,baseball cards,pull predictions,A user claims a record of accurate pull predictions and predicts a Shotaro numbered to 25.,high,youtube_live:GKYH-awLpo0:87
88,GKYH-awLpo0,https://www.youtube.com/watch?v=GKYH-awLpo0,eBay- 2025 Bowman Chrome Baseball FIVE CASE Pick Your Player Break #1! - 9/24/25,Best Card Breaks,replay,message,1:13:27,@hitmanskid-td4pg,GPK kurtz incoming,False,False,False,,,2025-09-25T01:18:07.643Z,Sports Cards,baseball cards,card pulls; insert sets,A user predicts that a GPK Kurtz card is incoming.,medium,youtube_live:GKYH-awLpo0:88
89,GKYH-awLpo0,https://www.youtube.com/watch?v=GKYH-awLpo0,eBay- 2025 Bowman Chrome Baseball FIVE CASE Pick Your Player Break #1! - 9/24/25,Best Card Breaks,replay,message,1:14:29,@jacksonroyal1536,Does shipping combine between the breaks tonight and the upcoming breaks?,False,False,False,,,2025-09-25T01:19:10.356Z,Sports Cards,baseball cards,combined shipping; box break,A viewer asks whether shipping can be combined across tonight's and upcoming breaks.,high,youtube_live:GKYH-awLpo0:89
90,GKYH-awLpo0,https://www.youtube.com/watch?v=GKYH-awLpo0,eBay- 2025 Bowman Chrome Baseball FIVE CASE Pick Your Player Break #1! - 9/24/25,Best Card Breaks,replay,message,1:16:51,@BigSizzlee,bro can’t predict cris rodriguez ,False,False,False,,,2025-09-25T01:21:31.781Z,Sports Cards,Baseball Cards,Breaks; Player Prediction,A user comments that the breaker cannot predict Cris Rodriguez.,high,youtube_live:GKYH-awLpo0:90
91,GKYH-awLpo0,https://www.youtube.com/watch?v=GKYH-awLpo0,eBay- 2025 Bowman Chrome Baseball FIVE CASE Pick Your Player Break #1! - 9/24/25,Best Card Breaks,replay,message,1:16:53,@BigSizzlee,cmon,False,False,False,,,2025-09-25T01:21:34.532Z,Sports Cards,Baseball Cards,Livestream Reaction,A viewer posts an exclamation urging the stream along.,low,youtube_live:GKYH-awLpo0:91
92,GKYH-awLpo0,https://www.youtube.com/watch?v=GKYH-awLpo0,eBay- 2025 Bowman Chrome Baseball FIVE CASE Pick Your Player Break #1! - 9/24/25,Best Card Breaks,replay,message,1:17:12,@AndyMaverick2307,You know how good of cards you pull? I have three shitty cheap players and you can’t pull one. Those fingers are made of gold :rolling_on_the_floor_laughing:,False,False,False,,,2025-09-25T01:21:53.428Z,Sports Cards,Baseball Cards,Breaks; Card Pulls,A viewer remarks on the breaker's pulls while noting none of their cheap players have been pulled.,high,youtube_live:GKYH-awLpo0:92
93,GKYH-awLpo0,https://www.youtube.com/watch?v=GKYH-awLpo0,eBay- 2025 Bowman Chrome Baseball FIVE CASE Pick Your Player Break #1! - 9/24/25,Best Card Breaks,replay,message,1:18:02,@safehaven567,Brooks Lee hobby masters. jhosynixon and D'Angelo ortiz snack pack you name it,False,False,False,,,2025-09-25T01:22:43.085Z,Sports Cards,Baseball Cards,Card Inserts; Breaks,A viewer lists various player cards and inserts from the product.,high,youtube_live:GKYH-awLpo0:93
94,GKYH-awLpo0,https://www.youtube.com/watch?v=GKYH-awLpo0,eBay- 2025 Bowman Chrome Baseball FIVE CASE Pick Your Player Break #1! - 9/24/25,Best Card Breaks,replay,message,1:18:19,@BigSizzlee,facts ,False,False,False,,,2025-09-25T01:22:59.885Z,Sports Cards,Baseball Cards,Chat Reaction,A user agrees with a preceding chat comment.,low,youtube_live:GKYH-awLpo0:94
95,GKYH-awLpo0,https://www.youtube.com/watch?v=GKYH-awLpo0,eBay- 2025 Bowman Chrome Baseball FIVE CASE Pick Your Player Break #1! - 9/24/25,Best Card Breaks,replay,message,1:19:28,@tybr2607,is it me or is his sound bad?,False,False,False,,,2025-09-25T01:24:09.152Z,Sports Cards,Baseball Cards,Stream Audio Quality,A viewer asks if the host's sound quality is bad.,high,youtube_live:GKYH-awLpo0:95
96,GKYH-awLpo0,https://www.youtube.com/watch?v=GKYH-awLpo0,eBay- 2025 Bowman Chrome Baseball FIVE CASE Pick Your Player Break #1! - 9/24/25,Best Card Breaks,replay,message,1:19:35,@AndyMaverick2307,They aren’t shitty players their checklists are just small. ,False,False,False,,,2025-09-25T01:24:15.657Z,Sports Cards,Baseball Cards,Checklist Size; Player Selection,A user notes that certain players have small checklists rather than being bad players.,high,youtube_live:GKYH-awLpo0:96
97,GKYH-awLpo0,https://www.youtube.com/watch?v=GKYH-awLpo0,eBay- 2025 Bowman Chrome Baseball FIVE CASE Pick Your Player Break #1! - 9/24/25,Best Card Breaks,replay,message,1:20:20,@BigSizzlee,so sick,False,False,False,,,2025-09-25T01:25:01.166Z,Sports Cards,Baseball Cards,Card Reaction,A viewer reacts positively to an on-screen card pull.,medium,youtube_live:GKYH-awLpo0:97
98,GKYH-awLpo0,https://www.youtube.com/watch?v=GKYH-awLpo0,eBay- 2025 Bowman Chrome Baseball FIVE CASE Pick Your Player Break #1! - 9/24/25,Best Card Breaks,replay,message,1:20:45,@AndyMaverick2307,Speaking of etched in glass the Wilson you pulled me is going through grading. Can’t wait to see that in person. ,False,False,False,,,2025-09-25T01:25:26.265Z,Sports Cards,Baseball Cards,Card Grading; Card Pulls,A viewer shares that an Etched in Glass Wilson card pulled for them is currently being graded.,high,youtube_live:GKYH-awLpo0:98
99,GKYH-awLpo0,https://www.youtube.com/watch?v=GKYH-awLpo0,eBay- 2025 Bowman Chrome Baseball FIVE CASE Pick Your Player Break #1! - 9/24/25,Best Card Breaks,replay,message,1:20:52,@safehaven567,how much is hobby,False,False,False,,,2025-09-25T01:25:33.409Z,Sports Cards,Baseball Cards,Product Pricing,A user asks for the price of a hobby box.,high,youtube_live:GKYH-awLpo0:99
100,GKYH-awLpo0,https://www.youtube.com/watch?v=GKYH-awLpo0,eBay- 2025 Bowman Chrome Baseball FIVE CASE Pick Your Player Break #1! - 9/24/25,Best Card Breaks,replay,message,1:21:50,@safehaven567,I have short term memory,False,False,False,,,2025-09-25T01:26:31.427Z,Sports Cards,baseball cards,viewer chat,A viewer casually states in chat that they have short-term memory.,low,youtube_live:GKYH-awLpo0:100
101,GKYH-awLpo0,https://www.youtube.com/watch?v=GKYH-awLpo0,eBay- 2025 Bowman Chrome Baseball FIVE CASE Pick Your Player Break #1! - 9/24/25,Best Card Breaks,replay,message,1:22:04,@safehaven567,and a child so I can't remember anything,False,False,False,,,2025-09-25T01:26:45.121Z,Sports Cards,baseball cards,viewer chat,A viewer comments about having a child and not being able to remember anything.,low,youtube_live:GKYH-awLpo0:101
102,GKYH-awLpo0,https://www.youtube.com/watch?v=GKYH-awLpo0,eBay- 2025 Bowman Chrome Baseball FIVE CASE Pick Your Player Break #1! - 9/24/25,Best Card Breaks,replay,message,1:22:15,@jeremypierce3161,what a dope name lol,False,False,False,,,2025-09-25T01:26:56.165Z,Sports Cards,baseball cards,player name,A commenter reacts positively to a name mentioned during the stream.,medium,youtube_live:GKYH-awLpo0:102
103,GKYH-awLpo0,https://www.youtube.com/watch?v=GKYH-awLpo0,eBay- 2025 Bowman Chrome Baseball FIVE CASE Pick Your Player Break #1! - 9/24/25,Best Card Breaks,replay,message,1:22:17,@jeremypierce3161,kale fountain,False,False,False,,,2025-09-25T01:26:57.793Z,Sports Cards,baseball cards,player name,A viewer mentions baseball prospect Kale Fountain in the stream chat.,high,youtube_live:GKYH-awLpo0:103
104,GKYH-awLpo0,https://www.youtube.com/watch?v=GKYH-awLpo0,eBay- 2025 Bowman Chrome Baseball FIVE CASE Pick Your Player Break #1! - 9/24/25,Best Card Breaks,replay,message,1:22:25,@AndyMaverick2307,Perfect centering on that black ,False,False,False,,,2025-09-25T01:27:06.551Z,Sports Cards,baseball cards,card condition,A viewer comments on the perfect centering of a black parallel card.,high,youtube_live:GKYH-awLpo0:104
105,GKYH-awLpo0,https://www.youtube.com/watch?v=GKYH-awLpo0,eBay- 2025 Bowman Chrome Baseball FIVE CASE Pick Your Player Break #1! - 9/24/25,Best Card Breaks,replay,message,1:22:36,@safehaven567,but then I have to leave the live,False,False,False,,,2025-09-25T01:27:17.037Z,Sports Cards,baseball cards,stream attendance,A viewer notes that they will have to leave the livestream.,low,youtube_live:GKYH-awLpo0:105
106,GKYH-awLpo0,https://www.youtube.com/watch?v=GKYH-awLpo0,eBay- 2025 Bowman Chrome Baseball FIVE CASE Pick Your Player Break #1! - 9/24/25,Best Card Breaks,replay,message,1:24:22,@jeremypierce3161,didnt some guy call a big gpk,False,False,False,,,2025-09-25T01:29:02.934Z,Sports Cards,baseball cards,box break,A user asks if someone previously predicted or called a big card pull.,low,youtube_live:GKYH-awLpo0:106
107,GKYH-awLpo0,https://www.youtube.com/watch?v=GKYH-awLpo0,eBay- 2025 Bowman Chrome Baseball FIVE CASE Pick Your Player Break #1! - 9/24/25,Best Card Breaks,replay,message,1:24:27,@jeremypierce3161,seriously call a non green dollander,False,False,False,,,2025-09-25T01:29:08.342Z,Sports Cards,baseball cards,box break,A viewer asks to call a non-green Chase Dollander card pull.,high,youtube_live:GKYH-awLpo0:107
108,GKYH-awLpo0,https://www.youtube.com/watch?v=GKYH-awLpo0,eBay- 2025 Bowman Chrome Baseball FIVE CASE Pick Your Player Break #1! - 9/24/25,Best Card Breaks,replay,message,1:25:19,@AndyMaverick2307,3rd green dollander incoming ,False,False,False,,,2025-09-25T01:30:00.363Z,Sports Cards,baseball cards,box break,A viewer predicts a third green Chase Dollander card is coming.,high,youtube_live:GKYH-awLpo0:108
109,GKYH-awLpo0,https://www.youtube.com/watch?v=GKYH-awLpo0,eBay- 2025 Bowman Chrome Baseball FIVE CASE Pick Your Player Break #1! - 9/24/25,Best Card Breaks,replay,message,1:25:28,@jeremypierce3161,noooooooooooo D:,False,False,False,,,2025-09-25T01:30:08.951Z,Sports Cards,baseball cards,unclear reaction,A chatter expresses disappointment or shock with an exclamation in chat.,low,youtube_live:GKYH-awLpo0:109
110,GKYH-awLpo0,https://www.youtube.com/watch?v=GKYH-awLpo0,eBay- 2025 Bowman Chrome Baseball FIVE CASE Pick Your Player Break #1! - 9/24/25,Best Card Breaks,replay,message,1:25:31,@zay_o7,nuts ,False,False,False,,,2025-09-25T01:30:12.353Z,Sports Cards,Baseball Cards,unclear reaction,A viewer posts a one-word exclamation during a baseball card break stream.,low,youtube_live:GKYH-awLpo0:110
111,GKYH-awLpo0,https://www.youtube.com/watch?v=GKYH-awLpo0,eBay- 2025 Bowman Chrome Baseball FIVE CASE Pick Your Player Break #1! - 9/24/25,Best Card Breaks,replay,message,1:25:39,@AndyMaverick2307,:rolling_on_the_floor_laughing::rolling_on_the_floor_laughing::rolling_on_the_floor_laughing:,False,False,False,,,2025-09-25T01:30:19.942Z,Sports Cards,Baseball Cards,unclear reaction,A viewer reacts with laughing emojis during a baseball card livestream break.,low,youtube_live:GKYH-awLpo0:111
112,GKYH-awLpo0,https://www.youtube.com/watch?v=GKYH-awLpo0,eBay- 2025 Bowman Chrome Baseball FIVE CASE Pick Your Player Break #1! - 9/24/25,Best Card Breaks,replay,message,1:25:42,@jeremypierce3161,jac cags crazy,False,False,False,,,2025-09-25T01:30:23.094Z,Sports Cards,Baseball Cards,player discussion; card pull,A user remarks that Jac Caglianone is crazy during the baseball card break.,medium,youtube_live:GKYH-awLpo0:112
113,GKYH-awLpo0,https://www.youtube.com/watch?v=GKYH-awLpo0,eBay- 2025 Bowman Chrome Baseball FIVE CASE Pick Your Player Break #1! - 9/24/25,Best Card Breaks,replay,message,1:26:02,@AndyMaverick2307,Makes up for not seeing one in like 14 cases yesterday ,False,False,False,,,2025-09-25T01:30:42.652Z,Sports Cards,Baseball Cards,pull rates; case break,A viewer remarks that a pull makes up for not seeing one across fourteen cases previously.,medium,youtube_live:GKYH-awLpo0:113
114,GKYH-awLpo0,https://www.youtube.com/watch?v=GKYH-awLpo0,eBay- 2025 Bowman Chrome Baseball FIVE CASE Pick Your Player Break #1! - 9/24/25,Best Card Breaks,replay,message,1:26:43,@AndyMaverick2307,I wondering if Topps is hinting that he needs to learn how to use a jackhammer because he sucks at baseball ,False,False,False,,,2025-09-25T01:31:24.456Z,Sports Cards,Baseball Cards,card design; player performance,A chatter jokes about Topps card themes and a player's baseball performance.,medium,youtube_live:GKYH-awLpo0:114
115,GKYH-awLpo0,https://www.youtube.com/watch?v=GKYH-awLpo0,eBay- 2025 Bowman Chrome Baseball FIVE CASE Pick Your Player Break #1! - 9/24/25,Best Card Breaks,replay,message,1:26:55,@jeremypierce3161,lmao right hes been ice cold,False,False,False,,,2025-09-25T01:31:35.751Z,Sports Cards,Baseball Cards,player performance,A commenter laughs and notes that a player has been ice cold.,medium,youtube_live:GKYH-awLpo0:115
116,GKYH-awLpo0,https://www.youtube.com/watch?v=GKYH-awLpo0,eBay- 2025 Bowman Chrome Baseball FIVE CASE Pick Your Player Break #1! - 9/24/25,Best Card Breaks,replay,message,1:27:05,@jeremypierce3161,this was a crazy box.,False,False,False,,,2025-09-25T01:31:45.792Z,Sports Cards,Baseball Cards,box opening,A viewer comments that a box in the card break was crazy.,medium,youtube_live:GKYH-awLpo0:116
117,GKYH-awLpo0,https://www.youtube.com/watch?v=GKYH-awLpo0,eBay- 2025 Bowman Chrome Baseball FIVE CASE Pick Your Player Break #1! - 9/24/25,Best Card Breaks,replay,message,1:27:10,@AndyMaverick2307,You’ve pulled 3 today haven’t you? ,False,False,False,,,2025-09-25T01:31:50.700Z,Sports Cards,Baseball Cards,card pull,A chatter asks the streamer if they have already pulled three today.,medium,youtube_live:GKYH-awLpo0:117
118,GKYH-awLpo0,https://www.youtube.com/watch?v=GKYH-awLpo0,eBay- 2025 Bowman Chrome Baseball FIVE CASE Pick Your Player Break #1! - 9/24/25,Best Card Breaks,replay,message,1:27:37,@AndyMaverick2307,Yeah man he’s hard to watch lol ,False,False,False,,,2025-09-25T01:32:18.609Z,Sports Cards,Baseball Cards,player performance,A viewer remarks that a player is hard to watch.,medium,youtube_live:GKYH-awLpo0:118
119,GKYH-awLpo0,https://www.youtube.com/watch?v=GKYH-awLpo0,eBay- 2025 Bowman Chrome Baseball FIVE CASE Pick Your Player Break #1! - 9/24/25,Best Card Breaks,replay,message,1:27:46,@AndyMaverick2307,Thought you pulled one on the app,False,False,False,,,2025-09-25T01:32:26.974Z,Sports Cards,Baseball Cards,card pull; livestream shopping,A chatter mentions thinking the streamer pulled one on the app.,medium,youtube_live:GKYH-awLpo0:119
120,GKYH-awLpo0,https://www.youtube.com/watch?v=GKYH-awLpo0,eBay- 2025 Bowman Chrome Baseball FIVE CASE Pick Your Player Break #1! - 9/24/25,Best Card Breaks,replay,message,1:28:37,@jeremypierce3161,crazy breaks for cags spot,False,False,False,,,2025-09-25T01:33:18.010Z,Sports Cards,Baseball Cards,Breaker discussion; Player spots,A viewer comments on crazy breaks for the Caglianone spot in the baseball card livestream.,high,youtube_live:GKYH-awLpo0:120
121,GKYH-awLpo0,https://www.youtube.com/watch?v=GKYH-awLpo0,eBay- 2025 Bowman Chrome Baseball FIVE CASE Pick Your Player Break #1! - 9/24/25,Best Card Breaks,replay,message,1:29:01,@Gummyratz,Any Salas yet? Just popping in.,False,False,False,,,2025-09-25T01:33:42.080Z,Sports Cards,Baseball Cards,Player spots; Break pulls,A viewer joins the livestream and asks if any cards of Salas have been pulled yet.,high,youtube_live:GKYH-awLpo0:121
122,GKYH-awLpo0,https://www.youtube.com/watch?v=GKYH-awLpo0,eBay- 2025 Bowman Chrome Baseball FIVE CASE Pick Your Player Break #1! - 9/24/25,Best Card Breaks,replay,message,1:29:10,@AndyMaverick2307,Yeah that made that break that night really fun ,False,False,False,,,2025-09-25T01:33:50.643Z,Sports Cards,Baseball Cards,Viewer experience; Breaks,A participant comments that an event made a break fun on a previous night.,medium,youtube_live:GKYH-awLpo0:122
123,GKYH-awLpo0,https://www.youtube.com/watch?v=GKYH-awLpo0,eBay- 2025 Bowman Chrome Baseball FIVE CASE Pick Your Player Break #1! - 9/24/25,Best Card Breaks,replay,message,1:30:03,@hitmanskid-td4pg,pena auto coming,False,False,False,,,2025-09-25T01:34:44.457Z,Sports Cards,Baseball Cards,Autograph pulls; Predictions,A user predicts or comments that a Pena autograph card is coming.,medium,youtube_live:GKYH-awLpo0:123
124,GKYH-awLpo0,https://www.youtube.com/watch?v=GKYH-awLpo0,eBay- 2025 Bowman Chrome Baseball FIVE CASE Pick Your Player Break #1! - 9/24/25,Best Card Breaks,replay,message,1:30:13,@danebeeler5121,How many boxesmleft,False,False,False,,,2025-09-25T01:34:54.405Z,Sports Cards,Baseball Cards,Livestream status; Box inventory,A viewer asks how many card boxes are left in the current break.,high,youtube_live:GKYH-awLpo0:124
125,GKYH-awLpo0,https://www.youtube.com/watch?v=GKYH-awLpo0,eBay- 2025 Bowman Chrome Baseball FIVE CASE Pick Your Player Break #1! - 9/24/25,Best Card Breaks,replay,message,1:31:22,@Gummyratz,One of my Disney hits got featured on Topps today. Did you see the Donald Duck auto?,False,False,False,,,2025-09-25T01:36:03.462Z,Other / emerging,Non-sports Cards,Topps feature; Disney cards,A user claims Topps featured their Disney hit and asks if others saw the Donald Duck autograph.,high,youtube_live:GKYH-awLpo0:125
126,GKYH-awLpo0,https://www.youtube.com/watch?v=GKYH-awLpo0,eBay- 2025 Bowman Chrome Baseball FIVE CASE Pick Your Player Break #1! - 9/24/25,Best Card Breaks,replay,message,1:31:29,@hitmanskid-td4pg,hopefully some bangers,False,False,False,,,2025-09-25T01:36:10.627Z,Sports Cards,Baseball Cards,Break expectations,A viewer expresses hope for some high-value card hits in the break.,medium,youtube_live:GKYH-awLpo0:126
127,GKYH-awLpo0,https://www.youtube.com/watch?v=GKYH-awLpo0,eBay- 2025 Bowman Chrome Baseball FIVE CASE Pick Your Player Break #1! - 9/24/25,Best Card Breaks,replay,message,1:31:41,@hitmanskid-td4pg,2 more GPK,False,False,False,,,2025-09-25T01:36:22.367Z,Other / emerging,Garbage Pail Kids; Non-sports Cards,Card pulls,A viewer notes two more Garbage Pail Kids cards.,medium,youtube_live:GKYH-awLpo0:127
128,GKYH-awLpo0,https://www.youtube.com/watch?v=GKYH-awLpo0,eBay- 2025 Bowman Chrome Baseball FIVE CASE Pick Your Player Break #1! - 9/24/25,Best Card Breaks,replay,message,1:31:42,@jeremypierce3161,"sweet won the dollander spot for tomorrow, hopefully i can pull some more green",False,False,False,,,2025-09-25T01:36:22.902Z,Sports Cards,Baseball Cards,Spot auction; Player spots,A user says they won the Dollander spot for tomorrow and hopes to pull green parallels.,high,youtube_live:GKYH-awLpo0:128
129,GKYH-awLpo0,https://www.youtube.com/watch?v=GKYH-awLpo0,eBay- 2025 Bowman Chrome Baseball FIVE CASE Pick Your Player Break #1! - 9/24/25,Best Card Breaks,replay,message,1:33:14,@jeremypierce3161,"but tbh first time buying here, these are good breaks. will be back for more releases!",False,False,False,,,2025-09-25T01:37:54.928Z,Sports Cards,Baseball Cards,Breaker review; Repeat purchase intention,A first-time buyer praises the card breaks and plans to return for future releases.,high,youtube_live:GKYH-awLpo0:129
130,GKYH-awLpo0,https://www.youtube.com/watch?v=GKYH-awLpo0,eBay- 2025 Bowman Chrome Baseball FIVE CASE Pick Your Player Break #1! - 9/24/25,Best Card Breaks,replay,message,1:34:19,@jeremypierce3161,i wonder if theyll make a GPK of CJ Abrams that has a casino pun,False,False,False,,,2025-09-25T01:39:00.380Z,Sports Cards; Toys/Collectibles,baseball cards; Garbage Pail Kids,card concept; player card,A viewer wonders if a Garbage Pail Kids card featuring CJ Abrams with a casino pun will be made.,high,youtube_live:GKYH-awLpo0:130
131,GKYH-awLpo0,https://www.youtube.com/watch?v=GKYH-awLpo0,eBay- 2025 Bowman Chrome Baseball FIVE CASE Pick Your Player Break #1! - 9/24/25,Best Card Breaks,replay,message,1:34:36,@jeremypierce3161,All-In Abrams,False,False,False,,,2025-09-25T01:39:16.755Z,Sports Cards,baseball cards,player pun; CJ Abrams,A chat user suggests the pun name 'All-In Abrams'.,medium,youtube_live:GKYH-awLpo0:131
132,GKYH-awLpo0,https://www.youtube.com/watch?v=GKYH-awLpo0,eBay- 2025 Bowman Chrome Baseball FIVE CASE Pick Your Player Break #1! - 9/24/25,Best Card Breaks,replay,message,1:35:56,@tybr2607,morii...,False,False,False,,,2025-09-25T01:40:36.907Z,Sports Cards,baseball cards,player name,"A user posts 'morii...', referencing a baseball player during the break stream.",medium,youtube_live:GKYH-awLpo0:132
133,GKYH-awLpo0,https://www.youtube.com/watch?v=GKYH-awLpo0,eBay- 2025 Bowman Chrome Baseball FIVE CASE Pick Your Player Break #1! - 9/24/25,Best Card Breaks,replay,message,1:36:05,@danebeeler5121,No more messing around. It’s 1/1 justice bigbie time,False,False,False,,,2025-09-25T01:40:46.172Z,Sports Cards,baseball cards,card pull; Justice Bigbie,A participant expresses hope for a Justice Bigbie 1/1 card pull.,high,youtube_live:GKYH-awLpo0:133
134,GKYH-awLpo0,https://www.youtube.com/watch?v=GKYH-awLpo0,eBay- 2025 Bowman Chrome Baseball FIVE CASE Pick Your Player Break #1! - 9/24/25,Best Card Breaks,replay,message,1:37:20,@Tronjavoltaa,Kale Fountain is my favorite juice bar in Minneapolis. ,False,False,False,,,2025-09-25T01:42:00.781Z,Sports Cards,baseball cards,player name pun; Kale Fountain,A commenter jokes about player Kale Fountain sounding like a Minneapolis juice bar.,high,youtube_live:GKYH-awLpo0:134
135,GKYH-awLpo0,https://www.youtube.com/watch?v=GKYH-awLpo0,eBay- 2025 Bowman Chrome Baseball FIVE CASE Pick Your Player Break #1! - 9/24/25,Best Card Breaks,replay,message,1:37:42,@tybr2607,his family owns those tron,False,False,False,,,2025-09-25T01:42:23.088Z,Sports Cards,baseball cards,chat banter,A user replies jokingly about a player's family owning juice bars.,medium,youtube_live:GKYH-awLpo0:135
136,GKYH-awLpo0,https://www.youtube.com/watch?v=GKYH-awLpo0,eBay- 2025 Bowman Chrome Baseball FIVE CASE Pick Your Player Break #1! - 9/24/25,Best Card Breaks,replay,message,1:39:15,@hitmanskid-td4pg,medina gunna be good,False,False,False,,,2025-09-25T01:43:56.361Z,Sports Cards,baseball cards,prospect evaluation; player outlook,A commenter predicts that Medina will be a good player.,high,youtube_live:GKYH-awLpo0:136
137,GKYH-awLpo0,https://www.youtube.com/watch?v=GKYH-awLpo0,eBay- 2025 Bowman Chrome Baseball FIVE CASE Pick Your Player Break #1! - 9/24/25,Best Card Breaks,replay,message,1:39:39,@PaulMatthews-mu3nr,Please tell me Brad is getting throttled this break,False,False,False,,,2025-09-25T01:44:20.182Z,Sports Cards,baseball cards,box break outcome; participant performance,A viewer asks whether participant Brad is doing poorly in the current break.,medium,youtube_live:GKYH-awLpo0:137
138,GKYH-awLpo0,https://www.youtube.com/watch?v=GKYH-awLpo0,eBay- 2025 Bowman Chrome Baseball FIVE CASE Pick Your Player Break #1! - 9/24/25,Best Card Breaks,replay,message,1:39:58,@tybr2607,snack packs are weird this time.... sometimes no autos and sometimes all autos,False,False,False,,,2025-09-25T01:44:38.786Z,Sports Cards,baseball cards,pack collation; autographs,A participant notes inconsistent autograph collation in snack packs.,high,youtube_live:GKYH-awLpo0:138
139,GKYH-awLpo0,https://www.youtube.com/watch?v=GKYH-awLpo0,eBay- 2025 Bowman Chrome Baseball FIVE CASE Pick Your Player Break #1! - 9/24/25,Best Card Breaks,replay,message,1:40:01,@safehaven567,shotaro snack pack,False,False,False,,,2025-09-25T01:44:42.413Z,Sports Cards,baseball cards,pack opening; Shotaro Morii,A viewer mentions a Shotaro snack pack during the card break.,medium,youtube_live:GKYH-awLpo0:139
140,GKYH-awLpo0,https://www.youtube.com/watch?v=GKYH-awLpo0,eBay- 2025 Bowman Chrome Baseball FIVE CASE Pick Your Player Break #1! - 9/24/25,Best Card Breaks,replay,message,1:40:23,@PaulMatthews-mu3nr,I have the superfractor spot ,False,False,False,,,2025-09-25T01:45:04.605Z,Sports Cards,baseball cards,box break; hit tracker,A viewer states they hold the superfractor spot in the card break.,high,youtube_live:GKYH-awLpo0:140
141,GKYH-awLpo0,https://www.youtube.com/watch?v=GKYH-awLpo0,eBay- 2025 Bowman Chrome Baseball FIVE CASE Pick Your Player Break #1! - 9/24/25,Best Card Breaks,replay,message,1:41:11,@jeremypierce3161,"condon, holliday, dollander, veen and out 20 yearly pitching draft, all we need is a new president of baseball opps and to clean house and we might be .500",False,False,False,,,2025-09-25T01:45:52.182Z,Sports Cards,baseball,team management; prospects,A chatter discusses team prospects and argues the front office needs to clean house to reach .500.,medium,youtube_live:GKYH-awLpo0:141
142,GKYH-awLpo0,https://www.youtube.com/watch?v=GKYH-awLpo0,eBay- 2025 Bowman Chrome Baseball FIVE CASE Pick Your Player Break #1! - 9/24/25,Best Card Breaks,replay,message,1:41:41,@tybr2607,so really pierce your saying to replace all,False,False,False,,,2025-09-25T01:46:22.430Z,Sports Cards,baseball,sports discussion,A user asks Pierce to clarify if they mean replacing the entire organization.,low,youtube_live:GKYH-awLpo0:142
143,GKYH-awLpo0,https://www.youtube.com/watch?v=GKYH-awLpo0,eBay- 2025 Bowman Chrome Baseball FIVE CASE Pick Your Player Break #1! - 9/24/25,Best Card Breaks,replay,message,1:41:50,@jeremypierce3161,organizationally.,False,False,False,,,2025-09-25T01:46:30.899Z,Sports Cards,baseball,sports discussion,A commenter clarifies their comment by saying 'organizationally.',low,youtube_live:GKYH-awLpo0:143
144,GKYH-awLpo0,https://www.youtube.com/watch?v=GKYH-awLpo0,eBay- 2025 Bowman Chrome Baseball FIVE CASE Pick Your Player Break #1! - 9/24/25,Best Card Breaks,replay,message,1:42:01,@jeremypierce3161,we have some big pieces just no faith in the mgmt to not fuck it up,False,False,False,,,2025-09-25T01:46:42.245Z,Sports Cards,baseball,team management,A chatter expresses a lack of faith in team management despite having good player pieces.,medium,youtube_live:GKYH-awLpo0:144
145,GKYH-awLpo0,https://www.youtube.com/watch?v=GKYH-awLpo0,eBay- 2025 Bowman Chrome Baseball FIVE CASE Pick Your Player Break #1! - 9/24/25,Best Card Breaks,replay,message,1:42:24,@jeremypierce3161,"monfort wont sell, so he just needs to hire a prez of baseball ops and back off",False,False,False,,,2025-09-25T01:47:04.818Z,Sports Cards,baseball,team ownership,A viewer says Monfort will not sell and suggests hiring a president of baseball operations.,medium,youtube_live:GKYH-awLpo0:145
146,GKYH-awLpo0,https://www.youtube.com/watch?v=GKYH-awLpo0,eBay- 2025 Bowman Chrome Baseball FIVE CASE Pick Your Player Break #1! - 9/24/25,Best Card Breaks,replay,message,1:43:20,@jeremypierce3161,hire a bunch of young sabremetrics grads and tell them to figure out coors. get rid of the nepos in the scouting department and development staff,False,False,False,,,2025-09-25T01:48:01.391Z,Sports Cards,baseball,analytics; scouting,A commenter advises hiring sabermetrics staff for Coors Field and removing scouting department personnel.,medium,youtube_live:GKYH-awLpo0:146
147,GKYH-awLpo0,https://www.youtube.com/watch?v=GKYH-awLpo0,eBay- 2025 Bowman Chrome Baseball FIVE CASE Pick Your Player Break #1! - 9/24/25,Best Card Breaks,replay,message,1:43:26,@jeremypierce3161,their all bill shits friends,False,False,False,,,2025-09-25T01:48:06.657Z,Sports Cards,baseball,team management,A user criticizes staff connections within the baseball team.,low,youtube_live:GKYH-awLpo0:147
148,GKYH-awLpo0,https://www.youtube.com/watch?v=GKYH-awLpo0,eBay- 2025 Bowman Chrome Baseball FIVE CASE Pick Your Player Break #1! - 9/24/25,Best Card Breaks,replay,message,1:43:47,@safehaven567,blaze Jordan is gonna go off when he gets called up,False,False,False,,,2025-09-25T01:48:27.699Z,Sports Cards,baseball cards; prospects,player performance,A user predicts Blaze Jordan will perform very well upon being called up.,high,youtube_live:GKYH-awLpo0:148
149,GKYH-awLpo0,https://www.youtube.com/watch?v=GKYH-awLpo0,eBay- 2025 Bowman Chrome Baseball FIVE CASE Pick Your Player Break #1! - 9/24/25,Best Card Breaks,replay,message,1:43:57,@hitmanskid-td4pg,have we even seen a skenes lol,False,False,False,,,2025-09-25T01:48:37.796Z,Sports Cards,baseball cards,box break; hit tracker,A viewer asks whether a Paul Skenes card has appeared during the break.,high,youtube_live:GKYH-awLpo0:149
150,GKYH-awLpo0,https://www.youtube.com/watch?v=GKYH-awLpo0,eBay- 2025 Bowman Chrome Baseball FIVE CASE Pick Your Player Break #1! - 9/24/25,Best Card Breaks,replay,message,1:44:50,@jeremypierce3161,"calaz, condon, holliday",False,False,False,,,2025-09-25T01:49:30.730Z,Sports Cards,Baseball Cards,Player Names,A viewer lists baseball prospect player names during a card break.,high,youtube_live:GKYH-awLpo0:150
151,GKYH-awLpo0,https://www.youtube.com/watch?v=GKYH-awLpo0,eBay- 2025 Bowman Chrome Baseball FIVE CASE Pick Your Player Break #1! - 9/24/25,Best Card Breaks,replay,message,1:44:58,@AndyMaverick2307,I really want to see Skenes go to Vegas ,False,False,False,,,2025-09-25T01:49:39.586Z,Sports Cards,Baseball Cards,Player Discussion,A viewer expresses a desire to see Paul Skenes play in Las Vegas.,medium,youtube_live:GKYH-awLpo0:151
152,GKYH-awLpo0,https://www.youtube.com/watch?v=GKYH-awLpo0,eBay- 2025 Bowman Chrome Baseball FIVE CASE Pick Your Player Break #1! - 9/24/25,Best Card Breaks,replay,message,1:45:15,@jeremypierce3161,just need an org that wont self sabotage,False,False,False,,,2025-09-25T01:49:56.580Z,Sports Cards,Baseball Cards,Team Discussion,A viewer comments on needing an organization that does not self-sabotage.,medium,youtube_live:GKYH-awLpo0:152
153,GKYH-awLpo0,https://www.youtube.com/watch?v=GKYH-awLpo0,eBay- 2025 Bowman Chrome Baseball FIVE CASE Pick Your Player Break #1! - 9/24/25,Best Card Breaks,replay,message,1:45:18,@AndyMaverick2307,He would have plenty of run support there lol,False,False,False,,,2025-09-25T01:49:59.301Z,Sports Cards,Baseball Cards,Player Discussion,A viewer remarks that a player would receive plenty of run support there.,medium,youtube_live:GKYH-awLpo0:153
154,GKYH-awLpo0,https://www.youtube.com/watch?v=GKYH-awLpo0,eBay- 2025 Bowman Chrome Baseball FIVE CASE Pick Your Player Break #1! - 9/24/25,Best Card Breaks,replay,message,1:45:42,@AndyMaverick2307,Yes we have lol,False,False,False,,,2025-09-25T01:50:23.069Z,Sports Cards,Baseball Cards,Chat Reaction,A viewer shares a conversational agreement in the stream chat.,low,youtube_live:GKYH-awLpo0:154
155,GKYH-awLpo0,https://www.youtube.com/watch?v=GKYH-awLpo0,eBay- 2025 Bowman Chrome Baseball FIVE CASE Pick Your Player Break #1! - 9/24/25,Best Card Breaks,replay,message,1:45:44,@tybr2607,athletics are already loaded... no skenes,False,False,False,,,2025-09-25T01:50:25.430Z,Sports Cards,Baseball Cards,Team Discussion,A viewer argues the Athletics are already loaded and do not need Skenes.,medium,youtube_live:GKYH-awLpo0:155
156,GKYH-awLpo0,https://www.youtube.com/watch?v=GKYH-awLpo0,eBay- 2025 Bowman Chrome Baseball FIVE CASE Pick Your Player Break #1! - 9/24/25,Best Card Breaks,replay,message,1:46:00,@AndyMaverick2307,I am on that A’s bandwagon ,False,False,False,,,2025-09-25T01:50:40.878Z,Sports Cards,Baseball Cards,Team Discussion,A viewer states they are on the Athletics bandwagon.,medium,youtube_live:GKYH-awLpo0:156
157,GKYH-awLpo0,https://www.youtube.com/watch?v=GKYH-awLpo0,eBay- 2025 Bowman Chrome Baseball FIVE CASE Pick Your Player Break #1! - 9/24/25,Best Card Breaks,replay,message,1:46:03,@KennyD-Grandpa,Let’s go,False,False,False,,,2025-09-25T01:50:43.720Z,Sports Cards,Baseball Cards,Chat Reaction,A viewer posts an encouraging reaction during the livestream break.,low,youtube_live:GKYH-awLpo0:157
158,GKYH-awLpo0,https://www.youtube.com/watch?v=GKYH-awLpo0,eBay- 2025 Bowman Chrome Baseball FIVE CASE Pick Your Player Break #1! - 9/24/25,Best Card Breaks,replay,message,1:46:30,@KennyD-Grandpa,Yes sir ,False,False,False,,,2025-09-25T01:51:10.997Z,Sports Cards,Baseball Cards,Chat Reaction,A viewer expresses agreement in the break livestream chat.,low,youtube_live:GKYH-awLpo0:158
159,GKYH-awLpo0,https://www.youtube.com/watch?v=GKYH-awLpo0,eBay- 2025 Bowman Chrome Baseball FIVE CASE Pick Your Player Break #1! - 9/24/25,Best Card Breaks,replay,message,1:46:31,@tybr2607,thats the 2nd zach coles /5 auto today...,False,False,False,,,2025-09-25T01:51:12.111Z,Sports Cards,Baseball Cards,Box Breaks; Card Pulls,A viewer notes that this is the second Zach Cole numbered to five autograph seen today.,high,youtube_live:GKYH-awLpo0:159
160,GKYH-awLpo0,https://www.youtube.com/watch?v=GKYH-awLpo0,eBay- 2025 Bowman Chrome Baseball FIVE CASE Pick Your Player Break #1! - 9/24/25,Best Card Breaks,replay,message,1:46:41,@BigSizzlee,he’s a demon just way too old,False,False,False,,,2025-09-25T01:51:22.473Z,Sports Cards,Baseball Cards,Player Evaluation,A viewer comments that a player is skilled but considered too old.,medium,youtube_live:GKYH-awLpo0:160
161,GKYH-awLpo0,https://www.youtube.com/watch?v=GKYH-awLpo0,eBay- 2025 Bowman Chrome Baseball FIVE CASE Pick Your Player Break #1! - 9/24/25,Best Card Breaks,replay,message,1:47:13,@tybr2607,im getting that super today....djean!,False,False,False,,,2025-09-25T01:51:54.197Z,Sports Cards,Baseball Cards,Superfractor; Box Break,A chat participant expresses hope to pull a superfractor card for djean.,medium,youtube_live:GKYH-awLpo0:161
162,GKYH-awLpo0,https://www.youtube.com/watch?v=GKYH-awLpo0,eBay- 2025 Bowman Chrome Baseball FIVE CASE Pick Your Player Break #1! - 9/24/25,Best Card Breaks,replay,message,1:47:52,@tybr2607,I command a super!,False,False,False,,,2025-09-25T01:52:33.271Z,Sports Cards,Baseball Cards,Superfractor; Box Break,A viewer commands or demands a superfractor card during the break stream.,medium,youtube_live:GKYH-awLpo0:162
163,GKYH-awLpo0,https://www.youtube.com/watch?v=GKYH-awLpo0,eBay- 2025 Bowman Chrome Baseball FIVE CASE Pick Your Player Break #1! - 9/24/25,Best Card Breaks,replay,message,1:47:58,@danebeeler5121,Quit changing the cards in the boxes haha,False,False,False,,,2025-09-25T01:52:39.460Z,Sports Cards,Baseball Cards,Box Break; Viewer Banter,A user jokingly tells the breaker to stop swapping cards in the boxes.,medium,youtube_live:GKYH-awLpo0:163
164,GKYH-awLpo0,https://www.youtube.com/watch?v=GKYH-awLpo0,eBay- 2025 Bowman Chrome Baseball FIVE CASE Pick Your Player Break #1! - 9/24/25,Best Card Breaks,replay,message,1:48:16,@MFDell7,can i get the royals in this team break?,False,False,False,,,2025-09-25T01:52:57.124Z,Sports Cards,Baseball Cards,Team Break; Break Participation,A user inquires whether they can claim or purchase the Royals in the team break.,high,youtube_live:GKYH-awLpo0:164
165,GKYH-awLpo0,https://www.youtube.com/watch?v=GKYH-awLpo0,eBay- 2025 Bowman Chrome Baseball FIVE CASE Pick Your Player Break #1! - 9/24/25,Best Card Breaks,replay,message,1:49:14,@tybr2607,wooty cal with another hr,False,False,False,,,2025-09-25T01:53:55.483Z,Sports Cards,Baseball Cards,Live Game Updates; Player Performance,A user mentions that Cal hit another home run.,medium,youtube_live:GKYH-awLpo0:165
166,GKYH-awLpo0,https://www.youtube.com/watch?v=GKYH-awLpo0,eBay- 2025 Bowman Chrome Baseball FIVE CASE Pick Your Player Break #1! - 9/24/25,Best Card Breaks,replay,message,1:49:19,@AndyMaverick2307,Bro that magician ,False,False,False,,,2025-09-25T01:54:00.219Z,Unclear,Unclear,Chat Banter,A chatter remarks about a magician without providing additional context.,low,youtube_live:GKYH-awLpo0:166
167,GKYH-awLpo0,https://www.youtube.com/watch?v=GKYH-awLpo0,eBay- 2025 Bowman Chrome Baseball FIVE CASE Pick Your Player Break #1! - 9/24/25,Best Card Breaks,replay,message,1:50:02,@AndyMaverick2307,Gut hanging out bro I was dying. Literally laughing so hard I was crying. ,False,False,False,,,2025-09-25T01:54:43.579Z,Unclear,Unclear,Chat Banter,A viewer shares that they were laughing intensely at something described in chat.,low,youtube_live:GKYH-awLpo0:167
168,GKYH-awLpo0,https://www.youtube.com/watch?v=GKYH-awLpo0,eBay- 2025 Bowman Chrome Baseball FIVE CASE Pick Your Player Break #1! - 9/24/25,Best Card Breaks,replay,message,1:50:21,@safehaven567,and then the very next pack of chrome had 2 cards in it,False,False,False,,,2025-09-25T01:55:01.641Z,Sports Cards,Baseball Cards,Pack Collation; Box Break,A user notes that the subsequent pack of Chrome contained only two cards.,high,youtube_live:GKYH-awLpo0:168
169,GKYH-awLpo0,https://www.youtube.com/watch?v=GKYH-awLpo0,eBay- 2025 Bowman Chrome Baseball FIVE CASE Pick Your Player Break #1! - 9/24/25,Best Card Breaks,replay,message,1:50:28,@AndyMaverick2307,Best break stream memory ever not card related ,False,False,False,,,2025-09-25T01:55:09.402Z,Sports Cards,Baseball Cards,Stream Discussion; Box Break,A participant calls an off-topic moment their favorite memory from a break stream.,medium,youtube_live:GKYH-awLpo0:169
170,GKYH-awLpo0,https://www.youtube.com/watch?v=GKYH-awLpo0,eBay- 2025 Bowman Chrome Baseball FIVE CASE Pick Your Player Break #1! - 9/24/25,Best Card Breaks,replay,message,1:51:06,@AndyMaverick2307,I should go screen record it and make a clip out of it :loudly_crying_face::rolling_on_the_floor_laughing:,False,False,False,,,2025-09-25T01:55:47.545Z,Sports Cards,Baseball Cards,Content Creation; Livestream Clips,A viewer mentions wanting to screen record the stream and make a clip out of it.,medium,youtube_live:GKYH-awLpo0:170
171,GKYH-awLpo0,https://www.youtube.com/watch?v=GKYH-awLpo0,eBay- 2025 Bowman Chrome Baseball FIVE CASE Pick Your Player Break #1! - 9/24/25,Best Card Breaks,replay,message,1:51:07,@jeremypierce3161,this has kinda been a big break for machado,False,False,False,,,2025-09-25T01:55:47.942Z,Sports Cards,Baseball Cards,Box Break Hits; Player Performance,A chatter remarks that the current card break has featured many hits for Machado.,high,youtube_live:GKYH-awLpo0:171
172,GKYH-awLpo0,https://www.youtube.com/watch?v=GKYH-awLpo0,eBay- 2025 Bowman Chrome Baseball FIVE CASE Pick Your Player Break #1! - 9/24/25,Best Card Breaks,replay,message,1:51:11,@jeremypierce3161,lots of manny flying around,False,False,False,,,2025-09-25T01:55:51.720Z,Sports Cards,Baseball Cards,Box Break Hits,A user comments that a lot of Manny Machado cards are appearing in the break.,high,youtube_live:GKYH-awLpo0:172
173,GKYH-awLpo0,https://www.youtube.com/watch?v=GKYH-awLpo0,eBay- 2025 Bowman Chrome Baseball FIVE CASE Pick Your Player Break #1! - 9/24/25,Best Card Breaks,replay,message,1:51:14,@danebeeler5121,I’ll take a base 1st of my player at least lmao I’m a fade god,False,False,False,,,2025-09-25T01:55:55.156Z,Sports Cards,Baseball Cards,Break Expectations; Base Cards,A participant expresses that they would settle for at least a 1st Bowman base card of their player.,high,youtube_live:GKYH-awLpo0:173
174,GKYH-awLpo0,https://www.youtube.com/watch?v=GKYH-awLpo0,eBay- 2025 Bowman Chrome Baseball FIVE CASE Pick Your Player Break #1! - 9/24/25,Best Card Breaks,replay,message,1:51:59,@AndyMaverick2307,I missed that 2 card pack I think I was laughing too hard lol,False,False,False,,,2025-09-25T01:56:40.554Z,Sports Cards,Baseball Cards,Pack Opening; Stream Viewing,A viewer notes that they missed a two-card pack because they were laughing.,medium,youtube_live:GKYH-awLpo0:174
175,GKYH-awLpo0,https://www.youtube.com/watch?v=GKYH-awLpo0,eBay- 2025 Bowman Chrome Baseball FIVE CASE Pick Your Player Break #1! - 9/24/25,Best Card Breaks,replay,message,1:52:23,@danebeeler5121,Justice bigbie ,False,False,False,,,2025-09-25T01:57:04.529Z,Sports Cards,Baseball Cards,Player Callout,A chatter posts baseball player Justice Bigbie's name in the chat.,high,youtube_live:GKYH-awLpo0:175
176,GKYH-awLpo0,https://www.youtube.com/watch?v=GKYH-awLpo0,eBay- 2025 Bowman Chrome Baseball FIVE CASE Pick Your Player Break #1! - 9/24/25,Best Card Breaks,replay,message,1:52:28,@danebeeler5121,Haven’t seen him yet,False,False,False,,,2025-09-25T01:57:09.353Z,Sports Cards,Baseball Cards,Box Break Tracking,A user states that they have not seen a particular player pulled yet.,medium,youtube_live:GKYH-awLpo0:176
177,GKYH-awLpo0,https://www.youtube.com/watch?v=GKYH-awLpo0,eBay- 2025 Bowman Chrome Baseball FIVE CASE Pick Your Player Break #1! - 9/24/25,Best Card Breaks,replay,message,1:53:50,@AndyMaverick2307,Oooooh there we go Kevin Alkaraz :rolling_on_the_floor_laughing:,False,False,False,,,2025-09-25T01:58:30.756Z,Sports Cards,Baseball Cards,Player Pulls,"A viewer reacts to a pull of Kevin Alcantara, misspelling the name as Alkaraz.",medium,youtube_live:GKYH-awLpo0:177
178,GKYH-awLpo0,https://www.youtube.com/watch?v=GKYH-awLpo0,eBay- 2025 Bowman Chrome Baseball FIVE CASE Pick Your Player Break #1! - 9/24/25,Best Card Breaks,replay,message,1:54:09,@tybr2607,shouldn't you color match the red base..... with the red /5 auto?,False,False,False,,,2025-09-25T01:58:49.871Z,Sports Cards,Baseball Cards,Card Parallels; Autographs,A chatter asks about color matching a red base card with a red numbered autograph card.,high,youtube_live:GKYH-awLpo0:178
179,GKYH-awLpo0,https://www.youtube.com/watch?v=GKYH-awLpo0,eBay- 2025 Bowman Chrome Baseball FIVE CASE Pick Your Player Break #1! - 9/24/25,Best Card Breaks,replay,message,1:55:13,@AndyMaverick2307,"Nick calling Schlittler, Shittler last night lol ",False,False,False,,,2025-09-25T01:59:54.109Z,Sports Cards,Baseball Cards,Host Banter,A viewer recalls host Nick mispronouncing player Schlittler's name during a previous stream.,high,youtube_live:GKYH-awLpo0:179
180,GKYH-awLpo0,https://www.youtube.com/watch?v=GKYH-awLpo0,eBay- 2025 Bowman Chrome Baseball FIVE CASE Pick Your Player Break #1! - 9/24/25,Best Card Breaks,replay,message,1:57:12,@AndyMaverick2307,Cal just homered again ,False,False,False,,,2025-09-25T02:01:53.505Z,Sports Cards,Baseball Cards,Player Performance,A viewer notes that Cal just hit another home run during a baseball card break stream.,high,youtube_live:GKYH-awLpo0:180
181,GKYH-awLpo0,https://www.youtube.com/watch?v=GKYH-awLpo0,eBay- 2025 Bowman Chrome Baseball FIVE CASE Pick Your Player Break #1! - 9/24/25,Best Card Breaks,replay,message,1:57:15,@safehaven567,gold geometric,False,False,False,,,2025-09-25T02:01:56.477Z,Sports Cards,Baseball Cards,Card Parallels,A chat participant mentions a 'gold geometric' parallel card in the livestream.,high,youtube_live:GKYH-awLpo0:181
182,GKYH-awLpo0,https://www.youtube.com/watch?v=GKYH-awLpo0,eBay- 2025 Bowman Chrome Baseball FIVE CASE Pick Your Player Break #1! - 9/24/25,Best Card Breaks,replay,message,1:58:30,@DerekStroud-tp7fs,Ok hobby didn’t like Tommy white let’s see some it breakers ,False,False,False,,,2025-09-25T02:03:10.800Z,Sports Cards,Baseball Cards,Box Breaks; Player Demand,A chatter remarks on Tommy White cards from hobby boxes and anticipates results from breaker packs.,high,youtube_live:GKYH-awLpo0:182
183,GKYH-awLpo0,https://www.youtube.com/watch?v=GKYH-awLpo0,eBay- 2025 Bowman Chrome Baseball FIVE CASE Pick Your Player Break #1! - 9/24/25,Best Card Breaks,replay,message,2:00:30,@safehaven567,what about arraez,False,False,False,,,2025-09-25T02:05:10.779Z,Sports Cards,Baseball Cards,Player Inquiry,A viewer asks about baseball player Arraez in the chat.,high,youtube_live:GKYH-awLpo0:183
184,GKYH-awLpo0,https://www.youtube.com/watch?v=GKYH-awLpo0,eBay- 2025 Bowman Chrome Baseball FIVE CASE Pick Your Player Break #1! - 9/24/25,Best Card Breaks,replay,message,2:01:00,@AndyMaverick2307,36 strike outs ,False,False,False,,,2025-09-25T02:05:41.557Z,Sports Cards,Baseball Cards,Player Statistics,A participant posts '36 strike outs' regarding baseball player statistics.,medium,youtube_live:GKYH-awLpo0:184
185,GKYH-awLpo0,https://www.youtube.com/watch?v=GKYH-awLpo0,eBay- 2025 Bowman Chrome Baseball FIVE CASE Pick Your Player Break #1! - 9/24/25,Best Card Breaks,replay,message,2:01:05,@jeremypierce3161,can you pull the patch autos outta breakers delight?,False,False,False,,,2025-09-25T02:05:45.692Z,Sports Cards,Baseball Cards,Product Odds; Autographed Cards,A viewer asks if patch autographs can be pulled from Breaker's Delight boxes.,high,youtube_live:GKYH-awLpo0:185
186,GKYH-awLpo0,https://www.youtube.com/watch?v=GKYH-awLpo0,eBay- 2025 Bowman Chrome Baseball FIVE CASE Pick Your Player Break #1! - 9/24/25,Best Card Breaks,replay,message,2:01:08,@safehaven567,jacob Wilson has 36,False,False,False,,,2025-09-25T02:05:49.490Z,Sports Cards,Baseball Cards,Player Statistics,A chatter notes that Jacob Wilson has 36 strikeouts.,high,youtube_live:GKYH-awLpo0:186
187,GKYH-awLpo0,https://www.youtube.com/watch?v=GKYH-awLpo0,eBay- 2025 Bowman Chrome Baseball FIVE CASE Pick Your Player Break #1! - 9/24/25,Best Card Breaks,replay,message,2:01:43,@safehaven567,508 plate appearances only 36 strikeouts,False,False,False,,,2025-09-25T02:06:24.326Z,Sports Cards,Baseball Cards,Player Statistics,A participant cites a player having only 36 strikeouts across 508 plate appearances.,high,youtube_live:GKYH-awLpo0:187
188,GKYH-awLpo0,https://www.youtube.com/watch?v=GKYH-awLpo0,eBay- 2025 Bowman Chrome Baseball FIVE CASE Pick Your Player Break #1! - 9/24/25,Best Card Breaks,replay,message,2:01:52,@JoeJoeTheFatManSlots,I watched BlackTie breaks yesterday hit one of those red rookie cards of Jacob Wilson and slow roll it and say “Jacob Wilson… not the rookie we’re lookin for “ and not even penny sleeve it,False,False,False,,,2025-09-25T02:06:33.031Z,Sports Cards,Baseball Cards,Breaker Conduct; Card Handling,A user recounts a breaker dismissing a Jacob Wilson red rookie card without penny sleeving it.,high,youtube_live:GKYH-awLpo0:188
189,GKYH-awLpo0,https://www.youtube.com/watch?v=GKYH-awLpo0,eBay- 2025 Bowman Chrome Baseball FIVE CASE Pick Your Player Break #1! - 9/24/25,Best Card Breaks,replay,message,2:02:07,@jeremypierce3161,thats outta pocket,False,False,False,,,2025-09-25T02:06:48.570Z,Sports Cards,Baseball Cards,Chat Reaction,A viewer comments 'thats outta pocket' in response to card handling discussion.,low,youtube_live:GKYH-awLpo0:189
190,GKYH-awLpo0,https://www.youtube.com/watch?v=GKYH-awLpo0,eBay- 2025 Bowman Chrome Baseball FIVE CASE Pick Your Player Break #1! - 9/24/25,Best Card Breaks,replay,message,2:02:27,@AndyMaverick2307,In 472 at bats ,False,False,False,,,2025-09-25T02:07:08.600Z,Sports Cards,baseball cards,baseball statistics,A viewer notes a statistic of 472 at-bats during a baseball card break stream.,medium,youtube_live:GKYH-awLpo0:190
191,GKYH-awLpo0,https://www.youtube.com/watch?v=GKYH-awLpo0,eBay- 2025 Bowman Chrome Baseball FIVE CASE Pick Your Player Break #1! - 9/24/25,Best Card Breaks,replay,message,2:02:46,@safehaven567,Luis arreaz has 21 ks in 662 plate appearances,False,False,False,,,2025-09-25T02:07:27.616Z,Sports Cards,baseball cards,baseball statistics,A chatter points out Luis Arraez's strikeout stats over 662 plate appearances.,high,youtube_live:GKYH-awLpo0:191
192,GKYH-awLpo0,https://www.youtube.com/watch?v=GKYH-awLpo0,eBay- 2025 Bowman Chrome Baseball FIVE CASE Pick Your Player Break #1! - 9/24/25,Best Card Breaks,replay,message,2:04:23,@JoeJoeTheFatManSlots,I couldn’t believe what I was watching when he said it. I thought he was trolling but he wasnt,False,False,False,,,2025-09-25T02:09:03.978Z,Sports Cards,baseball cards,stream commentary,"A user expresses disbelief over a statement made, thinking the speaker was trolling.",low,youtube_live:GKYH-awLpo0:192
193,GKYH-awLpo0,https://www.youtube.com/watch?v=GKYH-awLpo0,eBay- 2025 Bowman Chrome Baseball FIVE CASE Pick Your Player Break #1! - 9/24/25,Best Card Breaks,replay,message,2:05:07,@KennyD-Grandpa,Brito didn’t have autos in last bowman. ,False,False,False,,,2025-09-25T02:09:47.970Z,Sports Cards,baseball cards,autographs; Bowman checklist,A commenter states that Brito did not have autograph cards in the previous Bowman release.,high,youtube_live:GKYH-awLpo0:193
194,GKYH-awLpo0,https://www.youtube.com/watch?v=GKYH-awLpo0,eBay- 2025 Bowman Chrome Baseball FIVE CASE Pick Your Player Break #1! - 9/24/25,Best Card Breaks,replay,message,2:05:23,@jeremypierce3161,its a thick green dollander,False,False,False,,,2025-09-25T02:10:04.199Z,Sports Cards,baseball cards,card pull; card parallel,A chatter identifies a thick green Dollander card being pulled.,high,youtube_live:GKYH-awLpo0:194
195,GKYH-awLpo0,https://www.youtube.com/watch?v=GKYH-awLpo0,eBay- 2025 Bowman Chrome Baseball FIVE CASE Pick Your Player Break #1! - 9/24/25,Best Card Breaks,replay,message,2:05:32,@tybr2607,crews,False,False,False,,,2025-09-25T02:10:12.624Z,Sports Cards,baseball cards,player callout,A user types 'crews' in chat during the card break.,medium,youtube_live:GKYH-awLpo0:195
196,GKYH-awLpo0,https://www.youtube.com/watch?v=GKYH-awLpo0,eBay- 2025 Bowman Chrome Baseball FIVE CASE Pick Your Player Break #1! - 9/24/25,Best Card Breaks,replay,message,2:06:20,@jeremypierce3161,swag,False,False,False,,,2025-09-25T02:11:01.040Z,Sports Cards,baseball cards,chat reaction,A viewer posts 'swag' in the chat stream.,low,youtube_live:GKYH-awLpo0:196
197,GKYH-awLpo0,https://www.youtube.com/watch?v=GKYH-awLpo0,eBay- 2025 Bowman Chrome Baseball FIVE CASE Pick Your Player Break #1! - 9/24/25,Best Card Breaks,replay,message,2:06:24,@jeremypierce3161,better than a green,False,False,False,,,2025-09-25T02:11:04.844Z,Sports Cards,baseball cards,card parallel; card pull,A chatter remarks that something is better than a green parallel.,medium,youtube_live:GKYH-awLpo0:197
198,GKYH-awLpo0,https://www.youtube.com/watch?v=GKYH-awLpo0,eBay- 2025 Bowman Chrome Baseball FIVE CASE Pick Your Player Break #1! - 9/24/25,Best Card Breaks,replay,message,2:06:42,@safehaven567,say his name and he appears,False,False,False,,,2025-09-25T02:11:23.098Z,Sports Cards,baseball cards,chat commentary,A user comments that saying someone's name caused them to appear.,low,youtube_live:GKYH-awLpo0:198
199,GKYH-awLpo0,https://www.youtube.com/watch?v=GKYH-awLpo0,eBay- 2025 Bowman Chrome Baseball FIVE CASE Pick Your Player Break #1! - 9/24/25,Best Card Breaks,replay,message,2:07:09,@AndyMaverick2307,How annoying ,False,False,False,,,2025-09-25T02:11:49.931Z,Sports Cards,baseball cards,chat reaction,A viewer comments 'How annoying' in the livestream chat.,low,youtube_live:GKYH-awLpo0:199
200,GKYH-awLpo0,https://www.youtube.com/watch?v=GKYH-awLpo0,eBay- 2025 Bowman Chrome Baseball FIVE CASE Pick Your Player Break #1! - 9/24/25,Best Card Breaks,replay,message,2:07:16,@nickbecvar1248,I BELIEVE ,False,False,False,,,2025-09-25T02:11:57.585Z,Sports Cards,Baseball Cards,unclear reaction,"A viewer posts a brief cheer stating ""I BELIEVE"" during a baseball card break.",low,youtube_live:GKYH-awLpo0:200
201,GKYH-awLpo0,https://www.youtube.com/watch?v=GKYH-awLpo0,eBay- 2025 Bowman Chrome Baseball FIVE CASE Pick Your Player Break #1! - 9/24/25,Best Card Breaks,replay,message,2:07:19,@nickbecvar1248,In ,False,False,False,,,2025-09-25T02:11:59.724Z,Sports Cards,Baseball Cards,unclear reaction,"A viewer posts the single word ""In"" during a live baseball card stream.",low,youtube_live:GKYH-awLpo0:201
202,GKYH-awLpo0,https://www.youtube.com/watch?v=GKYH-awLpo0,eBay- 2025 Bowman Chrome Baseball FIVE CASE Pick Your Player Break #1! - 9/24/25,Best Card Breaks,replay,message,2:07:32,@nickbecvar1248,JOE HENDRY ,False,False,False,,,2025-09-25T02:12:13.124Z,Sports Cards,Baseball Cards,wrestling pop culture; unclear reaction,A viewer references wrestling personality Joe Hendry in chat during a baseball card break.,low,youtube_live:GKYH-awLpo0:202
203,GKYH-awLpo0,https://www.youtube.com/watch?v=GKYH-awLpo0,eBay- 2025 Bowman Chrome Baseball FIVE CASE Pick Your Player Break #1! - 9/24/25,Best Card Breaks,replay,message,2:07:58,@nickbecvar1248,Yes ,False,False,False,,,2025-09-25T02:12:39.338Z,Sports Cards,Baseball Cards,unclear reaction,"A viewer comments ""Yes"" during a baseball card livestream.",low,youtube_live:GKYH-awLpo0:203
204,GKYH-awLpo0,https://www.youtube.com/watch?v=GKYH-awLpo0,eBay- 2025 Bowman Chrome Baseball FIVE CASE Pick Your Player Break #1! - 9/24/25,Best Card Breaks,replay,message,2:09:35,@safehaven567,shotaro is coming /50 or less,False,False,False,,,2025-09-25T02:14:16.467Z,Sports Cards,Baseball Cards,box breaks; pull predictions,A user predicts a Shotaro card numbered to 50 or less will appear in the break.,high,youtube_live:GKYH-awLpo0:204
205,GKYH-awLpo0,https://www.youtube.com/watch?v=GKYH-awLpo0,eBay- 2025 Bowman Chrome Baseball FIVE CASE Pick Your Player Break #1! - 9/24/25,Best Card Breaks,replay,message,2:12:18,@tybr2607,not one djean anything....,False,False,False,,,2025-09-25T02:16:59.072Z,Sports Cards,Baseball Cards,box breaks; pull results,A viewer remarks that not a single Djean card has been pulled yet.,medium,youtube_live:GKYH-awLpo0:205
206,GKYH-awLpo0,https://www.youtube.com/watch?v=GKYH-awLpo0,eBay- 2025 Bowman Chrome Baseball FIVE CASE Pick Your Player Break #1! - 9/24/25,Best Card Breaks,replay,message,2:12:33,@safehaven567,Elorky is the best name in the product,False,False,False,,,2025-09-25T02:17:14.212Z,Sports Cards,Baseball Cards,player discussion; checklists,"A chat participant declares ""Elorky"" is the best player name in the product.",medium,youtube_live:GKYH-awLpo0:206
207,GKYH-awLpo0,https://www.youtube.com/watch?v=GKYH-awLpo0,eBay- 2025 Bowman Chrome Baseball FIVE CASE Pick Your Player Break #1! - 9/24/25,Best Card Breaks,replay,message,2:13:22,@BigSizzlee,cris rodriguez demon pulls at the beginning hey we take it,False,False,False,,,2025-09-25T02:18:02.806Z,Sports Cards,Baseball Cards,box breaks; card pulls,A viewer happily acknowledges early Cris Rodriguez pulls during the break.,high,youtube_live:GKYH-awLpo0:207
208,GKYH-awLpo0,https://www.youtube.com/watch?v=GKYH-awLpo0,eBay- 2025 Bowman Chrome Baseball FIVE CASE Pick Your Player Break #1! - 9/24/25,Best Card Breaks,replay,message,2:14:12,@safehaven567,thats a weird way to spell Steven,False,False,False,,,2025-09-25T02:18:52.766Z,Sports Cards,Baseball Cards,unclear reaction; player names,A user remarks in chat that something is a weird way to spell Steven.,low,youtube_live:GKYH-awLpo0:208
209,GKYH-awLpo0,https://www.youtube.com/watch?v=GKYH-awLpo0,eBay- 2025 Bowman Chrome Baseball FIVE CASE Pick Your Player Break #1! - 9/24/25,Best Card Breaks,replay,message,2:17:31,@safehaven567,Lotta red,False,False,False,,,2025-09-25T02:22:12.267Z,Sports Cards,Baseball Cards,box breaks; parallel pulls,A viewer notes seeing a lot of red cards or parallels in the break.,medium,youtube_live:GKYH-awLpo0:209
210,GKYH-awLpo0,https://www.youtube.com/watch?v=GKYH-awLpo0,eBay- 2025 Bowman Chrome Baseball FIVE CASE Pick Your Player Break #1! - 9/24/25,Best Card Breaks,replay,message,2:18:21,@vinnyalbanese4161,finally,False,False,False,,,2025-09-25T02:23:02.466Z,Sports Cards,Baseball Cards,Livestream Break; Unclear Reaction,A viewer comments 'finally' during a Bowman Chrome baseball card box break stream.,low,youtube_live:GKYH-awLpo0:210
211,GKYH-awLpo0,https://www.youtube.com/watch?v=GKYH-awLpo0,eBay- 2025 Bowman Chrome Baseball FIVE CASE Pick Your Player Break #1! - 9/24/25,Best Card Breaks,replay,message,2:19:01,@jacksonroyal1536,"Every Astro but Ullola pulled, this is unfortunate ",False,False,False,,,2025-09-25T02:23:42.232Z,Sports Cards,Baseball Cards,Livestream Break; Pull Results,A viewer laments that every Astros player except Ullola was pulled during the break.,high,youtube_live:GKYH-awLpo0:211
212,GKYH-awLpo0,https://www.youtube.com/watch?v=GKYH-awLpo0,eBay- 2025 Bowman Chrome Baseball FIVE CASE Pick Your Player Break #1! - 9/24/25,Best Card Breaks,replay,message,2:19:53,@danebeeler5121,Didn’t know it was possible to buy the worst guy in the checklist and not hit his auto :face_with_tears_of_joy:,False,False,False,,,2025-09-25T02:24:34.457Z,Sports Cards,Baseball Cards,Livestream Break; Autograph Pulls,A viewer remarks on not hitting an autograph despite buying the checklist's worst-rated player spot.,high,youtube_live:GKYH-awLpo0:212
213,GKYH-awLpo0,https://www.youtube.com/watch?v=GKYH-awLpo0,eBay- 2025 Bowman Chrome Baseball FIVE CASE Pick Your Player Break #1! - 9/24/25,Best Card Breaks,replay,message,2:21:18,@DerekStroud-tp7fs,A lot of Red Sox and cubs too ,False,False,False,,,2025-09-25T02:25:58.730Z,Sports Cards,Baseball Cards,Livestream Break; Pull Results,A viewer notes that many Red Sox and Cubs cards have been pulled in the break.,high,youtube_live:GKYH-awLpo0:213
214,GKYH-awLpo0,https://www.youtube.com/watch?v=GKYH-awLpo0,eBay- 2025 Bowman Chrome Baseball FIVE CASE Pick Your Player Break #1! - 9/24/25,Best Card Breaks,replay,message,2:33:42,@g8trb877,Thanks for the Cags pulls.,False,False,False,,,2025-09-25T02:38:22.770Z,Sports Cards,Baseball Cards,Livestream Break; Viewer Feedback,A viewer thanks the streamer for the Caglianone pulls.,high,youtube_live:GKYH-awLpo0:214
215,F13yNlNDTvY,https://www.youtube.com/watch?v=F13yNlNDTvY,6/28 Discord Breaks! (eBay Returns Wed),Cams Cards,replay,system,0:00,,Live chat replay is on. Messages that appeared when the stream was live will show up here.,False,False,False,,,2026-09-25T17:04:58.871Z,Unclear,,excluded system,Source system event; excluded from audience evidence.,low,youtube_live:F13yNlNDTvY:215
216,F13yNlNDTvY,https://www.youtube.com/watch?v=F13yNlNDTvY,6/28 Discord Breaks! (eBay Returns Wed),Cams Cards,replay,message,0:51,@GunitBronco,What up!,False,False,False,,,2026-06-28T23:38:52.232Z,Sports Cards,trading cards,greeting,A viewer greets the chat in a sports card break livestream.,low,youtube_live:F13yNlNDTvY:216
217,F13yNlNDTvY,https://www.youtube.com/watch?v=F13yNlNDTvY,6/28 Discord Breaks! (eBay Returns Wed),Cams Cards,replay,message,0:57,@TheDemonicInfidel,new state. same tech issues. lol jkjk,False,False,False,,,2026-06-28T23:38:58.522Z,Sports Cards,trading cards,technical issues; stream chat,A chatter jokes about recurring technical issues despite moving to a new state.,medium,youtube_live:F13yNlNDTvY:217
218,F13yNlNDTvY,https://www.youtube.com/watch?v=F13yNlNDTvY,6/28 Discord Breaks! (eBay Returns Wed),Cams Cards,replay,message,1:29,@travistbaughn,Yo been on vacation. Howd the move go ,False,False,False,,,2026-06-28T23:39:29.989Z,Sports Cards,trading cards,streamer chat,A chatter mentions being on vacation and asks the streamer how their move went.,medium,youtube_live:F13yNlNDTvY:218
219,F13yNlNDTvY,https://www.youtube.com/watch?v=F13yNlNDTvY,6/28 Discord Breaks! (eBay Returns Wed),Cams Cards,replay,message,1:35,@TheDemonicInfidel,ready for another phenomenal break.,False,False,False,,,2026-06-28T23:39:36.281Z,Sports Cards,box breaks,livestream break,A user expresses readiness for another card break.,high,youtube_live:F13yNlNDTvY:219
220,F13yNlNDTvY,https://www.youtube.com/watch?v=F13yNlNDTvY,6/28 Discord Breaks! (eBay Returns Wed),Cams Cards,replay,message,1:37,@ZeedupZac,Howdy,False,False,False,,,2026-06-28T23:39:37.897Z,Sports Cards,trading cards,greeting,A chatter sends a greeting in the stream.,low,youtube_live:F13yNlNDTvY:220
221,F13yNlNDTvY,https://www.youtube.com/watch?v=F13yNlNDTvY,6/28 Discord Breaks! (eBay Returns Wed),Cams Cards,replay,message,1:47,@GunitBronco,Same,False,False,False,,,2026-06-28T23:39:47.725Z,Sports Cards,trading cards,chat reaction,A viewer agrees with a preceding chat message.,low,youtube_live:F13yNlNDTvY:221
222,F13yNlNDTvY,https://www.youtube.com/watch?v=F13yNlNDTvY,6/28 Discord Breaks! (eBay Returns Wed),Cams Cards,replay,message,2:00,@travistbaughn,It’s my birthday today I’ll take a happy birthday :wrapped_gift: ,False,False,False,,,2026-06-28T23:40:00.651Z,Sports Cards,trading cards,birthday mention,A chatter states it is their birthday and asks for birthday wishes.,low,youtube_live:F13yNlNDTvY:222
223,F13yNlNDTvY,https://www.youtube.com/watch?v=F13yNlNDTvY,6/28 Discord Breaks! (eBay Returns Wed),Cams Cards,replay,message,2:09,@nightbot,Cams Cards does PSA Submission Service! Check it out! We would LOVE to grade your cards! https://docs.google.com/document/d/1q...,False,True,False,,,2026-06-28T23:40:10.393Z,Sports Cards,grading,PSA submission; promotional message,A promotional message advertises Cams Cards' PSA grading submission service with a link.,high,youtube_live:F13yNlNDTvY:223
224,F13yNlNDTvY,https://www.youtube.com/watch?v=F13yNlNDTvY,6/28 Discord Breaks! (eBay Returns Wed),Cams Cards,replay,message,2:16,@Averagesloppyjoe320,For some people this is the last week of them having all 10 fingers ,False,False,False,,,2026-06-28T23:40:16.982Z,Sports Cards,trading cards,off-topic joke,"A chatter jokes about people losing fingers, likely referencing upcoming Fourth of July fireworks.",low,youtube_live:F13yNlNDTvY:224
225,F13yNlNDTvY,https://www.youtube.com/watch?v=F13yNlNDTvY,6/28 Discord Breaks! (eBay Returns Wed),Cams Cards,replay,message,2:59,@nightbot,Click the link to check out everything Cam's Cards! You wont regret it! (I had to automate this so everyone gets the chance to join the greatest card fam ever!) #camfam https://linktr.ee/camscards,False,True,False,,,2026-06-28T23:40:59.659Z,Sports Cards,trading cards,promotional message; channel links,An automated message promotes Cams Cards links and community membership.,high,youtube_live:F13yNlNDTvY:225
226,F13yNlNDTvY,https://www.youtube.com/watch?v=F13yNlNDTvY,6/28 Discord Breaks! (eBay Returns Wed),Cams Cards,replay,message,2:59,@superhempy,Cam are you happy to be home,False,False,False,,,2026-06-28T23:41:00.579Z,Sports Cards,breaks,streamer chat; general conversation,A viewer asks Cam if he is happy to be back home.,high,youtube_live:F13yNlNDTvY:226
227,F13yNlNDTvY,https://www.youtube.com/watch?v=F13yNlNDTvY,6/28 Discord Breaks! (eBay Returns Wed),Cams Cards,replay,message,3:12,@travistbaughn,37,False,False,False,,,2026-06-28T23:41:12.746Z,Sports Cards,breaks,unclear reaction,A user posts the number 37 in chat without further context.,low,youtube_live:F13yNlNDTvY:227
228,F13yNlNDTvY,https://www.youtube.com/watch?v=F13yNlNDTvY,6/28 Discord Breaks! (eBay Returns Wed),Cams Cards,replay,message,3:24,@superhempy,I get ya man,False,False,False,,,2026-06-28T23:41:25.559Z,Sports Cards,breaks,streamer chat,A chatter expresses understanding with 'I get ya man'.,medium,youtube_live:F13yNlNDTvY:228
229,F13yNlNDTvY,https://www.youtube.com/watch?v=F13yNlNDTvY,6/28 Discord Breaks! (eBay Returns Wed),Cams Cards,replay,message,3:25,@travistbaughn,Shit 38. See losing count ,False,False,False,,,2026-06-28T23:41:25.986Z,Sports Cards,breaks,streamer chat,"A viewer corrects their previous count to 38, noting they are losing track.",medium,youtube_live:F13yNlNDTvY:229
230,F13yNlNDTvY,https://www.youtube.com/watch?v=F13yNlNDTvY,6/28 Discord Breaks! (eBay Returns Wed),Cams Cards,replay,message,3:36,@superhempy,Also you must prefer OK to KS it seems,False,False,False,,,2026-06-28T23:41:37.405Z,Sports Cards,breaks,general conversation,A chatter comments that the streamer appears to prefer Oklahoma over Kansas.,high,youtube_live:F13yNlNDTvY:230
231,F13yNlNDTvY,https://www.youtube.com/watch?v=F13yNlNDTvY,6/28 Discord Breaks! (eBay Returns Wed),Cams Cards,replay,message,3:53,@ChaseJohnson25,What up Fam,False,False,False,,,2026-06-28T23:41:53.788Z,Sports Cards,breaks,greeting,A user greets the stream with 'What up Fam'.,high,youtube_live:F13yNlNDTvY:231
232,F13yNlNDTvY,https://www.youtube.com/watch?v=F13yNlNDTvY,6/28 Discord Breaks! (eBay Returns Wed),Cams Cards,replay,message,4:28,@travistbaughn,But you’re gonna miss that La Lucha dip ,False,False,False,,,2026-06-28T23:42:28.924Z,Sports Cards,breaks,general conversation,A chatter remarks that the streamer will miss La Lucha dip.,high,youtube_live:F13yNlNDTvY:232
233,F13yNlNDTvY,https://www.youtube.com/watch?v=F13yNlNDTvY,6/28 Discord Breaks! (eBay Returns Wed),Cams Cards,replay,message,4:32,@superhempy,Did you buy a house or rent an apt? Or where living,False,False,False,,,2026-06-28T23:42:33.500Z,Sports Cards,breaks,general conversation,"A viewer asks whether the streamer bought a house, rented an apartment, or where they are living.",high,youtube_live:F13yNlNDTvY:233
234,F13yNlNDTvY,https://www.youtube.com/watch?v=F13yNlNDTvY,6/28 Discord Breaks! (eBay Returns Wed),Cams Cards,replay,message,5:01,@superhempy,Word,False,False,False,,,2026-06-28T23:43:02.429Z,Sports Cards,breaks,unclear reaction,A user replies with 'Word'.,low,youtube_live:F13yNlNDTvY:234
235,F13yNlNDTvY,https://www.youtube.com/watch?v=F13yNlNDTvY,6/28 Discord Breaks! (eBay Returns Wed),Cams Cards,replay,message,5:07,@superhempy,Well Gratz. An,False,False,False,,,2026-06-28T23:43:08.375Z,Sports Cards,breaks,general conversation,A user posts a brief congratulatory message cut off mid-thought.,medium,youtube_live:F13yNlNDTvY:235
236,F13yNlNDTvY,https://www.youtube.com/watch?v=F13yNlNDTvY,6/28 Discord Breaks! (eBay Returns Wed),Cams Cards,replay,message,5:11,@superhempy,Man,False,False,False,,,2026-06-28T23:43:11.803Z,Sports Cards,Sports Cards,chat reaction,A chatter expresses a brief reaction with 'Man'.,low,youtube_live:F13yNlNDTvY:236
237,F13yNlNDTvY,https://www.youtube.com/watch?v=F13yNlNDTvY,6/28 Discord Breaks! (eBay Returns Wed),Cams Cards,replay,message,5:45,@TheDemonicInfidel,my wallet appreciated the break. although it allowed me to put my card money towards some new headphones on prime day,False,False,False,,,2026-06-28T23:43:46.509Z,Sports Cards; Electronics,Sports Cards; headphones,spending; Prime Day,A viewer notes saving card money during a break to buy headphones on Prime Day.,high,youtube_live:F13yNlNDTvY:237
238,F13yNlNDTvY,https://www.youtube.com/watch?v=F13yNlNDTvY,6/28 Discord Breaks! (eBay Returns Wed),Cams Cards,replay,message,7:06,@nightbot,We have more amazing breaks and giveaways again tomorrow or even tonight!! Maybe theres a giveaway if you click the link! Check em out! https://www.ebay.com/sch/i.html?_ssn=...,False,True,False,,,2026-06-28T23:45:07.631Z,Sports Cards,Sports Cards,box breaks; giveaways,A promotional message shares an eBay link for upcoming breaks and giveaways.,high,youtube_live:F13yNlNDTvY:238
239,F13yNlNDTvY,https://www.youtube.com/watch?v=F13yNlNDTvY,6/28 Discord Breaks! (eBay Returns Wed),Cams Cards,replay,message,7:15,@GunitBronco,I got $40 towards tier one ,False,False,False,,,2026-06-28T23:45:16.451Z,Sports Cards,Sports Cards,break buy-in; Tier One,A user states they have $40 towards Tier One.,medium,youtube_live:F13yNlNDTvY:239
240,F13yNlNDTvY,https://www.youtube.com/watch?v=F13yNlNDTvY,6/28 Discord Breaks! (eBay Returns Wed),Cams Cards,replay,message,7:22,@nightbot,Cams Cards is proud to have partnered with the greatest one touch in the hobby. Cam is able to offer Zion Mag One Touches CHEAPER than from Zions website.$4 for 35 PT$5 for 135 PTContact cam in the ch,False,True,False,,,2026-06-28T23:45:22.853Z,Sports Cards,card supplies,promotions; pricing,A promotional message advertises discounted Zion Mag one-touch card holders.,high,youtube_live:F13yNlNDTvY:240
241,F13yNlNDTvY,https://www.youtube.com/watch?v=F13yNlNDTvY,6/28 Discord Breaks! (eBay Returns Wed),Cams Cards,replay,message,7:31,@TheDemonicInfidel,let's go big,False,False,False,,,2026-06-28T23:45:32.114Z,Sports Cards,Sports Cards,chat reaction,A participant posts an encouraging phrase in chat.,low,youtube_live:F13yNlNDTvY:241
242,F13yNlNDTvY,https://www.youtube.com/watch?v=F13yNlNDTvY,6/28 Discord Breaks! (eBay Returns Wed),Cams Cards,replay,message,7:42,@TheDemonicInfidel,ill match gunit,False,False,False,,,2026-06-28T23:45:43.193Z,Sports Cards,Sports Cards,bidding,A user offers to match another chatter's contribution.,low,youtube_live:F13yNlNDTvY:242
243,F13yNlNDTvY,https://www.youtube.com/watch?v=F13yNlNDTvY,6/28 Discord Breaks! (eBay Returns Wed),Cams Cards,replay,message,9:32,@defoley5,Benge got added,False,False,False,,,2026-06-28T23:47:33.320Z,Sports Cards,baseball cards,break roster,A user remarks that Benge was added.,medium,youtube_live:F13yNlNDTvY:243
244,F13yNlNDTvY,https://www.youtube.com/watch?v=F13yNlNDTvY,6/28 Discord Breaks! (eBay Returns Wed),Cams Cards,replay,message,9:55,@defoley5,Pretty gods ,False,False,False,,,2026-06-28T23:47:55.805Z,Sports Cards,Sports Cards,chat reaction,A chatter comments 'Pretty gods'.,low,youtube_live:F13yNlNDTvY:244
245,F13yNlNDTvY,https://www.youtube.com/watch?v=F13yNlNDTvY,6/28 Discord Breaks! (eBay Returns Wed),Cams Cards,replay,message,10:51,@travistbaughn,Tails ,False,False,False,,,2026-06-28T23:48:52.406Z,Sports Cards,Sports Cards,coin toss,A viewer calls 'Tails' during a stream decision.,medium,youtube_live:F13yNlNDTvY:245
246,F13yNlNDTvY,https://www.youtube.com/watch?v=F13yNlNDTvY,6/28 Discord Breaks! (eBay Returns Wed),Cams Cards,replay,message,10:57,@TheDemonicInfidel,tails,False,False,False,,,2026-06-28T23:48:58.067Z,Sports Cards,box breaks,coin toss call,A viewer calls tails in chat during a sports card break livestream.,medium,youtube_live:F13yNlNDTvY:246
247,F13yNlNDTvY,https://www.youtube.com/watch?v=F13yNlNDTvY,6/28 Discord Breaks! (eBay Returns Wed),Cams Cards,replay,message,10:59,@brandonfivecoat22,Tails,False,False,False,,,2026-06-28T23:49:00.057Z,Sports Cards,box breaks,coin toss call,A participant votes or calls tails in the sports card stream chat.,medium,youtube_live:F13yNlNDTvY:247
248,F13yNlNDTvY,https://www.youtube.com/watch?v=F13yNlNDTvY,6/28 Discord Breaks! (eBay Returns Wed),Cams Cards,replay,message,11:01,@Averagesloppyjoe320,Tails,False,False,False,,,2026-06-28T23:49:02.182Z,Sports Cards,box breaks,coin toss call,A chat user enters a call for tails during the live break.,medium,youtube_live:F13yNlNDTvY:248
249,F13yNlNDTvY,https://www.youtube.com/watch?v=F13yNlNDTvY,6/28 Discord Breaks! (eBay Returns Wed),Cams Cards,replay,message,11:07,@GunitBronco,Tails ,False,False,False,,,2026-06-28T23:49:07.921Z,Sports Cards,box breaks,coin toss call,A viewer submits tails in the card break livestream chat.,medium,youtube_live:F13yNlNDTvY:249
250,F13yNlNDTvY,https://www.youtube.com/watch?v=F13yNlNDTvY,6/28 Discord Breaks! (eBay Returns Wed),Cams Cards,replay,message,11:13,@ChaseJohnson25,Tails ,False,False,False,,,2026-06-28T23:49:14.224Z,Sports Cards,box breaks,coin toss call,A commenter chooses tails during a live card break broadcast.,medium,youtube_live:F13yNlNDTvY:250
251,F13yNlNDTvY,https://www.youtube.com/watch?v=F13yNlNDTvY,6/28 Discord Breaks! (eBay Returns Wed),Cams Cards,replay,message,11:13,@GunitBronco,Let’s go!,False,False,False,,,2026-06-28T23:49:14.472Z,Sports Cards,box breaks,stream excitement,A viewer posts an enthusiastic reaction in chat during the sports card livestream.,medium,youtube_live:F13yNlNDTvY:251
252,F13yNlNDTvY,https://www.youtube.com/watch?v=F13yNlNDTvY,6/28 Discord Breaks! (eBay Returns Wed),Cams Cards,replay,message,11:30,@defoley5,"Was gonna say heads, but okay",False,False,False,,,2026-06-28T23:49:31.564Z,Sports Cards,box breaks,coin toss call,A chatter remarks that they were planning to choose heads.,medium,youtube_live:F13yNlNDTvY:252
253,F13yNlNDTvY,https://www.youtube.com/watch?v=F13yNlNDTvY,6/28 Discord Breaks! (eBay Returns Wed),Cams Cards,replay,message,11:43,@BradyO99,Sup cam,False,False,False,,,2026-06-28T23:49:44.571Z,Sports Cards,box breaks,greeting,A viewer greets the host Cam in the sports card stream chat.,medium,youtube_live:F13yNlNDTvY:253
254,F13yNlNDTvY,https://www.youtube.com/watch?v=F13yNlNDTvY,6/28 Discord Breaks! (eBay Returns Wed),Cams Cards,replay,message,11:46,@TheDemonicInfidel,im good with inception too if we cant reach tier one,False,False,False,,,2026-06-28T23:49:46.652Z,Sports Cards,box breaks,product selection; break tiers,A participant expresses openness to opening Inception if tier one cannot be reached.,high,youtube_live:F13yNlNDTvY:254
255,F13yNlNDTvY,https://www.youtube.com/watch?v=F13yNlNDTvY,6/28 Discord Breaks! (eBay Returns Wed),Cams Cards,replay,message,11:52,@travistbaughn,:face_with_tears_of_joy::face_with_tears_of_joy::face_with_tears_of_joy:,False,False,False,,,2026-06-28T23:49:52.816Z,Sports Cards,box breaks,unclear reaction,A viewer responds with laughing emojis during the sports card break stream.,low,youtube_live:F13yNlNDTvY:255
256,F13yNlNDTvY,https://www.youtube.com/watch?v=F13yNlNDTvY,6/28 Discord Breaks! (eBay Returns Wed),Cams Cards,replay,message,11:54,@travistbaughn,Rigged ,False,False,False,,,2026-06-28T23:49:55.086Z,Sports Cards,sports cards; box breaks,stream chat; allegations,A viewer comments 'Rigged' during a sports card break livestream.,low,youtube_live:F13yNlNDTvY:256
257,F13yNlNDTvY,https://www.youtube.com/watch?v=F13yNlNDTvY,6/28 Discord Breaks! (eBay Returns Wed),Cams Cards,replay,message,12:06,@brandonfivecoat22,Mariners,False,False,False,,,2026-06-28T23:50:07.452Z,Sports Cards,baseball cards; box breaks,team selection; stream chat,A user names the Mariners during a sports card break livestream.,high,youtube_live:F13yNlNDTvY:257
258,F13yNlNDTvY,https://www.youtube.com/watch?v=F13yNlNDTvY,6/28 Discord Breaks! (eBay Returns Wed),Cams Cards,replay,message,12:09,@BradyO99,Cards,False,False,False,,,2026-06-28T23:50:09.885Z,Sports Cards,baseball cards; box breaks,team selection; stream chat,A chatter names 'Cards' (Cardinals) during a sports card stream.,medium,youtube_live:F13yNlNDTvY:258
259,F13yNlNDTvY,https://www.youtube.com/watch?v=F13yNlNDTvY,6/28 Discord Breaks! (eBay Returns Wed),Cams Cards,replay,message,12:17,@RonWilliams-r2u2h,cubs,False,False,False,,,2026-06-28T23:50:18.343Z,Sports Cards,baseball cards; box breaks,team selection; stream chat,A user calls out the Cubs during a sports card livestream break.,high,youtube_live:F13yNlNDTvY:259
260,F13yNlNDTvY,https://www.youtube.com/watch?v=F13yNlNDTvY,6/28 Discord Breaks! (eBay Returns Wed),Cams Cards,replay,message,12:20,@nightbot,Click the link to check out everything Cam's Cards! You wont regret it! (I had to automate this so everyone gets the chance to join the greatest card fam ever!) #camfam https://linktr.ee/camscards,False,True,False,,,2026-06-28T23:50:21.092Z,Sports Cards,sports cards,channel promotion; links,An automated message promotes Cam's Cards links and community to viewers.,high,youtube_live:F13yNlNDTvY:260
261,F13yNlNDTvY,https://www.youtube.com/watch?v=F13yNlNDTvY,6/28 Discord Breaks! (eBay Returns Wed),Cams Cards,replay,message,12:21,@TheDemonicInfidel,white sox,False,False,False,,,2026-06-28T23:50:22.227Z,Sports Cards,baseball cards; box breaks,team selection; stream chat,A chatter enters 'white sox' during a sports card break livestream.,high,youtube_live:F13yNlNDTvY:261
262,F13yNlNDTvY,https://www.youtube.com/watch?v=F13yNlNDTvY,6/28 Discord Breaks! (eBay Returns Wed),Cams Cards,replay,message,12:21,@Averagesloppyjoe320,Twins,False,False,False,,,2026-06-28T23:50:22.613Z,Sports Cards,baseball cards; box breaks,team selection; stream chat,A viewer names the Twins in the livestream chat.,high,youtube_live:F13yNlNDTvY:262
263,F13yNlNDTvY,https://www.youtube.com/watch?v=F13yNlNDTvY,6/28 Discord Breaks! (eBay Returns Wed),Cams Cards,replay,message,12:26,@travistbaughn,Hey scout did cam leave you in manhattan or are you around tonight ,False,False,False,,,2026-06-28T23:50:26.766Z,Sports Cards,sports cards,stream chat; casual conversation,A viewer asks another user whether they were left in Manhattan or are around tonight.,medium,youtube_live:F13yNlNDTvY:263
264,F13yNlNDTvY,https://www.youtube.com/watch?v=F13yNlNDTvY,6/28 Discord Breaks! (eBay Returns Wed),Cams Cards,replay,message,12:31,@GunitBronco,Nationals,False,False,False,,,2026-06-28T23:50:32.176Z,Sports Cards,baseball cards; box breaks,team selection; stream chat,A chatter calls out the Nationals during the sports card livestream.,high,youtube_live:F13yNlNDTvY:264
265,F13yNlNDTvY,https://www.youtube.com/watch?v=F13yNlNDTvY,6/28 Discord Breaks! (eBay Returns Wed),Cams Cards,replay,message,12:34,@nightbot,"WE SELL TOP LOADERS!!! $3 for a standard pack of 25! $4 for a 130pt 10 count pack!Cheaper than Amazon, Walmart, Ultra pro!Please let me know if interested!",False,True,False,,,2026-06-28T23:50:35.533Z,Sports Cards,card supplies; top loaders,selling; pricing,"A user advertises selling top loaders in various pack sizes, comparing prices against major retailers.",high,youtube_live:F13yNlNDTvY:265
266,F13yNlNDTvY,https://www.youtube.com/watch?v=F13yNlNDTvY,6/28 Discord Breaks! (eBay Returns Wed),Cams Cards,replay,message,12:44,@camscards12,":joker: @@travistbaughn Ha, that sounds like a personal question for the streamer — I'm your card and sports guy, ask me about that! :joker:",True,False,False,,,2026-06-28T23:50:45.356Z,Sports Cards,baseball cards; sports cards,livestream discussion,"A viewer directs personal inquiries to the streamer, noting they are present to discuss sports and cards.",high,youtube_live:F13yNlNDTvY:266
267,F13yNlNDTvY,https://www.youtube.com/watch?v=F13yNlNDTvY,6/28 Discord Breaks! (eBay Returns Wed),Cams Cards,replay,message,12:46,@ethanstout7690,Red Sox,False,False,False,,,2026-06-28T23:50:47.123Z,Sports Cards,baseball cards,team selection,A chatter names the Red Sox during a sports card break livestream.,medium,youtube_live:F13yNlNDTvY:267
268,F13yNlNDTvY,https://www.youtube.com/watch?v=F13yNlNDTvY,6/28 Discord Breaks! (eBay Returns Wed),Cams Cards,replay,message,12:48,@defoley5,Marlins ,False,False,False,,,2026-06-28T23:50:49.120Z,Sports Cards,baseball cards,team selection,"A participant posts ""Marlins"" in the card break chat.",medium,youtube_live:F13yNlNDTvY:268
269,F13yNlNDTvY,https://www.youtube.com/watch?v=F13yNlNDTvY,6/28 Discord Breaks! (eBay Returns Wed),Cams Cards,replay,message,13:25,@ethanstout7690,Changed your address ,False,False,False,,,2026-06-28T23:51:26.208Z,General marketplace,shipping,buyer address,A user mentions changing an address.,low,youtube_live:F13yNlNDTvY:269
270,F13yNlNDTvY,https://www.youtube.com/watch?v=F13yNlNDTvY,6/28 Discord Breaks! (eBay Returns Wed),Cams Cards,replay,message,14:14,@travistbaughn,Nice ,False,False,False,,,2026-06-28T23:52:15.434Z,Sports Cards,sports cards,stream reaction,"A user comments ""Nice"" in the sports card stream.",low,youtube_live:F13yNlNDTvY:270
271,F13yNlNDTvY,https://www.youtube.com/watch?v=F13yNlNDTvY,6/28 Discord Breaks! (eBay Returns Wed),Cams Cards,replay,message,14:15,@GunitBronco,Did think they were going to show up and…,False,False,False,,,2026-06-28T23:52:15.697Z,Sports Cards,sports cards,stream reaction,A chatter comments on whether something was going to show up.,low,youtube_live:F13yNlNDTvY:271
272,F13yNlNDTvY,https://www.youtube.com/watch?v=F13yNlNDTvY,6/28 Discord Breaks! (eBay Returns Wed),Cams Cards,replay,message,14:19,@travistbaughn,Loved him too ,False,False,False,,,2026-06-28T23:52:20.626Z,Sports Cards,sports cards,player discussion,A viewer mentions having loved a player too.,low,youtube_live:F13yNlNDTvY:272
273,F13yNlNDTvY,https://www.youtube.com/watch?v=F13yNlNDTvY,6/28 Discord Breaks! (eBay Returns Wed),Cams Cards,replay,message,14:23,@ChaseJohnson25,Nice!!!,False,False,False,,,2026-06-28T23:52:23.724Z,Sports Cards,sports cards,stream reaction,"A chatter reacts with ""Nice!!!"" during the stream.",low,youtube_live:F13yNlNDTvY:273
274,F13yNlNDTvY,https://www.youtube.com/watch?v=F13yNlNDTvY,6/28 Discord Breaks! (eBay Returns Wed),Cams Cards,replay,message,14:27,@GunitBronco,*didnt,False,False,False,,,2026-06-28T23:52:28.493Z,Sports Cards,sports cards,chat correction,"A user sends a correction of ""*didnt"" for a prior message.",low,youtube_live:F13yNlNDTvY:274
275,F13yNlNDTvY,https://www.youtube.com/watch?v=F13yNlNDTvY,6/28 Discord Breaks! (eBay Returns Wed),Cams Cards,replay,message,14:28,@defoley5,The Ozuna card is actually a Braves picture they changed the uniform according to AI,False,False,False,,,2026-06-28T23:52:28.942Z,Sports Cards,baseball cards,card design; card variation,"A chatter states that according to AI, the Ozuna card image is a Braves photo with an altered uniform.",high,youtube_live:F13yNlNDTvY:275
276,F13yNlNDTvY,https://www.youtube.com/watch?v=F13yNlNDTvY,6/28 Discord Breaks! (eBay Returns Wed),Cams Cards,replay,message,15:19,@GunitBronco,And then they should up…,False,False,False,,,2026-06-28T23:53:20.241Z,Sports Cards,box breaks,stream chat,A viewer comments about someone showing up.,low,youtube_live:F13yNlNDTvY:276
277,F13yNlNDTvY,https://www.youtube.com/watch?v=F13yNlNDTvY,6/28 Discord Breaks! (eBay Returns Wed),Cams Cards,replay,message,15:27,@GunitBronco,Showed,False,False,False,,,2026-06-28T23:53:28.304Z,Sports Cards,box breaks,stream chat,A user sends a single-word typo correction in chat.,low,youtube_live:F13yNlNDTvY:277
278,F13yNlNDTvY,https://www.youtube.com/watch?v=F13yNlNDTvY,6/28 Discord Breaks! (eBay Returns Wed),Cams Cards,replay,message,16:18,@travistbaughn,Cam did you have an edible before this stream ,False,False,False,,,2026-06-28T23:54:18.863Z,Sports Cards,box breaks,streamer banter,A viewer playfully asks Cam if he took an edible before the stream.,medium,youtube_live:F13yNlNDTvY:278
279,F13yNlNDTvY,https://www.youtube.com/watch?v=F13yNlNDTvY,6/28 Discord Breaks! (eBay Returns Wed),Cams Cards,replay,message,16:50,@Averagesloppyjoe320,Cam is low on protein needs a jerky meat stick ,False,False,False,,,2026-06-28T23:54:51.600Z,Sports Cards,box breaks,streamer banter,A chat participant jokes that Cam needs protein and a jerky meat stick.,medium,youtube_live:F13yNlNDTvY:279
280,F13yNlNDTvY,https://www.youtube.com/watch?v=F13yNlNDTvY,6/28 Discord Breaks! (eBay Returns Wed),Cams Cards,replay,message,17:15,@GunitBronco,Someone grab him a Slim Jim!,False,False,False,,,2026-06-28T23:55:15.872Z,Sports Cards,box breaks,streamer banter,A viewer suggests someone get Cam a Slim Jim.,medium,youtube_live:F13yNlNDTvY:280
281,F13yNlNDTvY,https://www.youtube.com/watch?v=F13yNlNDTvY,6/28 Discord Breaks! (eBay Returns Wed),Cams Cards,replay,message,18:16,@TheDemonicInfidel,dude. get the Kirkland brand so good and almost the same,False,False,False,,,2026-06-28T23:56:16.794Z,Sports Cards,box breaks,streamer banter,A user recommends Kirkland brand meat sticks to the chat.,medium,youtube_live:F13yNlNDTvY:281
282,F13yNlNDTvY,https://www.youtube.com/watch?v=F13yNlNDTvY,6/28 Discord Breaks! (eBay Returns Wed),Cams Cards,replay,message,18:45,@TheDemonicInfidel,I've been getting the sams club brand with my carnivore diet and I live by em,False,False,False,,,2026-06-28T23:56:46.419Z,Sports Cards,box breaks,streamer banter,A chatter shares their preference for Sam's Club brand meat sticks on their diet.,medium,youtube_live:F13yNlNDTvY:282
283,F13yNlNDTvY,https://www.youtube.com/watch?v=F13yNlNDTvY,6/28 Discord Breaks! (eBay Returns Wed),Cams Cards,replay,message,19:26,@TheDemonicInfidel,yep. and they are decently cheaper,False,False,False,,,2026-06-28T23:57:26.727Z,Sports Cards,box breaks,streamer banter,A viewer confirms that the recommended brand is decently cheaper.,medium,youtube_live:F13yNlNDTvY:283
284,F13yNlNDTvY,https://www.youtube.com/watch?v=F13yNlNDTvY,6/28 Discord Breaks! (eBay Returns Wed),Cams Cards,replay,message,20:27,@TheDemonicInfidel,could we throw some select in there next week too? or is that too pricey,False,False,False,,,2026-06-28T23:58:28.507Z,Sports Cards,sports card breaks,product selection; break pricing,A chatter asks about adding Select product into next week's break or if it is too pricey.,high,youtube_live:F13yNlNDTvY:284
285,F13yNlNDTvY,https://www.youtube.com/watch?v=F13yNlNDTvY,6/28 Discord Breaks! (eBay Returns Wed),Cams Cards,replay,message,23:09,@travistbaughn,"Scout how do you pronounce Tatsuya Imai, Cam can never remember. ",False,False,False,,,2026-06-29T00:01:09.923Z,Sports Cards,sports card breaks,player pronunciation,A viewer asks how to pronounce player Tatsuya Imai's name because Cam cannot remember.,high,youtube_live:F13yNlNDTvY:285
286,F13yNlNDTvY,https://www.youtube.com/watch?v=F13yNlNDTvY,6/28 Discord Breaks! (eBay Returns Wed),Cams Cards,replay,message,23:17,@camscards12,":joker: @@travistbaughn It's ""Taht-soo-yah Ee-my"" :crossed_flags: Easy once you say it a few times!",True,False,False,,,2026-06-29T00:01:18.570Z,Sports Cards,baseball cards,player pronunciation,A viewer provides the phonetic pronunciation for a player's name during the card stream.,medium,youtube_live:F13yNlNDTvY:286
287,F13yNlNDTvY,https://www.youtube.com/watch?v=F13yNlNDTvY,6/28 Discord Breaks! (eBay Returns Wed),Cams Cards,replay,message,23:24,@nightbot,Click the link to check out everything Cam's Cards! You wont regret it! (I had to automate this so everyone gets the chance to join the greatest card fam ever!) #camfam https://linktr.ee/camscards,False,True,False,,,2026-06-29T00:01:24.869Z,Sports Cards,trading cards,streamer promotion,An automated message shares a link promoting the channel's card community links.,high,youtube_live:F13yNlNDTvY:287
288,F13yNlNDTvY,https://www.youtube.com/watch?v=F13yNlNDTvY,6/28 Discord Breaks! (eBay Returns Wed),Cams Cards,replay,message,23:42,@nightbot,We have more amazing breaks and giveaways again tomorrow or even tonight!! Maybe theres a giveaway if you click the link! Check em out! https://www.ebay.com/sch/i.html?_ssn=...,False,True,False,,,2026-06-29T00:01:42.728Z,Sports Cards,trading cards,breaks; giveaways,A promotional message links to eBay listings for upcoming card breaks and giveaways.,high,youtube_live:F13yNlNDTvY:288
289,F13yNlNDTvY,https://www.youtube.com/watch?v=F13yNlNDTvY,6/28 Discord Breaks! (eBay Returns Wed),Cams Cards,replay,message,23:59,@nightbot,Cams Cards does PSA Submission Service! Check it out! We would LOVE to grade your cards! https://docs.google.com/document/d/1q...,False,True,False,,,2026-06-29T00:02:00.162Z,Sports Cards,trading cards,grading services,The channel advertises its PSA card grading submission service via a link.,high,youtube_live:F13yNlNDTvY:289
290,F13yNlNDTvY,https://www.youtube.com/watch?v=F13yNlNDTvY,6/28 Discord Breaks! (eBay Returns Wed),Cams Cards,replay,message,24:44,@BradyO99,Titans!!!,False,False,False,,,2026-06-29T00:02:45.014Z,Sports Cards,football cards,team selection,A participant calls out the Titans in the card break chat.,medium,youtube_live:F13yNlNDTvY:290
291,F13yNlNDTvY,https://www.youtube.com/watch?v=F13yNlNDTvY,6/28 Discord Breaks! (eBay Returns Wed),Cams Cards,replay,message,24:53,@RonWilliams-r2u2h,bears,False,False,False,,,2026-06-29T00:02:53.721Z,Sports Cards,football cards,team selection,A chatter names the Bears during the card break stream.,medium,youtube_live:F13yNlNDTvY:291
292,F13yNlNDTvY,https://www.youtube.com/watch?v=F13yNlNDTvY,6/28 Discord Breaks! (eBay Returns Wed),Cams Cards,replay,message,24:53,@SeanMcRory,Saints,False,False,False,,,2026-06-29T00:02:54.462Z,Sports Cards,football cards,team selection,A user names the Saints in the chat during the stream.,medium,youtube_live:F13yNlNDTvY:292
293,F13yNlNDTvY,https://www.youtube.com/watch?v=F13yNlNDTvY,6/28 Discord Breaks! (eBay Returns Wed),Cams Cards,replay,message,24:54,@ethanstout7690,Cowboys,False,False,False,,,2026-06-29T00:02:55.089Z,Sports Cards,football cards,team selection,A viewer posts Cowboys in the card break stream chat.,medium,youtube_live:F13yNlNDTvY:293
294,F13yNlNDTvY,https://www.youtube.com/watch?v=F13yNlNDTvY,6/28 Discord Breaks! (eBay Returns Wed),Cams Cards,replay,message,24:56,@TheDemonicInfidel,raiders,False,False,False,,,2026-06-29T00:02:57.151Z,Sports Cards,football cards,team selection,A participant enters raiders in the stream chat.,medium,youtube_live:F13yNlNDTvY:294
295,F13yNlNDTvY,https://www.youtube.com/watch?v=F13yNlNDTvY,6/28 Discord Breaks! (eBay Returns Wed),Cams Cards,replay,message,24:58,@brandonfivecoat22,Broncos,False,False,False,,,2026-06-29T00:02:58.661Z,Sports Cards,football cards,team selection,A viewer shouts out the Broncos during the card break stream.,medium,youtube_live:F13yNlNDTvY:295
296,F13yNlNDTvY,https://www.youtube.com/watch?v=F13yNlNDTvY,6/28 Discord Breaks! (eBay Returns Wed),Cams Cards,replay,message,25:13,@Averagesloppyjoe320,Panthers,False,False,False,,,2026-06-29T00:03:13.845Z,Sports Cards,Football Cards,Team Selection; Box Breaks,"A viewer mentions the Panthers, likely selecting or referencing the team during a card break stream.",medium,youtube_live:F13yNlNDTvY:296
297,F13yNlNDTvY,https://www.youtube.com/watch?v=F13yNlNDTvY,6/28 Discord Breaks! (eBay Returns Wed),Cams Cards,replay,message,25:15,@travistbaughn,Colts ,False,False,False,,,2026-06-29T00:03:16.345Z,Sports Cards,Football Cards,Team Selection; Box Breaks,A chat participant names the Colts during a sports card livestream break.,medium,youtube_live:F13yNlNDTvY:297
298,F13yNlNDTvY,https://www.youtube.com/watch?v=F13yNlNDTvY,6/28 Discord Breaks! (eBay Returns Wed),Cams Cards,replay,message,25:48,@ChaseJohnson25,Patriots ,False,False,False,,,2026-06-29T00:03:49.389Z,Sports Cards,Football Cards,Team Selection; Box Breaks,A user names the Patriots in chat during a sports card box break.,medium,youtube_live:F13yNlNDTvY:298
299,F13yNlNDTvY,https://www.youtube.com/watch?v=F13yNlNDTvY,6/28 Discord Breaks! (eBay Returns Wed),Cams Cards,replay,message,25:48,@GunitBronco,Chargers,False,False,False,,,2026-06-29T00:03:49.587Z,Sports Cards,Football Cards,Team Selection; Box Breaks,A user calls out the Chargers during a card break livestream.,medium,youtube_live:F13yNlNDTvY:299
300,F13yNlNDTvY,https://www.youtube.com/watch?v=F13yNlNDTvY,6/28 Discord Breaks! (eBay Returns Wed),Cams Cards,replay,message,27:14,@BradyO99,price is dope,False,False,False,,,2026-06-29T00:05:15.137Z,Sports Cards,Sports Cards,Pricing; Live Chat,A participant expresses positive sentiment about a price mentioned during the sports card livestream.,medium,youtube_live:F13yNlNDTvY:300
301,F13yNlNDTvY,https://www.youtube.com/watch?v=F13yNlNDTvY,6/28 Discord Breaks! (eBay Returns Wed),Cams Cards,replay,message,28:34,@BradyO99,I've been on him for a while now,False,False,False,,,2026-06-29T00:06:35.582Z,Sports Cards,Sports Cards,Player Collecting,A viewer states they have been following or investing in a player for a while.,low,youtube_live:F13yNlNDTvY:301
302,F13yNlNDTvY,https://www.youtube.com/watch?v=F13yNlNDTvY,6/28 Discord Breaks! (eBay Returns Wed),Cams Cards,replay,message,29:27,@BradyO99,last pick in the first,False,False,False,,,2026-06-29T00:07:28.004Z,Sports Cards,Sports Cards,Draft Picks,A chatter references the last pick in the first round during the stream.,low,youtube_live:F13yNlNDTvY:302
303,F13yNlNDTvY,https://www.youtube.com/watch?v=F13yNlNDTvY,6/28 Discord Breaks! (eBay Returns Wed),Cams Cards,replay,message,30:16,@superhempy,And JJ,False,False,False,,,2026-06-29T00:08:16.897Z,Sports Cards,Sports Cards,Player Mention,A commenter brings up JJ in chat during the sports card livestream.,low,youtube_live:F13yNlNDTvY:303
304,F13yNlNDTvY,https://www.youtube.com/watch?v=F13yNlNDTvY,6/28 Discord Breaks! (eBay Returns Wed),Cams Cards,replay,message,30:27,@superhempy,Cooper jr,False,False,False,,,2026-06-29T00:08:28.054Z,Sports Cards,Sports Cards,Player Mention,A user names Cooper Jr in the livestream chat.,low,youtube_live:F13yNlNDTvY:304
305,F13yNlNDTvY,https://www.youtube.com/watch?v=F13yNlNDTvY,6/28 Discord Breaks! (eBay Returns Wed),Cams Cards,replay,message,30:33,@superhempy,Yes,False,False,False,,,2026-06-29T00:08:34.336Z,Sports Cards,Sports Cards,Chat Reaction,A viewer types an affirmative response in the card stream chat.,low,youtube_live:F13yNlNDTvY:305
306,F13yNlNDTvY,https://www.youtube.com/watch?v=F13yNlNDTvY,6/28 Discord Breaks! (eBay Returns Wed),Cams Cards,replay,message,30:37,@superhempy,And Ponds,False,False,False,,,2026-06-29T00:08:38.286Z,Sports Cards,football cards,box breaks; player mention,"A viewer mentions ""And Ponds"" during a sports card box break livestream.",low,youtube_live:F13yNlNDTvY:306
307,F13yNlNDTvY,https://www.youtube.com/watch?v=F13yNlNDTvY,6/28 Discord Breaks! (eBay Returns Wed),Cams Cards,replay,message,30:44,@superhempy,David Bailey,False,False,False,,,2026-06-29T00:08:45.186Z,Sports Cards,sports cards,player mention,A user names athlete David Bailey during a card break livestream.,low,youtube_live:F13yNlNDTvY:307
308,F13yNlNDTvY,https://www.youtube.com/watch?v=F13yNlNDTvY,6/28 Discord Breaks! (eBay Returns Wed),Cams Cards,replay,message,31:29,@superhempy,Geno can be good,False,False,False,,,2026-06-29T00:09:29.701Z,Sports Cards,football cards,player discussion,A chatter remarks that quarterback Geno Smith can be good.,medium,youtube_live:F13yNlNDTvY:308
309,F13yNlNDTvY,https://www.youtube.com/watch?v=F13yNlNDTvY,6/28 Discord Breaks! (eBay Returns Wed),Cams Cards,replay,message,31:34,@superhempy,Geno sour Qb,False,False,False,,,2026-06-29T00:09:34.666Z,Sports Cards,football cards,player discussion,A participant comments on Geno as their quarterback.,medium,youtube_live:F13yNlNDTvY:309
310,F13yNlNDTvY,https://www.youtube.com/watch?v=F13yNlNDTvY,6/28 Discord Breaks! (eBay Returns Wed),Cams Cards,replay,message,32:04,@superhempy,They are our best thing,False,False,False,,,2026-06-29T00:10:05.327Z,Sports Cards,football cards,team discussion,"A viewer states ""They are our best thing"" during a card break stream.",low,youtube_live:F13yNlNDTvY:310
311,F13yNlNDTvY,https://www.youtube.com/watch?v=F13yNlNDTvY,6/28 Discord Breaks! (eBay Returns Wed),Cams Cards,replay,message,32:09,@superhempy,Our o line is top 10,False,False,False,,,2026-06-29T00:10:10.108Z,Sports Cards,football cards,team discussion,A chatter comments that their team's offensive line ranks in the top ten.,medium,youtube_live:F13yNlNDTvY:311
312,F13yNlNDTvY,https://www.youtube.com/watch?v=F13yNlNDTvY,6/28 Discord Breaks! (eBay Returns Wed),Cams Cards,replay,message,32:14,@nightbot,Click the link to check out everything Cam's Cards! You wont regret it! (I had to automate this so everyone gets the chance to join the greatest card fam ever!) #camfam https://linktr.ee/camscards,False,True,False,,,2026-06-29T00:10:14.799Z,Sports Cards,sports cards,channel promotion,An automated chat message promotes Cam's Cards links and community.,high,youtube_live:F13yNlNDTvY:312
313,F13yNlNDTvY,https://www.youtube.com/watch?v=F13yNlNDTvY,6/28 Discord Breaks! (eBay Returns Wed),Cams Cards,replay,message,32:26,@BradyO99,Garrett wilson is the man,False,False,False,,,2026-06-29T00:10:26.898Z,Sports Cards,football cards,player discussion,A viewer praises NFL player Garrett Wilson.,medium,youtube_live:F13yNlNDTvY:313
314,F13yNlNDTvY,https://www.youtube.com/watch?v=F13yNlNDTvY,6/28 Discord Breaks! (eBay Returns Wed),Cams Cards,replay,message,33:19,@travistbaughn,As a broncos fan super interested what waddle does for them this year ,False,False,False,,,2026-06-29T00:11:19.645Z,Sports Cards,football cards,player performance,A Broncos fan expresses interest in what Jaylen Waddle will do this season.,medium,youtube_live:F13yNlNDTvY:314
315,F13yNlNDTvY,https://www.youtube.com/watch?v=F13yNlNDTvY,6/28 Discord Breaks! (eBay Returns Wed),Cams Cards,replay,message,33:51,@travistbaughn,"Same, he’s not like some superstar but the talent is there ",False,False,False,,,2026-06-29T00:11:51.659Z,Sports Cards,football cards,player performance,A chatter agrees a player has talent even if not considered a superstar.,medium,youtube_live:F13yNlNDTvY:315
316,F13yNlNDTvY,https://www.youtube.com/watch?v=F13yNlNDTvY,6/28 Discord Breaks! (eBay Returns Wed),Cams Cards,replay,message,33:52,@BradyO99,Cards,False,False,False,,,2026-06-29T00:11:53.261Z,Sports Cards,Sports Cards,card break,A viewer posts the word 'Cards' in the chat during a break stream.,medium,youtube_live:F13yNlNDTvY:316
317,F13yNlNDTvY,https://www.youtube.com/watch?v=F13yNlNDTvY,6/28 Discord Breaks! (eBay Returns Wed),Cams Cards,replay,message,33:57,@GunitBronco,Waddle gonna cook!!!,False,False,False,,,2026-06-29T00:11:58.465Z,Sports Cards,Football Cards,player performance,A chatter expresses enthusiasm for football player Jaylen Waddle during the stream.,high,youtube_live:F13yNlNDTvY:317
318,F13yNlNDTvY,https://www.youtube.com/watch?v=F13yNlNDTvY,6/28 Discord Breaks! (eBay Returns Wed),Cams Cards,replay,message,34:00,@TheDemonicInfidel,"white Sox, Phillies",False,False,False,,,2026-06-29T00:12:01.174Z,Sports Cards,Baseball Cards,team selection,A participant lists the White Sox and Phillies in the livestream chat.,high,youtube_live:F13yNlNDTvY:318
319,F13yNlNDTvY,https://www.youtube.com/watch?v=F13yNlNDTvY,6/28 Discord Breaks! (eBay Returns Wed),Cams Cards,replay,message,34:04,@BradyO99,"Cards, #Royals",False,False,False,,,2026-06-29T00:12:05.582Z,Sports Cards,Baseball Cards,team selection,A viewer mentions 'Cards' and the Royals in the stream chat.,high,youtube_live:F13yNlNDTvY:319
320,F13yNlNDTvY,https://www.youtube.com/watch?v=F13yNlNDTvY,6/28 Discord Breaks! (eBay Returns Wed),Cams Cards,replay,message,34:05,@brandonfivecoat22,Mariners,False,False,False,,,2026-06-29T00:12:05.844Z,Sports Cards,Baseball Cards,team selection,A chatter names the Mariners during a sports card break.,high,youtube_live:F13yNlNDTvY:320
321,F13yNlNDTvY,https://www.youtube.com/watch?v=F13yNlNDTvY,6/28 Discord Breaks! (eBay Returns Wed),Cams Cards,replay,message,34:05,@SeanMcRory,Red Sox #Dodgers,False,False,False,,,2026-06-29T00:12:05.940Z,Sports Cards,Baseball Cards,team selection,A participant lists the Red Sox and Dodgers in the chat.,high,youtube_live:F13yNlNDTvY:321
322,F13yNlNDTvY,https://www.youtube.com/watch?v=F13yNlNDTvY,6/28 Discord Breaks! (eBay Returns Wed),Cams Cards,replay,message,34:15,@Averagesloppyjoe320,Brewers#redsox ,False,False,False,,,2026-06-29T00:12:16.252Z,Sports Cards,Baseball Cards,team selection,A chatter submits the Brewers and Red Sox during the stream.,high,youtube_live:F13yNlNDTvY:322
323,F13yNlNDTvY,https://www.youtube.com/watch?v=F13yNlNDTvY,6/28 Discord Breaks! (eBay Returns Wed),Cams Cards,replay,message,34:17,@travistbaughn,"Astros, Marlins",False,False,False,,,2026-06-29T00:12:17.644Z,Sports Cards,Baseball Cards,team selection,A viewer posts the Astros and Marlins in the break chat.,high,youtube_live:F13yNlNDTvY:323
324,F13yNlNDTvY,https://www.youtube.com/watch?v=F13yNlNDTvY,6/28 Discord Breaks! (eBay Returns Wed),Cams Cards,replay,message,34:17,@RonWilliams-r2u2h,padres...Cardinals,False,False,False,,,2026-06-29T00:12:17.908Z,Sports Cards,Baseball Cards,team selection,A participant lists the Padres and Cardinals in the chat.,high,youtube_live:F13yNlNDTvY:324
325,F13yNlNDTvY,https://www.youtube.com/watch?v=F13yNlNDTvY,6/28 Discord Breaks! (eBay Returns Wed),Cams Cards,replay,message,34:27,@ethanstout7690,"Brewers, Braves ",False,False,False,,,2026-06-29T00:12:28.221Z,Sports Cards,Baseball Cards,team selection,A viewer names the Brewers and Braves in the livestream chat.,high,youtube_live:F13yNlNDTvY:325
326,F13yNlNDTvY,https://www.youtube.com/watch?v=F13yNlNDTvY,6/28 Discord Breaks! (eBay Returns Wed),Cams Cards,replay,message,34:31,@brandonfivecoat22,"Mariners, #Rockies",False,False,False,,,2026-06-29T00:12:32.167Z,Sports Cards,Baseball Cards,Team Selection; Box Breaks,A viewer lists the Mariners and Rockies during a sports card livestream break.,high,youtube_live:F13yNlNDTvY:326
327,F13yNlNDTvY,https://www.youtube.com/watch?v=F13yNlNDTvY,6/28 Discord Breaks! (eBay Returns Wed),Cams Cards,replay,message,34:38,@GunitBronco,Rockies # Reds,False,False,False,,,2026-06-29T00:12:39.158Z,Sports Cards,Baseball Cards,Team Selection; Box Breaks,A participant posts the Rockies and Reds in a sports card break chat.,high,youtube_live:F13yNlNDTvY:327
328,F13yNlNDTvY,https://www.youtube.com/watch?v=F13yNlNDTvY,6/28 Discord Breaks! (eBay Returns Wed),Cams Cards,replay,message,34:48,@travistbaughn,I think it’s a fantasy concern for sure but I’m interested what they do with their rookie ,False,False,False,,,2026-06-29T00:12:49.073Z,Sports Cards,Football Cards,Player Discussion; Rookies,A user discusses fantasy sports concerns and plans for a team's rookie.,medium,youtube_live:F13yNlNDTvY:328
329,F13yNlNDTvY,https://www.youtube.com/watch?v=F13yNlNDTvY,6/28 Discord Breaks! (eBay Returns Wed),Cams Cards,replay,message,34:56,@travistbaughn,Lots of guys ,False,False,False,,,2026-06-29T00:12:57.569Z,Sports Cards,Sports Cards,Sports Discussion,A commenter notes 'Lots of guys' in the livestream chat.,low,youtube_live:F13yNlNDTvY:329
330,F13yNlNDTvY,https://www.youtube.com/watch?v=F13yNlNDTvY,6/28 Discord Breaks! (eBay Returns Wed),Cams Cards,replay,message,34:58,@GunitBronco,Jk dobbins will be great if he stays healthy,False,False,False,,,2026-06-29T00:12:58.910Z,Sports Cards,Football Cards,Player Discussion,A viewer comments that JK Dobbins will perform well if he remains healthy.,high,youtube_live:F13yNlNDTvY:330
331,F13yNlNDTvY,https://www.youtube.com/watch?v=F13yNlNDTvY,6/28 Discord Breaks! (eBay Returns Wed),Cams Cards,replay,message,35:24,@travistbaughn,Yeah Dobbins was basically the best RB last year before he got hurt ,False,False,False,,,2026-06-29T00:13:25.121Z,Sports Cards,Football Cards,Player Discussion,A user states Dobbins was essentially the top running back prior to injury.,high,youtube_live:F13yNlNDTvY:331
332,F13yNlNDTvY,https://www.youtube.com/watch?v=F13yNlNDTvY,6/28 Discord Breaks! (eBay Returns Wed),Cams Cards,replay,message,36:24,@defoley5,Marlins ,False,False,False,,,2026-06-29T00:14:25.375Z,Sports Cards,Baseball Cards,Team Selection; Box Breaks,A viewer posts 'Marlins' in the sports card break stream.,high,youtube_live:F13yNlNDTvY:332
333,F13yNlNDTvY,https://www.youtube.com/watch?v=F13yNlNDTvY,6/28 Discord Breaks! (eBay Returns Wed),Cams Cards,replay,message,36:38,@GunitBronco,"You’ve been listening to much First Take, lol",False,False,False,,,2026-06-29T00:14:39.318Z,Sports Cards,Sports Cards,Sports Discussion,A viewer remarks that someone has been listening to too much First Take.,medium,youtube_live:F13yNlNDTvY:333
334,F13yNlNDTvY,https://www.youtube.com/watch?v=F13yNlNDTvY,6/28 Discord Breaks! (eBay Returns Wed),Cams Cards,replay,message,37:12,@nightbot,We have more amazing breaks and giveaways again tomorrow or even tonight!! Maybe theres a giveaway if you click the link! Check em out! https://www.ebay.com/sch/i.html?_ssn=...,False,True,False,,,2026-06-29T00:15:13.141Z,Sports Cards,Sports Cards,Promotions; Box Breaks,"A promotional message advertises upcoming breaks, giveaways, and an eBay link.",high,youtube_live:F13yNlNDTvY:334
335,F13yNlNDTvY,https://www.youtube.com/watch?v=F13yNlNDTvY,6/28 Discord Breaks! (eBay Returns Wed),Cams Cards,replay,message,37:16,@GunitBronco,That Jensen is nice!,False,False,False,,,2026-06-29T00:15:16.711Z,Sports Cards,Sports Cards,Card Appreciation,A commenter praises a Jensen card pulled during the stream.,medium,youtube_live:F13yNlNDTvY:335
336,F13yNlNDTvY,https://www.youtube.com/watch?v=F13yNlNDTvY,6/28 Discord Breaks! (eBay Returns Wed),Cams Cards,replay,message,37:18,@travistbaughn,Nice Carter is my guy,False,False,False,,,2026-06-29T00:15:19.145Z,Sports Cards,baseball cards,player praise,A viewer expresses enthusiasm for player Carter during the sports card break stream.,medium,youtube_live:F13yNlNDTvY:336
337,F13yNlNDTvY,https://www.youtube.com/watch?v=F13yNlNDTvY,6/28 Discord Breaks! (eBay Returns Wed),Cams Cards,replay,message,37:28,@nightbot,Cams Cards is proud to have partnered with the greatest one touch in the hobby. Cam is able to offer Zion Mag One Touches CHEAPER than from Zions website.$4 for 35 PT$5 for 135 PTContact cam in the ch,False,True,False,,,2026-06-29T00:15:29.505Z,Sports Cards,card supplies,promotional offer; pricing,An automated message promotes discounted Zion Mag one-touch card holders available through the channel host.,high,youtube_live:F13yNlNDTvY:337
338,F13yNlNDTvY,https://www.youtube.com/watch?v=F13yNlNDTvY,6/28 Discord Breaks! (eBay Returns Wed),Cams Cards,replay,message,39:01,@TheDemonicInfidel,just need a little more bullpen help,False,False,False,,,2026-06-29T00:17:02.075Z,Sports Cards,baseball,sports discussion,A user comments about a team needing more bullpen help.,low,youtube_live:F13yNlNDTvY:338
339,F13yNlNDTvY,https://www.youtube.com/watch?v=F13yNlNDTvY,6/28 Discord Breaks! (eBay Returns Wed),Cams Cards,replay,message,39:07,@GunitBronco,"Too much golf, lol",False,False,False,,,2026-06-29T00:17:08.295Z,Unclear,golf,chat banter,A chatter remarks that there is too much golf.,low,youtube_live:F13yNlNDTvY:339
340,F13yNlNDTvY,https://www.youtube.com/watch?v=F13yNlNDTvY,6/28 Discord Breaks! (eBay Returns Wed),Cams Cards,replay,message,40:55,@defoley5,Hockey draft just happened too,False,False,False,,,2026-06-29T00:18:56.635Z,Sports Cards,hockey,sports draft,A user notes that the hockey draft just occurred.,medium,youtube_live:F13yNlNDTvY:340
341,F13yNlNDTvY,https://www.youtube.com/watch?v=F13yNlNDTvY,6/28 Discord Breaks! (eBay Returns Wed),Cams Cards,replay,message,42:07,@nightbot,Click the link to check out everything Cam's Cards! You wont regret it! (I had to automate this so everyone gets the chance to join the greatest card fam ever!) #camfam https://linktr.ee/camscards,False,True,False,,,2026-06-29T00:20:08.224Z,Sports Cards,sports cards,channel promotion,An automated promotional message shares a link tree for the channel's card community.,high,youtube_live:F13yNlNDTvY:341
342,F13yNlNDTvY,https://www.youtube.com/watch?v=F13yNlNDTvY,6/28 Discord Breaks! (eBay Returns Wed),Cams Cards,replay,message,42:23,@nightbot,Cams Cards does PSA Submission Service! Check it out! We would LOVE to grade your cards! https://docs.google.com/document/d/1q...,False,True,False,,,2026-06-29T00:20:23.784Z,Sports Cards,card grading,grading submission service,A promotional message advertises PSA submission services offered by Cams Cards.,high,youtube_live:F13yNlNDTvY:342
343,F13yNlNDTvY,https://www.youtube.com/watch?v=F13yNlNDTvY,6/28 Discord Breaks! (eBay Returns Wed),Cams Cards,replay,message,42:32,@GunitBronco,Jersey kings look better this year than last year,False,False,False,,,2026-06-29T00:20:32.927Z,Sports Cards,sports cards,card design comparison,A chatter opines that Jersey Kings look better this year compared to last year.,high,youtube_live:F13yNlNDTvY:343
344,F13yNlNDTvY,https://www.youtube.com/watch?v=F13yNlNDTvY,6/28 Discord Breaks! (eBay Returns Wed),Cams Cards,replay,message,43:03,@GunitBronco,Dude!,False,False,False,,,2026-06-29T00:21:04.225Z,Unclear,,unclear reaction,A user posts an exclamation of excitement.,low,youtube_live:F13yNlNDTvY:344
345,F13yNlNDTvY,https://www.youtube.com/watch?v=F13yNlNDTvY,6/28 Discord Breaks! (eBay Returns Wed),Cams Cards,replay,message,43:17,@GunitBronco,I’ll Mag that!,False,False,False,,,2026-06-29T00:21:18.624Z,Sports Cards,card supplies,card protection,A chatter states that they would put a card into a magnetic holder.,medium,youtube_live:F13yNlNDTvY:345
346,F13yNlNDTvY,https://www.youtube.com/watch?v=F13yNlNDTvY,6/28 Discord Breaks! (eBay Returns Wed),Cams Cards,replay,message,44:39,@defoley5,I hope I get something worth buying a soon for,False,False,False,,,2026-06-29T00:22:39.892Z,Sports Cards,Trading cards,Breaks; Supplies,A viewer hopes to get a card pull worth buying a case or holder for.,medium,youtube_live:F13yNlNDTvY:346
347,F13yNlNDTvY,https://www.youtube.com/watch?v=F13yNlNDTvY,6/28 Discord Breaks! (eBay Returns Wed),Cams Cards,replay,message,44:52,@GunitBronco,Sent brother!,False,False,False,,,2026-06-29T00:22:53.619Z,Sports Cards,Trading cards,Payment; Transactions,A chat participant mentions having sent payment or information.,low,youtube_live:F13yNlNDTvY:347
348,F13yNlNDTvY,https://www.youtube.com/watch?v=F13yNlNDTvY,6/28 Discord Breaks! (eBay Returns Wed),Cams Cards,replay,message,46:13,@brandonfivecoat22,A,False,False,False,,,2026-06-29T00:24:14.395Z,Unclear,,Chat message,A user sends a single-letter chat message without context.,low,youtube_live:F13yNlNDTvY:348
349,F13yNlNDTvY,https://www.youtube.com/watch?v=F13yNlNDTvY,6/28 Discord Breaks! (eBay Returns Wed),Cams Cards,replay,message,46:16,@ChaseJohnson25,Peterson ,False,False,False,,,2026-06-29T00:24:17.018Z,Sports Cards,Trading cards,Player names,A user mentions the name Peterson in the livestream chat.,medium,youtube_live:F13yNlNDTvY:349
350,F13yNlNDTvY,https://www.youtube.com/watch?v=F13yNlNDTvY,6/28 Discord Breaks! (eBay Returns Wed),Cams Cards,replay,message,47:09,@defoley5,I pulled a Miz of one of those clear cards,False,False,False,,,2026-06-29T00:25:10.280Z,Sports Cards,Wrestling cards,Card pulls,A chatter shares that they pulled a Miz clear card.,high,youtube_live:F13yNlNDTvY:350
351,F13yNlNDTvY,https://www.youtube.com/watch?v=F13yNlNDTvY,6/28 Discord Breaks! (eBay Returns Wed),Cams Cards,replay,message,47:16,@nightbot,"WE SELL TOP LOADERS!!! $3 for a standard pack of 25! $4 for a 130pt 10 count pack!Cheaper than Amazon, Walmart, Ultra pro!Please let me know if interested!",False,True,False,,,2026-06-29T00:25:16.635Z,Sports Cards,Card supplies,Sales advertisement; Toploaders,"A chatter advertises toploader packs for sale, listing prices and comparing them to retail competitors.",high,youtube_live:F13yNlNDTvY:351
352,F13yNlNDTvY,https://www.youtube.com/watch?v=F13yNlNDTvY,6/28 Discord Breaks! (eBay Returns Wed),Cams Cards,replay,message,48:02,@ChaseJohnson25,That red is numbers rught ,False,False,False,,,2026-06-29T00:26:02.914Z,Sports Cards,Trading cards,Numbered parallels,A user asks if a red parallel card is serial numbered.,high,youtube_live:F13yNlNDTvY:352
353,F13yNlNDTvY,https://www.youtube.com/watch?v=F13yNlNDTvY,6/28 Discord Breaks! (eBay Returns Wed),Cams Cards,replay,message,48:43,@TheDemonicInfidel,are you finally gonna buy a smoker now that you're back in OK,False,False,False,,,2026-06-29T00:26:43.728Z,Other / emerging,Cooking appliances,Personal conversation,A user asks the streamer if they will buy a smoker now that they returned to Oklahoma.,high,youtube_live:F13yNlNDTvY:353
354,F13yNlNDTvY,https://www.youtube.com/watch?v=F13yNlNDTvY,6/28 Discord Breaks! (eBay Returns Wed),Cams Cards,replay,message,48:51,@GunitBronco,lol,False,False,False,,,2026-06-29T00:26:52.419Z,Unclear,,Reaction,A user sends a laughing reaction in the chat.,low,youtube_live:F13yNlNDTvY:354
355,F13yNlNDTvY,https://www.youtube.com/watch?v=F13yNlNDTvY,6/28 Discord Breaks! (eBay Returns Wed),Cams Cards,replay,message,49:27,@GunitBronco,Should’ve got it!!!,False,False,False,,,2026-06-29T00:27:28.534Z,Sports Cards,Trading cards,Stream commentary,A chatter comments that someone should have gotten an item.,low,youtube_live:F13yNlNDTvY:355
356,F13yNlNDTvY,https://www.youtube.com/watch?v=F13yNlNDTvY,6/28 Discord Breaks! (eBay Returns Wed),Cams Cards,replay,message,50:45,@travistbaughn,But what are you going to eat on that table now ,False,False,False,,,2026-06-29T00:28:46.171Z,Sports Cards,sports cards,livestream chat; general chatter,A viewer asks what the streamer will eat on now that the table is occupied.,low,youtube_live:F13yNlNDTvY:356
357,F13yNlNDTvY,https://www.youtube.com/watch?v=F13yNlNDTvY,6/28 Discord Breaks! (eBay Returns Wed),Cams Cards,replay,message,50:54,@travistbaughn,#priorities,False,False,False,,,2026-06-29T00:28:54.834Z,Sports Cards,sports cards,livestream chat; reaction,A user posts the hashtag priorities in the chat.,low,youtube_live:F13yNlNDTvY:357
358,F13yNlNDTvY,https://www.youtube.com/watch?v=F13yNlNDTvY,6/28 Discord Breaks! (eBay Returns Wed),Cams Cards,replay,message,51:13,@travistbaughn,:fire::fire::fire::fire::fire::fire::fire:,False,False,False,,,2026-06-29T00:29:14.609Z,Sports Cards,sports cards,livestream chat; emoji reaction,A user posts multiple fire emojis in chat.,low,youtube_live:F13yNlNDTvY:358
359,F13yNlNDTvY,https://www.youtube.com/watch?v=F13yNlNDTvY,6/28 Discord Breaks! (eBay Returns Wed),Cams Cards,replay,message,51:26,@GunitBronco,That’s awesome ,False,False,False,,,2026-06-29T00:29:26.661Z,Sports Cards,sports cards,livestream chat; unclear reaction,"A viewer reacts with enthusiasm, stating that something is awesome.",low,youtube_live:F13yNlNDTvY:359
360,F13yNlNDTvY,https://www.youtube.com/watch?v=F13yNlNDTvY,6/28 Discord Breaks! (eBay Returns Wed),Cams Cards,replay,message,51:26,@travistbaughn,Let’s go! ,False,False,False,,,2026-06-29T00:29:27.538Z,Sports Cards,sports cards,livestream chat; unclear reaction,A viewer comments with an encouraging phrase during the live stream.,low,youtube_live:F13yNlNDTvY:360
361,F13yNlNDTvY,https://www.youtube.com/watch?v=F13yNlNDTvY,6/28 Discord Breaks! (eBay Returns Wed),Cams Cards,replay,message,52:10,@nightbot,Click the link to check out everything Cam's Cards! You wont regret it! (I had to automate this so everyone gets the chance to join the greatest card fam ever!) #camfam https://linktr.ee/camscards,False,True,False,,,2026-06-29T00:30:11.324Z,Sports Cards,sports cards,promotional announcement; link sharing,An automated message shares a Linktree URL promoting Cam's Cards.,high,youtube_live:F13yNlNDTvY:361
362,F13yNlNDTvY,https://www.youtube.com/watch?v=F13yNlNDTvY,6/28 Discord Breaks! (eBay Returns Wed),Cams Cards,replay,message,52:30,@nightbot,We have more amazing breaks and giveaways again tomorrow or even tonight!! Maybe theres a giveaway if you click the link! Check em out! https://www.ebay.com/sch/i.html?_ssn=...,False,True,False,,,2026-06-29T00:30:30.699Z,Sports Cards,sports cards,box breaks; promotional giveaway,"An automated message promotes upcoming card breaks, giveaways, and an eBay link.",high,youtube_live:F13yNlNDTvY:362
363,F13yNlNDTvY,https://www.youtube.com/watch?v=F13yNlNDTvY,6/28 Discord Breaks! (eBay Returns Wed),Cams Cards,replay,message,52:48,@nightbot,Cams Cards is proud to have partnered with the greatest one touch in the hobby. Cam is able to offer Zion Mag One Touches CHEAPER than from Zions website.$4 for 35 PT$5 for 135 PTContact cam in the ch,False,True,False,,,2026-06-29T00:30:49.059Z,Sports Cards,card storage supplies,product pricing; partnership,A message advertises discounted Zion Mag one-touch card holders available via the streamer.,high,youtube_live:F13yNlNDTvY:363
364,F13yNlNDTvY,https://www.youtube.com/watch?v=F13yNlNDTvY,6/28 Discord Breaks! (eBay Returns Wed),Cams Cards,replay,message,53:43,@GunitBronco,Dude,False,False,False,,,2026-06-29T00:31:43.726Z,Sports Cards,sports cards,livestream chat; unclear reaction,A viewer posts a one-word exclamation in the live stream chat.,low,youtube_live:F13yNlNDTvY:364
365,F13yNlNDTvY,https://www.youtube.com/watch?v=F13yNlNDTvY,6/28 Discord Breaks! (eBay Returns Wed),Cams Cards,replay,message,53:45,@travistbaughn,Let’s goooooo,False,False,False,,,2026-06-29T00:31:46.080Z,Sports Cards,sports cards,livestream chat; unclear reaction,A viewer posts an excited exclamation during the stream.,low,youtube_live:F13yNlNDTvY:365
366,F13yNlNDTvY,https://www.youtube.com/watch?v=F13yNlNDTvY,6/28 Discord Breaks! (eBay Returns Wed),Cams Cards,replay,message,53:52,@travistbaughn,:fire::fire::fire::fire::fire::fire:,False,False,False,,,2026-06-29T00:31:52.845Z,Sports Cards,Sports Cards,Reaction,A viewer posts fire emojis during the livestream card break.,low,youtube_live:F13yNlNDTvY:366
367,F13yNlNDTvY,https://www.youtube.com/watch?v=F13yNlNDTvY,6/28 Discord Breaks! (eBay Returns Wed),Cams Cards,replay,message,54:08,@travistbaughn,It’s 1/1 I don’t care :zany_face:,False,False,False,,,2026-06-29T00:32:09.468Z,Sports Cards,Sports Cards,Serial Numbering; Card Values,A chatter remarks that an item is a one-of-one and they do not care.,medium,youtube_live:F13yNlNDTvY:367
368,F13yNlNDTvY,https://www.youtube.com/watch?v=F13yNlNDTvY,6/28 Discord Breaks! (eBay Returns Wed),Cams Cards,replay,message,54:11,@defoley5,Yeah they aren’t numbered I have a few of those ,False,False,False,,,2026-06-29T00:32:12.342Z,Sports Cards,Sports Cards,Serial Numbering,A viewer notes that certain cards are not numbered and mentions owning a few.,medium,youtube_live:F13yNlNDTvY:368
369,F13yNlNDTvY,https://www.youtube.com/watch?v=F13yNlNDTvY,6/28 Discord Breaks! (eBay Returns Wed),Cams Cards,replay,message,54:28,@travistbaughn,For some reason those aren’t #d,False,False,False,,,2026-06-29T00:32:28.658Z,Sports Cards,Sports Cards,Serial Numbering,A commenter points out that those specific cards are surprisingly not numbered.,medium,youtube_live:F13yNlNDTvY:369
370,F13yNlNDTvY,https://www.youtube.com/watch?v=F13yNlNDTvY,6/28 Discord Breaks! (eBay Returns Wed),Cams Cards,replay,message,54:45,@ChaseJohnson25,It was a one of one twins right ,False,False,False,,,2026-06-29T00:32:46.109Z,Sports Cards,Sports Cards; Baseball Cards,Serial Numbering; Box Break,A chatter asks if a pulled card was a one-of-one Minnesota Twins card.,medium,youtube_live:F13yNlNDTvY:370
371,F13yNlNDTvY,https://www.youtube.com/watch?v=F13yNlNDTvY,6/28 Discord Breaks! (eBay Returns Wed),Cams Cards,replay,message,55:17,@defoley5,"Are they worth anything, I haven’t thought much of those black ones ",False,False,False,,,2026-06-29T00:33:18.118Z,Sports Cards,Sports Cards,Card Values; Parallels,A viewer asks if the black parallel cards are worth anything.,medium,youtube_live:F13yNlNDTvY:371
372,F13yNlNDTvY,https://www.youtube.com/watch?v=F13yNlNDTvY,6/28 Discord Breaks! (eBay Returns Wed),Cams Cards,replay,message,56:09,@ChaseJohnson25,I will put $40 in for OT,False,False,False,,,2026-06-29T00:34:09.926Z,Sports Cards,Sports Cards,Bidding; Box Break,A user offers forty dollars for overtime in the card break.,medium,youtube_live:F13yNlNDTvY:372
373,F13yNlNDTvY,https://www.youtube.com/watch?v=F13yNlNDTvY,6/28 Discord Breaks! (eBay Returns Wed),Cams Cards,replay,message,56:21,@travistbaughn,I’ll go $20 for OT ,False,False,False,,,2026-06-29T00:34:21.684Z,Sports Cards,Sports Cards,Bidding; Box Break,A chatter offers twenty dollars for overtime during the stream.,medium,youtube_live:F13yNlNDTvY:373
374,F13yNlNDTvY,https://www.youtube.com/watch?v=F13yNlNDTvY,6/28 Discord Breaks! (eBay Returns Wed),Cams Cards,replay,message,57:34,@Averagesloppyjoe320,Play eye of the tiger as you open the next packs,False,False,False,,,2026-06-29T00:35:34.777Z,Sports Cards,Sports Cards,Pack Opening; Stream Request,A viewer asks the streamer to play Eye of the Tiger while opening packs.,medium,youtube_live:F13yNlNDTvY:374
375,F13yNlNDTvY,https://www.youtube.com/watch?v=F13yNlNDTvY,6/28 Discord Breaks! (eBay Returns Wed),Cams Cards,replay,message,58:07,@brandonfivecoat22,Broncos,False,False,False,,,2026-06-29T00:36:08.166Z,Sports Cards,Sports Cards; Football Cards,Team Selection,A chatter calls out the Denver Broncos in the stream chat.,medium,youtube_live:F13yNlNDTvY:375
376,F13yNlNDTvY,https://www.youtube.com/watch?v=F13yNlNDTvY,6/28 Discord Breaks! (eBay Returns Wed),Cams Cards,replay,message,58:09,@TheDemonicInfidel,bears,False,False,False,,,2026-06-29T00:36:10.037Z,Sports Cards,Football Cards,box breaks; team selection,A viewer in a sports card break livestream mentions the Bears.,medium,youtube_live:F13yNlNDTvY:376
377,F13yNlNDTvY,https://www.youtube.com/watch?v=F13yNlNDTvY,6/28 Discord Breaks! (eBay Returns Wed),Cams Cards,replay,message,58:13,@RonWilliams-r2u2h,bears,False,False,False,,,2026-06-29T00:36:14.166Z,Sports Cards,Football Cards,box breaks; team selection,A chat participant names the Bears during a sports card break stream.,medium,youtube_live:F13yNlNDTvY:377
378,F13yNlNDTvY,https://www.youtube.com/watch?v=F13yNlNDTvY,6/28 Discord Breaks! (eBay Returns Wed),Cams Cards,replay,message,58:16,@defoley5,Lions,False,False,False,,,2026-06-29T00:36:17.672Z,Sports Cards,Football Cards,box breaks; team selection,A viewer mentions the Lions in a card break live chat.,medium,youtube_live:F13yNlNDTvY:378
379,F13yNlNDTvY,https://www.youtube.com/watch?v=F13yNlNDTvY,6/28 Discord Breaks! (eBay Returns Wed),Cams Cards,replay,message,58:17,@BradyO99,colts,False,False,False,,,2026-06-29T00:36:18.358Z,Sports Cards,Football Cards,box breaks; team selection,A chat user states Colts during a card break livestream.,medium,youtube_live:F13yNlNDTvY:379
380,F13yNlNDTvY,https://www.youtube.com/watch?v=F13yNlNDTvY,6/28 Discord Breaks! (eBay Returns Wed),Cams Cards,replay,message,58:19,@ethanstout7690,Pats,False,False,False,,,2026-06-29T00:36:19.791Z,Sports Cards,Football Cards,box breaks; team selection,A participant posts Pats in a sports card break chat.,medium,youtube_live:F13yNlNDTvY:380
381,F13yNlNDTvY,https://www.youtube.com/watch?v=F13yNlNDTvY,6/28 Discord Breaks! (eBay Returns Wed),Cams Cards,replay,message,58:19,@ChaseJohnson25,Jags ,False,False,False,,,2026-06-29T00:36:19.720Z,Sports Cards,Football Cards,box breaks; team selection,A user names Jags in a card break livestream chat.,medium,youtube_live:F13yNlNDTvY:381
382,F13yNlNDTvY,https://www.youtube.com/watch?v=F13yNlNDTvY,6/28 Discord Breaks! (eBay Returns Wed),Cams Cards,replay,message,58:19,@GunitBronco,Broncos,False,False,False,,,2026-06-29T00:36:20.418Z,Sports Cards,Football Cards,box breaks; team selection,A viewer posts Broncos during a card break stream.,medium,youtube_live:F13yNlNDTvY:382
383,F13yNlNDTvY,https://www.youtube.com/watch?v=F13yNlNDTvY,6/28 Discord Breaks! (eBay Returns Wed),Cams Cards,replay,message,58:23,@travistbaughn,Broncos ,False,False,False,,,2026-06-29T00:36:24.513Z,Sports Cards,Football Cards,box breaks; team selection,A chat message mentions Broncos during a live card break.,medium,youtube_live:F13yNlNDTvY:383
384,F13yNlNDTvY,https://www.youtube.com/watch?v=F13yNlNDTvY,6/28 Discord Breaks! (eBay Returns Wed),Cams Cards,replay,message,58:24,@Averagesloppyjoe320,Vikings,False,False,False,,,2026-06-29T00:36:25.180Z,Sports Cards,Football Cards,box breaks; team selection,A user types Vikings into a sports card break chat.,medium,youtube_live:F13yNlNDTvY:384
385,F13yNlNDTvY,https://www.youtube.com/watch?v=F13yNlNDTvY,6/28 Discord Breaks! (eBay Returns Wed),Cams Cards,replay,message,58:27,@SeanMcRory,Jets,False,False,False,,,2026-06-29T00:36:28.205Z,Sports Cards,Football Cards,box breaks; team selection,A chat participant names the Jets in a card break livestream.,medium,youtube_live:F13yNlNDTvY:385
386,F13yNlNDTvY,https://www.youtube.com/watch?v=F13yNlNDTvY,6/28 Discord Breaks! (eBay Returns Wed),Cams Cards,replay,message,59:50,@GunitBronco,Not for the night…you mean the first of many,False,False,False,,,2026-06-29T00:37:50.736Z,Sports Cards,trading cards,box break,A viewer comments that an occurrence is the first of many for the stream.,low,youtube_live:F13yNlNDTvY:386
387,F13yNlNDTvY,https://www.youtube.com/watch?v=F13yNlNDTvY,6/28 Discord Breaks! (eBay Returns Wed),Cams Cards,replay,message,1:00:19,@GunitBronco,lol,False,False,False,,,2026-06-29T00:38:19.868Z,Sports Cards,trading cards,unclear reaction,A viewer responds with laughter in the card break stream.,low,youtube_live:F13yNlNDTvY:387
388,F13yNlNDTvY,https://www.youtube.com/watch?v=F13yNlNDTvY,6/28 Discord Breaks! (eBay Returns Wed),Cams Cards,replay,message,1:01:21,@brandonfivecoat22,Nice,False,False,False,,,2026-06-29T00:39:22.629Z,Sports Cards,trading cards,unclear reaction,"A chatter reacts with ""Nice"" during the stream.",low,youtube_live:F13yNlNDTvY:388
389,F13yNlNDTvY,https://www.youtube.com/watch?v=F13yNlNDTvY,6/28 Discord Breaks! (eBay Returns Wed),Cams Cards,replay,message,1:02:18,@nightbot,Click the link to check out everything Cam's Cards! You wont regret it! (I had to automate this so everyone gets the chance to join the greatest card fam ever!) #camfam https://linktr.ee/camscards,False,True,False,,,2026-06-29T00:40:19.085Z,Sports Cards,trading cards,promotions,An automated bot or channel message shares a Linktree link promoting Cam's Cards.,high,youtube_live:F13yNlNDTvY:389
390,F13yNlNDTvY,https://www.youtube.com/watch?v=F13yNlNDTvY,6/28 Discord Breaks! (eBay Returns Wed),Cams Cards,replay,message,1:02:34,@camscards12,https://www.ebay.com/sch/i.html?_ssn=...,True,False,False,,,2026-06-29T00:40:34.731Z,Sports Cards,trading cards,promotions; marketplace link,A user or bot posts an eBay search link.,medium,youtube_live:F13yNlNDTvY:390
391,F13yNlNDTvY,https://www.youtube.com/watch?v=F13yNlNDTvY,6/28 Discord Breaks! (eBay Returns Wed),Cams Cards,replay,message,1:02:34,@camscards12,https://www.ebay.com/sch/i.html?_ssn=...,True,False,False,,,2026-06-29T00:40:35.656Z,Sports Cards,trading cards,promotions; marketplace link,A user or bot posts an eBay store/search link in the chat.,medium,youtube_live:F13yNlNDTvY:391
392,F13yNlNDTvY,https://www.youtube.com/watch?v=F13yNlNDTvY,6/28 Discord Breaks! (eBay Returns Wed),Cams Cards,replay,message,1:02:35,@camscards12,https://www.ebay.com/sch/i.html?_ssn=...,True,False,False,,,2026-06-29T00:40:36.090Z,Sports Cards,trading cards,promotions; marketplace link,An eBay link is posted in the stream chat.,medium,youtube_live:F13yNlNDTvY:392
393,F13yNlNDTvY,https://www.youtube.com/watch?v=F13yNlNDTvY,6/28 Discord Breaks! (eBay Returns Wed),Cams Cards,replay,message,1:02:35,@camscards12,https://www.ebay.com/sch/i.html?_ssn=...,True,False,False,,,2026-06-29T00:40:36.456Z,Sports Cards,trading cards,promotions; marketplace link,An eBay link is shared in the chat.,medium,youtube_live:F13yNlNDTvY:393
394,F13yNlNDTvY,https://www.youtube.com/watch?v=F13yNlNDTvY,6/28 Discord Breaks! (eBay Returns Wed),Cams Cards,replay,message,1:02:36,@camscards12,https://www.ebay.com/sch/i.html?_ssn=...,True,False,False,,,2026-06-29T00:40:36.750Z,Sports Cards,trading cards,promotions; marketplace link,A user or bot drops an eBay URL in the stream chat.,medium,youtube_live:F13yNlNDTvY:394
395,F13yNlNDTvY,https://www.youtube.com/watch?v=F13yNlNDTvY,6/28 Discord Breaks! (eBay Returns Wed),Cams Cards,replay,message,1:02:36,@nightbot,Cams Cards does PSA Submission Service! Check it out! We would LOVE to grade your cards! https://docs.google.com/document/d/1q...,False,True,False,,,2026-06-29T00:40:37.261Z,Sports Cards,trading cards,card grading; promotions,A message advertises Cam's Cards PSA card grading submission service with a link.,high,youtube_live:F13yNlNDTvY:395
396,F13yNlNDTvY,https://www.youtube.com/watch?v=F13yNlNDTvY,6/28 Discord Breaks! (eBay Returns Wed),Cams Cards,replay,message,1:06:51,@camscards12,https://www.ebay.com/sch/i.html?_ssn=...,True,False,False,,,2026-06-29T00:44:51.856Z,Sports Cards,sports cards,promotions; marketplace link,A chat user shared an eBay store link in the livestream chat.,medium,youtube_live:F13yNlNDTvY:396
397,F13yNlNDTvY,https://www.youtube.com/watch?v=F13yNlNDTvY,6/28 Discord Breaks! (eBay Returns Wed),Cams Cards,replay,message,1:06:51,@camscards12,https://www.ebay.com/sch/i.html?_ssn=...,True,False,False,,,2026-06-29T00:44:52.255Z,Sports Cards,sports cards,promotions; marketplace link,A chat user shared an eBay link in the chat.,medium,youtube_live:F13yNlNDTvY:397
398,F13yNlNDTvY,https://www.youtube.com/watch?v=F13yNlNDTvY,6/28 Discord Breaks! (eBay Returns Wed),Cams Cards,replay,message,1:06:51,@camscards12,https://www.ebay.com/sch/i.html?_ssn=...,True,False,False,,,2026-06-29T00:44:52.551Z,Sports Cards,sports cards,promotions; marketplace link,An eBay link was posted in the livestream chat.,medium,youtube_live:F13yNlNDTvY:398
399,F13yNlNDTvY,https://www.youtube.com/watch?v=F13yNlNDTvY,6/28 Discord Breaks! (eBay Returns Wed),Cams Cards,replay,message,1:07:15,@nightbot,We have more amazing breaks and giveaways again tomorrow or even tonight!! Maybe theres a giveaway if you click the link! Check em out! https://www.ebay.com/sch/i.html?_ssn=...,False,True,False,,,2026-06-29T00:45:15.633Z,Sports Cards,box breaks,promotions; giveaways,"The stream announced upcoming breaks, giveaways, and shared an eBay link.",high,youtube_live:F13yNlNDTvY:399
400,F13yNlNDTvY,https://www.youtube.com/watch?v=F13yNlNDTvY,6/28 Discord Breaks! (eBay Returns Wed),Cams Cards,replay,message,1:07:32,@nightbot,Cams Cards is proud to have partnered with the greatest one touch in the hobby. Cam is able to offer Zion Mag One Touches CHEAPER than from Zions website.$4 for 35 PT$5 for 135 PTContact cam in the ch,False,True,False,,,2026-06-29T00:45:32.766Z,Sports Cards,card supplies,sponsorship; pricing,Cams Cards advertised discounted Zion Mag One Touch cases for sale.,high,youtube_live:F13yNlNDTvY:400
401,F13yNlNDTvY,https://www.youtube.com/watch?v=F13yNlNDTvY,6/28 Discord Breaks! (eBay Returns Wed),Cams Cards,replay,message,1:08:24,@TheDemonicInfidel,pirates,False,False,False,,,2026-06-29T00:46:25.146Z,Sports Cards,baseball cards,team selection,A user typed 'pirates' in the chat during a sports card break stream.,medium,youtube_live:F13yNlNDTvY:401
402,F13yNlNDTvY,https://www.youtube.com/watch?v=F13yNlNDTvY,6/28 Discord Breaks! (eBay Returns Wed),Cams Cards,replay,message,1:08:29,@SeanMcRory,Rockies,False,False,False,,,2026-06-29T00:46:29.985Z,Sports Cards,baseball cards,team selection,A user called out 'Rockies' in the break chat.,medium,youtube_live:F13yNlNDTvY:402
403,F13yNlNDTvY,https://www.youtube.com/watch?v=F13yNlNDTvY,6/28 Discord Breaks! (eBay Returns Wed),Cams Cards,replay,message,1:08:32,@brandonfivecoat22,Mariners,False,False,False,,,2026-06-29T00:46:33.546Z,Sports Cards,baseball cards,team selection,A user named 'Mariners' in the livestream chat.,medium,youtube_live:F13yNlNDTvY:403
404,F13yNlNDTvY,https://www.youtube.com/watch?v=F13yNlNDTvY,6/28 Discord Breaks! (eBay Returns Wed),Cams Cards,replay,message,1:08:33,@ethanstout7690,Brewers ,False,False,False,,,2026-06-29T00:46:33.986Z,Sports Cards,baseball cards,team selection,A viewer commented 'Brewers' during the stream.,medium,youtube_live:F13yNlNDTvY:404
405,F13yNlNDTvY,https://www.youtube.com/watch?v=F13yNlNDTvY,6/28 Discord Breaks! (eBay Returns Wed),Cams Cards,replay,message,1:08:35,@Averagesloppyjoe320,Red Sox ,False,False,False,,,2026-06-29T00:46:36.437Z,Sports Cards,baseball cards,team selection,A user entered 'Red Sox' in the chat.,medium,youtube_live:F13yNlNDTvY:405
406,F13yNlNDTvY,https://www.youtube.com/watch?v=F13yNlNDTvY,6/28 Discord Breaks! (eBay Returns Wed),Cams Cards,replay,message,1:08:39,@travistbaughn,Royals ,False,False,False,,,2026-06-29T00:46:40.564Z,Sports Cards,Baseball Cards,Box Break; Team Claim,A viewer mentions the Royals during a sports cards live stream break.,high,youtube_live:F13yNlNDTvY:406
407,F13yNlNDTvY,https://www.youtube.com/watch?v=F13yNlNDTvY,6/28 Discord Breaks! (eBay Returns Wed),Cams Cards,replay,message,1:08:49,@BradyO99,cards,False,False,False,,,2026-06-29T00:46:49.860Z,Sports Cards,Sports Trading Cards,General Chat,A user messages 'cards' in the livestream chat.,medium,youtube_live:F13yNlNDTvY:407
408,F13yNlNDTvY,https://www.youtube.com/watch?v=F13yNlNDTvY,6/28 Discord Breaks! (eBay Returns Wed),Cams Cards,replay,message,1:08:50,@GunitBronco,Rockies # Pirates,False,False,False,,,2026-06-29T00:46:51.272Z,Sports Cards,Baseball Cards,Box Break; Team Claim,A user lists the Rockies and Pirates during the card break stream.,high,youtube_live:F13yNlNDTvY:408
409,F13yNlNDTvY,https://www.youtube.com/watch?v=F13yNlNDTvY,6/28 Discord Breaks! (eBay Returns Wed),Cams Cards,replay,message,1:08:51,@travistbaughn,"Royals, Astros ",False,False,False,,,2026-06-29T00:46:52.180Z,Sports Cards,Baseball Cards,Box Break; Team Claim,A chatter calls out the Royals and Astros during a card break.,high,youtube_live:F13yNlNDTvY:409
410,F13yNlNDTvY,https://www.youtube.com/watch?v=F13yNlNDTvY,6/28 Discord Breaks! (eBay Returns Wed),Cams Cards,replay,message,1:09:05,@ChaseJohnson25,Guardians ,False,False,False,,,2026-06-29T00:47:06.426Z,Sports Cards,Baseball Cards,Box Break; Team Claim,A viewer names the Guardians in the livestream chat.,high,youtube_live:F13yNlNDTvY:410
411,F13yNlNDTvY,https://www.youtube.com/watch?v=F13yNlNDTvY,6/28 Discord Breaks! (eBay Returns Wed),Cams Cards,replay,message,1:09:13,@travistbaughn,Just do it guys Cam won’t check ,False,False,False,,,2026-06-29T00:47:14.263Z,Sports Cards,Sports Trading Cards,Live Stream Chat,A viewer jokes that Cam will not check if viewers proceed.,medium,youtube_live:F13yNlNDTvY:411
412,F13yNlNDTvY,https://www.youtube.com/watch?v=F13yNlNDTvY,6/28 Discord Breaks! (eBay Returns Wed),Cams Cards,replay,message,1:09:23,@SeanMcRory,Rockies #Dodgers,False,False,False,,,2026-06-29T00:47:23.980Z,Sports Cards,Baseball Cards,Box Break; Team Claim,A viewer lists the Rockies and Dodgers in the chat.,high,youtube_live:F13yNlNDTvY:412
413,F13yNlNDTvY,https://www.youtube.com/watch?v=F13yNlNDTvY,6/28 Discord Breaks! (eBay Returns Wed),Cams Cards,replay,message,1:09:43,@defoley5,I can only do 3,False,False,False,,,2026-06-29T00:47:44.157Z,Sports Cards,Sports Trading Cards,Live Stream Chat,A user states that they can only do three.,low,youtube_live:F13yNlNDTvY:413
414,F13yNlNDTvY,https://www.youtube.com/watch?v=F13yNlNDTvY,6/28 Discord Breaks! (eBay Returns Wed),Cams Cards,replay,message,1:09:59,@defoley5,Angels,False,False,False,,,2026-06-29T00:48:00.617Z,Sports Cards,Baseball Cards,Box Break; Team Claim,A user posts 'Angels' in the livestream chat.,high,youtube_live:F13yNlNDTvY:414
415,F13yNlNDTvY,https://www.youtube.com/watch?v=F13yNlNDTvY,6/28 Discord Breaks! (eBay Returns Wed),Cams Cards,replay,message,1:11:24,@travistbaughn,Hey Scout what are some stats on Carter Jensen this year. He legit? Better than Salvy?,False,False,False,,,2026-06-29T00:49:24.737Z,Sports Cards,Baseball Cards,Player Discussion; Player Evaluation,A chatter asks about Carter Jensen's stats and compares him to Salvador Perez.,high,youtube_live:F13yNlNDTvY:415
416,F13yNlNDTvY,https://www.youtube.com/watch?v=F13yNlNDTvY,6/28 Discord Breaks! (eBay Returns Wed),Cams Cards,replay,message,1:11:42,@camscards12,":joker: @@travistbaughn @travistbaughn — great question! The torch is being passed in KC! :fire:Jensen in 2026: .323 wOBA, 90.9 avg exit velo, 43% hard hit rate — for a 22-year-old, that's legit.",True,False,False,,,2026-06-29T00:49:43.427Z,Sports Cards,Baseball Cards,Player Performance,A chatter discusses Jensen's strong projected hitting performance and advanced metrics in Kansas City.,medium,youtube_live:F13yNlNDTvY:416
417,F13yNlNDTvY,https://www.youtube.com/watch?v=F13yNlNDTvY,6/28 Discord Breaks! (eBay Returns Wed),Cams Cards,replay,message,1:11:45,@camscards12,"↳ He hit .333/.393/.608 with 13 RBI in his first 20 MLB games last year, so the kid can RAKE.",True,False,False,,,2026-06-29T00:49:45.969Z,Sports Cards,Baseball Cards,Player Performance,A chatter shares batting statistics from Jensen's initial 20 MLB games to highlight his hitting ability.,medium,youtube_live:F13yNlNDTvY:417
418,F13yNlNDTvY,https://www.youtube.com/watch?v=F13yNlNDTvY,6/28 Discord Breaks! (eBay Returns Wed),Cams Cards,replay,message,1:11:47,@camscards12,"↳ Meanwhile Salvy is sitting at .199 AVG, 10 HR, 30 RBI in 2026 and his wOBA is just .249 vs Jensen's .323. The advanced metrics say Jensen IS the better hitter right now.",True,False,False,,,2026-06-29T00:49:48.482Z,Sports Cards,Baseball Cards,Player Performance,"A chatter compares Salvy's batting metrics to Jensen's, arguing Jensen is currently the better hitter.",medium,youtube_live:F13yNlNDTvY:418
419,F13yNlNDTvY,https://www.youtube.com/watch?v=F13yNlNDTvY,6/28 Discord Breaks! (eBay Returns Wed),Cams Cards,replay,message,1:11:50,@camscards12,↳ Salvy's a future HOFer but Father Time is knocking. Jensen's RC card is a BUY! :eyes:,True,False,False,,,2026-06-29T00:49:51.075Z,Sports Cards,Baseball Cards,Buying Advice,A chatter states that Jensen's rookie card is a buy as Salvy ages.,high,youtube_live:F13yNlNDTvY:419
420,F13yNlNDTvY,https://www.youtube.com/watch?v=F13yNlNDTvY,6/28 Discord Breaks! (eBay Returns Wed),Cams Cards,replay,message,1:12:11,@nightbot,Click the link to check out everything Cam's Cards! You wont regret it! (I had to automate this so everyone gets the chance to join the greatest card fam ever!) #camfam https://linktr.ee/camscards,False,True,False,,,2026-06-29T00:50:12.043Z,Sports Cards,Sports Cards,Channel Promotion,An automated message promotes Cam's Cards links and community.,high,youtube_live:F13yNlNDTvY:420
421,F13yNlNDTvY,https://www.youtube.com/watch?v=F13yNlNDTvY,6/28 Discord Breaks! (eBay Returns Wed),Cams Cards,replay,message,1:12:23,@nightbot,"WE SELL TOP LOADERS!!! $3 for a standard pack of 25! $4 for a 130pt 10 count pack!Cheaper than Amazon, Walmart, Ultra pro!Please let me know if interested!",False,True,False,,,2026-06-29T00:50:24.516Z,Sports Cards,Card Supplies,Item Pricing,A user advertises selling standard and 130pt top loaders at lower prices than major retailers.,high,youtube_live:F13yNlNDTvY:421
422,F13yNlNDTvY,https://www.youtube.com/watch?v=F13yNlNDTvY,6/28 Discord Breaks! (eBay Returns Wed),Cams Cards,replay,message,1:12:25,@travistbaughn,Scout what’s your thoughts on Salvy being a HOFer? Any chance?,False,False,False,,,2026-06-29T00:50:25.949Z,Sports Cards,Baseball Cards,Hall of Fame,A viewer asks for thoughts on whether Salvy has a chance at making the Hall of Fame.,medium,youtube_live:F13yNlNDTvY:422
423,F13yNlNDTvY,https://www.youtube.com/watch?v=F13yNlNDTvY,6/28 Discord Breaks! (eBay Returns Wed),Cams Cards,replay,message,1:12:35,@SeanMcRory,:collision::collision::collision::collision: free pack?:collision::collision:,False,False,False,,,2026-06-29T00:50:36.255Z,Sports Cards,Card Packs,Giveaway,A viewer asks if there is a free pack.,medium,youtube_live:F13yNlNDTvY:423
424,F13yNlNDTvY,https://www.youtube.com/watch?v=F13yNlNDTvY,6/28 Discord Breaks! (eBay Returns Wed),Cams Cards,replay,message,1:12:44,@camscards12,:joker: @@travistbaughn @travistbaughn — great debate topic!,True,False,False,,,2026-06-29T00:50:45.514Z,Sports Cards,Baseball Cards,General Chat,A chatter remarks that the ongoing discussion is a great debate topic.,low,youtube_live:F13yNlNDTvY:424
425,F13yNlNDTvY,https://www.youtube.com/watch?v=F13yNlNDTvY,6/28 Discord Breaks! (eBay Returns Wed),Cams Cards,replay,message,1:12:47,@camscards12,"↳ Here's the real talk on Salvy's HOF case :backhand_index_pointing_down:The resume is LEGIT: 9x All-Star, multiple Gold Gloves & Silver Sluggers, World Series MVP, and he broke Johnny Bench's 51-year-old record for home run...",True,False,False,,,2026-06-29T00:50:47.877Z,Sports Cards,Baseball Cards,Hall of Fame,A chatter outlines Salvy's career accolades and records in support of his Hall of Fame case.,medium,youtube_live:F13yNlNDTvY:425
426,F13yNlNDTvY,https://www.youtube.com/watch?v=F13yNlNDTvY,6/28 Discord Breaks! (eBay Returns Wed),Cams Cards,replay,message,1:12:48,@camscards12,↳ That's Cooperstown-worthy stuff on paper!,True,False,False,,,2026-06-29T00:50:48.972Z,Sports Cards,Baseball,Hall of Fame discussion,A viewer comments that certain stats look Hall of Fame-worthy on paper.,medium,youtube_live:F13yNlNDTvY:426
427,F13yNlNDTvY,https://www.youtube.com/watch?v=F13yNlNDTvY,6/28 Discord Breaks! (eBay Returns Wed),Cams Cards,replay,message,1:12:50,@camscards12,↳ BUT — the analytics are the problem.,True,False,False,,,2026-06-29T00:50:51.489Z,Sports Cards,Baseball,Player performance analytics,A chatter points out that analytics are an issue for the player being discussed.,medium,youtube_live:F13yNlNDTvY:427
428,F13yNlNDTvY,https://www.youtube.com/watch?v=F13yNlNDTvY,6/28 Discord Breaks! (eBay Returns Wed),Cams Cards,replay,message,1:12:53,@camscards12,"↳ His career WAR sits around 34.9, which places him 30th all-time among catchers, and his plate discipline has been a real flaw — averaging ~123 strikeouts a season with only ~25 walks, and finishi...",True,False,False,,,2026-06-29T00:50:53.852Z,Sports Cards,Baseball,Player stats,"A user details a catcher's career WAR, strikeouts, and poor plate discipline statistics.",high,youtube_live:F13yNlNDTvY:428
429,F13yNlNDTvY,https://www.youtube.com/watch?v=F13yNlNDTvY,6/28 Discord Breaks! (eBay Returns Wed),Cams Cards,replay,message,1:12:56,@camscards12,"↳ Nearly impossible. Joe Mauer is the only catcher to debut since 2000 and reach Cooperstown. Salvy's on the bubble — legendary Royal, but Cooperstown is a real uphill battle.",True,False,False,,,2026-06-29T00:50:56.685Z,Sports Cards,Baseball,Hall of Fame discussion,A chatter argues Cooperstown is an uphill battle for Salvador Perez compared to Joe Mauer.,high,youtube_live:F13yNlNDTvY:429
430,F13yNlNDTvY,https://www.youtube.com/watch?v=F13yNlNDTvY,6/28 Discord Breaks! (eBay Returns Wed),Cams Cards,replay,message,1:12:58,@camscards12,↳ His cards are a fun long-term hold IF he gets in! :trophy:,True,False,False,,,2026-06-29T00:50:59.029Z,Sports Cards,Baseball Cards,Card investing,A viewer notes a player's cards are a fun long-term hold if he makes the Hall of Fame.,high,youtube_live:F13yNlNDTvY:430
431,F13yNlNDTvY,https://www.youtube.com/watch?v=F13yNlNDTvY,6/28 Discord Breaks! (eBay Returns Wed),Cams Cards,replay,message,1:13:10,@SeanMcRory,No volume so just following the lead,False,False,False,,,2026-06-29T00:51:11.307Z,Sports Cards,Card breaks,Livestream chat,A chatter says they have no audio volume and are just following along in the stream.,low,youtube_live:F13yNlNDTvY:431
432,F13yNlNDTvY,https://www.youtube.com/watch?v=F13yNlNDTvY,6/28 Discord Breaks! (eBay Returns Wed),Cams Cards,replay,message,1:14:00,@SeanMcRory,Thank you sir,False,False,False,,,2026-06-29T00:52:01.291Z,Sports Cards,Card breaks,Livestream chat,A viewer says 'Thank you sir' in the break stream chat.,low,youtube_live:F13yNlNDTvY:432
433,F13yNlNDTvY,https://www.youtube.com/watch?v=F13yNlNDTvY,6/28 Discord Breaks! (eBay Returns Wed),Cams Cards,replay,message,1:14:38,@travistbaughn,Also the guy is just so likeable lol,False,False,False,,,2026-06-29T00:52:38.786Z,Sports Cards,Baseball,Player discussion,A chatter mentions that the player being discussed is very likeable.,medium,youtube_live:F13yNlNDTvY:433
434,F13yNlNDTvY,https://www.youtube.com/watch?v=F13yNlNDTvY,6/28 Discord Breaks! (eBay Returns Wed),Cams Cards,replay,message,1:15:07,@defoley5,I pulled the rails and sails othani ,False,False,False,,,2026-06-29T00:53:08.013Z,Sports Cards,Baseball Cards,Card pulls,A chatter shares that they pulled a Shohei Ohtani card.,high,youtube_live:F13yNlNDTvY:434
435,F13yNlNDTvY,https://www.youtube.com/watch?v=F13yNlNDTvY,6/28 Discord Breaks! (eBay Returns Wed),Cams Cards,replay,message,1:15:18,@travistbaughn,Love TCP,False,False,False,,,2026-06-29T00:53:18.716Z,Unclear,Acronyms,Viewer sentiment,A viewer states love for 'TCP' without further clarifying context.,low,youtube_live:F13yNlNDTvY:435
436,F13yNlNDTvY,https://www.youtube.com/watch?v=F13yNlNDTvY,6/28 Discord Breaks! (eBay Returns Wed),Cams Cards,replay,message,1:15:44,@travistbaughn,One of the few boxes that feels like every card needs a top loader,False,False,False,,,2026-06-29T00:53:44.844Z,Sports Cards,trading card supplies; sports cards,card protection; product quality,A viewer comments that every card from this particular box feels like it requires a top loader.,high,youtube_live:F13yNlNDTvY:436
437,F13yNlNDTvY,https://www.youtube.com/watch?v=F13yNlNDTvY,6/28 Discord Breaks! (eBay Returns Wed),Cams Cards,replay,message,1:17:07,@brandonfivecoat22,B,False,False,False,,,2026-06-29T00:55:07.882Z,Sports Cards,sports card breaks,stream chat; voting,A chatter inputs the letter 'B' during a sports cards livestream.,low,youtube_live:F13yNlNDTvY:437
438,F13yNlNDTvY,https://www.youtube.com/watch?v=F13yNlNDTvY,6/28 Discord Breaks! (eBay Returns Wed),Cams Cards,replay,message,1:17:14,@ethanstout7690,B,False,False,False,,,2026-06-29T00:55:15.525Z,Sports Cards,sports card breaks,stream chat; voting,A user sends 'B' in the live chat during a sports cards break stream.,low,youtube_live:F13yNlNDTvY:438
439,F13yNlNDTvY,https://www.youtube.com/watch?v=F13yNlNDTvY,6/28 Discord Breaks! (eBay Returns Wed),Cams Cards,replay,message,1:17:18,@travistbaughn,B,False,False,False,,,2026-06-29T00:55:19.015Z,Sports Cards,sports card breaks,stream chat; voting,A viewer posts 'B' into the livestream chat.,low,youtube_live:F13yNlNDTvY:439
440,F13yNlNDTvY,https://www.youtube.com/watch?v=F13yNlNDTvY,6/28 Discord Breaks! (eBay Returns Wed),Cams Cards,replay,message,1:19:02,@brandonfivecoat22,Broncos,False,False,False,,,2026-06-29T00:57:03.589Z,Sports Cards,football cards; sports card breaks,team selection; NFL,A chatter names the Broncos during a card break livestream.,high,youtube_live:F13yNlNDTvY:440
441,F13yNlNDTvY,https://www.youtube.com/watch?v=F13yNlNDTvY,6/28 Discord Breaks! (eBay Returns Wed),Cams Cards,replay,message,1:19:07,@RonWilliams-r2u2h,bears,False,False,False,,,2026-06-29T00:57:08.036Z,Sports Cards,football cards; sports card breaks,team selection; NFL,A viewer submits 'bears' in the livestream chat.,high,youtube_live:F13yNlNDTvY:441
442,F13yNlNDTvY,https://www.youtube.com/watch?v=F13yNlNDTvY,6/28 Discord Breaks! (eBay Returns Wed),Cams Cards,replay,message,1:19:11,@Averagesloppyjoe320,Giants,False,False,False,,,2026-06-29T00:57:12.271Z,Sports Cards,football cards; sports card breaks,team selection,A user mentions 'Giants' in the livestream chat.,high,youtube_live:F13yNlNDTvY:442
443,F13yNlNDTvY,https://www.youtube.com/watch?v=F13yNlNDTvY,6/28 Discord Breaks! (eBay Returns Wed),Cams Cards,replay,message,1:19:12,@defoley5,Panthers ,False,False,False,,,2026-06-29T00:57:13.148Z,Sports Cards,football cards; sports card breaks,team selection; NFL,A viewer posts 'Panthers' in the sports cards live chat.,high,youtube_live:F13yNlNDTvY:443
444,F13yNlNDTvY,https://www.youtube.com/watch?v=F13yNlNDTvY,6/28 Discord Breaks! (eBay Returns Wed),Cams Cards,replay,message,1:19:14,@ethanstout7690,Commanders ,False,False,False,,,2026-06-29T00:57:15.546Z,Sports Cards,football cards; sports card breaks,team selection; NFL,A chatter types 'Commanders' in the livestream chat.,high,youtube_live:F13yNlNDTvY:444
445,F13yNlNDTvY,https://www.youtube.com/watch?v=F13yNlNDTvY,6/28 Discord Breaks! (eBay Returns Wed),Cams Cards,replay,message,1:19:21,@ChaseJohnson25,Patriots ,False,False,False,,,2026-06-29T00:57:21.725Z,Sports Cards,football cards; sports card breaks,team selection; NFL,A viewer inputs 'Patriots' in the sports cards livestream chat.,high,youtube_live:F13yNlNDTvY:445
446,F13yNlNDTvY,https://www.youtube.com/watch?v=F13yNlNDTvY,6/28 Discord Breaks! (eBay Returns Wed),Cams Cards,replay,message,1:19:21,@travistbaughn,Bears commanders ,False,False,False,,,2026-06-29T00:57:21.823Z,Sports Cards,Football Cards,Box Breaks; Team Selection,A viewer mentions the Bears and Commanders during a sports card stream.,medium,youtube_live:F13yNlNDTvY:446
447,F13yNlNDTvY,https://www.youtube.com/watch?v=F13yNlNDTvY,6/28 Discord Breaks! (eBay Returns Wed),Cams Cards,replay,message,1:20:20,@TheDemonicInfidel,triple threads,False,False,False,,,2026-06-29T00:58:21.136Z,Sports Cards,Sports Cards,Product Line; Box Breaks,A viewer mentions the product line Triple Threads in chat.,high,youtube_live:F13yNlNDTvY:447
448,F13yNlNDTvY,https://www.youtube.com/watch?v=F13yNlNDTvY,6/28 Discord Breaks! (eBay Returns Wed),Cams Cards,replay,message,1:20:34,@GunitBronco,If others wanna go big I’ll go big!,False,False,False,,,2026-06-29T00:58:34.960Z,Sports Cards,Sports Cards,Bidding; Box Breaks,A user expresses willingness to bid high if others do as well.,medium,youtube_live:F13yNlNDTvY:448
449,F13yNlNDTvY,https://www.youtube.com/watch?v=F13yNlNDTvY,6/28 Discord Breaks! (eBay Returns Wed),Cams Cards,replay,message,1:21:36,@defoley5,Need more points ,False,False,False,,,2026-06-29T00:59:36.917Z,Sports Cards,Sports Cards,Loyalty Program; Points,A user states that they need more points.,low,youtube_live:F13yNlNDTvY:449
450,F13yNlNDTvY,https://www.youtube.com/watch?v=F13yNlNDTvY,6/28 Discord Breaks! (eBay Returns Wed),Cams Cards,replay,message,1:22:21,@nightbot,Click the link to check out everything Cam's Cards! You wont regret it! (I had to automate this so everyone gets the chance to join the greatest card fam ever!) #camfam https://linktr.ee/camscards,False,True,False,,,2026-06-29T01:00:22.400Z,Sports Cards,Sports Cards,Self-Promotion; Social Links,An automated message promotes links to Cam's Cards community and content.,high,youtube_live:F13yNlNDTvY:450
451,F13yNlNDTvY,https://www.youtube.com/watch?v=F13yNlNDTvY,6/28 Discord Breaks! (eBay Returns Wed),Cams Cards,replay,message,1:22:21,@travistbaughn,Cam who’s your favorite boomer sooner ever ,False,False,False,,,2026-06-29T01:00:22.572Z,Sports Cards,College Sports,Favorite Athlete; Chat Interaction,A viewer asks Cam who his favorite Oklahoma Sooners athlete is.,high,youtube_live:F13yNlNDTvY:451
452,F13yNlNDTvY,https://www.youtube.com/watch?v=F13yNlNDTvY,6/28 Discord Breaks! (eBay Returns Wed),Cams Cards,replay,message,1:22:39,@nightbot,We have more amazing breaks and giveaways again tomorrow or even tonight!! Maybe theres a giveaway if you click the link! Check em out! https://www.ebay.com/sch/i.html?_ssn=...,False,True,False,,,2026-06-29T01:00:40.407Z,Sports Cards,Sports Cards,Box Breaks; Promotions,"The channel promotes upcoming breaks, giveaways, and an eBay link.",high,youtube_live:F13yNlNDTvY:452
453,F13yNlNDTvY,https://www.youtube.com/watch?v=F13yNlNDTvY,6/28 Discord Breaks! (eBay Returns Wed),Cams Cards,replay,message,1:23:00,@nightbot,Cams Cards does PSA Submission Service! Check it out! We would LOVE to grade your cards! https://docs.google.com/document/d/1q...,False,True,False,,,2026-06-29T01:01:00.747Z,Sports Cards,Sports Cards,Card Grading; Submission Service,Cam's Cards advertises their PSA card grading submission service.,high,youtube_live:F13yNlNDTvY:453
454,F13yNlNDTvY,https://www.youtube.com/watch?v=F13yNlNDTvY,6/28 Discord Breaks! (eBay Returns Wed),Cams Cards,replay,message,1:23:14,@nightbot,"WE SELL TOP LOADERS!!! $3 for a standard pack of 25! $4 for a 130pt 10 count pack!Cheaper than Amazon, Walmart, Ultra pro!Please let me know if interested!",False,True,False,,,2026-06-29T01:01:14.925Z,Sports Cards,Card Supplies,Toploaders; Pricing,A chat message advertises toploader packs with pricing compared to retailers.,high,youtube_live:F13yNlNDTvY:454
455,F13yNlNDTvY,https://www.youtube.com/watch?v=F13yNlNDTvY,6/28 Discord Breaks! (eBay Returns Wed),Cams Cards,replay,message,1:23:32,@nightbot,Cams Cards is proud to have partnered with the greatest one touch in the hobby. Cam is able to offer Zion Mag One Touches CHEAPER than from Zions website.$4 for 35 PT$5 for 135 PTContact cam in the ch,False,True,False,,,2026-06-29T01:01:32.684Z,Sports Cards,Card Supplies,One-Touch Holders; Pricing,Cam's Cards promotes a partnership offering discounted Zion Mag one-touch holders.,high,youtube_live:F13yNlNDTvY:455
456,F13yNlNDTvY,https://www.youtube.com/watch?v=F13yNlNDTvY,6/28 Discord Breaks! (eBay Returns Wed),Cams Cards,replay,message,1:24:40,@defoley5,"You ever see that old show about the NFL, Playmakers, it hit so hard the NFL killed it",False,False,False,,,2026-06-29T01:02:41.264Z,Other / emerging,Television,NFL TV show,"A viewer mentions the old NFL-related TV show Playmakers, claiming the NFL had it cancelled.",high,youtube_live:F13yNlNDTvY:456
457,F13yNlNDTvY,https://www.youtube.com/watch?v=F13yNlNDTvY,6/28 Discord Breaks! (eBay Returns Wed),Cams Cards,replay,message,1:27:54,@defoley5,Marlins,False,False,False,,,2026-06-29T01:05:54.899Z,Sports Cards,Baseball Cards,Team breaks,A user names the Marlins during a live card break stream.,medium,youtube_live:F13yNlNDTvY:457
458,F13yNlNDTvY,https://www.youtube.com/watch?v=F13yNlNDTvY,6/28 Discord Breaks! (eBay Returns Wed),Cams Cards,replay,message,1:28:02,@brandonfivecoat22,Mariners,False,False,False,,,2026-06-29T01:06:03.210Z,Sports Cards,Baseball Cards,Team breaks,A user names the Mariners in the break chat.,medium,youtube_live:F13yNlNDTvY:458
459,F13yNlNDTvY,https://www.youtube.com/watch?v=F13yNlNDTvY,6/28 Discord Breaks! (eBay Returns Wed),Cams Cards,replay,message,1:28:03,@travistbaughn,Royals Astros ,False,False,False,,,2026-06-29T01:06:04.026Z,Sports Cards,Baseball Cards,Team breaks,A user lists the Royals and Astros during the card break stream.,medium,youtube_live:F13yNlNDTvY:459
460,F13yNlNDTvY,https://www.youtube.com/watch?v=F13yNlNDTvY,6/28 Discord Breaks! (eBay Returns Wed),Cams Cards,replay,message,1:28:04,@RonWilliams-r2u2h,cards,False,False,False,,,2026-06-29T01:06:05.535Z,Sports Cards,Trading Cards,Team breaks,A user sends the single word 'cards' in the livestream chat.,low,youtube_live:F13yNlNDTvY:460
461,F13yNlNDTvY,https://www.youtube.com/watch?v=F13yNlNDTvY,6/28 Discord Breaks! (eBay Returns Wed),Cams Cards,replay,message,1:28:06,@ChaseJohnson25,Twins ,False,False,False,,,2026-06-29T01:06:07.467Z,Sports Cards,Baseball Cards,Team breaks,A viewer posts 'Twins' in the card break stream chat.,medium,youtube_live:F13yNlNDTvY:461
462,F13yNlNDTvY,https://www.youtube.com/watch?v=F13yNlNDTvY,6/28 Discord Breaks! (eBay Returns Wed),Cams Cards,replay,message,1:28:09,@TheDemonicInfidel,yankees,False,False,False,,,2026-06-29T01:06:10.553Z,Sports Cards,Baseball Cards,Team breaks,A viewer mentions the Yankees in the break stream chat.,medium,youtube_live:F13yNlNDTvY:462
463,F13yNlNDTvY,https://www.youtube.com/watch?v=F13yNlNDTvY,6/28 Discord Breaks! (eBay Returns Wed),Cams Cards,replay,message,1:28:16,@Averagesloppyjoe320,Red Sox ,False,False,False,,,2026-06-29T01:06:17.073Z,Sports Cards,Baseball Cards,Team breaks,A user calls out the Red Sox during the stream.,medium,youtube_live:F13yNlNDTvY:463
464,F13yNlNDTvY,https://www.youtube.com/watch?v=F13yNlNDTvY,6/28 Discord Breaks! (eBay Returns Wed),Cams Cards,replay,message,1:28:26,@ethanstout7690,Rockies,False,False,False,,,2026-06-29T01:06:27.065Z,Sports Cards,Baseball Cards,Team breaks,A user mentions the Rockies in the live break chat.,medium,youtube_live:F13yNlNDTvY:464
465,ojbDMXmv-OY,https://www.youtube.com/watch?v=ojbDMXmv-OY,🔥 Triple Header Break Night B#2103/#2105/2107 NOW LIVE! 🔥,Flying V Sports Cards & Breaks,replay,system,0:00,,Live chat replay is on. Messages that appeared when the stream was live will show up here.,False,False,False,,,2026-09-25T17:05:43.511Z,Unclear,,excluded system,Source system event; excluded from audience evidence.,low,youtube_live:ojbDMXmv-OY:465
466,ojbDMXmv-OY,https://www.youtube.com/watch?v=ojbDMXmv-OY,🔥 Triple Header Break Night B#2103/#2105/2107 NOW LIVE! 🔥,Flying V Sports Cards & Breaks,replay,message,4:39,@ChrisSheather,"Let’s go! I’m up for now Mike, I’ll try to make it ! ",False,False,False,,,2026-09-25T03:05:32.368Z,Sports Cards,Sports card breaks,Stream attendance,A viewer states they are currently awake and will try to make the stream.,medium,youtube_live:ojbDMXmv-OY:466
467,ojbDMXmv-OY,https://www.youtube.com/watch?v=ojbDMXmv-OY,🔥 Triple Header Break Night B#2103/#2105/2107 NOW LIVE! 🔥,Flying V Sports Cards & Breaks,replay,system,5:34,,,False,False,False,,,2026-09-25T03:06:26.737Z,Unclear,,excluded system,Source system event; excluded from audience evidence.,low,youtube_live:ojbDMXmv-OY:467
468,ojbDMXmv-OY,https://www.youtube.com/watch?v=ojbDMXmv-OY,🔥 Triple Header Break Night B#2103/#2105/2107 NOW LIVE! 🔥,Flying V Sports Cards & Breaks,replay,message,11:07,@rpodelecable,18,False,False,False,,,2026-09-25T03:12:00.147Z,Sports Cards,Sports card breaks,Stream participation,A user posts the number 18 in the stream chat.,low,youtube_live:ojbDMXmv-OY:468
469,ojbDMXmv-OY,https://www.youtube.com/watch?v=ojbDMXmv-OY,🔥 Triple Header Break Night B#2103/#2105/2107 NOW LIVE! 🔥,Flying V Sports Cards & Breaks,replay,message,14:12,@ChrisSheather,Beauty Roy ,False,False,False,,,2026-09-25T03:15:05.645Z,Sports Cards,Sports card breaks,Card pull reaction,A chatter compliments a Roy card pull as a beauty.,medium,youtube_live:ojbDMXmv-OY:469
470,ojbDMXmv-OY,https://www.youtube.com/watch?v=ojbDMXmv-OY,🔥 Triple Header Break Night B#2103/#2105/2107 NOW LIVE! 🔥,Flying V Sports Cards & Breaks,replay,message,25:15,@ChrisSheather,Having luck in minis is an unreal feeling haha ,False,False,False,,,2026-09-25T03:26:08.184Z,Sports Cards,Sports card breaks,Mini box luck,A user remarks that having luck in mini breaks feels unreal.,high,youtube_live:ojbDMXmv-OY:470
471,ojbDMXmv-OY,https://www.youtube.com/watch?v=ojbDMXmv-OY,🔥 Triple Header Break Night B#2103/#2105/2107 NOW LIVE! 🔥,Flying V Sports Cards & Breaks,replay,message,25:52,@ChrisSheather,Like wow it was actually me ,False,False,False,,,2026-09-25T03:26:45.685Z,Sports Cards,Sports card breaks,Break win reaction,A chatter expresses disbelief at winning in the break.,medium,youtube_live:ojbDMXmv-OY:471
472,ojbDMXmv-OY,https://www.youtube.com/watch?v=ojbDMXmv-OY,🔥 Triple Header Break Night B#2103/#2105/2107 NOW LIVE! 🔥,Flying V Sports Cards & Breaks,replay,message,26:05,@ChrisSheather,Well done folks and good luck !!,False,False,False,,,2026-09-25T03:26:58.278Z,Sports Cards,Sports card breaks,Community well-wishes,A viewer congratulates participants and wishes good luck.,medium,youtube_live:ojbDMXmv-OY:472
473,ojbDMXmv-OY,https://www.youtube.com/watch?v=ojbDMXmv-OY,🔥 Triple Header Break Night B#2103/#2105/2107 NOW LIVE! 🔥,Flying V Sports Cards & Breaks,replay,message,28:19,@ChrisSheather,Nice one ! ,False,False,False,,,2026-09-25T03:29:12.254Z,Sports Cards,Sports card breaks,Card pull reaction,A chatter reacts favorably to a pull or event during the break.,medium,youtube_live:ojbDMXmv-OY:473
474,ojbDMXmv-OY,https://www.youtube.com/watch?v=ojbDMXmv-OY,🔥 Triple Header Break Night B#2103/#2105/2107 NOW LIVE! 🔥,Flying V Sports Cards & Breaks,replay,message,28:30,@ChrisSheather,No skunk I like that !,False,False,False,,,2026-09-25T03:29:23.251Z,Sports Cards,Sports card breaks,Break results,A participant expresses satisfaction about avoiding a scoreless break outcome.,high,youtube_live:ojbDMXmv-OY:474
475,ojbDMXmv-OY,https://www.youtube.com/watch?v=ojbDMXmv-OY,🔥 Triple Header Break Night B#2103/#2105/2107 NOW LIVE! 🔥,Flying V Sports Cards & Breaks,replay,message,35:19,@ChrisSheather,This years Ckear Cut is awesome ,False,False,False,,,2026-09-25T03:36:12.091Z,Sports Cards,Hockey cards,Product appreciation,A chatter states that this year's Clear Cut product is awesome.,high,youtube_live:ojbDMXmv-OY:475
476,ojbDMXmv-OY,https://www.youtube.com/watch?v=ojbDMXmv-OY,🔥 Triple Header Break Night B#2103/#2105/2107 NOW LIVE! 🔥,Flying V Sports Cards & Breaks,replay,message,42:08,@ChrisSheather,WOW,False,False,False,,,2026-09-25T03:43:01.002Z,Sports Cards,Sports card breaks,Reaction,A viewer reacts with an exclamation of wow in the chat.,low,youtube_live:ojbDMXmv-OY:476
477,ojbDMXmv-OY,https://www.youtube.com/watch?v=ojbDMXmv-OY,🔥 Triple Header Break Night B#2103/#2105/2107 NOW LIVE! 🔥,Flying V Sports Cards & Breaks,replay,message,49:58,@ChrisSheather,Nice hit Brad !,False,False,False,,,2026-09-25T03:50:50.809Z,Sports Cards,box breaks,pull reaction,A viewer congratulates Brad on a nice hit during the sports card break stream.,high,youtube_live:ojbDMXmv-OY:477
478,ojbDMXmv-OY,https://www.youtube.com/watch?v=ojbDMXmv-OY,🔥 Triple Header Break Night B#2103/#2105/2107 NOW LIVE! 🔥,Flying V Sports Cards & Breaks,replay,message,1:03:05,@ChrisSheather,All good haha that’s a beauty for sure ,False,False,False,,,2026-09-25T04:03:58.606Z,Sports Cards,box breaks,pull reaction,A chatter compliments a pull as a beauty during the sports card break stream.,medium,youtube_live:ojbDMXmv-OY:478
479,ojbDMXmv-OY,https://www.youtube.com/watch?v=ojbDMXmv-OY,🔥 Triple Header Break Night B#2103/#2105/2107 NOW LIVE! 🔥,Flying V Sports Cards & Breaks,replay,message,1:06:55,@BradLewallen-y7e,What did I get? I just got here LOL,False,False,False,,,2026-09-25T04:07:47.970Z,Sports Cards,box breaks,break results,A viewer arrives late to the stream and asks what card they received.,high,youtube_live:ojbDMXmv-OY:479
480,ojbDMXmv-OY,https://www.youtube.com/watch?v=ojbDMXmv-OY,🔥 Triple Header Break Night B#2103/#2105/2107 NOW LIVE! 🔥,Flying V Sports Cards & Breaks,replay,message,1:07:10,@BradLewallen-y7e,"Thanks, Chris for whatever it was GRINS",False,False,False,,,2026-09-25T04:08:02.745Z,Sports Cards,box breaks,break results,A participant thanks Chris for their pull despite not knowing what it was.,medium,youtube_live:ojbDMXmv-OY:480
481,ojbDMXmv-OY,https://www.youtube.com/watch?v=ojbDMXmv-OY,🔥 Triple Header Break Night B#2103/#2105/2107 NOW LIVE! 🔥,Flying V Sports Cards & Breaks,replay,message,1:07:24,@BradLewallen-y7e,Ohhhhhhhhhh nice!,False,False,False,,,2026-09-25T04:08:17.340Z,Sports Cards,box breaks,pull reaction,A chatter reacts enthusiastically to a card pulled during the break.,medium,youtube_live:ojbDMXmv-OY:481
482,ojbDMXmv-OY,https://www.youtube.com/watch?v=ojbDMXmv-OY,🔥 Triple Header Break Night B#2103/#2105/2107 NOW LIVE! 🔥,Flying V Sports Cards & Breaks,replay,message,1:07:29,@BradLewallen-y7e,Ohhhhhhhhhhhhhhhh nice,False,False,False,,,2026-09-25T04:08:21.982Z,Sports Cards,box breaks,pull reaction,A viewer reacts positively to an item revealed during the live card break.,medium,youtube_live:ojbDMXmv-OY:482
483,ojbDMXmv-OY,https://www.youtube.com/watch?v=ojbDMXmv-OY,🔥 Triple Header Break Night B#2103/#2105/2107 NOW LIVE! 🔥,Flying V Sports Cards & Breaks,replay,message,1:07:37,@BradLewallen-y7e,I like ducks all of a sudden LOL,False,False,False,,,2026-09-25T04:08:30.248Z,Sports Cards,box breaks,team selection,A viewer jokes about suddenly liking the Ducks during the card break stream.,medium,youtube_live:ojbDMXmv-OY:483
484,ojbDMXmv-OY,https://www.youtube.com/watch?v=ojbDMXmv-OY,🔥 Triple Header Break Night B#2103/#2105/2107 NOW LIVE! 🔥,Flying V Sports Cards & Breaks,replay,message,1:08:43,@ChrisSheather,Your duck landed you a very nice….duck!,False,False,False,,,2026-09-25T04:09:36.528Z,Sports Cards,box breaks,pull reaction,A viewer comments on a duck pick resulting in a nice pull for a participant.,medium,youtube_live:ojbDMXmv-OY:484
485,ojbDMXmv-OY,https://www.youtube.com/watch?v=ojbDMXmv-OY,🔥 Triple Header Break Night B#2103/#2105/2107 NOW LIVE! 🔥,Flying V Sports Cards & Breaks,replay,message,1:09:05,@BradLewallen-y7e,I should stay away longer at this rate,False,False,False,,,2026-09-25T04:09:58.069Z,Sports Cards,box breaks,viewer chat,A viewer jokingly remarks that they should stay away longer given their good luck.,medium,youtube_live:ojbDMXmv-OY:485
486,ojbDMXmv-OY,https://www.youtube.com/watch?v=ojbDMXmv-OY,🔥 Triple Header Break Night B#2103/#2105/2107 NOW LIVE! 🔥,Flying V Sports Cards & Breaks,replay,message,1:10:10,@BradLewallen-y7e,"Thanks, Mike - I appreciate you! Always good to have a lucky night",False,False,False,,,2026-09-25T04:11:02.915Z,Sports Cards,box breaks,viewer appreciation,A chatter thanks Mike and expresses appreciation for having a lucky break night.,high,youtube_live:ojbDMXmv-OY:486
487,ojbDMXmv-OY,https://www.youtube.com/watch?v=ojbDMXmv-OY,🔥 Triple Header Break Night B#2103/#2105/2107 NOW LIVE! 🔥,Flying V Sports Cards & Breaks,replay,message,1:11:36,@BradLewallen-y7e,"Nah, I'm here now",False,False,False,,,2026-09-25T04:12:29.087Z,Sports Cards,hockey cards,stream attendance,A viewer announces they have arrived in the livestream chat.,medium,youtube_live:ojbDMXmv-OY:487
488,ojbDMXmv-OY,https://www.youtube.com/watch?v=ojbDMXmv-OY,🔥 Triple Header Break Night B#2103/#2105/2107 NOW LIVE! 🔥,Flying V Sports Cards & Breaks,replay,message,1:12:17,@BradLewallen-y7e,Go Hawks!,False,False,False,,,2026-09-25T04:13:10.235Z,Sports Cards,hockey cards,team fandom,A viewer expresses support for the Hawks in the chat.,medium,youtube_live:ojbDMXmv-OY:488
489,ojbDMXmv-OY,https://www.youtube.com/watch?v=ojbDMXmv-OY,🔥 Triple Header Break Night B#2103/#2105/2107 NOW LIVE! 🔥,Flying V Sports Cards & Breaks,replay,message,1:15:23,@ehines94,when will artifacts release he full checklist for the roman numerals? hoping i get that mckenna,False,False,False,,,2026-09-25T04:16:16.367Z,Sports Cards,hockey cards,checklist release; redemptions,A viewer asks when the Artifacts checklist for Roman Numerals releases and mentions hoping for McKenna.,high,youtube_live:ojbDMXmv-OY:489
490,ojbDMXmv-OY,https://www.youtube.com/watch?v=ojbDMXmv-OY,🔥 Triple Header Break Night B#2103/#2105/2107 NOW LIVE! 🔥,Flying V Sports Cards & Breaks,replay,message,1:15:57,@BradLewallen-y7e,WOW! That's an awesome Schaefer!,False,False,False,,,2026-09-25T04:16:50.495Z,Sports Cards,hockey cards,card pull,A viewer reacts with enthusiasm to a pulled Schaefer card.,high,youtube_live:ojbDMXmv-OY:490
491,ojbDMXmv-OY,https://www.youtube.com/watch?v=ojbDMXmv-OY,🔥 Triple Header Break Night B#2103/#2105/2107 NOW LIVE! 🔥,Flying V Sports Cards & Breaks,replay,message,1:16:04,@BradLewallen-y7e,"Congrats, Terry!",False,False,False,,,2026-09-25T04:16:57.115Z,Sports Cards,hockey cards,congratulations,A viewer congratulates Terry in the livestream chat.,medium,youtube_live:ojbDMXmv-OY:491
492,ojbDMXmv-OY,https://www.youtube.com/watch?v=ojbDMXmv-OY,🔥 Triple Header Break Night B#2103/#2105/2107 NOW LIVE! 🔥,Flying V Sports Cards & Breaks,replay,message,1:16:45,@rpodelecable,congrats Terry!,False,False,False,,,2026-09-25T04:17:38.364Z,Sports Cards,hockey cards,congratulations,A viewer sends congratulations to Terry during the stream.,medium,youtube_live:ojbDMXmv-OY:492
493,ojbDMXmv-OY,https://www.youtube.com/watch?v=ojbDMXmv-OY,🔥 Triple Header Break Night B#2103/#2105/2107 NOW LIVE! 🔥,Flying V Sports Cards & Breaks,replay,message,1:16:54,@ChrisSheather,Congrats Terry !!,False,False,False,,,2026-09-25T04:17:47.352Z,Sports Cards,hockey cards,congratulations,A viewer congratulates Terry in the chat.,medium,youtube_live:ojbDMXmv-OY:493
494,ojbDMXmv-OY,https://www.youtube.com/watch?v=ojbDMXmv-OY,🔥 Triple Header Break Night B#2103/#2105/2107 NOW LIVE! 🔥,Flying V Sports Cards & Breaks,replay,message,1:17:08,@ChrisSheather,Huge card !! ,False,False,False,,,2026-09-25T04:18:01.361Z,Sports Cards,hockey cards,card pull,A viewer comments that a card pulled during the stream is huge.,high,youtube_live:ojbDMXmv-OY:494
495,ojbDMXmv-OY,https://www.youtube.com/watch?v=ojbDMXmv-OY,🔥 Triple Header Break Night B#2103/#2105/2107 NOW LIVE! 🔥,Flying V Sports Cards & Breaks,replay,message,1:17:11,@rpodelecable,pretty sweet card!,False,False,False,,,2026-09-25T04:18:03.826Z,Sports Cards,hockey cards,card pull,A viewer praises a pulled card as pretty sweet.,high,youtube_live:ojbDMXmv-OY:495
496,ojbDMXmv-OY,https://www.youtube.com/watch?v=ojbDMXmv-OY,🔥 Triple Header Break Night B#2103/#2105/2107 NOW LIVE! 🔥,Flying V Sports Cards & Breaks,replay,message,1:17:42,@rpodelecable,oh well,False,False,False,,,2026-09-25T04:18:35.555Z,Sports Cards,hockey cards,unclear reaction,A viewer writes 'oh well' in the livestream chat.,low,youtube_live:ojbDMXmv-OY:496
497,ojbDMXmv-OY,https://www.youtube.com/watch?v=ojbDMXmv-OY,🔥 Triple Header Break Night B#2103/#2105/2107 NOW LIVE! 🔥,Flying V Sports Cards & Breaks,replay,message,1:18:49,@ehines94,when does artifacts release he full checklist for the roman numerals?,False,False,False,,,2026-09-25T04:19:42.063Z,Sports Cards,hockey cards,product checklist,A viewer asks when the full Roman Numerals checklist will be released for Upper Deck Artifacts.,high,youtube_live:ojbDMXmv-OY:497
498,ojbDMXmv-OY,https://www.youtube.com/watch?v=ojbDMXmv-OY,🔥 Triple Header Break Night B#2103/#2105/2107 NOW LIVE! 🔥,Flying V Sports Cards & Breaks,replay,message,1:18:54,@rpodelecable,Sat too long on the hands,False,False,False,,,2026-09-25T04:19:47.175Z,Sports Cards,sports cards,unclear reaction,A chatter remarks that someone sat too long on their hands during the break livestream.,low,youtube_live:ojbDMXmv-OY:498
499,ojbDMXmv-OY,https://www.youtube.com/watch?v=ojbDMXmv-OY,🔥 Triple Header Break Night B#2103/#2105/2107 NOW LIVE! 🔥,Flying V Sports Cards & Breaks,replay,message,1:19:42,@rpodelecable,hoping not to get skunked by Montreal,False,False,False,,,2026-09-25T04:20:35.003Z,Sports Cards,hockey cards,box breaks,A user expresses hope that their Montreal Canadiens spot does not end up skunked.,high,youtube_live:ojbDMXmv-OY:499
500,ojbDMXmv-OY,https://www.youtube.com/watch?v=ojbDMXmv-OY,🔥 Triple Header Break Night B#2103/#2105/2107 NOW LIVE! 🔥,Flying V Sports Cards & Breaks,replay,message,1:19:56,@BradLewallen-y7e,I'd guess in another 4 to six weeks on the checklist,False,False,False,,,2026-09-25T04:20:49.263Z,Sports Cards,hockey cards,product checklist,A user estimates the checklist will be released in another four to six weeks.,high,youtube_live:ojbDMXmv-OY:500
501,ojbDMXmv-OY,https://www.youtube.com/watch?v=ojbDMXmv-OY,🔥 Triple Header Break Night B#2103/#2105/2107 NOW LIVE! 🔥,Flying V Sports Cards & Breaks,replay,message,1:20:39,@BradLewallen-y7e,"There has to be a couple big Habs hits lurking for you, Reagan",False,False,False,,,2026-09-25T04:21:32.270Z,Sports Cards,hockey cards,box breaks,A participant suggests big Montreal Canadiens hits must be remaining for Reagan.,high,youtube_live:ojbDMXmv-OY:501
502,ojbDMXmv-OY,https://www.youtube.com/watch?v=ojbDMXmv-OY,🔥 Triple Header Break Night B#2103/#2105/2107 NOW LIVE! 🔥,Flying V Sports Cards & Breaks,replay,message,1:21:25,@ehines94,hoping i got that mckenna ,False,False,False,,,2026-09-25T04:22:17.708Z,Sports Cards,hockey cards,box breaks,A chatter hopes they secured a McKenna card during the break.,high,youtube_live:ojbDMXmv-OY:502
503,ojbDMXmv-OY,https://www.youtube.com/watch?v=ojbDMXmv-OY,🔥 Triple Header Break Night B#2103/#2105/2107 NOW LIVE! 🔥,Flying V Sports Cards & Breaks,replay,message,1:33:21,@BradLewallen-y7e,Nice - thank you!,False,False,False,,,2026-09-25T04:34:14.110Z,Sports Cards,sports cards,unclear reaction,A user expresses gratitude in the livestream chat.,low,youtube_live:ojbDMXmv-OY:503
504,ojbDMXmv-OY,https://www.youtube.com/watch?v=ojbDMXmv-OY,🔥 Triple Header Break Night B#2103/#2105/2107 NOW LIVE! 🔥,Flying V Sports Cards & Breaks,replay,message,1:41:05,@BradLewallen-y7e,"Sweet! Another big one. Congrats, Terry!",False,False,False,,,2026-09-25T04:41:57.749Z,Sports Cards,sports cards,box breaks,A viewer congratulates Terry on pulling another big hit in the card break.,high,youtube_live:ojbDMXmv-OY:504
505,ojbDMXmv-OY,https://www.youtube.com/watch?v=ojbDMXmv-OY,🔥 Triple Header Break Night B#2103/#2105/2107 NOW LIVE! 🔥,Flying V Sports Cards & Breaks,replay,message,1:50:22,@rpodelecable,sweet dreams. that's a skunk I won't forget. lol,False,False,False,,,2026-09-25T04:51:15.184Z,Sports Cards,sports cards,box breaks,A participant says goodnight and jokes that they won't forget receiving zero hits in the break.,high,youtube_live:ojbDMXmv-OY:505
506,wbUy3gK7kFE,https://www.youtube.com/watch?v=wbUy3gK7kFE,Live eBay Reseller Q&A | The Nurse Flipper Sonny Las Vegas Pickin Thriftin Treasures 3 Queens Resale,The Nurse Flipper,replay,system,0:00,,Live chat replay is on. Messages that appeared when the stream was live will show up here.,False,False,False,,,2026-09-25T17:05:43.685Z,Unclear,,excluded system,Source system event; excluded from audience evidence.,low,youtube_live:wbUy3gK7kFE:506
507,wbUy3gK7kFE,https://www.youtube.com/watch?v=wbUy3gK7kFE,Live eBay Reseller Q&A | The Nurse Flipper Sonny Las Vegas Pickin Thriftin Treasures 3 Queens Resale,The Nurse Flipper,replay,message,0:00,@TheNurseFlipper,Hello hello everyone Happy Tuesday! Get questions in early to make sure they're answered live!! ,True,False,False,,,2026-09-08T22:56:55.133Z,General marketplace,eBay reselling,livestream q&a,The user greets the chat and reminds viewers to submit questions early for the live Q&A.,high,youtube_live:wbUy3gK7kFE:507
508,wbUy3gK7kFE,https://www.youtube.com/watch?v=wbUy3gK7kFE,Live eBay Reseller Q&A | The Nurse Flipper Sonny Las Vegas Pickin Thriftin Treasures 3 Queens Resale,The Nurse Flipper,replay,super_chat,0:00,@Treasuredivathrifts,Happy Tuesday beautiful people ,False,False,True,$1.99,1.99,2026-09-08T23:23:49.108Z,Unclear,,greeting,The user sends a Super Chat wishing everyone a happy Tuesday.,high,youtube_live:wbUy3gK7kFE:508
509,wbUy3gK7kFE,https://www.youtube.com/watch?v=wbUy3gK7kFE,Live eBay Reseller Q&A | The Nurse Flipper Sonny Las Vegas Pickin Thriftin Treasures 3 Queens Resale,The Nurse Flipper,replay,message,0:00,@pattis-garden-and-vintage,Hello lovelies!,False,False,True,,,2026-09-08T23:41:38.787Z,Unclear,,greeting,A viewer posts a friendly greeting to the livestream chat.,high,youtube_live:wbUy3gK7kFE:509
510,wbUy3gK7kFE,https://www.youtube.com/watch?v=wbUy3gK7kFE,Live eBay Reseller Q&A | The Nurse Flipper Sonny Las Vegas Pickin Thriftin Treasures 3 Queens Resale,The Nurse Flipper,replay,message,0:00,@SellingSoloIlene,Hello everyone from Vancouver Wa!! Hope all is well!!,False,False,True,,,2026-09-08T23:59:04.897Z,Unclear,,greeting,"A viewer greets everyone from Vancouver, Washington.",high,youtube_live:wbUy3gK7kFE:510
511,wbUy3gK7kFE,https://www.youtube.com/watch?v=wbUy3gK7kFE,Live eBay Reseller Q&A | The Nurse Flipper Sonny Las Vegas Pickin Thriftin Treasures 3 Queens Resale,The Nurse Flipper,replay,message,0:00,@Treasuredivathrifts,Hello everyone ,False,False,True,,,2026-09-09T00:01:03.009Z,Unclear,,greeting,A viewer posts a simple greeting to the stream.,high,youtube_live:wbUy3gK7kFE:511
512,wbUy3gK7kFE,https://www.youtube.com/watch?v=wbUy3gK7kFE,Live eBay Reseller Q&A | The Nurse Flipper Sonny Las Vegas Pickin Thriftin Treasures 3 Queens Resale,The Nurse Flipper,replay,message,0:00,@Ping_Gee,"Hello Kat, Sonny, Channa, Shane, Stephanie and the chat",False,False,False,,,2026-09-09T00:03:22.592Z,General marketplace,eBay reselling,greeting,A viewer greets the stream hosts and chat participants by name.,high,youtube_live:wbUy3gK7kFE:512
513,wbUy3gK7kFE,https://www.youtube.com/watch?v=wbUy3gK7kFE,Live eBay Reseller Q&A | The Nurse Flipper Sonny Las Vegas Pickin Thriftin Treasures 3 Queens Resale,The Nurse Flipper,replay,message,0:00,@dawnkertesz7351,Hello Everyone! :blossom:,False,False,True,,,2026-09-09T00:04:48.687Z,Unclear,,greeting,A viewer greets the livestream chat with an emoji.,high,youtube_live:wbUy3gK7kFE:513
514,wbUy3gK7kFE,https://www.youtube.com/watch?v=wbUy3gK7kFE,Live eBay Reseller Q&A | The Nurse Flipper Sonny Las Vegas Pickin Thriftin Treasures 3 Queens Resale,The Nurse Flipper,replay,message,0:00,@lucasothmer386,Hi Everyone!,False,False,False,,,2026-09-09T00:05:08.963Z,Unclear,,greeting,A viewer posts a brief greeting to the stream.,high,youtube_live:wbUy3gK7kFE:514
515,wbUy3gK7kFE,https://www.youtube.com/watch?v=wbUy3gK7kFE,Live eBay Reseller Q&A | The Nurse Flipper Sonny Las Vegas Pickin Thriftin Treasures 3 Queens Resale,The Nurse Flipper,replay,message,0:00,@lucasothmer386,Taco Tuesday!,False,False,False,,,2026-09-09T00:05:33.807Z,Unclear,,casual chat,A viewer exclaims Taco Tuesday in the chat.,high,youtube_live:wbUy3gK7kFE:515
516,wbUy3gK7kFE,https://www.youtube.com/watch?v=wbUy3gK7kFE,Live eBay Reseller Q&A | The Nurse Flipper Sonny Las Vegas Pickin Thriftin Treasures 3 Queens Resale,The Nurse Flipper,replay,message,0:00,@SellingSoloIlene,@lucasothmer386 yum...taco tuesday! My favorite!,False,False,True,,,2026-09-09T00:06:09.377Z,Unclear,,casual chat,A viewer responds enthusiastically about Taco Tuesday being their favorite.,high,youtube_live:wbUy3gK7kFE:516
517,wbUy3gK7kFE,https://www.youtube.com/watch?v=wbUy3gK7kFE,Live eBay Reseller Q&A | The Nurse Flipper Sonny Las Vegas Pickin Thriftin Treasures 3 Queens Resale,The Nurse Flipper,replay,message,0:00,@Ping_Gee,"For some reason every time I am early for a Live, I have to REFRESH in order to see the video and hear the audio. Has it started yet?",False,False,False,,,2026-09-09T00:06:52.674Z,Unclear,,livestream technical issue,A viewer notes having to refresh their screen to view early livestreams and asks if the stream started.,high,youtube_live:wbUy3gK7kFE:517
518,wbUy3gK7kFE,https://www.youtube.com/watch?v=wbUy3gK7kFE,Live eBay Reseller Q&A | The Nurse Flipper Sonny Las Vegas Pickin Thriftin Treasures 3 Queens Resale,The Nurse Flipper,replay,message,0:00,@SellingSoloIlene,No,False,False,True,,,2026-09-09T00:07:17.109Z,Unclear,,stream status,"A chat participant answers ""No"" regarding whether the livestream has started.",medium,youtube_live:wbUy3gK7kFE:518
519,wbUy3gK7kFE,https://www.youtube.com/watch?v=wbUy3gK7kFE,Live eBay Reseller Q&A | The Nurse Flipper Sonny Las Vegas Pickin Thriftin Treasures 3 Queens Resale,The Nurse Flipper,replay,message,0:00,@katepickr6789,Not yet Ping:waving_hand:,False,False,True,,,2026-09-09T00:07:23.302Z,Unclear,,stream status; greeting,A viewer greets another user and states the livestream has not started yet.,high,youtube_live:wbUy3gK7kFE:519
520,wbUy3gK7kFE,https://www.youtube.com/watch?v=wbUy3gK7kFE,Live eBay Reseller Q&A | The Nurse Flipper Sonny Las Vegas Pickin Thriftin Treasures 3 Queens Resale,The Nurse Flipper,replay,message,0:00,@redcardinaltreasures,Not yet Ping,False,True,True,,,2026-09-09T00:07:29.140Z,Unclear,,stream status,A participant confirms to Ping that the livestream has not started yet.,high,youtube_live:wbUy3gK7kFE:520
521,wbUy3gK7kFE,https://www.youtube.com/watch?v=wbUy3gK7kFE,Live eBay Reseller Q&A | The Nurse Flipper Sonny Las Vegas Pickin Thriftin Treasures 3 Queens Resale,The Nurse Flipper,replay,message,0:00,@JAK_New_York,Good evening ,False,False,False,,,2026-09-09T00:07:32.887Z,Unclear,,greeting,A viewer greets the livestream chat with good evening.,high,youtube_live:wbUy3gK7kFE:521
522,wbUy3gK7kFE,https://www.youtube.com/watch?v=wbUy3gK7kFE,Live eBay Reseller Q&A | The Nurse Flipper Sonny Las Vegas Pickin Thriftin Treasures 3 Queens Resale,The Nurse Flipper,replay,message,0:00,@lucasothmer386,me too!@SellingSollene,False,False,False,,,2026-09-09T00:07:48.042Z,Unclear,,chat response,A chatter agrees with another user by saying me too.,low,youtube_live:wbUy3gK7kFE:522
523,wbUy3gK7kFE,https://www.youtube.com/watch?v=wbUy3gK7kFE,Live eBay Reseller Q&A | The Nurse Flipper Sonny Las Vegas Pickin Thriftin Treasures 3 Queens Resale,The Nurse Flipper,replay,message,0:00,@Ping_Gee,"Let me know when it does, and I thank you!",False,False,False,,,2026-09-09T00:08:10.507Z,Unclear,,stream status,A viewer asks to be notified when the livestream begins.,high,youtube_live:wbUy3gK7kFE:523
524,wbUy3gK7kFE,https://www.youtube.com/watch?v=wbUy3gK7kFE,Live eBay Reseller Q&A | The Nurse Flipper Sonny Las Vegas Pickin Thriftin Treasures 3 Queens Resale,The Nurse Flipper,replay,message,0:00,@susanepstein5874,QUESTION: How does Etsy work when it comes to listing. Do you get debited $0.20 every time you list an item? I just hate having many tiny debit in my accounts. There must be a trick.,False,False,False,,,2026-09-09T00:08:47.763Z,General marketplace,Etsy,listing fees; marketplace operations,"A user asks how Etsy listing fees work, inquiring if accounts are debited twenty cents per listing.",high,youtube_live:wbUy3gK7kFE:524
525,wbUy3gK7kFE,https://www.youtube.com/watch?v=wbUy3gK7kFE,Live eBay Reseller Q&A | The Nurse Flipper Sonny Las Vegas Pickin Thriftin Treasures 3 Queens Resale,The Nurse Flipper,replay,message,0:00,@OodelallyShop,hello everyone,False,False,False,,,2026-09-09T00:08:48.376Z,Unclear,,greeting,A chatter posts a general greeting to everyone in the chat.,high,youtube_live:wbUy3gK7kFE:525
526,wbUy3gK7kFE,https://www.youtube.com/watch?v=wbUy3gK7kFE,Live eBay Reseller Q&A | The Nurse Flipper Sonny Las Vegas Pickin Thriftin Treasures 3 Queens Resale,The Nurse Flipper,replay,message,0:00,@hycinth5371,"WOULD IT BE BENEFICIAL TO GET A BUSINESS INSURANCE AS AN EBAY SELLER, MAINLY TO COVER. Y INVENTORY?",False,False,True,,,2026-09-09T00:08:49.374Z,General marketplace,eBay,business insurance; reselling operations,A viewer asks whether getting business insurance as an eBay seller is beneficial to cover inventory.,high,youtube_live:wbUy3gK7kFE:526
527,wbUy3gK7kFE,https://www.youtube.com/watch?v=wbUy3gK7kFE,Live eBay Reseller Q&A | The Nurse Flipper Sonny Las Vegas Pickin Thriftin Treasures 3 Queens Resale,The Nurse Flipper,replay,message,0:00,@karenpickrum5245,Hi everyone :waving_hand::waving_hand:,False,False,True,,,2026-09-09T00:09:03.327Z,Unclear,,greeting,A viewer greets the chat with waving hand emojis.,high,youtube_live:wbUy3gK7kFE:527
528,wbUy3gK7kFE,https://www.youtube.com/watch?v=wbUy3gK7kFE,Live eBay Reseller Q&A | The Nurse Flipper Sonny Las Vegas Pickin Thriftin Treasures 3 Queens Resale,The Nurse Flipper,replay,message,0:00,@katepickr6789,:waving_hand: Karen!,False,False,True,,,2026-09-09T00:09:28.419Z,Unclear,,greeting,A chat participant greets Karen with a waving hand emoji.,high,youtube_live:wbUy3gK7kFE:528
529,wbUy3gK7kFE,https://www.youtube.com/watch?v=wbUy3gK7kFE,Live eBay Reseller Q&A | The Nurse Flipper Sonny Las Vegas Pickin Thriftin Treasures 3 Queens Resale,The Nurse Flipper,replay,message,0:00,@OodelallyShop,"Question: If you had to enter a ""Blindfolded Sourcing Competition"" where you can only identify items by touch, what category are you winning gold in?",False,False,False,,,2026-09-09T00:09:29.698Z,General marketplace,reselling,sourcing; hypothetical question,A user asks what category participants could identify best by touch in a blindfolded sourcing competition.,high,youtube_live:wbUy3gK7kFE:529
530,wbUy3gK7kFE,https://www.youtube.com/watch?v=wbUy3gK7kFE,Live eBay Reseller Q&A | The Nurse Flipper Sonny Las Vegas Pickin Thriftin Treasures 3 Queens Resale,The Nurse Flipper,replay,message,0:00,@karenpickrum5245,@katepickr6789 :waving_hand::waving_hand: Kate :two_hearts::two_hearts:,False,False,True,,,2026-09-09T00:10:11.788Z,Unclear,,greeting,A user greets Kate with waving and heart emojis.,high,youtube_live:wbUy3gK7kFE:530
531,wbUy3gK7kFE,https://www.youtube.com/watch?v=wbUy3gK7kFE,Live eBay Reseller Q&A | The Nurse Flipper Sonny Las Vegas Pickin Thriftin Treasures 3 Queens Resale,The Nurse Flipper,replay,message,0:00,@Ping_Gee,I think picking out Plush would be the easiest for me.,False,False,False,,,2026-09-09T00:10:57.763Z,Toys/Collectibles,plush toys,sourcing; item identification,A user states that identifying plush items would be the easiest for them.,high,youtube_live:wbUy3gK7kFE:531
532,wbUy3gK7kFE,https://www.youtube.com/watch?v=wbUy3gK7kFE,Live eBay Reseller Q&A | The Nurse Flipper Sonny Las Vegas Pickin Thriftin Treasures 3 Queens Resale,The Nurse Flipper,replay,message,0:45,@VintageVagabondVends,Hi everyone :waving_hand:,False,False,False,,,2026-09-09T00:11:12.637Z,Unclear,,greeting,A user sends a general greeting to the livestream chat.,high,youtube_live:wbUy3gK7kFE:532
533,wbUy3gK7kFE,https://www.youtube.com/watch?v=wbUy3gK7kFE,Live eBay Reseller Q&A | The Nurse Flipper Sonny Las Vegas Pickin Thriftin Treasures 3 Queens Resale,The Nurse Flipper,replay,message,0:58,@katepickr6789,Starting Ping!,False,False,True,,,2026-09-09T00:11:26.236Z,Unclear,,unclear reaction,A user posts 'Starting Ping!'.,low,youtube_live:wbUy3gK7kFE:533
534,wbUy3gK7kFE,https://www.youtube.com/watch?v=wbUy3gK7kFE,Live eBay Reseller Q&A | The Nurse Flipper Sonny Las Vegas Pickin Thriftin Treasures 3 Queens Resale,The Nurse Flipper,replay,message,1:11,@Ping_Gee,Thank you very much!,False,False,False,,,2026-09-09T00:11:38.824Z,Unclear,,gratitude,A viewer expresses thanks.,high,youtube_live:wbUy3gK7kFE:534
535,wbUy3gK7kFE,https://www.youtube.com/watch?v=wbUy3gK7kFE,Live eBay Reseller Q&A | The Nurse Flipper Sonny Las Vegas Pickin Thriftin Treasures 3 Queens Resale,The Nurse Flipper,replay,message,1:17,@marymontgomeryclifford5924,IS ANYONE USING THE NEW BUNDLING METHOD ON EBAY? HOW IS IT WORKING AND HOW DO YOU HANDLE SHIPPING ,False,False,False,,,2026-09-09T00:11:44.761Z,General marketplace,eBay features,bundling; shipping,A user asks if anyone is using eBay's new bundling method and how they handle shipping.,high,youtube_live:wbUy3gK7kFE:535
536,wbUy3gK7kFE,https://www.youtube.com/watch?v=wbUy3gK7kFE,Live eBay Reseller Q&A | The Nurse Flipper Sonny Las Vegas Pickin Thriftin Treasures 3 Queens Resale,The Nurse Flipper,replay,message,1:38,@VintageVagabondVends,Both of us,False,False,False,,,2026-09-09T00:12:06.300Z,Unclear,,unclear reaction,A user comments 'Both of us' without further context.,low,youtube_live:wbUy3gK7kFE:536
537,wbUy3gK7kFE,https://www.youtube.com/watch?v=wbUy3gK7kFE,Live eBay Reseller Q&A | The Nurse Flipper Sonny Las Vegas Pickin Thriftin Treasures 3 Queens Resale,The Nurse Flipper,replay,message,1:40,@salvagedjoy,"??Hello Everyone!! Has anyone been seeing any success with the ""Bundling"" feature on eBay?",False,False,True,,,2026-09-09T00:12:07.747Z,General marketplace,eBay features,bundling; sales performance,A viewer asks if others have had success using eBay's bundling feature.,high,youtube_live:wbUy3gK7kFE:537
538,wbUy3gK7kFE,https://www.youtube.com/watch?v=wbUy3gK7kFE,Live eBay Reseller Q&A | The Nurse Flipper Sonny Las Vegas Pickin Thriftin Treasures 3 Queens Resale,The Nurse Flipper,replay,message,1:50,@thelakeexchange,"yes I started bundles on ebay, only one sale in the first week but worth a shot.",False,False,False,,,2026-09-09T00:12:17.673Z,General marketplace,eBay features,bundling; sales performance,A user reports starting bundles on eBay and getting one sale in the first week.,high,youtube_live:wbUy3gK7kFE:538
539,wbUy3gK7kFE,https://www.youtube.com/watch?v=wbUy3gK7kFE,Live eBay Reseller Q&A | The Nurse Flipper Sonny Las Vegas Pickin Thriftin Treasures 3 Queens Resale,The Nurse Flipper,replay,message,1:51,@3queensresale700,Hello everyone,False,False,False,,,2026-09-09T00:12:18.814Z,Unclear,greeting,chat greeting,A participant greets everyone in the stream.,high,youtube_live:wbUy3gK7kFE:539
540,wbUy3gK7kFE,https://www.youtube.com/watch?v=wbUy3gK7kFE,Live eBay Reseller Q&A | The Nurse Flipper Sonny Las Vegas Pickin Thriftin Treasures 3 Queens Resale,The Nurse Flipper,replay,message,2:15,@redcardinaltreasures,Channa & Shane Pickin and Thriftin Treasures channel- https://www.youtube.com/@PickinandThr...,False,True,True,,,2026-09-09T00:12:43.437Z,General marketplace,reselling channels,channel promotion,A chat message shares a link to the Pickin and Thriftin Treasures YouTube channel.,high,youtube_live:wbUy3gK7kFE:540
541,wbUy3gK7kFE,https://www.youtube.com/watch?v=wbUy3gK7kFE,Live eBay Reseller Q&A | The Nurse Flipper Sonny Las Vegas Pickin Thriftin Treasures 3 Queens Resale,The Nurse Flipper,replay,message,2:38,@Dusty-Discoveries,hope all you mothers had a great mother's day :red_heart:,False,False,True,,,2026-09-09T00:13:06.352Z,Unclear,holiday greeting,Mother's Day,A user wishes mothers in the chat a happy Mother's Day.,high,youtube_live:wbUy3gK7kFE:541
542,wbUy3gK7kFE,https://www.youtube.com/watch?v=wbUy3gK7kFE,Live eBay Reseller Q&A | The Nurse Flipper Sonny Las Vegas Pickin Thriftin Treasures 3 Queens Resale,The Nurse Flipper,replay,message,2:44,@carolbaker259,ANY Other OPTIONS Other Than FACEBOOK MARKETPLACE For Selling Locally. I Was banned from Facebook Marketplace.,False,False,False,,,2026-09-09T00:13:11.981Z,General marketplace,local selling platforms,Facebook Marketplace ban; platform alternatives,A user banned from Facebook Marketplace asks for alternative platforms for local selling.,high,youtube_live:wbUy3gK7kFE:542
543,wbUy3gK7kFE,https://www.youtube.com/watch?v=wbUy3gK7kFE,Live eBay Reseller Q&A | The Nurse Flipper Sonny Las Vegas Pickin Thriftin Treasures 3 Queens Resale,The Nurse Flipper,replay,message,2:52,@karenpickrum5245,"Wait, what??",False,False,True,,,2026-09-09T00:13:19.675Z,Unclear,chat reaction,unclear reaction,"A user expresses surprise or confusion with 'Wait, what??'.",low,youtube_live:wbUy3gK7kFE:543
544,wbUy3gK7kFE,https://www.youtube.com/watch?v=wbUy3gK7kFE,Live eBay Reseller Q&A | The Nurse Flipper Sonny Las Vegas Pickin Thriftin Treasures 3 Queens Resale,The Nurse Flipper,replay,message,2:56,@Dusty-Discoveries,labor day not mother's day,False,False,True,,,2026-09-09T00:13:23.594Z,Unclear,holiday correction,Labor Day,"A user clarifies that the holiday is Labor Day, not Mother's Day.",high,youtube_live:wbUy3gK7kFE:544
545,wbUy3gK7kFE,https://www.youtube.com/watch?v=wbUy3gK7kFE,Live eBay Reseller Q&A | The Nurse Flipper Sonny Las Vegas Pickin Thriftin Treasures 3 Queens Resale,The Nurse Flipper,replay,message,3:21,@redcardinaltreasures,Stephanie 3Queens Resale channel- https://www.youtube.com/@3queensresal...,False,True,True,,,2026-09-09T00:13:49.064Z,General marketplace,reselling channels,channel promotion,A message shares a link to the 3 Queens Resale YouTube channel.,high,youtube_live:wbUy3gK7kFE:545
546,wbUy3gK7kFE,https://www.youtube.com/watch?v=wbUy3gK7kFE,Live eBay Reseller Q&A | The Nurse Flipper Sonny Las Vegas Pickin Thriftin Treasures 3 Queens Resale,The Nurse Flipper,replay,message,4:01,@JamieBeeReseller,"Hi Kat, Sonny, Shane and Channa, Stephanie! Hi everyone! :revolving_hearts::thumbs_up:",False,False,False,,,2026-09-09T00:14:29.295Z,Unclear,greeting,chat greeting,A viewer greets the hosts and the chat participants.,high,youtube_live:wbUy3gK7kFE:546
547,wbUy3gK7kFE,https://www.youtube.com/watch?v=wbUy3gK7kFE,Live eBay Reseller Q&A | The Nurse Flipper Sonny Las Vegas Pickin Thriftin Treasures 3 Queens Resale,The Nurse Flipper,replay,message,4:06,@Ping_Gee,@carolbaker259 Craig's List used to be popular. Haven't checked them out in ages.,False,False,False,,,2026-09-09T00:14:34.269Z,General marketplace,classifieds,platform comparison,A viewer notes that Craigslist used to be popular but has not checked it in ages.,high,youtube_live:wbUy3gK7kFE:547
548,wbUy3gK7kFE,https://www.youtube.com/watch?v=wbUy3gK7kFE,Live eBay Reseller Q&A | The Nurse Flipper Sonny Las Vegas Pickin Thriftin Treasures 3 Queens Resale,The Nurse Flipper,replay,message,4:09,@JamieBeeReseller,"Hi Kat, Sonny, Shane and Channa, Stephanie! Hi everyone! :revolving_hearts::thumbs_up:",False,False,False,,,2026-09-09T00:14:37.504Z,Unclear,,greeting,A chatter greets the hosts and the chat audience.,high,youtube_live:wbUy3gK7kFE:548
549,wbUy3gK7kFE,https://www.youtube.com/watch?v=wbUy3gK7kFE,Live eBay Reseller Q&A | The Nurse Flipper Sonny Las Vegas Pickin Thriftin Treasures 3 Queens Resale,The Nurse Flipper,replay,message,4:11,@Dusty-Discoveries,I still sell some things local on craigslist and next door along with fbmp,False,False,True,,,2026-09-09T00:14:38.857Z,General marketplace,local marketplaces,cross-listing,"A user mentions selling items locally across Craigslist, Nextdoor, and Facebook Marketplace.",high,youtube_live:wbUy3gK7kFE:549
550,wbUy3gK7kFE,https://www.youtube.com/watch?v=wbUy3gK7kFE,Live eBay Reseller Q&A | The Nurse Flipper Sonny Las Vegas Pickin Thriftin Treasures 3 Queens Resale,The Nurse Flipper,replay,message,4:51,@Dusty-Discoveries,:pensive_face:,False,False,True,,,2026-09-09T00:15:19.444Z,Unclear,,unclear reaction,A user posts a single pensive face emoji.,low,youtube_live:wbUy3gK7kFE:550
551,wbUy3gK7kFE,https://www.youtube.com/watch?v=wbUy3gK7kFE,Live eBay Reseller Q&A | The Nurse Flipper Sonny Las Vegas Pickin Thriftin Treasures 3 Queens Resale,The Nurse Flipper,replay,message,5:02,@SellingSoloIlene,Sonny! You are going to be missed on a weekly basis!!,False,False,True,,,2026-09-09T00:15:30.033Z,Unclear,,creator appreciation,A chatter tells Sonny he will be missed on a weekly basis.,high,youtube_live:wbUy3gK7kFE:551
552,wbUy3gK7kFE,https://www.youtube.com/watch?v=wbUy3gK7kFE,Live eBay Reseller Q&A | The Nurse Flipper Sonny Las Vegas Pickin Thriftin Treasures 3 Queens Resale,The Nurse Flipper,replay,message,5:25,@lucasothmer386,Aww! We like you SonnyLasVegas!,False,False,False,,,2026-09-09T00:15:53.208Z,Unclear,,creator appreciation,A user expresses affection and support for creator SonnyLasVegas.,high,youtube_live:wbUy3gK7kFE:552
553,wbUy3gK7kFE,https://www.youtube.com/watch?v=wbUy3gK7kFE,Live eBay Reseller Q&A | The Nurse Flipper Sonny Las Vegas Pickin Thriftin Treasures 3 Queens Resale,The Nurse Flipper,replay,message,5:42,@redcardinaltreasures,Sonny Las Vegas channel: https://www.youtube.com/@SonnyLasVegas,False,True,True,,,2026-09-09T00:16:09.720Z,Unclear,,channel promotion,A link to Sonny Las Vegas's YouTube channel is shared in the chat.,high,youtube_live:wbUy3gK7kFE:553
554,wbUy3gK7kFE,https://www.youtube.com/watch?v=wbUy3gK7kFE,Live eBay Reseller Q&A | The Nurse Flipper Sonny Las Vegas Pickin Thriftin Treasures 3 Queens Resale,The Nurse Flipper,replay,message,5:48,@SonnyLasVegas,thank you all! i appreciate every one of you!,False,True,False,,,2026-09-09T00:16:16.098Z,Unclear,,gratitude,A participant expresses gratitude and appreciation to the audience.,high,youtube_live:wbUy3gK7kFE:554
555,wbUy3gK7kFE,https://www.youtube.com/watch?v=wbUy3gK7kFE,Live eBay Reseller Q&A | The Nurse Flipper Sonny Las Vegas Pickin Thriftin Treasures 3 Queens Resale,The Nurse Flipper,replay,message,5:51,@pattis-garden-and-vintage,"We will miss you, but onwards and upwards!",False,False,True,,,2026-09-09T00:16:19.210Z,Unclear,,well wishes,A viewer wishes someone well and notes they will miss them.,high,youtube_live:wbUy3gK7kFE:555
556,wbUy3gK7kFE,https://www.youtube.com/watch?v=wbUy3gK7kFE,Live eBay Reseller Q&A | The Nurse Flipper Sonny Las Vegas Pickin Thriftin Treasures 3 Queens Resale,The Nurse Flipper,replay,message,5:54,@Dusty-Discoveries,oh no!!!,False,False,True,,,2026-09-09T00:16:21.853Z,Unclear,,unclear reaction,A chatter responds with a brief exclamation of dismay.,low,youtube_live:wbUy3gK7kFE:556
557,wbUy3gK7kFE,https://www.youtube.com/watch?v=wbUy3gK7kFE,Live eBay Reseller Q&A | The Nurse Flipper Sonny Las Vegas Pickin Thriftin Treasures 3 Queens Resale,The Nurse Flipper,replay,message,6:01,@thelakeexchange,Sonny we will miss you but Trish will be fun!,False,False,False,,,2026-09-09T00:16:29.489Z,General marketplace,reselling,streamer transition; community discussion,A viewer notes that Sonny will be missed but looks forward to Trish joining.,high,youtube_live:wbUy3gK7kFE:557
558,wbUy3gK7kFE,https://www.youtube.com/watch?v=wbUy3gK7kFE,Live eBay Reseller Q&A | The Nurse Flipper Sonny Las Vegas Pickin Thriftin Treasures 3 Queens Resale,The Nurse Flipper,replay,message,6:04,@katepickr6789,"Sonny! Best to you , you’ll be missed!",False,False,True,,,2026-09-09T00:16:32.495Z,General marketplace,reselling,streamer farewell; community discussion,"A chatter sends best wishes to Sonny, noting they will be missed.",high,youtube_live:wbUy3gK7kFE:558
559,wbUy3gK7kFE,https://www.youtube.com/watch?v=wbUy3gK7kFE,Live eBay Reseller Q&A | The Nurse Flipper Sonny Las Vegas Pickin Thriftin Treasures 3 Queens Resale,The Nurse Flipper,replay,message,6:06,@SellingSoloIlene,Trish! Fun times ahead!!,False,False,True,,,2026-09-09T00:16:34.130Z,General marketplace,reselling,streamer greeting; community discussion,A viewer expresses excitement about fun times ahead with Trish.,high,youtube_live:wbUy3gK7kFE:559
560,wbUy3gK7kFE,https://www.youtube.com/watch?v=wbUy3gK7kFE,Live eBay Reseller Q&A | The Nurse Flipper Sonny Las Vegas Pickin Thriftin Treasures 3 Queens Resale,The Nurse Flipper,replay,message,6:22,@shoppingwithsheryl,Trish is a task master...she'll be giving us all homework.,False,False,False,,,2026-09-09T00:16:50.214Z,General marketplace,reselling,creator commentary,A chatter comments that Trish is a task master who will assign homework.,medium,youtube_live:wbUy3gK7kFE:560
561,wbUy3gK7kFE,https://www.youtube.com/watch?v=wbUy3gK7kFE,Live eBay Reseller Q&A | The Nurse Flipper Sonny Las Vegas Pickin Thriftin Treasures 3 Queens Resale,The Nurse Flipper,replay,message,6:29,@SonnyLasVegas,Trish is amazing!,False,True,False,,,2026-09-09T00:16:56.776Z,General marketplace,reselling,creator praise,"A viewer expresses appreciation, stating Trish is amazing.",high,youtube_live:wbUy3gK7kFE:561
562,wbUy3gK7kFE,https://www.youtube.com/watch?v=wbUy3gK7kFE,Live eBay Reseller Q&A | The Nurse Flipper Sonny Las Vegas Pickin Thriftin Treasures 3 Queens Resale,The Nurse Flipper,replay,message,6:32,@prettythriftyshoppe,Yea Trish!!!,False,False,False,,,2026-09-09T00:17:00.279Z,General marketplace,reselling,creator cheer,A chatter cheers for Trish.,high,youtube_live:wbUy3gK7kFE:562
563,wbUy3gK7kFE,https://www.youtube.com/watch?v=wbUy3gK7kFE,Live eBay Reseller Q&A | The Nurse Flipper Sonny Las Vegas Pickin Thriftin Treasures 3 Queens Resale,The Nurse Flipper,replay,message,6:36,@redcardinaltreasures,account health,False,True,True,,,2026-09-09T00:17:03.928Z,General marketplace,seller account management,account health; seller Q&A,A viewer mentions account health as a topic in the live stream.,high,youtube_live:wbUy3gK7kFE:563
564,wbUy3gK7kFE,https://www.youtube.com/watch?v=wbUy3gK7kFE,Live eBay Reseller Q&A | The Nurse Flipper Sonny Las Vegas Pickin Thriftin Treasures 3 Queens Resale,The Nurse Flipper,replay,message,6:39,@Treasuredivathrifts,You two work great together I have seen it firsthand ,False,False,True,,,2026-09-09T00:17:06.692Z,General marketplace,reselling,creator collaboration,A chatter states that the two creators work great together based on firsthand observation.,high,youtube_live:wbUy3gK7kFE:564
565,wbUy3gK7kFE,https://www.youtube.com/watch?v=wbUy3gK7kFE,Live eBay Reseller Q&A | The Nurse Flipper Sonny Las Vegas Pickin Thriftin Treasures 3 Queens Resale,The Nurse Flipper,replay,message,6:47,@dawnkertesz7351,You will be missed Sonny!:red_heart::star:,False,False,True,,,2026-09-09T00:17:15.305Z,General marketplace,reselling,streamer farewell,A viewer sends heart and star emojis and states Sonny will be missed.,high,youtube_live:wbUy3gK7kFE:565
566,wbUy3gK7kFE,https://www.youtube.com/watch?v=wbUy3gK7kFE,Live eBay Reseller Q&A | The Nurse Flipper Sonny Las Vegas Pickin Thriftin Treasures 3 Queens Resale,The Nurse Flipper,replay,message,6:50,@salvagedjoy,AAAwww Sonny We'll Miss you so much but I'm so happy for you for living your life for your family!!,False,False,True,,,2026-09-09T00:17:17.856Z,General marketplace,reselling,streamer farewell,A chatter says Sonny will be missed but is happy for his family focus.,high,youtube_live:wbUy3gK7kFE:566
567,wbUy3gK7kFE,https://www.youtube.com/watch?v=wbUy3gK7kFE,Live eBay Reseller Q&A | The Nurse Flipper Sonny Las Vegas Pickin Thriftin Treasures 3 Queens Resale,The Nurse Flipper,replay,message,6:59,@AngelsDontFall,:person-turqouise-waving::person-turqouise-waving:,False,False,True,,,2026-09-09T00:17:27.360Z,Unclear,,greeting,A viewer posts waving emojis in the chat.,high,youtube_live:wbUy3gK7kFE:567
568,wbUy3gK7kFE,https://www.youtube.com/watch?v=wbUy3gK7kFE,Live eBay Reseller Q&A | The Nurse Flipper Sonny Las Vegas Pickin Thriftin Treasures 3 Queens Resale,The Nurse Flipper,replay,message,7:03,@hycinth5371,You will be missed Sonny. Thank you and greatly appreciated your expertise! ,False,False,True,,,2026-09-09T00:17:31.016Z,General marketplace,reselling,streamer farewell; appreciation,A viewer expresses appreciation for Sonny's expertise and notes they will be missed.,high,youtube_live:wbUy3gK7kFE:568
569,wbUy3gK7kFE,https://www.youtube.com/watch?v=wbUy3gK7kFE,Live eBay Reseller Q&A | The Nurse Flipper Sonny Las Vegas Pickin Thriftin Treasures 3 Queens Resale,The Nurse Flipper,replay,message,7:06,@karenpickrum5245,I LOVE the Kat & Trish Show!,False,False,True,,,2026-09-09T00:17:33.652Z,General marketplace,reseller show,viewer feedback; show appreciation,A viewer expresses enthusiasm for the Kat & Trish Show.,high,youtube_live:wbUy3gK7kFE:569
570,wbUy3gK7kFE,https://www.youtube.com/watch?v=wbUy3gK7kFE,Live eBay Reseller Q&A | The Nurse Flipper Sonny Las Vegas Pickin Thriftin Treasures 3 Queens Resale,The Nurse Flipper,replay,message,7:13,@redcardinaltreasures,This stream is sponsored by The Boxery! https://www.theboxery.com/,False,True,True,,,2026-09-09T00:17:40.666Z,General marketplace,shipping supplies,sponsorship,A message announces that the livestream is sponsored by shipping supplier The Boxery.,high,youtube_live:wbUy3gK7kFE:570
571,wbUy3gK7kFE,https://www.youtube.com/watch?v=wbUy3gK7kFE,Live eBay Reseller Q&A | The Nurse Flipper Sonny Las Vegas Pickin Thriftin Treasures 3 Queens Resale,The Nurse Flipper,replay,message,7:25,@pattis-garden-and-vintage,"Trish will be amazing, with a different perspective.",False,False,True,,,2026-09-09T00:17:52.649Z,General marketplace,reseller show,co-host reception,"A viewer comments that Trish will bring a great, different perspective.",high,youtube_live:wbUy3gK7kFE:571
572,wbUy3gK7kFE,https://www.youtube.com/watch?v=wbUy3gK7kFE,Live eBay Reseller Q&A | The Nurse Flipper Sonny Las Vegas Pickin Thriftin Treasures 3 Queens Resale,The Nurse Flipper,replay,message,7:30,@karenpickrum5245,"Sonny, we will miss you but totally understand.",False,False,True,,,2026-09-09T00:17:58.393Z,General marketplace,reseller show,streamer farewell,A viewer expresses understanding and notes Sonny will be missed.,high,youtube_live:wbUy3gK7kFE:572
573,wbUy3gK7kFE,https://www.youtube.com/watch?v=wbUy3gK7kFE,Live eBay Reseller Q&A | The Nurse Flipper Sonny Las Vegas Pickin Thriftin Treasures 3 Queens Resale,The Nurse Flipper,replay,message,7:47,@shoppingwithsheryl,Chickies!!!! ,False,False,False,,,2026-09-09T00:18:14.852Z,Unclear,,chat greeting; unclear reaction,A chatter calls out 'Chickies!!!!' in the stream.,low,youtube_live:wbUy3gK7kFE:573
574,wbUy3gK7kFE,https://www.youtube.com/watch?v=wbUy3gK7kFE,Live eBay Reseller Q&A | The Nurse Flipper Sonny Las Vegas Pickin Thriftin Treasures 3 Queens Resale,The Nurse Flipper,replay,message,8:01,@Ping_Gee,"Best of luck to you Sonny, and your family.",False,False,False,,,2026-09-09T00:18:29.131Z,General marketplace,reseller show,streamer well wishes,A viewer wishes Sonny and his family best of luck.,high,youtube_live:wbUy3gK7kFE:574
575,wbUy3gK7kFE,https://www.youtube.com/watch?v=wbUy3gK7kFE,Live eBay Reseller Q&A | The Nurse Flipper Sonny Las Vegas Pickin Thriftin Treasures 3 Queens Resale,The Nurse Flipper,replay,message,8:46,@redcardinaltreasures,"It was more like, ""H*ll no""",False,True,True,,,2026-09-09T00:19:13.557Z,Unclear,,chat reaction,A viewer remarks that a reaction was more like 'H*ll no'.,low,youtube_live:wbUy3gK7kFE:575
576,wbUy3gK7kFE,https://www.youtube.com/watch?v=wbUy3gK7kFE,Live eBay Reseller Q&A | The Nurse Flipper Sonny Las Vegas Pickin Thriftin Treasures 3 Queens Resale,The Nurse Flipper,replay,message,8:55,@redcardinaltreasures,Trish is a trip!,False,True,True,,,2026-09-09T00:19:23.371Z,General marketplace,reseller show,co-host reception,A viewer comments that Trish is a trip.,medium,youtube_live:wbUy3gK7kFE:576
577,wbUy3gK7kFE,https://www.youtube.com/watch?v=wbUy3gK7kFE,Live eBay Reseller Q&A | The Nurse Flipper Sonny Las Vegas Pickin Thriftin Treasures 3 Queens Resale,The Nurse Flipper,replay,message,9:22,@shoppingwithsheryl,Trish will yell at Kat about organization. LOL ,False,False,False,,,2026-09-09T00:19:49.957Z,General marketplace,reselling,organization,A viewer jokes that Trish will yell at Kat regarding organization.,low,youtube_live:wbUy3gK7kFE:577
578,wbUy3gK7kFE,https://www.youtube.com/watch?v=wbUy3gK7kFE,Live eBay Reseller Q&A | The Nurse Flipper Sonny Las Vegas Pickin Thriftin Treasures 3 Queens Resale,The Nurse Flipper,replay,message,9:25,@redcardinaltreasures,Channa & Shane Pickin and Thriftin Treasures channel- https://www.youtube.com/@PickinandThr...,False,True,True,,,2026-09-09T00:19:53.240Z,General marketplace,reselling,channel promotion,A user shares a link to the Pickin and Thriftin Treasures YouTube channel.,high,youtube_live:wbUy3gK7kFE:578
579,wbUy3gK7kFE,https://www.youtube.com/watch?v=wbUy3gK7kFE,Live eBay Reseller Q&A | The Nurse Flipper Sonny Las Vegas Pickin Thriftin Treasures 3 Queens Resale,The Nurse Flipper,replay,message,9:30,@karenpickrum5245,"Aww, I love you guys :two_hearts::two_hearts: have to think about November",False,False,True,,,2026-09-09T00:19:58.000Z,General marketplace,reselling,general chat,A chatter expresses affection for the group and mentions thinking about November.,low,youtube_live:wbUy3gK7kFE:579
580,wbUy3gK7kFE,https://www.youtube.com/watch?v=wbUy3gK7kFE,Live eBay Reseller Q&A | The Nurse Flipper Sonny Las Vegas Pickin Thriftin Treasures 3 Queens Resale,The Nurse Flipper,replay,message,9:30,@katepickr6789,"BEST ADVISE TO PUT MY STORES ON VACAY. IM GOING TO BE GONE FOR 10 days. eBay, Etsy,posh & Mercari?",False,False,True,,,2026-09-09T00:19:58.085Z,General marketplace,multi-platform reselling,vacation mode,"A seller asks for advice on setting vacation mode across eBay, Etsy, Poshmark, and Mercari.",high,youtube_live:wbUy3gK7kFE:580
581,wbUy3gK7kFE,https://www.youtube.com/watch?v=wbUy3gK7kFE,Live eBay Reseller Q&A | The Nurse Flipper Sonny Las Vegas Pickin Thriftin Treasures 3 Queens Resale,The Nurse Flipper,replay,message,9:42,@TheNurseFlipper,lol yes she will,True,False,False,,,2026-09-09T00:20:10.482Z,General marketplace,reselling,stream chat,A viewer agrees with a previous remark about someone yelling.,low,youtube_live:wbUy3gK7kFE:581
582,wbUy3gK7kFE,https://www.youtube.com/watch?v=wbUy3gK7kFE,Live eBay Reseller Q&A | The Nurse Flipper Sonny Las Vegas Pickin Thriftin Treasures 3 Queens Resale,The Nurse Flipper,replay,message,9:57,@pattis-garden-and-vintage,Both!,False,False,True,,,2026-09-09T00:20:24.767Z,General marketplace,reselling,unclear reaction,A user responds simply with 'Both!' during the stream.,low,youtube_live:wbUy3gK7kFE:582
583,wbUy3gK7kFE,https://www.youtube.com/watch?v=wbUy3gK7kFE,Live eBay Reseller Q&A | The Nurse Flipper Sonny Las Vegas Pickin Thriftin Treasures 3 Queens Resale,The Nurse Flipper,replay,message,9:57,@BargainBlitzBoutique,"Has anyone had a claim that a new sealed item you sold, was “opened”? Who did eBay side with?",False,False,False,,,2026-09-09T00:20:25.007Z,General marketplace,disputes,return claims,A seller asks who eBay sides with when buyers claim a new sealed item arrived opened.,high,youtube_live:wbUy3gK7kFE:583
584,wbUy3gK7kFE,https://www.youtube.com/watch?v=wbUy3gK7kFE,Live eBay Reseller Q&A | The Nurse Flipper Sonny Las Vegas Pickin Thriftin Treasures 3 Queens Resale,The Nurse Flipper,replay,message,10:40,@prettythriftyshoppe,Kat & Trish = Thelma & Louise! lol. ,False,False,False,,,2026-09-09T00:21:07.737Z,General marketplace,reselling,stream banter,A chatter compares Kat and Trish to Thelma and Louise.,low,youtube_live:wbUy3gK7kFE:584
585,wbUy3gK7kFE,https://www.youtube.com/watch?v=wbUy3gK7kFE,Live eBay Reseller Q&A | The Nurse Flipper Sonny Las Vegas Pickin Thriftin Treasures 3 Queens Resale,The Nurse Flipper,replay,message,13:22,@SellingSoloIlene,1,False,False,True,,,2026-09-09T00:23:49.777Z,General marketplace,reselling,poll response,A user votes or responds with '1' in the live chat.,low,youtube_live:wbUy3gK7kFE:585
586,wbUy3gK7kFE,https://www.youtube.com/watch?v=wbUy3gK7kFE,Live eBay Reseller Q&A | The Nurse Flipper Sonny Las Vegas Pickin Thriftin Treasures 3 Queens Resale,The Nurse Flipper,replay,message,13:28,@MyResellingLife,1,False,False,False,,,2026-09-09T00:23:55.921Z,General marketplace,reselling,poll response,A chatter types '1' in response to an in-stream question or poll.,low,youtube_live:wbUy3gK7kFE:586
587,wbUy3gK7kFE,https://www.youtube.com/watch?v=wbUy3gK7kFE,Live eBay Reseller Q&A | The Nurse Flipper Sonny Las Vegas Pickin Thriftin Treasures 3 Queens Resale,The Nurse Flipper,replay,message,13:32,@Dusty-Discoveries,no poll on youtube,False,False,True,,,2026-09-09T00:23:59.502Z,General marketplace,livestream features,poll functionality,A viewer notes that there is no poll on YouTube.,high,youtube_live:wbUy3gK7kFE:587
588,wbUy3gK7kFE,https://www.youtube.com/watch?v=wbUy3gK7kFE,Live eBay Reseller Q&A | The Nurse Flipper Sonny Las Vegas Pickin Thriftin Treasures 3 Queens Resale,The Nurse Flipper,replay,message,13:32,@caren_with_c,1,False,False,False,,,2026-09-09T00:24:00.420Z,Unclear,,poll response,"A viewer types '1' in the chat, likely responding to a prompt or poll.",low,youtube_live:wbUy3gK7kFE:588
589,wbUy3gK7kFE,https://www.youtube.com/watch?v=wbUy3gK7kFE,Live eBay Reseller Q&A | The Nurse Flipper Sonny Las Vegas Pickin Thriftin Treasures 3 Queens Resale,The Nurse Flipper,replay,message,13:35,@carolbaker259,1,False,False,False,,,2026-09-09T00:24:02.482Z,Unclear,,poll response,A viewer comments '1' in the chat.,low,youtube_live:wbUy3gK7kFE:589
590,wbUy3gK7kFE,https://www.youtube.com/watch?v=wbUy3gK7kFE,Live eBay Reseller Q&A | The Nurse Flipper Sonny Las Vegas Pickin Thriftin Treasures 3 Queens Resale,The Nurse Flipper,replay,message,13:42,@pattis-garden-and-vintage,1,False,False,True,,,2026-09-09T00:24:10.066Z,Unclear,,poll response,A user submits '1' in the chat stream.,low,youtube_live:wbUy3gK7kFE:590
591,wbUy3gK7kFE,https://www.youtube.com/watch?v=wbUy3gK7kFE,Live eBay Reseller Q&A | The Nurse Flipper Sonny Las Vegas Pickin Thriftin Treasures 3 Queens Resale,The Nurse Flipper,replay,message,13:42,@caroltarvasbourget798,1,False,False,False,,,2026-09-09T00:24:10.461Z,Unclear,,poll response,A viewer replies with '1' in the live chat.,low,youtube_live:wbUy3gK7kFE:591
592,wbUy3gK7kFE,https://www.youtube.com/watch?v=wbUy3gK7kFE,Live eBay Reseller Q&A | The Nurse Flipper Sonny Las Vegas Pickin Thriftin Treasures 3 Queens Resale,The Nurse Flipper,replay,message,13:53,@redcardinaltreasures,Can't click on the poll,False,True,True,,,2026-09-09T00:24:21.216Z,General marketplace,livestream features,technical issues; poll functionality,A participant reports that they cannot click on the poll.,high,youtube_live:wbUy3gK7kFE:592
593,wbUy3gK7kFE,https://www.youtube.com/watch?v=wbUy3gK7kFE,Live eBay Reseller Q&A | The Nurse Flipper Sonny Las Vegas Pickin Thriftin Treasures 3 Queens Resale,The Nurse Flipper,replay,message,14:00,@Dusty-Discoveries,1,False,False,True,,,2026-09-09T00:24:27.996Z,Unclear,,poll response,A viewer responds with '1' in the livestream chat.,low,youtube_live:wbUy3gK7kFE:593
594,wbUy3gK7kFE,https://www.youtube.com/watch?v=wbUy3gK7kFE,Live eBay Reseller Q&A | The Nurse Flipper Sonny Las Vegas Pickin Thriftin Treasures 3 Queens Resale,The Nurse Flipper,replay,message,14:12,@cindyvilla,1,False,False,False,,,2026-09-09T00:24:39.645Z,Unclear,,poll response,A user posts '1' in the chat.,low,youtube_live:wbUy3gK7kFE:594
595,wbUy3gK7kFE,https://www.youtube.com/watch?v=wbUy3gK7kFE,Live eBay Reseller Q&A | The Nurse Flipper Sonny Las Vegas Pickin Thriftin Treasures 3 Queens Resale,The Nurse Flipper,replay,message,14:12,@dawnkertesz7351,1,False,False,True,,,2026-09-09T00:24:39.874Z,Unclear,,poll response,A chatter enters '1' into the live stream.,low,youtube_live:wbUy3gK7kFE:595
596,wbUy3gK7kFE,https://www.youtube.com/watch?v=wbUy3gK7kFE,Live eBay Reseller Q&A | The Nurse Flipper Sonny Las Vegas Pickin Thriftin Treasures 3 Queens Resale,The Nurse Flipper,replay,message,14:22,@redcardinaltreasures,1,False,True,True,,,2026-09-09T00:24:49.865Z,Unclear,,poll response,A participant submits '1' in chat.,low,youtube_live:wbUy3gK7kFE:596
597,wbUy3gK7kFE,https://www.youtube.com/watch?v=wbUy3gK7kFE,Live eBay Reseller Q&A | The Nurse Flipper Sonny Las Vegas Pickin Thriftin Treasures 3 Queens Resale,The Nurse Flipper,replay,message,14:22,@SonnyLasVegas,2,False,True,False,,,2026-09-09T00:24:49.868Z,Unclear,,chat vote,A viewer posts the number 2 in the livestream chat.,low,youtube_live:wbUy3gK7kFE:597
598,wbUy3gK7kFE,https://www.youtube.com/watch?v=wbUy3gK7kFE,Live eBay Reseller Q&A | The Nurse Flipper Sonny Las Vegas Pickin Thriftin Treasures 3 Queens Resale,The Nurse Flipper,replay,message,14:27,@3queensresale700,2,False,False,False,,,2026-09-09T00:24:54.717Z,Unclear,,chat vote,A viewer posts the number 2 in the livestream chat.,low,youtube_live:wbUy3gK7kFE:598
599,wbUy3gK7kFE,https://www.youtube.com/watch?v=wbUy3gK7kFE,Live eBay Reseller Q&A | The Nurse Flipper Sonny Las Vegas Pickin Thriftin Treasures 3 Queens Resale,The Nurse Flipper,replay,message,14:27,@shoppingwithsheryl,1,False,False,False,,,2026-09-09T00:24:55.428Z,Unclear,,chat vote,A viewer posts the number 1 in the livestream chat.,low,youtube_live:wbUy3gK7kFE:599
600,wbUy3gK7kFE,https://www.youtube.com/watch?v=wbUy3gK7kFE,Live eBay Reseller Q&A | The Nurse Flipper Sonny Las Vegas Pickin Thriftin Treasures 3 Queens Resale,The Nurse Flipper,replay,message,14:30,@PowerKorrupts,1,False,False,False,,,2026-09-09T00:24:58.292Z,Unclear,,chat vote,A viewer posts the number 1 in the livestream chat.,low,youtube_live:wbUy3gK7kFE:600
601,wbUy3gK7kFE,https://www.youtube.com/watch?v=wbUy3gK7kFE,Live eBay Reseller Q&A | The Nurse Flipper Sonny Las Vegas Pickin Thriftin Treasures 3 Queens Resale,The Nurse Flipper,replay,message,14:34,@prettythriftyshoppe,1,False,False,False,,,2026-09-09T00:25:01.521Z,Unclear,,chat vote,A viewer posts the number 1 in the livestream chat.,low,youtube_live:wbUy3gK7kFE:601
602,wbUy3gK7kFE,https://www.youtube.com/watch?v=wbUy3gK7kFE,Live eBay Reseller Q&A | The Nurse Flipper Sonny Las Vegas Pickin Thriftin Treasures 3 Queens Resale,The Nurse Flipper,replay,message,14:35,@salvagedjoy,1,False,False,True,,,2026-09-09T00:25:03.169Z,Unclear,,chat vote,A viewer posts the number 1 in the livestream chat.,low,youtube_live:wbUy3gK7kFE:602
603,wbUy3gK7kFE,https://www.youtube.com/watch?v=wbUy3gK7kFE,Live eBay Reseller Q&A | The Nurse Flipper Sonny Las Vegas Pickin Thriftin Treasures 3 Queens Resale,The Nurse Flipper,replay,message,14:37,@freshairtreasures,1,False,False,False,,,2026-09-09T00:25:05.160Z,Unclear,,chat vote,A viewer posts the number 1 in the livestream chat.,low,youtube_live:wbUy3gK7kFE:603
604,wbUy3gK7kFE,https://www.youtube.com/watch?v=wbUy3gK7kFE,Live eBay Reseller Q&A | The Nurse Flipper Sonny Las Vegas Pickin Thriftin Treasures 3 Queens Resale,The Nurse Flipper,replay,message,14:42,@redcardinaltreasures,That's different than how the polls used to be,False,True,True,,,2026-09-09T00:25:09.946Z,General marketplace,livestream features,polls,A user comments that current polls differ from how polls used to operate.,medium,youtube_live:wbUy3gK7kFE:604
605,wbUy3gK7kFE,https://www.youtube.com/watch?v=wbUy3gK7kFE,Live eBay Reseller Q&A | The Nurse Flipper Sonny Las Vegas Pickin Thriftin Treasures 3 Queens Resale,The Nurse Flipper,replay,message,14:43,@Scissors1962,2,False,False,False,,,2026-09-09T00:25:10.976Z,Unclear,,chat vote,A viewer posts the number 2 in the livestream chat.,low,youtube_live:wbUy3gK7kFE:605
606,wbUy3gK7kFE,https://www.youtube.com/watch?v=wbUy3gK7kFE,Live eBay Reseller Q&A | The Nurse Flipper Sonny Las Vegas Pickin Thriftin Treasures 3 Queens Resale,The Nurse Flipper,replay,message,14:50,@VintageVagabondVends,1,False,False,False,,,2026-09-09T00:25:17.878Z,Unclear,,chat vote,A viewer posts the number 1 in the livestream chat.,low,youtube_live:wbUy3gK7kFE:606
607,wbUy3gK7kFE,https://www.youtube.com/watch?v=wbUy3gK7kFE,Live eBay Reseller Q&A | The Nurse Flipper Sonny Las Vegas Pickin Thriftin Treasures 3 Queens Resale,The Nurse Flipper,replay,message,14:57,@cindysnyder7851,1,False,False,False,,,2026-09-09T00:25:24.846Z,General marketplace,chat poll,poll response,"A viewer posts '1' in the chat, likely responding to a stream poll or prompt.",low,youtube_live:wbUy3gK7kFE:607
608,wbUy3gK7kFE,https://www.youtube.com/watch?v=wbUy3gK7kFE,Live eBay Reseller Q&A | The Nurse Flipper Sonny Las Vegas Pickin Thriftin Treasures 3 Queens Resale,The Nurse Flipper,replay,message,14:58,@lakesgirlvintage6851,1,False,False,False,,,2026-09-09T00:25:25.945Z,General marketplace,chat poll,poll response,A user submits '1' in the livestream chat.,low,youtube_live:wbUy3gK7kFE:608
609,wbUy3gK7kFE,https://www.youtube.com/watch?v=wbUy3gK7kFE,Live eBay Reseller Q&A | The Nurse Flipper Sonny Las Vegas Pickin Thriftin Treasures 3 Queens Resale,The Nurse Flipper,replay,message,14:59,@pattis-garden-and-vintage,They're trying to click on the actual poll square,False,False,True,,,2026-09-09T00:25:27.176Z,General marketplace,livestream features,technical issue,A viewer notes that participants are attempting to click on the poll square directly.,medium,youtube_live:wbUy3gK7kFE:609
610,wbUy3gK7kFE,https://www.youtube.com/watch?v=wbUy3gK7kFE,Live eBay Reseller Q&A | The Nurse Flipper Sonny Las Vegas Pickin Thriftin Treasures 3 Queens Resale,The Nurse Flipper,replay,message,14:59,@Dusty-Discoveries,:thumbs_up:,False,False,True,,,2026-09-09T00:25:27.310Z,General marketplace,chat reaction,unclear reaction,A user sends a thumbs up emoji in the livestream chat.,low,youtube_live:wbUy3gK7kFE:610
611,wbUy3gK7kFE,https://www.youtube.com/watch?v=wbUy3gK7kFE,Live eBay Reseller Q&A | The Nurse Flipper Sonny Las Vegas Pickin Thriftin Treasures 3 Queens Resale,The Nurse Flipper,replay,message,15:08,@CARLETTAPRICE-t9x,2,False,False,False,,,2026-09-09T00:25:35.764Z,General marketplace,chat poll,poll response,A chatter responds with '2' in the stream.,low,youtube_live:wbUy3gK7kFE:611
612,wbUy3gK7kFE,https://www.youtube.com/watch?v=wbUy3gK7kFE,Live eBay Reseller Q&A | The Nurse Flipper Sonny Las Vegas Pickin Thriftin Treasures 3 Queens Resale,The Nurse Flipper,replay,message,15:16,@redcardinaltreasures,@pattis-garden-and-vintage That's how it used to work,False,True,True,,,2026-09-09T00:25:44.131Z,General marketplace,platform features,past functionality,A chatter tells another user that is how it used to work.,low,youtube_live:wbUy3gK7kFE:612
613,wbUy3gK7kFE,https://www.youtube.com/watch?v=wbUy3gK7kFE,Live eBay Reseller Q&A | The Nurse Flipper Sonny Las Vegas Pickin Thriftin Treasures 3 Queens Resale,The Nurse Flipper,replay,message,15:18,@Dusty-Discoveries,3,False,False,True,,,2026-09-09T00:25:46.241Z,General marketplace,chat poll,poll response,A viewer inputs '3' into the stream chat.,low,youtube_live:wbUy3gK7kFE:613
614,wbUy3gK7kFE,https://www.youtube.com/watch?v=wbUy3gK7kFE,Live eBay Reseller Q&A | The Nurse Flipper Sonny Las Vegas Pickin Thriftin Treasures 3 Queens Resale,The Nurse Flipper,replay,message,15:22,@cynthiamorton8736,1,False,False,False,,,2026-09-09T00:25:49.791Z,General marketplace,chat poll,poll response,A chatter enters '1' in the livestream chat.,low,youtube_live:wbUy3gK7kFE:614
615,wbUy3gK7kFE,https://www.youtube.com/watch?v=wbUy3gK7kFE,Live eBay Reseller Q&A | The Nurse Flipper Sonny Las Vegas Pickin Thriftin Treasures 3 Queens Resale,The Nurse Flipper,replay,message,15:27,@wolfysays6311,3,False,False,False,,,2026-09-09T00:25:55.130Z,General marketplace,chat poll,poll response,A user sends '3' in response during the stream.,low,youtube_live:wbUy3gK7kFE:615
616,wbUy3gK7kFE,https://www.youtube.com/watch?v=wbUy3gK7kFE,Live eBay Reseller Q&A | The Nurse Flipper Sonny Las Vegas Pickin Thriftin Treasures 3 Queens Resale,The Nurse Flipper,replay,message,15:31,@karenpickrum5245,1,False,False,True,,,2026-09-09T00:25:59.477Z,General marketplace,chat poll,poll response,A viewer responds with '1' in the chat.,low,youtube_live:wbUy3gK7kFE:616
617,wbUy3gK7kFE,https://www.youtube.com/watch?v=wbUy3gK7kFE,Live eBay Reseller Q&A | The Nurse Flipper Sonny Las Vegas Pickin Thriftin Treasures 3 Queens Resale,The Nurse Flipper,replay,message,15:36,@philjensen5890,2,False,False,False,,,2026-09-09T00:26:04.469Z,Unclear,,unclear reaction,A viewer posts the number 2 in the livestream chat.,low,youtube_live:wbUy3gK7kFE:617
618,wbUy3gK7kFE,https://www.youtube.com/watch?v=wbUy3gK7kFE,Live eBay Reseller Q&A | The Nurse Flipper Sonny Las Vegas Pickin Thriftin Treasures 3 Queens Resale,The Nurse Flipper,replay,message,15:39,@TutusAtticLasVegas,1 ,False,False,False,,,2026-09-09T00:26:06.640Z,Unclear,,unclear reaction,A viewer posts the number 1 in chat without further context.,low,youtube_live:wbUy3gK7kFE:618
619,wbUy3gK7kFE,https://www.youtube.com/watch?v=wbUy3gK7kFE,Live eBay Reseller Q&A | The Nurse Flipper Sonny Las Vegas Pickin Thriftin Treasures 3 Queens Resale,The Nurse Flipper,replay,message,15:44,@JamieBeeReseller,1,False,False,False,,,2026-09-09T00:26:11.558Z,Unclear,,unclear reaction,A user enters the number 1 into the chat stream.,low,youtube_live:wbUy3gK7kFE:619
620,wbUy3gK7kFE,https://www.youtube.com/watch?v=wbUy3gK7kFE,Live eBay Reseller Q&A | The Nurse Flipper Sonny Las Vegas Pickin Thriftin Treasures 3 Queens Resale,The Nurse Flipper,replay,message,15:49,@redcardinaltreasures,"Uh oh, she has a new toy to play with",False,True,True,,,2026-09-09T00:26:17.398Z,Unclear,,chat banter,A user remarks that someone has a new toy to play with.,low,youtube_live:wbUy3gK7kFE:620
621,wbUy3gK7kFE,https://www.youtube.com/watch?v=wbUy3gK7kFE,Live eBay Reseller Q&A | The Nurse Flipper Sonny Las Vegas Pickin Thriftin Treasures 3 Queens Resale,The Nurse Flipper,replay,message,15:53,@Ping_Gee,1,False,False,False,,,2026-09-09T00:26:21.308Z,Unclear,,unclear reaction,A user sends the single number 1 in chat.,low,youtube_live:wbUy3gK7kFE:621
622,wbUy3gK7kFE,https://www.youtube.com/watch?v=wbUy3gK7kFE,Live eBay Reseller Q&A | The Nurse Flipper Sonny Las Vegas Pickin Thriftin Treasures 3 Queens Resale,The Nurse Flipper,replay,message,15:56,@megd3406,3,False,False,False,,,2026-09-09T00:26:24.163Z,Unclear,,unclear reaction,A user posts the number 3 in chat without context.,low,youtube_live:wbUy3gK7kFE:622
623,wbUy3gK7kFE,https://www.youtube.com/watch?v=wbUy3gK7kFE,Live eBay Reseller Q&A | The Nurse Flipper Sonny Las Vegas Pickin Thriftin Treasures 3 Queens Resale,The Nurse Flipper,replay,message,16:23,@redcardinaltreasures,Channa & Shane Pickin and Thriftin Treasures channel- https://www.youtube.com/@PickinandThr...,False,True,True,,,2026-09-09T00:26:50.713Z,General marketplace,reselling,channel promotion,A chat message shares a link to the Pickin and Thriftin Treasures YouTube channel.,medium,youtube_live:wbUy3gK7kFE:623
624,wbUy3gK7kFE,https://www.youtube.com/watch?v=wbUy3gK7kFE,Live eBay Reseller Q&A | The Nurse Flipper Sonny Las Vegas Pickin Thriftin Treasures 3 Queens Resale,The Nurse Flipper,replay,message,17:27,@redcardinaltreasures,Stephanie 3Queens Resale channel- https://www.youtube.com/@3queensresal...,False,True,True,,,2026-09-09T00:27:55.418Z,General marketplace,reselling,channel promotion,A message shares a link to Stephanie's 3Queens Resale channel.,medium,youtube_live:wbUy3gK7kFE:624
625,wbUy3gK7kFE,https://www.youtube.com/watch?v=wbUy3gK7kFE,Live eBay Reseller Q&A | The Nurse Flipper Sonny Las Vegas Pickin Thriftin Treasures 3 Queens Resale,The Nurse Flipper,replay,message,17:32,@marcellapitti3216,"Sonny you’ll be missed. We lost your hair first, now you… lol! We all wish you well as you do what is most important, your family! :love_letter:👶🏻:baby_bottle::thumbs_up:🫶🏼",False,False,True,,,2026-09-09T00:27:59.729Z,General marketplace,reselling,creator farewell,A commenter expresses well wishes to Sonny as he focuses on his family.,medium,youtube_live:wbUy3gK7kFE:625
626,wbUy3gK7kFE,https://www.youtube.com/watch?v=wbUy3gK7kFE,Live eBay Reseller Q&A | The Nurse Flipper Sonny Las Vegas Pickin Thriftin Treasures 3 Queens Resale,The Nurse Flipper,replay,message,17:45,@RouxsTube,im late ! start over lolol,False,False,False,,,2026-09-09T00:28:13.439Z,General marketplace,reselling,chat banter,A viewer notes they arrived late and jokingly asks the hosts to start over.,medium,youtube_live:wbUy3gK7kFE:626
627,wbUy3gK7kFE,https://www.youtube.com/watch?v=wbUy3gK7kFE,Live eBay Reseller Q&A | The Nurse Flipper Sonny Las Vegas Pickin Thriftin Treasures 3 Queens Resale,The Nurse Flipper,replay,message,18:07,@SonnyLasVegas,:face-red-heart-shape: @marcellapitti3216 awwww. thank you! ,False,True,False,,,2026-09-09T00:28:34.742Z,Unclear,,chat greeting; gratitude,A viewer expresses thanks with an emoji to another user.,high,youtube_live:wbUy3gK7kFE:627
628,wbUy3gK7kFE,https://www.youtube.com/watch?v=wbUy3gK7kFE,Live eBay Reseller Q&A | The Nurse Flipper Sonny Las Vegas Pickin Thriftin Treasures 3 Queens Resale,The Nurse Flipper,replay,message,18:30,@redcardinaltreasures,Sonny Las Vegas channel: https://www.youtube.com/@SonnyLasVegas,False,True,True,,,2026-09-09T00:28:58.057Z,General marketplace,reselling,channel link; promotional shoutout,A message shares a link to the Sonny Las Vegas YouTube channel.,high,youtube_live:wbUy3gK7kFE:628
629,wbUy3gK7kFE,https://www.youtube.com/watch?v=wbUy3gK7kFE,Live eBay Reseller Q&A | The Nurse Flipper Sonny Las Vegas Pickin Thriftin Treasures 3 Queens Resale,The Nurse Flipper,replay,message,19:30,@GenosFinds,hello all ,False,True,False,,,2026-09-09T00:29:58.004Z,Unclear,,chat greeting,A viewer posts a general greeting to the chat.,high,youtube_live:wbUy3gK7kFE:629
630,wbUy3gK7kFE,https://www.youtube.com/watch?v=wbUy3gK7kFE,Live eBay Reseller Q&A | The Nurse Flipper Sonny Las Vegas Pickin Thriftin Treasures 3 Queens Resale,The Nurse Flipper,replay,message,19:38,@redcardinaltreasures,Geno!,False,True,True,,,2026-09-09T00:30:06.401Z,Unclear,,chat greeting,A viewer greets someone named Geno.,high,youtube_live:wbUy3gK7kFE:630
631,wbUy3gK7kFE,https://www.youtube.com/watch?v=wbUy3gK7kFE,Live eBay Reseller Q&A | The Nurse Flipper Sonny Las Vegas Pickin Thriftin Treasures 3 Queens Resale,The Nurse Flipper,replay,message,19:50,@shoppingwithsheryl,@SonnyLasVegas What are you eating? I'm hungry and want tater-tots...if you have tater-tots ship me some. ,False,False,False,,,2026-09-09T00:30:18.514Z,Unclear,food,casual conversation,A viewer asks a creator what they are eating and jokes about tater tots.,high,youtube_live:wbUy3gK7kFE:631
632,wbUy3gK7kFE,https://www.youtube.com/watch?v=wbUy3gK7kFE,Live eBay Reseller Q&A | The Nurse Flipper Sonny Las Vegas Pickin Thriftin Treasures 3 Queens Resale,The Nurse Flipper,replay,message,20:08,@dawnkertesz7351,Hi Geno! ,False,False,True,,,2026-09-09T00:30:35.688Z,Unclear,,chat greeting,A participant greets Geno in the chat.,high,youtube_live:wbUy3gK7kFE:632
633,wbUy3gK7kFE,https://www.youtube.com/watch?v=wbUy3gK7kFE,Live eBay Reseller Q&A | The Nurse Flipper Sonny Las Vegas Pickin Thriftin Treasures 3 Queens Resale,The Nurse Flipper,replay,message,20:21,@GenosFinds,hello Dawn,False,True,False,,,2026-09-09T00:30:48.878Z,Unclear,,chat greeting,A user says hello to Dawn in the stream chat.,high,youtube_live:wbUy3gK7kFE:633
634,wbUy3gK7kFE,https://www.youtube.com/watch?v=wbUy3gK7kFE,Live eBay Reseller Q&A | The Nurse Flipper Sonny Las Vegas Pickin Thriftin Treasures 3 Queens Resale,The Nurse Flipper,replay,message,20:24,@redcardinaltreasures,"Check out the new website at thenurseflipper.com! :rocket: You'll find info on 1-on-1 coaching, Reseller Retreat replays, and all Kats favorite reselling tools and gear!",False,True,True,,,2026-09-09T00:30:51.672Z,General marketplace,reselling,coaching; reseller supplies,"A chat message promotes a website offering 1-on-1 coaching, replays, and reselling tools.",high,youtube_live:wbUy3gK7kFE:634
635,wbUy3gK7kFE,https://www.youtube.com/watch?v=wbUy3gK7kFE,Live eBay Reseller Q&A | The Nurse Flipper Sonny Las Vegas Pickin Thriftin Treasures 3 Queens Resale,The Nurse Flipper,replay,message,20:28,@pattis-garden-and-vintage,"I'm not sure I have all the right equipment, or how to use it smoothly.",False,False,True,,,2026-09-09T00:30:56.371Z,General marketplace,reselling equipment,equipment usability,A user expresses uncertainty about having the right equipment or using it smoothly.,medium,youtube_live:wbUy3gK7kFE:635
636,wbUy3gK7kFE,https://www.youtube.com/watch?v=wbUy3gK7kFE,Live eBay Reseller Q&A | The Nurse Flipper Sonny Las Vegas Pickin Thriftin Treasures 3 Queens Resale,The Nurse Flipper,replay,message,20:31,@TutusAtticLasVegas,2 parts..Just had a nightmare with the post office. Dropped the packages off at 12:30 PM & literally an hour later got a notification that all three have been delivered to a post office box Las Vegas.,False,False,False,,,2026-09-09T00:30:58.961Z,General marketplace,shipping,post office error; tracking issue,A user describes dropping off three packages that prematurely showed delivered to a Las Vegas PO box an hour later.,high,youtube_live:wbUy3gK7kFE:636
637,wbUy3gK7kFE,https://www.youtube.com/watch?v=wbUy3gK7kFE,Live eBay Reseller Q&A | The Nurse Flipper Sonny Las Vegas Pickin Thriftin Treasures 3 Queens Resale,The Nurse Flipper,replay,message,20:59,@marcellapitti3216,@SonnyLasVegasYour welcome,False,False,True,,,2026-09-09T00:31:26.944Z,Unclear,,chat greeting,A viewer replies with 'your welcome' to another user.,high,youtube_live:wbUy3gK7kFE:637
638,wbUy3gK7kFE,https://www.youtube.com/watch?v=wbUy3gK7kFE,Live eBay Reseller Q&A | The Nurse Flipper Sonny Las Vegas Pickin Thriftin Treasures 3 Queens Resale,The Nurse Flipper,replay,message,21:12,@TutusAtticLasVegas,Part 2Stood in line at a post office for 1 Hour to talk to the supervisor who told me they must’ve made an error and to give it a week to see if anybody gets their packages.s,False,False,False,,,2026-09-09T00:31:40.422Z,General marketplace,shipping,post office delay; lost packages,A user recounts waiting an hour at the post office after a supervisor suggested an error occurred with packages.,high,youtube_live:wbUy3gK7kFE:638
639,wbUy3gK7kFE,https://www.youtube.com/watch?v=wbUy3gK7kFE,Live eBay Reseller Q&A | The Nurse Flipper Sonny Las Vegas Pickin Thriftin Treasures 3 Queens Resale,The Nurse Flipper,replay,message,21:14,@karenpickrum5245,@pickinandthriftintreasures :waving_hand::waving_hand:what’s your whatnot store? I’ll follow you ,False,False,True,,,2026-09-09T00:31:41.614Z,General marketplace,whatnot,store handle; follow request,A user asks another participant for their Whatnot store handle to follow them.,high,youtube_live:wbUy3gK7kFE:639
640,wbUy3gK7kFE,https://www.youtube.com/watch?v=wbUy3gK7kFE,Live eBay Reseller Q&A | The Nurse Flipper Sonny Las Vegas Pickin Thriftin Treasures 3 Queens Resale,The Nurse Flipper,replay,message,21:14,@redcardinaltreasures,The .20 comes out when you list it. When it sells you pay the selling fees.,False,True,True,,,2026-09-09T00:31:42.006Z,General marketplace,seller fees,listing fees; final value fees,"A chatter explains that a twenty-cent fee is charged upon listing, followed by selling fees after an item sells.",high,youtube_live:wbUy3gK7kFE:640
641,wbUy3gK7kFE,https://www.youtube.com/watch?v=wbUy3gK7kFE,Live eBay Reseller Q&A | The Nurse Flipper Sonny Las Vegas Pickin Thriftin Treasures 3 Queens Resale,The Nurse Flipper,replay,message,21:27,@GenosFinds,marsha big hugs,False,True,False,,,2026-09-09T00:31:54.733Z,Unclear,,chat greeting,A user sends hugs to Marsha in chat.,high,youtube_live:wbUy3gK7kFE:641
642,wbUy3gK7kFE,https://www.youtube.com/watch?v=wbUy3gK7kFE,Live eBay Reseller Q&A | The Nurse Flipper Sonny Las Vegas Pickin Thriftin Treasures 3 Queens Resale,The Nurse Flipper,replay,message,21:36,@kristinapp5,yes they charge $0.20 every 3 or 4 months ....... unless you put the setting on manual so you would have to allow it and realistic unless it's automatic,False,False,False,,,2026-09-09T00:32:04.272Z,General marketplace,seller fees,listing renewal fees; listing settings,A chatter notes a recurring twenty-cent charge every 3 to 4 months unless manual settings are chosen.,high,youtube_live:wbUy3gK7kFE:642
643,wbUy3gK7kFE,https://www.youtube.com/watch?v=wbUy3gK7kFE,Live eBay Reseller Q&A | The Nurse Flipper Sonny Las Vegas Pickin Thriftin Treasures 3 Queens Resale,The Nurse Flipper,replay,message,21:36,@TutusAtticLasVegas,"Part 3 Sent messages to every single person I had the issue with. I am super bummed, but I’m hoping if it doesn’t arrive, I can make claims on each of the packages. Has anybody ever had this happen?",False,False,False,,,2026-09-09T00:32:04.458Z,General marketplace,shipping,insurance claims; package delivery issues,A user reports messaging affected buyers and hoping to file package claims if orders do not arrive.,high,youtube_live:wbUy3gK7kFE:643
644,wbUy3gK7kFE,https://www.youtube.com/watch?v=wbUy3gK7kFE,Live eBay Reseller Q&A | The Nurse Flipper Sonny Las Vegas Pickin Thriftin Treasures 3 Queens Resale,The Nurse Flipper,replay,message,21:37,@TheNurseFlipper,I just use a iPhone and when I do collectibles I use my personal phone to list the photos of the items I'm running so I just use two phones. I would say you need a newer phone but other than that you ,True,False,False,,,2026-09-09T00:32:04.884Z,Toys/Collectibles; Electronics,collectibles; smartphones,listing workflow; device setup,A user describes using two iPhones to list collectibles and take photos during sales.,high,youtube_live:wbUy3gK7kFE:644
645,wbUy3gK7kFE,https://www.youtube.com/watch?v=wbUy3gK7kFE,Live eBay Reseller Q&A | The Nurse Flipper Sonny Las Vegas Pickin Thriftin Treasures 3 Queens Resale,The Nurse Flipper,replay,message,21:37,@TheNurseFlipper,should good,True,False,False,,,2026-09-09T00:32:04.922Z,Unclear,,chat continuation,A user completes a fragmented sentence with 'should good'.,low,youtube_live:wbUy3gK7kFE:645
646,wbUy3gK7kFE,https://www.youtube.com/watch?v=wbUy3gK7kFE,Live eBay Reseller Q&A | The Nurse Flipper Sonny Las Vegas Pickin Thriftin Treasures 3 Queens Resale,The Nurse Flipper,replay,message,21:50,@karenpickrum5245,Geno :waving_hand::waving_hand:,False,False,True,,,2026-09-09T00:32:17.843Z,Unclear,,chat greeting,A user greets Geno with waving hand emojis.,high,youtube_live:wbUy3gK7kFE:646
647,wbUy3gK7kFE,https://www.youtube.com/watch?v=wbUy3gK7kFE,Live eBay Reseller Q&A | The Nurse Flipper Sonny Las Vegas Pickin Thriftin Treasures 3 Queens Resale,The Nurse Flipper,replay,message,21:55,@megd3406,Kat gets banned from all the places. lol,False,False,False,,,2026-09-09T00:32:23.117Z,General marketplace,reselling platforms,account bans,A viewer comments that Kat gets banned from all places.,medium,youtube_live:wbUy3gK7kFE:647
648,wbUy3gK7kFE,https://www.youtube.com/watch?v=wbUy3gK7kFE,Live eBay Reseller Q&A | The Nurse Flipper Sonny Las Vegas Pickin Thriftin Treasures 3 Queens Resale,The Nurse Flipper,replay,message,22:01,@LisaK-v3s,"do you set goals to list a certain number of items per day / per week, or do you aim for a dollar amount instead?",False,False,False,,,2026-09-09T00:32:29.464Z,General marketplace,reselling strategy,listing goals; revenue goals,A user asks whether the hosts set goals based on listing volume or dollar amounts.,high,youtube_live:wbUy3gK7kFE:648
649,wbUy3gK7kFE,https://www.youtube.com/watch?v=wbUy3gK7kFE,Live eBay Reseller Q&A | The Nurse Flipper Sonny Las Vegas Pickin Thriftin Treasures 3 Queens Resale,The Nurse Flipper,replay,message,22:27,@shoppingwithsheryl,What will we do when Kat is banned from all the sites? ,False,False,False,,,2026-09-09T00:32:55.184Z,General marketplace,reselling platforms,account bans,A chatter asks what will happen if Kat gets banned from all sites.,medium,youtube_live:wbUy3gK7kFE:649
650,wbUy3gK7kFE,https://www.youtube.com/watch?v=wbUy3gK7kFE,Live eBay Reseller Q&A | The Nurse Flipper Sonny Las Vegas Pickin Thriftin Treasures 3 Queens Resale,The Nurse Flipper,replay,message,22:32,@kristinapp5,I was saying after 3 or 4 months you can relist it manually and be charged another 20 cents or have it on automatic and they'll charge you $0.20 until it sells,False,False,False,,,2026-09-09T00:32:59.808Z,General marketplace,platform fees,relisting fees; listing renewal,A commenter describes manual versus automatic relisting options and the associated 20-cent charge.,high,youtube_live:wbUy3gK7kFE:650
651,wbUy3gK7kFE,https://www.youtube.com/watch?v=wbUy3gK7kFE,Live eBay Reseller Q&A | The Nurse Flipper Sonny Las Vegas Pickin Thriftin Treasures 3 Queens Resale,The Nurse Flipper,replay,message,22:58,@VintishVibes,One thing about Etsy is people BUY not haggle.,False,False,True,,,2026-09-09T00:33:25.789Z,General marketplace,Etsy,buyer behavior; pricing,A participant claims that buyers on Etsy make purchases rather than haggling.,high,youtube_live:wbUy3gK7kFE:651
652,wbUy3gK7kFE,https://www.youtube.com/watch?v=wbUy3gK7kFE,Live eBay Reseller Q&A | The Nurse Flipper Sonny Las Vegas Pickin Thriftin Treasures 3 Queens Resale,The Nurse Flipper,replay,message,23:23,@redcardinaltreasures,You'll be at the flea market with Tyler. LOL,False,True,True,,,2026-09-09T00:33:51.271Z,General marketplace,flea markets,in-person selling,A chatter remarks that the streamer will end up selling at the flea market with Tyler.,low,youtube_live:wbUy3gK7kFE:652
653,wbUy3gK7kFE,https://www.youtube.com/watch?v=wbUy3gK7kFE,Live eBay Reseller Q&A | The Nurse Flipper Sonny Las Vegas Pickin Thriftin Treasures 3 Queens Resale,The Nurse Flipper,replay,message,23:27,@pattis-garden-and-vintage,"Kat will have to start her own platform, like Jocelyn and Misty!",False,False,True,,,2026-09-09T00:33:55.472Z,General marketplace,reselling platforms,independent platforms,A user suggests Kat will have to start her own platform like Jocelyn and Misty.,medium,youtube_live:wbUy3gK7kFE:653
654,wbUy3gK7kFE,https://www.youtube.com/watch?v=wbUy3gK7kFE,Live eBay Reseller Q&A | The Nurse Flipper Sonny Las Vegas Pickin Thriftin Treasures 3 Queens Resale,The Nurse Flipper,replay,message,23:32,@TutusAtticLasVegas,"On Etsy, you can opt to pay it manually or every three months automatically pay the $.20",False,False,False,,,2026-09-09T00:34:00.226Z,General marketplace,Etsy,listing fees; renewal options,A viewer explains that Etsy sellers can pay a 20-cent fee manually or automatically every three months.,high,youtube_live:wbUy3gK7kFE:654
655,wbUy3gK7kFE,https://www.youtube.com/watch?v=wbUy3gK7kFE,Live eBay Reseller Q&A | The Nurse Flipper Sonny Las Vegas Pickin Thriftin Treasures 3 Queens Resale,The Nurse Flipper,replay,message,23:45,@kristinapp5,:hand-pink-waving:,False,False,False,,,2026-09-09T00:34:12.827Z,Unclear,,greeting,A user posts a waving hand emoji in chat.,high,youtube_live:wbUy3gK7kFE:655
656,wbUy3gK7kFE,https://www.youtube.com/watch?v=wbUy3gK7kFE,Live eBay Reseller Q&A | The Nurse Flipper Sonny Las Vegas Pickin Thriftin Treasures 3 Queens Resale,The Nurse Flipper,replay,message,23:46,@Brian_Brumley,"At this rate, all you’ll have is a street corner in Tallahassee.",False,False,False,,,2026-09-09T00:34:14.176Z,General marketplace,in-person selling,selling locations,A commenter jokes that the streamer will be left selling on a street corner in Tallahassee.,low,youtube_live:wbUy3gK7kFE:656
657,wbUy3gK7kFE,https://www.youtube.com/watch?v=wbUy3gK7kFE,Live eBay Reseller Q&A | The Nurse Flipper Sonny Las Vegas Pickin Thriftin Treasures 3 Queens Resale,The Nurse Flipper,replay,message,23:49,@VintishVibes,If the listing is not worth renewing at .20 it isn't worth listing at all.,False,False,True,,,2026-09-09T00:34:16.726Z,General marketplace,eBay reselling,listing fees; renewal costs,A chatter argues that an item not worth a 20-cent renewal is not worth listing at all.,high,youtube_live:wbUy3gK7kFE:657
658,wbUy3gK7kFE,https://www.youtube.com/watch?v=wbUy3gK7kFE,Live eBay Reseller Q&A | The Nurse Flipper Sonny Las Vegas Pickin Thriftin Treasures 3 Queens Resale,The Nurse Flipper,replay,message,23:57,@redcardinaltreasures,It's every 4 months @TutusAtticLasVegas ,False,True,True,,,2026-09-09T00:34:24.620Z,General marketplace,online reselling,listing schedule,A viewer states an event or process occurs every four months.,low,youtube_live:wbUy3gK7kFE:658
659,wbUy3gK7kFE,https://www.youtube.com/watch?v=wbUy3gK7kFE,Live eBay Reseller Q&A | The Nurse Flipper Sonny Las Vegas Pickin Thriftin Treasures 3 Queens Resale,The Nurse Flipper,replay,message,23:57,@megd3406,You won't get banned. You make too much money for the other places. I'm just talking trash. I've been suspended from posh too.,False,False,False,,,2026-09-09T00:34:24.650Z,General marketplace,Poshmark,account suspensions; platform bans,"A chatter doubts another seller will be banned due to high revenue, sharing their own past suspension from Poshmark.",high,youtube_live:wbUy3gK7kFE:659
660,wbUy3gK7kFE,https://www.youtube.com/watch?v=wbUy3gK7kFE,Live eBay Reseller Q&A | The Nurse Flipper Sonny Las Vegas Pickin Thriftin Treasures 3 Queens Resale,The Nurse Flipper,replay,message,24:01,@shoppingwithsheryl,@redcardinaltreasures Oh those would be fun videos.,False,False,False,,,2026-09-09T00:34:29.425Z,General marketplace,reselling content,video ideas,A chatter comments that suggested video concepts would be fun.,medium,youtube_live:wbUy3gK7kFE:660
661,wbUy3gK7kFE,https://www.youtube.com/watch?v=wbUy3gK7kFE,Live eBay Reseller Q&A | The Nurse Flipper Sonny Las Vegas Pickin Thriftin Treasures 3 Queens Resale,The Nurse Flipper,replay,message,24:08,@kristinapp5,I see little .20 cent charges on my c.c.,False,False,False,,,2026-09-09T00:34:35.565Z,General marketplace,eBay fees,listing fees; credit card charges,A user reports seeing 20-cent fee charges appearing on their credit card.,high,youtube_live:wbUy3gK7kFE:661
662,wbUy3gK7kFE,https://www.youtube.com/watch?v=wbUy3gK7kFE,Live eBay Reseller Q&A | The Nurse Flipper Sonny Las Vegas Pickin Thriftin Treasures 3 Queens Resale,The Nurse Flipper,replay,message,24:30,@objjectsofdesireART,"late, but here, :pensive_face:",False,False,False,,,2026-09-09T00:34:58.433Z,Unclear,,chat greeting,A viewer notes they arrived late to the livestream.,high,youtube_live:wbUy3gK7kFE:662
663,wbUy3gK7kFE,https://www.youtube.com/watch?v=wbUy3gK7kFE,Live eBay Reseller Q&A | The Nurse Flipper Sonny Las Vegas Pickin Thriftin Treasures 3 Queens Resale,The Nurse Flipper,replay,message,24:41,@redcardinaltreasures,@shoppingwithsheryl yep,False,True,True,,,2026-09-09T00:35:09.121Z,Unclear,,chat agreement,A chatter replies with simple agreement to another user.,low,youtube_live:wbUy3gK7kFE:663
664,wbUy3gK7kFE,https://www.youtube.com/watch?v=wbUy3gK7kFE,Live eBay Reseller Q&A | The Nurse Flipper Sonny Las Vegas Pickin Thriftin Treasures 3 Queens Resale,The Nurse Flipper,replay,message,24:52,@shoppingwithsheryl,YAY Basement Sellers Rock! ,False,False,False,,,2026-09-09T00:35:19.756Z,General marketplace,online reselling,seller support,A chatter cheers on basement-based resellers.,high,youtube_live:wbUy3gK7kFE:664
665,wbUy3gK7kFE,https://www.youtube.com/watch?v=wbUy3gK7kFE,Live eBay Reseller Q&A | The Nurse Flipper Sonny Las Vegas Pickin Thriftin Treasures 3 Queens Resale,The Nurse Flipper,replay,message,25:27,@TutusAtticLasVegas,@redcardinaltreasures yes that’s right. Thank you Marsha! I just got home from the post office fiasco. :frowning_face:My head is pounding right now.,False,False,False,,,2026-09-09T00:35:55.285Z,General marketplace,shipping,post office issues,A user mentions returning home from a difficult post office experience.,medium,youtube_live:wbUy3gK7kFE:665
666,wbUy3gK7kFE,https://www.youtube.com/watch?v=wbUy3gK7kFE,Live eBay Reseller Q&A | The Nurse Flipper Sonny Las Vegas Pickin Thriftin Treasures 3 Queens Resale,The Nurse Flipper,replay,message,25:30,@beckysvintageandmore,"I have my first return request on eBay. It was a blue sky clayworks castle. I had pictures, but they didn't look at them. They are saying that it has been altered from original.",False,False,True,,,2026-09-09T00:35:57.628Z,Toys/Collectibles,ceramics; Blue Sky Clayworks,return requests; item condition,A seller reports a first eBay return request for a Blue Sky Clayworks castle claiming it was altered.,high,youtube_live:wbUy3gK7kFE:666
667,wbUy3gK7kFE,https://www.youtube.com/watch?v=wbUy3gK7kFE,Live eBay Reseller Q&A | The Nurse Flipper Sonny Las Vegas Pickin Thriftin Treasures 3 Queens Resale,The Nurse Flipper,replay,message,25:30,@megd3406,Oh excellent point! Loss of income insurance too.,False,False,False,,,2026-09-09T00:35:58.065Z,General marketplace,business operations,business insurance,A viewer notes the importance of loss of income insurance during the reseller stream.,high,youtube_live:wbUy3gK7kFE:667
668,wbUy3gK7kFE,https://www.youtube.com/watch?v=wbUy3gK7kFE,Live eBay Reseller Q&A | The Nurse Flipper Sonny Las Vegas Pickin Thriftin Treasures 3 Queens Resale,The Nurse Flipper,replay,message,26:07,@SonnyLasVegas,sonnylasvegas@gmail.com,False,True,False,,,2026-09-09T00:36:35.069Z,Unclear,,contact information,A chatter shares an email address in the livestream chat.,high,youtube_live:wbUy3gK7kFE:668
669,wbUy3gK7kFE,https://www.youtube.com/watch?v=wbUy3gK7kFE,Live eBay Reseller Q&A | The Nurse Flipper Sonny Las Vegas Pickin Thriftin Treasures 3 Queens Resale,The Nurse Flipper,replay,message,26:14,@Brian_Brumley,"Kat, did you cause the power surge in Tallahassee last night?:rolling_on_the_floor_laughing::rolling_on_the_floor_laughing::rolling_on_the_floor_laughing:",False,False,False,,,2026-09-09T00:36:41.600Z,Unclear,,banter,A viewer jokingly asks Kat if she caused a power surge in Tallahassee.,high,youtube_live:wbUy3gK7kFE:669
670,wbUy3gK7kFE,https://www.youtube.com/watch?v=wbUy3gK7kFE,Live eBay Reseller Q&A | The Nurse Flipper Sonny Las Vegas Pickin Thriftin Treasures 3 Queens Resale,The Nurse Flipper,replay,message,26:30,@beckysvintageandmore,I'm waiting to see if they return it. Would you message them & if so with what comment????,False,False,True,,,2026-09-09T00:36:57.481Z,General marketplace,online selling,returns; customer communication,A seller asks if they should message a buyer while waiting to see if an item is returned.,high,youtube_live:wbUy3gK7kFE:670
671,wbUy3gK7kFE,https://www.youtube.com/watch?v=wbUy3gK7kFE,Live eBay Reseller Q&A | The Nurse Flipper Sonny Las Vegas Pickin Thriftin Treasures 3 Queens Resale,The Nurse Flipper,replay,message,27:14,@SellingSoloIlene,@TutusAtticLasVegas Aloha friend!! I am soooo sorry about the problem at USPS....man o man!!,False,False,True,,,2026-09-09T00:37:42.032Z,General marketplace,shipping,USPS issues,A chatter expresses sympathy to TutusAtticLasVegas regarding an issue with USPS.,high,youtube_live:wbUy3gK7kFE:671
672,wbUy3gK7kFE,https://www.youtube.com/watch?v=wbUy3gK7kFE,Live eBay Reseller Q&A | The Nurse Flipper Sonny Las Vegas Pickin Thriftin Treasures 3 Queens Resale,The Nurse Flipper,replay,message,27:22,@guitarmissy8830,Hi,False,False,False,,,2026-09-09T00:37:49.684Z,Unclear,,greeting,A chatter says hi in the livestream chat.,high,youtube_live:wbUy3gK7kFE:672
673,wbUy3gK7kFE,https://www.youtube.com/watch?v=wbUy3gK7kFE,Live eBay Reseller Q&A | The Nurse Flipper Sonny Las Vegas Pickin Thriftin Treasures 3 Queens Resale,The Nurse Flipper,replay,message,28:01,@SonnyLasVegas,ERGO NEXT,False,True,False,,,2026-09-09T00:38:28.756Z,Unclear,,unclear reaction,A user writes 'ERGO NEXT' in the chat without further context.,low,youtube_live:wbUy3gK7kFE:673
674,wbUy3gK7kFE,https://www.youtube.com/watch?v=wbUy3gK7kFE,Live eBay Reseller Q&A | The Nurse Flipper Sonny Las Vegas Pickin Thriftin Treasures 3 Queens Resale,The Nurse Flipper,replay,message,28:12,@TutusAtticLasVegas,@sellingsolollene you changed your name! How are you doing? Yeah it was a nightmare. It was a weird post office too. It didn’t even have people just places you could drop your,False,False,False,,,2026-09-09T00:38:39.627Z,General marketplace,shipping,post office experience,A user discusses a nightmare experience at an unstaffed post office location.,high,youtube_live:wbUy3gK7kFE:674
675,wbUy3gK7kFE,https://www.youtube.com/watch?v=wbUy3gK7kFE,Live eBay Reseller Q&A | The Nurse Flipper Sonny Las Vegas Pickin Thriftin Treasures 3 Queens Resale,The Nurse Flipper,replay,message,28:27,@TutusAtticLasVegas,Packages in the mail slots in the building,False,False,False,,,2026-09-09T00:38:55.300Z,General marketplace,shipping,drop-off locations,A chatter mentions dropping packages into mail slots in a building.,medium,youtube_live:wbUy3gK7kFE:675
676,wbUy3gK7kFE,https://www.youtube.com/watch?v=wbUy3gK7kFE,Live eBay Reseller Q&A | The Nurse Flipper Sonny Las Vegas Pickin Thriftin Treasures 3 Queens Resale,The Nurse Flipper,replay,message,28:43,@TheCostumeJeweler,"Yes, to the hurricanes!",False,False,False,,,2026-09-09T00:39:11.133Z,Unclear,,general chat,A chatter responds affirmatively regarding hurricanes.,medium,youtube_live:wbUy3gK7kFE:676
677,wbUy3gK7kFE,https://www.youtube.com/watch?v=wbUy3gK7kFE,Live eBay Reseller Q&A | The Nurse Flipper Sonny Las Vegas Pickin Thriftin Treasures 3 Queens Resale,The Nurse Flipper,replay,message,28:49,@TutusAtticLasVegas,"The Supervisor, the post office is going to give me a call back to see if he can find my three packages. It was well over $100 worth of items.",False,False,False,,,2026-09-09T00:39:17.157Z,General marketplace,Shipping,Lost packages; USPS inquiry,A user shares that a post office supervisor is calling back about three lost packages worth over $100.,high,youtube_live:wbUy3gK7kFE:677
678,wbUy3gK7kFE,https://www.youtube.com/watch?v=wbUy3gK7kFE,Live eBay Reseller Q&A | The Nurse Flipper Sonny Las Vegas Pickin Thriftin Treasures 3 Queens Resale,The Nurse Flipper,replay,message,28:51,@megd3406,"Another YouTube reseller just had their water heater, which is right next to their eBay room, break. Fortunately, they caught it in time for it to not totally flood their inventory area.",False,False,False,,,2026-09-09T00:39:18.728Z,General marketplace,Reselling operations,Inventory storage; Property damage,A user mentions another reseller caught a broken water heater in time to avoid flooding their inventory area.,high,youtube_live:wbUy3gK7kFE:678
679,wbUy3gK7kFE,https://www.youtube.com/watch?v=wbUy3gK7kFE,Live eBay Reseller Q&A | The Nurse Flipper Sonny Las Vegas Pickin Thriftin Treasures 3 Queens Resale,The Nurse Flipper,replay,message,29:23,@redcardinaltreasures,:thumbs_up::thumbs_up::thumbs_up::thumbs_up::thumbs_up::thumbs_up::thumbs_up:Smash the like button! :thumbs_up::thumbs_up::thumbs_up::thumbs_up::thumbs_up::thumbs_up::thumbs_up:,False,True,True,,,2026-09-09T00:39:51.420Z,Unclear,Livestream engagement,Chat interaction,A viewer encourages chat participants to like the livestream.,high,youtube_live:wbUy3gK7kFE:679
680,wbUy3gK7kFE,https://www.youtube.com/watch?v=wbUy3gK7kFE,Live eBay Reseller Q&A | The Nurse Flipper Sonny Las Vegas Pickin Thriftin Treasures 3 Queens Resale,The Nurse Flipper,replay,message,29:47,@TheCostumeJeweler,The water heater can definitely be an issue.,False,False,False,,,2026-09-09T00:40:15.137Z,General marketplace,Reselling operations,Inventory storage,A user agrees that water heaters can be an issue for storage areas.,medium,youtube_live:wbUy3gK7kFE:680
681,wbUy3gK7kFE,https://www.youtube.com/watch?v=wbUy3gK7kFE,Live eBay Reseller Q&A | The Nurse Flipper Sonny Las Vegas Pickin Thriftin Treasures 3 Queens Resale,The Nurse Flipper,replay,message,29:57,@ChaChingKingPicking,"I sold a necklace a few weeks ago for $140. They've lost it. AND, they've denied my claim and appeal. I didn't justify the value..despite showing the sale and the refund and others that sold for same",False,False,False,,,2026-09-09T00:40:24.699Z,Other / emerging,Jewelry,Insurance claim; Lost packages,A seller reports a lost $140 necklace sale where their insurance claim and appeal were denied.,high,youtube_live:wbUy3gK7kFE:681
682,wbUy3gK7kFE,https://www.youtube.com/watch?v=wbUy3gK7kFE,Live eBay Reseller Q&A | The Nurse Flipper Sonny Las Vegas Pickin Thriftin Treasures 3 Queens Resale,The Nurse Flipper,replay,message,30:19,@SellingSoloIlene,"@TutusAtticLasVegas yep, I had too many variations across platforms for the name, so I settled on this one!! That is crazy about not having people....because the whole thing about making sure someone",False,False,True,,,2026-09-09T00:40:46.962Z,General marketplace,Branding,Usernames; Operations,A user discusses settling on a username after having multiple variations across platforms.,medium,youtube_live:wbUy3gK7kFE:682
683,wbUy3gK7kFE,https://www.youtube.com/watch?v=wbUy3gK7kFE,Live eBay Reseller Q&A | The Nurse Flipper Sonny Las Vegas Pickin Thriftin Treasures 3 Queens Resale,The Nurse Flipper,replay,message,30:21,@pattis-garden-and-vintage,"Once I list the inventory, it gets removed from my homeowners.",False,False,True,,,2026-09-09T00:40:49.201Z,General marketplace,Reselling operations,Insurance coverage; Inventory management,A reseller states that listing inventory removes it from their homeowners insurance coverage.,high,youtube_live:wbUy3gK7kFE:683
684,wbUy3gK7kFE,https://www.youtube.com/watch?v=wbUy3gK7kFE,Live eBay Reseller Q&A | The Nurse Flipper Sonny Las Vegas Pickin Thriftin Treasures 3 Queens Resale,The Nurse Flipper,replay,message,30:22,@ChaChingKingPicking,USPS lost it.,False,False,False,,,2026-09-09T00:40:49.861Z,General marketplace,Shipping,Lost packages; USPS,A user notes that USPS lost an item.,high,youtube_live:wbUy3gK7kFE:684
685,wbUy3gK7kFE,https://www.youtube.com/watch?v=wbUy3gK7kFE,Live eBay Reseller Q&A | The Nurse Flipper Sonny Las Vegas Pickin Thriftin Treasures 3 Queens Resale,The Nurse Flipper,replay,message,30:46,@SellingSoloIlene,@TutusAtticLasVegas actually scans it so you are covered by eBay! Odd!!,False,False,True,,,2026-09-09T00:41:13.833Z,General marketplace,Shipping,Package acceptance scan; Seller protection,A user emphasizes that getting an acceptance scan is necessary to be covered by eBay.,high,youtube_live:wbUy3gK7kFE:685
686,wbUy3gK7kFE,https://www.youtube.com/watch?v=wbUy3gK7kFE,Live eBay Reseller Q&A | The Nurse Flipper Sonny Las Vegas Pickin Thriftin Treasures 3 Queens Resale,The Nurse Flipper,replay,message,31:17,@hycinth5371, Very helpful. Thank you! ,False,False,True,,,2026-09-09T00:41:44.896Z,Unclear,Livestream engagement,Viewer feedback,"A viewer thanks the stream host, calling the information very helpful.",high,youtube_live:wbUy3gK7kFE:686
687,wbUy3gK7kFE,https://www.youtube.com/watch?v=wbUy3gK7kFE,Live eBay Reseller Q&A | The Nurse Flipper Sonny Las Vegas Pickin Thriftin Treasures 3 Queens Resale,The Nurse Flipper,replay,message,31:25,@TheNurseFlipper,LOL yes Brian I watched the whole game!,True,False,False,,,2026-09-09T00:41:53.070Z,Unclear,,chat conversation,A viewer mentions watching an entire game in a conversational message.,high,youtube_live:wbUy3gK7kFE:687
688,wbUy3gK7kFE,https://www.youtube.com/watch?v=wbUy3gK7kFE,Live eBay Reseller Q&A | The Nurse Flipper Sonny Las Vegas Pickin Thriftin Treasures 3 Queens Resale,The Nurse Flipper,replay,message,32:10,@TheNurseFlipper,Scot a LOST claim? I've never heard of that,True,False,False,,,2026-09-09T00:42:37.536Z,General marketplace,shipping,lost package claims,A user expresses surprise and unfamiliarity with a lost package claim.,high,youtube_live:wbUy3gK7kFE:688
689,wbUy3gK7kFE,https://www.youtube.com/watch?v=wbUy3gK7kFE,Live eBay Reseller Q&A | The Nurse Flipper Sonny Las Vegas Pickin Thriftin Treasures 3 Queens Resale,The Nurse Flipper,replay,message,32:10,@TutusAtticLasVegas,@sellingsolollene never had a problem before. I was on the other side of town from my normal post office.Hopefully I will get claims on each item. ,False,False,False,,,2026-09-09T00:42:37.693Z,General marketplace,shipping,postal claims,A seller discusses using a different post office and hoping to receive insurance claims on missing items.,high,youtube_live:wbUy3gK7kFE:689
690,wbUy3gK7kFE,https://www.youtube.com/watch?v=wbUy3gK7kFE,Live eBay Reseller Q&A | The Nurse Flipper Sonny Las Vegas Pickin Thriftin Treasures 3 Queens Resale,The Nurse Flipper,replay,message,32:18,@TheCostumeJeweler,"Hi Kat! How do you personally weigh the pros and cons of selling on eBay versus Whatnot, and what is your strategy for deciding which platform gets which type of inventory?",False,False,False,,,2026-09-09T00:42:46.146Z,General marketplace,reselling platforms,platform comparison; inventory strategy,A viewer asks how to weigh selling on eBay versus Whatnot and allocate inventory between them.,high,youtube_live:wbUy3gK7kFE:690
691,wbUy3gK7kFE,https://www.youtube.com/watch?v=wbUy3gK7kFE,Live eBay Reseller Q&A | The Nurse Flipper Sonny Las Vegas Pickin Thriftin Treasures 3 Queens Resale,The Nurse Flipper,replay,message,33:04,@Dusty-Discoveries,thats insurance for ya,False,False,True,,,2026-09-09T00:43:31.607Z,General marketplace,shipping insurance,insurance claims,A user makes a brief remark about insurance.,medium,youtube_live:wbUy3gK7kFE:691
692,wbUy3gK7kFE,https://www.youtube.com/watch?v=wbUy3gK7kFE,Live eBay Reseller Q&A | The Nurse Flipper Sonny Las Vegas Pickin Thriftin Treasures 3 Queens Resale,The Nurse Flipper,replay,message,33:05,@SonnyLasVegas,SCOT!!!,False,True,False,,,2026-09-09T00:43:32.607Z,Unclear,,viewer greeting,A user calls out another chatter's name.,high,youtube_live:wbUy3gK7kFE:692
693,wbUy3gK7kFE,https://www.youtube.com/watch?v=wbUy3gK7kFE,Live eBay Reseller Q&A | The Nurse Flipper Sonny Las Vegas Pickin Thriftin Treasures 3 Queens Resale,The Nurse Flipper,replay,message,33:12,@TutusAtticLasVegas,@chachingkingpicking I hope if my packages don’t arrive I will get claims on them. That sounds terrible what the post office did to you. ,False,False,False,,,2026-09-09T00:43:40.346Z,General marketplace,shipping,lost packages; postal claims,A user sympathizes over postal issues and hopes to receive insurance claims if packages do not arrive.,high,youtube_live:wbUy3gK7kFE:693
694,wbUy3gK7kFE,https://www.youtube.com/watch?v=wbUy3gK7kFE,Live eBay Reseller Q&A | The Nurse Flipper Sonny Las Vegas Pickin Thriftin Treasures 3 Queens Resale,The Nurse Flipper,replay,message,33:19,@redcardinaltreasures,Channa & Shane Pickin and Thriftin Treasures channel- https://www.youtube.com/@PickinandThr...,False,True,True,,,2026-09-09T00:43:47.491Z,General marketplace,reselling,channel promotion,A user shares a link to the Pickin and Thriftin Treasures YouTube channel.,high,youtube_live:wbUy3gK7kFE:694
695,wbUy3gK7kFE,https://www.youtube.com/watch?v=wbUy3gK7kFE,Live eBay Reseller Q&A | The Nurse Flipper Sonny Las Vegas Pickin Thriftin Treasures 3 Queens Resale,The Nurse Flipper,replay,message,34:17,@redcardinaltreasures,Stephanie 3Queens Resale channel- https://www.youtube.com/@3queensresal...,False,True,True,,,2026-09-09T00:44:44.650Z,General marketplace,reselling,channel promotion,A user posts a link to the 3 Queens Resale YouTube channel.,high,youtube_live:wbUy3gK7kFE:695
696,wbUy3gK7kFE,https://www.youtube.com/watch?v=wbUy3gK7kFE,Live eBay Reseller Q&A | The Nurse Flipper Sonny Las Vegas Pickin Thriftin Treasures 3 Queens Resale,The Nurse Flipper,replay,message,34:52,@redcardinaltreasures,Sonny Las Vegas channel: https://www.youtube.com/@SonnyLasVegas,False,True,True,,,2026-09-09T00:45:20.454Z,General marketplace,reselling,channel promotion,A user shares a link to the Sonny Las Vegas YouTube channel.,high,youtube_live:wbUy3gK7kFE:696
697,wbUy3gK7kFE,https://www.youtube.com/watch?v=wbUy3gK7kFE,Live eBay Reseller Q&A | The Nurse Flipper Sonny Las Vegas Pickin Thriftin Treasures 3 Queens Resale,The Nurse Flipper,replay,message,35:26,@redcardinaltreasures,Quality glass pieces,False,True,True,,,2026-09-09T00:45:53.550Z,Other / emerging,glassware,product quality,A viewer mentions quality glass pieces in the chat.,medium,youtube_live:wbUy3gK7kFE:697
698,wbUy3gK7kFE,https://www.youtube.com/watch?v=wbUy3gK7kFE,Live eBay Reseller Q&A | The Nurse Flipper Sonny Las Vegas Pickin Thriftin Treasures 3 Queens Resale,The Nurse Flipper,replay,message,36:02,@Dusty-Discoveries,bubble wrap and boxes,False,False,True,,,2026-09-09T00:46:29.958Z,General marketplace,shipping supplies,packaging,A chatter mentions bubble wrap and boxes.,high,youtube_live:wbUy3gK7kFE:698
699,wbUy3gK7kFE,https://www.youtube.com/watch?v=wbUy3gK7kFE,Live eBay Reseller Q&A | The Nurse Flipper Sonny Las Vegas Pickin Thriftin Treasures 3 Queens Resale,The Nurse Flipper,replay,message,36:03,@redcardinaltreasures,Maybe not the brand but at least quality versus cheap stuff,False,True,True,,,2026-09-09T00:46:30.889Z,General marketplace,reselling,product quality,A user discusses prioritizing item quality over brand name compared to cheap goods.,medium,youtube_live:wbUy3gK7kFE:699
700,wbUy3gK7kFE,https://www.youtube.com/watch?v=wbUy3gK7kFE,Live eBay Reseller Q&A | The Nurse Flipper Sonny Las Vegas Pickin Thriftin Treasures 3 Queens Resale,The Nurse Flipper,replay,message,37:00,@redcardinaltreasures,"Check out the new website at thenurseflipper.com! :rocket: You'll find info on 1-on-1 coaching, Reseller Retreat replays, and all Kats favorite reselling tools and gear!",False,True,True,,,2026-09-09T00:47:27.992Z,General marketplace,reselling services,promotions,"A promotional message advertises a website offering coaching, replays, and reselling tools.",high,youtube_live:wbUy3gK7kFE:700
701,wbUy3gK7kFE,https://www.youtube.com/watch?v=wbUy3gK7kFE,Live eBay Reseller Q&A | The Nurse Flipper Sonny Las Vegas Pickin Thriftin Treasures 3 Queens Resale,The Nurse Flipper,replay,message,37:22,@TheNurseFlipper,yeah feel if it's smooth,True,False,False,,,2026-09-09T00:47:49.497Z,Unclear,,item inspection,A viewer suggests checking whether an item feels smooth.,low,youtube_live:wbUy3gK7kFE:701
702,wbUy3gK7kFE,https://www.youtube.com/watch?v=wbUy3gK7kFE,Live eBay Reseller Q&A | The Nurse Flipper Sonny Las Vegas Pickin Thriftin Treasures 3 Queens Resale,The Nurse Flipper,replay,message,37:32,@SonnyLasVegas,https://thenurseflipper.com/,False,True,False,,,2026-09-09T00:47:59.893Z,General marketplace,reselling services,promotions,A chatter shares a website link related to the channel.,high,youtube_live:wbUy3gK7kFE:702
703,wbUy3gK7kFE,https://www.youtube.com/watch?v=wbUy3gK7kFE,Live eBay Reseller Q&A | The Nurse Flipper Sonny Las Vegas Pickin Thriftin Treasures 3 Queens Resale,The Nurse Flipper,replay,message,37:33,@guitarmissy8830,Weee,False,False,False,,,2026-09-09T00:48:00.861Z,Unclear,,chat reaction,A user posts an exclamation in the chat.,low,youtube_live:wbUy3gK7kFE:703
704,wbUy3gK7kFE,https://www.youtube.com/watch?v=wbUy3gK7kFE,Live eBay Reseller Q&A | The Nurse Flipper Sonny Las Vegas Pickin Thriftin Treasures 3 Queens Resale,The Nurse Flipper,replay,message,37:37,@GenosFinds,hello Channa & Shane,False,True,False,,,2026-09-09T00:48:05.379Z,Unclear,,greeting,A chatter greets other participants by name.,high,youtube_live:wbUy3gK7kFE:704
705,wbUy3gK7kFE,https://www.youtube.com/watch?v=wbUy3gK7kFE,Live eBay Reseller Q&A | The Nurse Flipper Sonny Las Vegas Pickin Thriftin Treasures 3 Queens Resale,The Nurse Flipper,replay,message,38:35,@Dusty-Discoveries,works great in our media store not everything store,False,False,True,,,2026-09-09T00:49:03.107Z,Other / emerging,physical media,business model,A user states something works well in their media store rather than a general store.,medium,youtube_live:wbUy3gK7kFE:705
706,wbUy3gK7kFE,https://www.youtube.com/watch?v=wbUy3gK7kFE,Live eBay Reseller Q&A | The Nurse Flipper Sonny Las Vegas Pickin Thriftin Treasures 3 Queens Resale,The Nurse Flipper,replay,message,39:00,@ChaChingKingPicking,"Hey @SonnyLasVegas ! I'm in and out, so I've missed some of the messages. :slightly_smiling_face:",False,False,False,,,2026-09-09T00:49:27.577Z,Unclear,,greeting,A user greets SonnyLasVegas and explains missing messages due to being in and out.,high,youtube_live:wbUy3gK7kFE:706
707,wbUy3gK7kFE,https://www.youtube.com/watch?v=wbUy3gK7kFE,Live eBay Reseller Q&A | The Nurse Flipper Sonny Las Vegas Pickin Thriftin Treasures 3 Queens Resale,The Nurse Flipper,replay,message,39:20,@SonnyLasVegas,@ChaChingKingPicking i hope you are doing well ,False,True,False,,,2026-09-09T00:49:47.617Z,Unclear,,greeting,A chat participant greets another user and wishes them well.,high,youtube_live:wbUy3gK7kFE:707
708,wbUy3gK7kFE,https://www.youtube.com/watch?v=wbUy3gK7kFE,Live eBay Reseller Q&A | The Nurse Flipper Sonny Las Vegas Pickin Thriftin Treasures 3 Queens Resale,The Nurse Flipper,replay,message,39:44,@beckysvintageandmore,Can you put a WhatNot shop on vacation mode?,False,False,True,,,2026-09-09T00:50:11.697Z,General marketplace,Whatnot,vacation mode; platform features,A user asks whether a Whatnot shop can be put on vacation mode.,high,youtube_live:wbUy3gK7kFE:708
709,wbUy3gK7kFE,https://www.youtube.com/watch?v=wbUy3gK7kFE,Live eBay Reseller Q&A | The Nurse Flipper Sonny Las Vegas Pickin Thriftin Treasures 3 Queens Resale,The Nurse Flipper,replay,message,40:03,@ChaChingKingPicking,"@SonnyLasVegas I am! Busy with a locker this week and next. An incredible one. Depending on the back half of the unit, my favorite one ever. ",False,False,False,,,2026-09-09T00:50:30.856Z,General marketplace,storage lockers,sourcing; storage unit,A user mentions being busy clearing out an incredible storage locker that could be their favorite unit ever.,high,youtube_live:wbUy3gK7kFE:709
710,wbUy3gK7kFE,https://www.youtube.com/watch?v=wbUy3gK7kFE,Live eBay Reseller Q&A | The Nurse Flipper Sonny Las Vegas Pickin Thriftin Treasures 3 Queens Resale,The Nurse Flipper,replay,message,41:01,@SonnyLasVegas,"@beckysvintageandmore yes, from my iphone, open app, click (seller hub) buttom of screen. then click three lines top right corner, scroll all the way down, (vacation mode)",False,True,False,,,2026-09-09T00:51:28.660Z,General marketplace,eBay,vacation mode; seller settings,A user gives step-by-step instructions on how to activate vacation mode in the mobile app.,high,youtube_live:wbUy3gK7kFE:710
711,wbUy3gK7kFE,https://www.youtube.com/watch?v=wbUy3gK7kFE,Live eBay Reseller Q&A | The Nurse Flipper Sonny Las Vegas Pickin Thriftin Treasures 3 Queens Resale,The Nurse Flipper,replay,message,41:39,@redcardinaltreasures,This stream is sponsored by The Boxery! https://www.theboxery.com/,False,True,True,,,2026-09-09T00:52:07.321Z,General marketplace,shipping supplies,sponsorship,A stream announcement notes that the broadcast is sponsored by shipping supply company The Boxery.,high,youtube_live:wbUy3gK7kFE:711
712,wbUy3gK7kFE,https://www.youtube.com/watch?v=wbUy3gK7kFE,Live eBay Reseller Q&A | The Nurse Flipper Sonny Las Vegas Pickin Thriftin Treasures 3 Queens Resale,The Nurse Flipper,replay,message,41:41,@karenpickrum5245,That’s my Kate!,False,False,True,,,2026-09-09T00:52:09.027Z,Unclear,,chat reaction,"A user makes an informal chat comment stating, 'That’s my Kate!'.",high,youtube_live:wbUy3gK7kFE:712
713,wbUy3gK7kFE,https://www.youtube.com/watch?v=wbUy3gK7kFE,Live eBay Reseller Q&A | The Nurse Flipper Sonny Las Vegas Pickin Thriftin Treasures 3 Queens Resale,The Nurse Flipper,replay,message,43:28,@Dusty-Discoveries,what's this vacation you speak of,False,False,True,,,2026-09-09T00:53:55.582Z,General marketplace,reselling,vacation mode; reseller lifestyle,A user jokes about the concept of taking a vacation as a reseller.,medium,youtube_live:wbUy3gK7kFE:713
714,wbUy3gK7kFE,https://www.youtube.com/watch?v=wbUy3gK7kFE,Live eBay Reseller Q&A | The Nurse Flipper Sonny Las Vegas Pickin Thriftin Treasures 3 Queens Resale,The Nurse Flipper,replay,message,43:54,@SonnyLasVegas,just a term to make us feel like we actually have time off @Dusty-Discoveries ,False,True,False,,,2026-09-09T00:54:21.962Z,General marketplace,reselling,vacation mode; reseller lifestyle,A user remarks that 'vacation' is just a term to make resellers feel like they have time off.,high,youtube_live:wbUy3gK7kFE:714
715,wbUy3gK7kFE,https://www.youtube.com/watch?v=wbUy3gK7kFE,Live eBay Reseller Q&A | The Nurse Flipper Sonny Las Vegas Pickin Thriftin Treasures 3 Queens Resale,The Nurse Flipper,replay,message,44:03,@SonnyLasVegas,but we're never off ,False,True,False,,,2026-09-09T00:54:31.252Z,General marketplace,reselling,reseller lifestyle,A user comments that resellers are never truly off work.,high,youtube_live:wbUy3gK7kFE:715
716,wbUy3gK7kFE,https://www.youtube.com/watch?v=wbUy3gK7kFE,Live eBay Reseller Q&A | The Nurse Flipper Sonny Las Vegas Pickin Thriftin Treasures 3 Queens Resale,The Nurse Flipper,replay,message,44:04,@thelakeexchange,TIP ebay stop sending offers 4 days prior to time away starting or you get stuck!,False,False,False,,,2026-09-09T00:54:31.721Z,General marketplace,eBay,vacation mode; seller tips,A user advises stopping eBay offers four days before starting 'Time Away' to avoid issues.,high,youtube_live:wbUy3gK7kFE:716
717,wbUy3gK7kFE,https://www.youtube.com/watch?v=wbUy3gK7kFE,Live eBay Reseller Q&A | The Nurse Flipper Sonny Las Vegas Pickin Thriftin Treasures 3 Queens Resale,The Nurse Flipper,replay,message,44:10,@katepickr6789,10 days in AZ & Utah. ,False,False,True,,,2026-09-09T00:54:37.720Z,Unclear,,travel,A chatter mentions spending ten days in Arizona and Utah.,high,youtube_live:wbUy3gK7kFE:717
718,wbUy3gK7kFE,https://www.youtube.com/watch?v=wbUy3gK7kFE,Live eBay Reseller Q&A | The Nurse Flipper Sonny Las Vegas Pickin Thriftin Treasures 3 Queens Resale,The Nurse Flipper,replay,message,44:14,@Dusty-Discoveries,lol,False,False,True,,,2026-09-09T00:54:41.679Z,Unclear,,unclear reaction,A chatter sends a short laugh reaction.,low,youtube_live:wbUy3gK7kFE:718
719,wbUy3gK7kFE,https://www.youtube.com/watch?v=wbUy3gK7kFE,Live eBay Reseller Q&A | The Nurse Flipper Sonny Las Vegas Pickin Thriftin Treasures 3 Queens Resale,The Nurse Flipper,replay,message,45:01,@JamieBeeReseller,:thumbs_up::revolving_hearts:,False,False,False,,,2026-09-09T00:55:28.883Z,Unclear,,unclear reaction,A chatter posts emoji reactions in the stream chat.,low,youtube_live:wbUy3gK7kFE:719
720,wbUy3gK7kFE,https://www.youtube.com/watch?v=wbUy3gK7kFE,Live eBay Reseller Q&A | The Nurse Flipper Sonny Las Vegas Pickin Thriftin Treasures 3 Queens Resale,The Nurse Flipper,replay,message,45:06,@katepickr6789,Ouch,False,False,True,,,2026-09-09T00:55:34.149Z,Unclear,,unclear reaction,"A chatter reacts with ""Ouch.""",low,youtube_live:wbUy3gK7kFE:720
721,wbUy3gK7kFE,https://www.youtube.com/watch?v=wbUy3gK7kFE,Live eBay Reseller Q&A | The Nurse Flipper Sonny Las Vegas Pickin Thriftin Treasures 3 Queens Resale,The Nurse Flipper,replay,message,45:12,@texaslady1,I found one on Mercari. I just barely started selling there this week and did see it :slightly_smiling_face: If anyone needs to know. It's all knew to me there.,False,False,True,,,2026-09-09T00:55:40.294Z,General marketplace,Mercari,selling experience,A user shares that they recently started selling on Mercari and found a feature there.,high,youtube_live:wbUy3gK7kFE:721
722,wbUy3gK7kFE,https://www.youtube.com/watch?v=wbUy3gK7kFE,Live eBay Reseller Q&A | The Nurse Flipper Sonny Las Vegas Pickin Thriftin Treasures 3 Queens Resale,The Nurse Flipper,replay,message,46:21,@texaslady1,I spent an hour trying to print a label on the thermal printer on Mercari. Finally done it the old way. Cut and tape. lol,False,False,True,,,2026-09-09T00:56:48.733Z,General marketplace,Mercari; shipping supplies,shipping labels; thermal printer,A seller recounts difficulty printing a Mercari label on a thermal printer and resorting to cutting and taping.,high,youtube_live:wbUy3gK7kFE:722
723,wbUy3gK7kFE,https://www.youtube.com/watch?v=wbUy3gK7kFE,Live eBay Reseller Q&A | The Nurse Flipper Sonny Las Vegas Pickin Thriftin Treasures 3 Queens Resale,The Nurse Flipper,replay,message,47:09,@texaslady1,"""Vacation mode"" on Mercari is what meant.",False,False,True,,,2026-09-09T00:57:36.886Z,General marketplace,Mercari,vacation mode,"A chatter clarifies that they were referring to ""Vacation mode"" on Mercari.",high,youtube_live:wbUy3gK7kFE:723
724,wbUy3gK7kFE,https://www.youtube.com/watch?v=wbUy3gK7kFE,Live eBay Reseller Q&A | The Nurse Flipper Sonny Las Vegas Pickin Thriftin Treasures 3 Queens Resale,The Nurse Flipper,replay,message,48:27,@marcellapitti3216,"IF eBay sides with you and know the buyer pulled a switch, do they penalize or block the buyer",False,False,True,,,2026-09-09T00:58:55.304Z,General marketplace,eBay,buyer fraud; policy penalties,A user asks whether eBay penalizes or blocks a buyer when a return switch is proven.,high,youtube_live:wbUy3gK7kFE:724
725,wbUy3gK7kFE,https://www.youtube.com/watch?v=wbUy3gK7kFE,Live eBay Reseller Q&A | The Nurse Flipper Sonny Las Vegas Pickin Thriftin Treasures 3 Queens Resale,The Nurse Flipper,replay,message,49:24,@GenosFinds,Sonny you are leaving but no one can ever take your place!,False,True,False,,,2026-09-09T00:59:51.870Z,Unclear,,creator support,A viewer leaves a supportive message for stream participant Sonny.,high,youtube_live:wbUy3gK7kFE:725
726,wbUy3gK7kFE,https://www.youtube.com/watch?v=wbUy3gK7kFE,Live eBay Reseller Q&A | The Nurse Flipper Sonny Las Vegas Pickin Thriftin Treasures 3 Queens Resale,The Nurse Flipper,replay,message,49:35,@Dusty-Discoveries,no buyer still gets their money back,False,False,True,,,2026-09-09T01:00:02.663Z,General marketplace,eBay,refunds; disputes,A participant states that the buyer still receives their money back.,medium,youtube_live:wbUy3gK7kFE:726
727,wbUy3gK7kFE,https://www.youtube.com/watch?v=wbUy3gK7kFE,Live eBay Reseller Q&A | The Nurse Flipper Sonny Las Vegas Pickin Thriftin Treasures 3 Queens Resale,The Nurse Flipper,replay,message,49:56,@SonnyLasVegas,@GenosFinds :face-orange-biting-nails:,False,True,False,,,2026-09-09T01:00:23.540Z,Unclear,,user reaction,A chat participant tags another user with an anxious face emoji.,low,youtube_live:wbUy3gK7kFE:727
728,wbUy3gK7kFE,https://www.youtube.com/watch?v=wbUy3gK7kFE,Live eBay Reseller Q&A | The Nurse Flipper Sonny Las Vegas Pickin Thriftin Treasures 3 Queens Resale,The Nurse Flipper,replay,message,50:07,@texaslady1,"Will miss Sonny, but sure do understand. He's a good daddy :slightly_smiling_face: ",False,False,True,,,2026-09-09T01:00:35.325Z,General marketplace,reselling,streamer departure,A viewer states they will miss Sonny but understands his parenting priorities.,medium,youtube_live:wbUy3gK7kFE:728
729,wbUy3gK7kFE,https://www.youtube.com/watch?v=wbUy3gK7kFE,Live eBay Reseller Q&A | The Nurse Flipper Sonny Las Vegas Pickin Thriftin Treasures 3 Queens Resale,The Nurse Flipper,replay,message,50:34,@TutusAtticLasVegas,@sonnylasvegas I miss the first part of this podcast you’re leaving?? are you moving or just leaving the podcast?,False,False,False,,,2026-09-09T01:01:02.193Z,General marketplace,reselling,streamer departure,A user asks Sonny Las Vegas if he is moving or only leaving the podcast.,high,youtube_live:wbUy3gK7kFE:729
730,wbUy3gK7kFE,https://www.youtube.com/watch?v=wbUy3gK7kFE,Live eBay Reseller Q&A | The Nurse Flipper Sonny Las Vegas Pickin Thriftin Treasures 3 Queens Resale,The Nurse Flipper,replay,message,50:46,@SonnyLasVegas,@TutusAtticLasVegas i am. moving to Mexico,False,True,False,,,2026-09-09T01:01:14.333Z,General marketplace,reselling,streamer departure,A user replies to TutusAtticLasVegas stating they are moving to Mexico.,medium,youtube_live:wbUy3gK7kFE:730
731,wbUy3gK7kFE,https://www.youtube.com/watch?v=wbUy3gK7kFE,Live eBay Reseller Q&A | The Nurse Flipper Sonny Las Vegas Pickin Thriftin Treasures 3 Queens Resale,The Nurse Flipper,replay,message,50:59,@SonnyLasVegas,j/k. next week is my last week Amy @TutusAtticLasVegas ,False,True,False,,,2026-09-09T01:01:26.707Z,General marketplace,reselling,streamer departure,A chatter clarifies they were joking and that next week is their last week.,medium,youtube_live:wbUy3gK7kFE:731
732,wbUy3gK7kFE,https://www.youtube.com/watch?v=wbUy3gK7kFE,Live eBay Reseller Q&A | The Nurse Flipper Sonny Las Vegas Pickin Thriftin Treasures 3 Queens Resale,The Nurse Flipper,replay,message,51:09,@Lalasmercantile,I signed off for a minute and missed something about Sonny ,False,False,False,,,2026-09-09T01:01:37.341Z,General marketplace,reselling,streamer departure,A participant notes they stepped away briefly and missed news about Sonny.,medium,youtube_live:wbUy3gK7kFE:732
733,wbUy3gK7kFE,https://www.youtube.com/watch?v=wbUy3gK7kFE,Live eBay Reseller Q&A | The Nurse Flipper Sonny Las Vegas Pickin Thriftin Treasures 3 Queens Resale,The Nurse Flipper,replay,message,51:40,@Lalasmercantile,Oh moving ... I'll miss you ,False,False,False,,,2026-09-09T01:02:07.705Z,General marketplace,reselling,streamer departure,A chatter reacts to news of someone moving and notes they will be missed.,low,youtube_live:wbUy3gK7kFE:733
734,wbUy3gK7kFE,https://www.youtube.com/watch?v=wbUy3gK7kFE,Live eBay Reseller Q&A | The Nurse Flipper Sonny Las Vegas Pickin Thriftin Treasures 3 Queens Resale,The Nurse Flipper,replay,message,51:57,@beckysvintageandmore,Oh wow Sonny! That will be a different lifestyle. Are you still going to resell from there?,False,False,True,,,2026-09-09T01:02:24.862Z,General marketplace,reselling,streamer departure; reselling operations,A viewer asks Sonny if he plans to continue reselling from his new location.,high,youtube_live:wbUy3gK7kFE:734
735,wbUy3gK7kFE,https://www.youtube.com/watch?v=wbUy3gK7kFE,Live eBay Reseller Q&A | The Nurse Flipper Sonny Las Vegas Pickin Thriftin Treasures 3 Queens Resale,The Nurse Flipper,replay,message,52:14,@cindyvilla,How do you enter time away on FBMP? I couldn’t figure it out and was bombarded by questions when I was gone recently.,False,False,False,,,2026-09-09T01:02:41.895Z,General marketplace,Facebook Marketplace,vacation mode; platform settings,A user asks how to set time away on Facebook Marketplace after missing inquiries during an absence.,high,youtube_live:wbUy3gK7kFE:735
736,wbUy3gK7kFE,https://www.youtube.com/watch?v=wbUy3gK7kFE,Live eBay Reseller Q&A | The Nurse Flipper Sonny Las Vegas Pickin Thriftin Treasures 3 Queens Resale,The Nurse Flipper,replay,message,52:16,@TutusAtticLasVegas,@sonnylasvegas ha ha ha! I was like what???? You’re going be missed here. Hope the birthday party was fantastic for Mattheo! ,False,False,False,,,2026-09-09T01:02:44.443Z,General marketplace,reselling,streamer departure,"A viewer laughs at a previous comment, notes Sonny will be missed, and asks about a birthday party.",medium,youtube_live:wbUy3gK7kFE:736
737,wbUy3gK7kFE,https://www.youtube.com/watch?v=wbUy3gK7kFE,Live eBay Reseller Q&A | The Nurse Flipper Sonny Las Vegas Pickin Thriftin Treasures 3 Queens Resale,The Nurse Flipper,replay,message,52:23,@redcardinaltreasures,"@beckysvintageandmore He's not really moving, he was kidding. He is stepping back to focus on the baby",False,True,True,,,2026-09-09T01:02:50.791Z,General marketplace,reselling,creator life update,A viewer clarifies that a reseller was joking about moving and is instead stepping back to focus on a baby.,medium,youtube_live:wbUy3gK7kFE:737
738,wbUy3gK7kFE,https://www.youtube.com/watch?v=wbUy3gK7kFE,Live eBay Reseller Q&A | The Nurse Flipper Sonny Las Vegas Pickin Thriftin Treasures 3 Queens Resale,The Nurse Flipper,replay,message,52:49,@redcardinaltreasures,Channa & Shane Pickin and Thriftin Treasures channel- https://www.youtube.com/@PickinandThr...,False,True,True,,,2026-09-09T01:03:16.599Z,General marketplace,reselling,channel link,A link to the Pickin and Thriftin Treasures YouTube channel is shared in chat.,high,youtube_live:wbUy3gK7kFE:738
739,wbUy3gK7kFE,https://www.youtube.com/watch?v=wbUy3gK7kFE,Live eBay Reseller Q&A | The Nurse Flipper Sonny Las Vegas Pickin Thriftin Treasures 3 Queens Resale,The Nurse Flipper,replay,message,53:02,@redcardinaltreasures,Stephanie 3Queens Resale channel- https://www.youtube.com/@3queensresal...,False,True,True,,,2026-09-09T01:03:30.126Z,General marketplace,reselling,channel link,A link to the 3Queens Resale YouTube channel is shared in chat.,high,youtube_live:wbUy3gK7kFE:739
740,wbUy3gK7kFE,https://www.youtube.com/watch?v=wbUy3gK7kFE,Live eBay Reseller Q&A | The Nurse Flipper Sonny Las Vegas Pickin Thriftin Treasures 3 Queens Resale,The Nurse Flipper,replay,message,53:28,@beckysvintageandmore,That's what I thought they were saying earlier. My brain was like What. LOL,False,False,True,,,2026-09-09T01:03:55.722Z,Unclear,,stream conversation,A viewer expresses confusion over what was said earlier during the stream.,low,youtube_live:wbUy3gK7kFE:740
741,wbUy3gK7kFE,https://www.youtube.com/watch?v=wbUy3gK7kFE,Live eBay Reseller Q&A | The Nurse Flipper Sonny Las Vegas Pickin Thriftin Treasures 3 Queens Resale,The Nurse Flipper,replay,message,53:57,@redcardinaltreasures,He was messing with her. LOL,False,True,True,,,2026-09-09T01:04:24.611Z,Unclear,,stream humor,A chatter remarks that someone was joking around with another person.,low,youtube_live:wbUy3gK7kFE:741
742,wbUy3gK7kFE,https://www.youtube.com/watch?v=wbUy3gK7kFE,Live eBay Reseller Q&A | The Nurse Flipper Sonny Las Vegas Pickin Thriftin Treasures 3 Queens Resale,The Nurse Flipper,replay,message,54:31,@texaslady1,That is inspiring about holding job and listing too. I remember Kat working long hours and listing on lunch break etc.,False,False,True,,,2026-09-09T01:04:59.363Z,General marketplace,reselling,work routine; listing productivity,A chatter finds it inspiring to balance a regular job with listing items for resale.,high,youtube_live:wbUy3gK7kFE:742
743,wbUy3gK7kFE,https://www.youtube.com/watch?v=wbUy3gK7kFE,Live eBay Reseller Q&A | The Nurse Flipper Sonny Las Vegas Pickin Thriftin Treasures 3 Queens Resale,The Nurse Flipper,replay,message,55:09,@TutusAtticLasVegas,"@sonnylasvegas Sonny, you are a joker for sure! Ha! I think you’d move back to Hawaii first over another state. ",False,False,False,,,2026-09-09T01:05:36.634Z,General marketplace,reselling,creator banter,A viewer jokes about Sonny moving back to Hawaii rather than to another state.,medium,youtube_live:wbUy3gK7kFE:743
744,wbUy3gK7kFE,https://www.youtube.com/watch?v=wbUy3gK7kFE,Live eBay Reseller Q&A | The Nurse Flipper Sonny Las Vegas Pickin Thriftin Treasures 3 Queens Resale,The Nurse Flipper,replay,message,56:01,@SonnyLasVegas,@TutusAtticLasVegas I would love to move back to Hawai'i but I'd rather move closer to family in Texas more than anything. ,False,True,False,,,2026-09-09T01:06:29.192Z,General marketplace,reselling,personal update,Sonny shares a preference for moving closer to family in Texas over moving back to Hawaii.,medium,youtube_live:wbUy3gK7kFE:744
745,wbUy3gK7kFE,https://www.youtube.com/watch?v=wbUy3gK7kFE,Live eBay Reseller Q&A | The Nurse Flipper Sonny Las Vegas Pickin Thriftin Treasures 3 Queens Resale,The Nurse Flipper,replay,message,56:51,@TutusAtticLasVegas,@sonnylasvegas I understand. That’s why we moved here to the mainland. ,False,False,False,,,2026-09-09T01:07:18.895Z,General marketplace,reselling,personal update,A chatter relates to moving to the mainland to be closer to family.,medium,youtube_live:wbUy3gK7kFE:745
746,wbUy3gK7kFE,https://www.youtube.com/watch?v=wbUy3gK7kFE,Live eBay Reseller Q&A | The Nurse Flipper Sonny Las Vegas Pickin Thriftin Treasures 3 Queens Resale,The Nurse Flipper,replay,message,57:12,@shoppingwithsheryl,"I get behind listing, because I am trying to get everything done outside before winter.",False,False,False,,,2026-09-09T01:07:40.269Z,General marketplace,reselling,listing productivity,A user explains falling behind on listing inventory due to outdoor preparations before winter.,high,youtube_live:wbUy3gK7kFE:746
747,wbUy3gK7kFE,https://www.youtube.com/watch?v=wbUy3gK7kFE,Live eBay Reseller Q&A | The Nurse Flipper Sonny Las Vegas Pickin Thriftin Treasures 3 Queens Resale,The Nurse Flipper,replay,message,57:33,@redcardinaltreasures,"Check out the new website at thenurseflipper.com! :rocket: You'll find info on 1-on-1 coaching, Reseller Retreat replays, and all Kats favorite reselling tools and gear!",False,True,True,,,2026-09-09T01:08:00.516Z,General marketplace,reselling services,promotions; reselling tools,"A bot or moderator promotes The Nurse Flipper's website offering coaching, event replays, and reselling tools.",high,youtube_live:wbUy3gK7kFE:747
748,wbUy3gK7kFE,https://www.youtube.com/watch?v=wbUy3gK7kFE,Live eBay Reseller Q&A | The Nurse Flipper Sonny Las Vegas Pickin Thriftin Treasures 3 Queens Resale,The Nurse Flipper,replay,message,57:52,@texaslady1,Me too @shoppingwithsheryl. I get sidetracked with other things that have to be done.,False,False,True,,,2026-09-09T01:08:19.742Z,General marketplace,reseller lifestyle,chat conversation,A user mentions getting sidetracked by other tasks that need to be done.,medium,youtube_live:wbUy3gK7kFE:748
749,wbUy3gK7kFE,https://www.youtube.com/watch?v=wbUy3gK7kFE,Live eBay Reseller Q&A | The Nurse Flipper Sonny Las Vegas Pickin Thriftin Treasures 3 Queens Resale,The Nurse Flipper,replay,message,58:38,@shoppingwithsheryl,"@texaslady1 Yup, I need a rainy day, so I can't work outside.",False,False,False,,,2026-09-09T01:09:06.008Z,General marketplace,reseller lifestyle,chat conversation,A chatter remarks that they need a rainy day so they cannot work outside.,medium,youtube_live:wbUy3gK7kFE:749
750,wbUy3gK7kFE,https://www.youtube.com/watch?v=wbUy3gK7kFE,Live eBay Reseller Q&A | The Nurse Flipper Sonny Las Vegas Pickin Thriftin Treasures 3 Queens Resale,The Nurse Flipper,replay,message,59:29,@redcardinaltreasures,Sonny Las Vegas channel: https://www.youtube.com/@SonnyLasVegas,False,True,True,,,2026-09-09T01:09:57.058Z,General marketplace,social media,channel promotion,A chat message shares a link to Sonny Las Vegas's YouTube channel.,high,youtube_live:wbUy3gK7kFE:750
751,wbUy3gK7kFE,https://www.youtube.com/watch?v=wbUy3gK7kFE,Live eBay Reseller Q&A | The Nurse Flipper Sonny Las Vegas Pickin Thriftin Treasures 3 Queens Resale,The Nurse Flipper,replay,message,59:30,@SonnyLasVegas,who has sold Blue Sky clayworks? ,False,True,False,,,2026-09-09T01:09:57.659Z,Toys/Collectibles,ceramics,sales inquiry,A user asks the chat who has sold Blue Sky Clayworks items.,high,youtube_live:wbUy3gK7kFE:751
752,wbUy3gK7kFE,https://www.youtube.com/watch?v=wbUy3gK7kFE,Live eBay Reseller Q&A | The Nurse Flipper Sonny Las Vegas Pickin Thriftin Treasures 3 Queens Resale,The Nurse Flipper,replay,message,59:41,@Dusty-Discoveries,Squirrel,False,False,True,,,2026-09-09T01:10:08.651Z,Unclear,,chat conversation,A chatter simply posts the single word 'Squirrel'.,low,youtube_live:wbUy3gK7kFE:752
753,wbUy3gK7kFE,https://www.youtube.com/watch?v=wbUy3gK7kFE,Live eBay Reseller Q&A | The Nurse Flipper Sonny Las Vegas Pickin Thriftin Treasures 3 Queens Resale,The Nurse Flipper,replay,message,59:43,@beckysvintageandmore,I didn't know it was altered. From the other picture they sent me there was different painting to this one. They were expecting the other way.,False,False,True,,,2026-09-09T01:10:10.566Z,General marketplace,item condition,buyer expectations; altered items,A seller discusses an altered item where differing painting between pictures led to unexpected results.,medium,youtube_live:wbUy3gK7kFE:753
754,wbUy3gK7kFE,https://www.youtube.com/watch?v=wbUy3gK7kFE,Live eBay Reseller Q&A | The Nurse Flipper Sonny Las Vegas Pickin Thriftin Treasures 3 Queens Resale,The Nurse Flipper,replay,message,1:00:12,@pattis-garden-and-vintage,"I have a old a few pieces, Sonny.",False,False,True,,,2026-09-09T01:10:39.487Z,Toys/Collectibles,ceramics,selling experience,A chatter tells Sonny that they have sold a few pieces.,medium,youtube_live:wbUy3gK7kFE:754
755,wbUy3gK7kFE,https://www.youtube.com/watch?v=wbUy3gK7kFE,Live eBay Reseller Q&A | The Nurse Flipper Sonny Las Vegas Pickin Thriftin Treasures 3 Queens Resale,The Nurse Flipper,replay,message,1:00:41,@pattis-garden-and-vintage,sold a few.,False,False,True,,,2026-09-09T01:11:09.439Z,Toys/Collectibles,ceramics,selling experience,A chatter follows up by stating they 'sold a few'.,medium,youtube_live:wbUy3gK7kFE:755
756,77jAv66lLio,https://www.youtube.com/watch?v=77jAv66lLio,9/24 1/2 Signature Class // 1/2 Bowman Chrome (Thur Night eBay Breaks),Cams Cards,replay,system,0:00,,Live chat replay is on. Messages that appeared when the stream was live will show up here.,False,False,False,,,2026-09-25T17:05:43.647Z,Unclear,,excluded system,Source system event; excluded from audience evidence.,low,youtube_live:77jAv66lLio:756
757,77jAv66lLio,https://www.youtube.com/watch?v=77jAv66lLio,9/24 1/2 Signature Class // 1/2 Bowman Chrome (Thur Night eBay Breaks),Cams Cards,replay,message,1:17,@ronskipper5170,all good,False,False,False,,,2026-09-25T01:38:06.231Z,Sports Cards,trading cards,unclear reaction,A viewer comments 'all good' during a sports cards livestream.,low,youtube_live:77jAv66lLio:757
758,77jAv66lLio,https://www.youtube.com/watch?v=77jAv66lLio,9/24 1/2 Signature Class // 1/2 Bowman Chrome (Thur Night eBay Breaks),Cams Cards,replay,message,1:54,@ronskipper5170,pats are gone?,False,False,False,,,2026-09-25T01:38:44.066Z,Sports Cards,football cards,box breaks; team availability,A viewer asks if the Patriots team slot is already gone in the card break.,high,youtube_live:77jAv66lLio:758
759,77jAv66lLio,https://www.youtube.com/watch?v=77jAv66lLio,9/24 1/2 Signature Class // 1/2 Bowman Chrome (Thur Night eBay Breaks),Cams Cards,replay,message,3:23,@nightbot,Click the link to check out everything Cam's Cards! You wont regret it! (I had to automate this so everyone gets the chance to join the greatest card fam ever!) #camfam https://linktr.ee/camscards,False,True,False,,,2026-09-25T01:40:11.995Z,Sports Cards,trading cards,promotional links; community,An automated chat message promotes the host's Linktree link to join the card community.,high,youtube_live:77jAv66lLio:759
760,77jAv66lLio,https://www.youtube.com/watch?v=77jAv66lLio,9/24 1/2 Signature Class // 1/2 Bowman Chrome (Thur Night eBay Breaks),Cams Cards,replay,message,3:40,@nightbot,Cams Cards does PSA Submission Service! Check it out! We would LOVE to grade your cards! https://docs.google.com/document/d/1q...,False,True,False,,,2026-09-25T01:40:29.817Z,Sports Cards,grading,PSA submission; services,A channel message advertises a PSA card submission and grading service.,high,youtube_live:77jAv66lLio:760
761,77jAv66lLio,https://www.youtube.com/watch?v=77jAv66lLio,9/24 1/2 Signature Class // 1/2 Bowman Chrome (Thur Night eBay Breaks),Cams Cards,replay,message,4:21,@RyanMeador-v7x,Awesome,False,False,False,,,2026-09-25T01:41:10.567Z,Sports Cards,trading cards,unclear reaction,A chatter reacts with 'Awesome' during the sports card livestream.,low,youtube_live:77jAv66lLio:761
762,77jAv66lLio,https://www.youtube.com/watch?v=77jAv66lLio,9/24 1/2 Signature Class // 1/2 Bowman Chrome (Thur Night eBay Breaks),Cams Cards,replay,message,4:46,@dougboberg6029,CamFam coming in clutch!,False,False,False,,,2026-09-25T01:41:35.172Z,Sports Cards,trading cards,community support,A viewer praises the channel's community for coming in clutch.,medium,youtube_live:77jAv66lLio:762
763,77jAv66lLio,https://www.youtube.com/watch?v=77jAv66lLio,9/24 1/2 Signature Class // 1/2 Bowman Chrome (Thur Night eBay Breaks),Cams Cards,replay,message,4:52,@TheSaltyAngler90,Awesome I was worried haha,False,False,False,,,2026-09-25T01:41:41.794Z,Sports Cards,trading cards,unclear reaction,"A chatter expresses relief, stating they were worried.",low,youtube_live:77jAv66lLio:763
764,77jAv66lLio,https://www.youtube.com/watch?v=77jAv66lLio,9/24 1/2 Signature Class // 1/2 Bowman Chrome (Thur Night eBay Breaks),Cams Cards,replay,message,5:07,@RyanMeador-v7x,How many teams went unsold initially,False,False,False,,,2026-09-25T01:41:56.212Z,Sports Cards,box breaks,unsold teams; break logistics,A viewer asks how many teams initially went unsold in the break.,high,youtube_live:77jAv66lLio:764
765,77jAv66lLio,https://www.youtube.com/watch?v=77jAv66lLio,9/24 1/2 Signature Class // 1/2 Bowman Chrome (Thur Night eBay Breaks),Cams Cards,replay,message,5:53,@RyanMeador-v7x,Holy shit,False,False,False,,,2026-09-25T01:42:42.799Z,Sports Cards,trading cards,unclear reaction,A viewer posts an exclamation of surprise or shock during the stream.,low,youtube_live:77jAv66lLio:765
766,77jAv66lLio,https://www.youtube.com/watch?v=77jAv66lLio,9/24 1/2 Signature Class // 1/2 Bowman Chrome (Thur Night eBay Breaks),Cams Cards,replay,message,7:08,@TheSaltyAngler90,I prefer to pay you and not ebay.,False,False,False,,,2026-09-25T01:43:58.024Z,Sports Cards; General marketplace,payment methods,direct payment; platform preference,A viewer states a preference for paying the streamer directly rather than through eBay.,high,youtube_live:77jAv66lLio:766
767,77jAv66lLio,https://www.youtube.com/watch?v=77jAv66lLio,9/24 1/2 Signature Class // 1/2 Bowman Chrome (Thur Night eBay Breaks),Cams Cards,replay,message,7:56,@RyanMeador-v7x,What we sipping on cam? Sounds like a cold pop,False,False,False,,,2026-09-25T01:44:45.465Z,Sports Cards,Baseball Cards,Livestream Chat,A viewer asks Cam what he is drinking during the sports card livestream break.,medium,youtube_live:77jAv66lLio:767
768,77jAv66lLio,https://www.youtube.com/watch?v=77jAv66lLio,9/24 1/2 Signature Class // 1/2 Bowman Chrome (Thur Night eBay Breaks),Cams Cards,replay,message,8:01,@SeanMcRory,"Thanks Cam, what up fam",False,False,False,,,2026-09-25T01:44:50.451Z,Sports Cards,Baseball Cards,Livestream Chat,A chatter thanks Cam and greets other viewers in the stream.,medium,youtube_live:77jAv66lLio:768
769,77jAv66lLio,https://www.youtube.com/watch?v=77jAv66lLio,9/24 1/2 Signature Class // 1/2 Bowman Chrome (Thur Night eBay Breaks),Cams Cards,replay,message,8:27,@nightbot,We have more amazing breaks and giveaways again tomorrow or even tonight!! Maybe theres a giveaway if you click the link! Check em out! https://www.ebay.com/sch/i.html?_ssn=...,False,True,False,,,2026-09-25T01:45:16.853Z,Sports Cards,Baseball Cards,Promotions; Box Breaks,A promotional message advertises upcoming breaks and giveaways with an eBay link.,high,youtube_live:77jAv66lLio:769
770,77jAv66lLio,https://www.youtube.com/watch?v=77jAv66lLio,9/24 1/2 Signature Class // 1/2 Bowman Chrome (Thur Night eBay Breaks),Cams Cards,replay,message,8:47,@nightbot,Cams Cards is proud to have partnered with the greatest one touch in the hobby. Cam is able to offer Zion Mag One Touches CHEAPER than from Zions website.$4 for 35 PT$5 for 135 PTContact cam in the ch,False,True,False,,,2026-09-25T01:45:36.659Z,Sports Cards,Card Supplies,Card Cases; Promotions,A message promotes discounted Zion Mag One Touch cases available through Cam's Cards.,high,youtube_live:77jAv66lLio:770
771,77jAv66lLio,https://www.youtube.com/watch?v=77jAv66lLio,9/24 1/2 Signature Class // 1/2 Bowman Chrome (Thur Night eBay Breaks),Cams Cards,replay,message,9:43,@TheSaltyAngler90,Glad to be back,False,False,False,,,2026-09-25T01:46:32.707Z,Sports Cards,Baseball Cards,Livestream Chat,A user expresses that they are glad to be back in the stream.,medium,youtube_live:77jAv66lLio:771
772,77jAv66lLio,https://www.youtube.com/watch?v=77jAv66lLio,9/24 1/2 Signature Class // 1/2 Bowman Chrome (Thur Night eBay Breaks),Cams Cards,replay,message,11:17,@SeanMcRory,Giants,False,False,False,,,2026-09-25T01:48:06.820Z,Sports Cards,Baseball Cards,Team Selection,A chatter names the Giants during the sports card break stream.,high,youtube_live:77jAv66lLio:772
773,77jAv66lLio,https://www.youtube.com/watch?v=77jAv66lLio,9/24 1/2 Signature Class // 1/2 Bowman Chrome (Thur Night eBay Breaks),Cams Cards,replay,message,11:19,@dennisziems3079,Dodgers,False,False,False,,,2026-09-25T01:48:08.123Z,Sports Cards,Baseball Cards,Team Selection,A chatter names the Dodgers during the sports card break stream.,high,youtube_live:77jAv66lLio:773
774,77jAv66lLio,https://www.youtube.com/watch?v=77jAv66lLio,9/24 1/2 Signature Class // 1/2 Bowman Chrome (Thur Night eBay Breaks),Cams Cards,replay,message,11:22,@dougboberg6029,Rangers,False,False,False,,,2026-09-25T01:48:11.712Z,Sports Cards,Baseball Cards,Team Selection,A chatter names the Rangers during the sports card break stream.,high,youtube_live:77jAv66lLio:774
775,77jAv66lLio,https://www.youtube.com/watch?v=77jAv66lLio,9/24 1/2 Signature Class // 1/2 Bowman Chrome (Thur Night eBay Breaks),Cams Cards,replay,message,11:23,@joshsisterman,Astros,False,False,False,,,2026-09-25T01:48:12.120Z,Sports Cards,Baseball Cards,Team Selection,A chatter names the Astros during the sports card break stream.,high,youtube_live:77jAv66lLio:775
776,77jAv66lLio,https://www.youtube.com/watch?v=77jAv66lLio,9/24 1/2 Signature Class // 1/2 Bowman Chrome (Thur Night eBay Breaks),Cams Cards,replay,message,11:42,@BryanSoderstrom,cubs,False,False,False,,,2026-09-25T01:48:31.068Z,Sports Cards,Baseball Cards,Team Selection,A chatter names the Cubs during the sports card break stream.,high,youtube_live:77jAv66lLio:776
777,77jAv66lLio,https://www.youtube.com/watch?v=77jAv66lLio,9/24 1/2 Signature Class // 1/2 Bowman Chrome (Thur Night eBay Breaks),Cams Cards,replay,message,12:10,@dougboberg6029,I just need some rb depth ,False,False,False,,,2026-09-25T01:48:59.924Z,Sports Cards,football cards,fantasy football,A viewer states they need running back depth.,low,youtube_live:77jAv66lLio:777
778,77jAv66lLio,https://www.youtube.com/watch?v=77jAv66lLio,9/24 1/2 Signature Class // 1/2 Bowman Chrome (Thur Night eBay Breaks),Cams Cards,replay,message,12:19,@RyanMeador-v7x,Yes sir,False,False,False,,,2026-09-25T01:49:08.183Z,Sports Cards,sports cards,affirmation,A viewer responds with an affirmative remark.,low,youtube_live:77jAv66lLio:778
779,77jAv66lLio,https://www.youtube.com/watch?v=77jAv66lLio,9/24 1/2 Signature Class // 1/2 Bowman Chrome (Thur Night eBay Breaks),Cams Cards,replay,message,12:28,@RyanMeador-v7x,I’m here,False,False,False,,,2026-09-25T01:49:17.058Z,Sports Cards,sports cards,stream attendance,A chatter announces their presence in the livestream.,low,youtube_live:77jAv66lLio:779
780,77jAv66lLio,https://www.youtube.com/watch?v=77jAv66lLio,9/24 1/2 Signature Class // 1/2 Bowman Chrome (Thur Night eBay Breaks),Cams Cards,replay,message,12:37,@dougboberg6029,"Jayden going down sux tho, but glad I drafted Mahommes too",False,False,False,,,2026-09-25T01:49:26.467Z,Sports Cards,football cards,player injuries; fantasy football,A user laments Jayden getting hurt but notes drafting Mahomes too.,medium,youtube_live:77jAv66lLio:780
781,77jAv66lLio,https://www.youtube.com/watch?v=77jAv66lLio,9/24 1/2 Signature Class // 1/2 Bowman Chrome (Thur Night eBay Breaks),Cams Cards,replay,message,13:18,@nightbot,Click the link to check out everything Cam's Cards! You wont regret it! (I had to automate this so everyone gets the chance to join the greatest card fam ever!) #camfam https://linktr.ee/camscards,False,True,False,,,2026-09-25T01:50:07.870Z,Sports Cards,sports cards,channel promotion; links,An automated chat message promotes a Linktree link for Cam's Cards.,high,youtube_live:77jAv66lLio:781
782,77jAv66lLio,https://www.youtube.com/watch?v=77jAv66lLio,9/24 1/2 Signature Class // 1/2 Bowman Chrome (Thur Night eBay Breaks),Cams Cards,replay,message,13:32,@BlazeOrangeok,HELLO SPORTSFANS,False,False,False,,,2026-09-25T01:50:21.108Z,Sports Cards,sports cards,greeting,A user greets the stream audience.,low,youtube_live:77jAv66lLio:782
783,77jAv66lLio,https://www.youtube.com/watch?v=77jAv66lLio,9/24 1/2 Signature Class // 1/2 Bowman Chrome (Thur Night eBay Breaks),Cams Cards,replay,message,13:35,@nightbot,"WE SELL TOP LOADERS!!! $3 for a standard pack of 25! $4 for a 130pt 10 count pack!Cheaper than Amazon, Walmart, Ultra pro!Please let me know if interested!",False,True,False,,,2026-09-25T01:50:24.185Z,Sports Cards,card supplies,sales advertisement; pricing,A chatter advertises top loaders for sale and compares prices to major retailers.,high,youtube_live:77jAv66lLio:783
784,77jAv66lLio,https://www.youtube.com/watch?v=77jAv66lLio,9/24 1/2 Signature Class // 1/2 Bowman Chrome (Thur Night eBay Breaks),Cams Cards,replay,message,13:37,@RyanMeador-v7x,Two marines enjoying the stream brother,False,False,False,,,2026-09-25T01:50:26.581Z,Sports Cards,sports cards,stream attendance,A chatter mentions two Marines are watching the stream.,low,youtube_live:77jAv66lLio:784
785,77jAv66lLio,https://www.youtube.com/watch?v=77jAv66lLio,9/24 1/2 Signature Class // 1/2 Bowman Chrome (Thur Night eBay Breaks),Cams Cards,replay,message,13:53,@camscards12,https://discord.gg/zXQQqqYZJ,True,False,False,,,2026-09-25T01:50:42.405Z,General marketplace,community links,discord link,A user posts a Discord invite link in the chat.,medium,youtube_live:77jAv66lLio:785
786,77jAv66lLio,https://www.youtube.com/watch?v=77jAv66lLio,9/24 1/2 Signature Class // 1/2 Bowman Chrome (Thur Night eBay Breaks),Cams Cards,replay,message,13:54,@camscards12,https://discord.gg/zXQQqqYZJ,True,False,False,,,2026-09-25T01:50:43.067Z,General marketplace,community links,discord link,A user posts a Discord invite link in the chat.,medium,youtube_live:77jAv66lLio:786
787,77jAv66lLio,https://www.youtube.com/watch?v=77jAv66lLio,9/24 1/2 Signature Class // 1/2 Bowman Chrome (Thur Night eBay Breaks),Cams Cards,replay,message,13:54,@camscards12,https://discord.gg/zXQQqqYZJ,True,False,False,,,2026-09-25T01:50:43.449Z,Sports Cards,trading cards,community link; discord link,A viewer or host shared a Discord invite link in the chat stream.,medium,youtube_live:77jAv66lLio:787
788,77jAv66lLio,https://www.youtube.com/watch?v=77jAv66lLio,9/24 1/2 Signature Class // 1/2 Bowman Chrome (Thur Night eBay Breaks),Cams Cards,replay,message,14:51,@BlazeOrangeok,Ummmm,False,False,False,,,2026-09-25T01:51:40.879Z,Sports Cards,sports cards breaks,reaction,A user posted a hesitant or puzzled reaction during the live stream.,low,youtube_live:77jAv66lLio:788
789,77jAv66lLio,https://www.youtube.com/watch?v=77jAv66lLio,9/24 1/2 Signature Class // 1/2 Bowman Chrome (Thur Night eBay Breaks),Cams Cards,replay,message,15:07,@BlazeOrangeok,I was very optimistic till this first half ,False,False,False,,,2026-09-25T01:51:56.250Z,Sports Cards,football,game reaction; sentiment,A user commented that their optimism waned after watching the first half.,medium,youtube_live:77jAv66lLio:789
790,77jAv66lLio,https://www.youtube.com/watch?v=77jAv66lLio,9/24 1/2 Signature Class // 1/2 Bowman Chrome (Thur Night eBay Breaks),Cams Cards,replay,message,15:21,@BlazeOrangeok,Bijan running over us,False,False,False,,,2026-09-25T01:52:10.757Z,Sports Cards,football,player performance; game commentary,A chatter noted that Bijan Robinson was running over their team.,high,youtube_live:77jAv66lLio:790
791,77jAv66lLio,https://www.youtube.com/watch?v=77jAv66lLio,9/24 1/2 Signature Class // 1/2 Bowman Chrome (Thur Night eBay Breaks),Cams Cards,replay,message,15:32,@BlazeOrangeok,A few miscues by us ,False,False,False,,,2026-09-25T01:52:21.629Z,Sports Cards,football,game commentary,A user noted that their team made a few miscues.,medium,youtube_live:77jAv66lLio:791
792,77jAv66lLio,https://www.youtube.com/watch?v=77jAv66lLio,9/24 1/2 Signature Class // 1/2 Bowman Chrome (Thur Night eBay Breaks),Cams Cards,replay,message,15:41,@dougboberg6029,Bijan has over 100yds right?,False,False,False,,,2026-09-25T01:52:30.358Z,Sports Cards,football,player stats; game commentary,A chatter asked if Bijan had over 100 rushing yards.,high,youtube_live:77jAv66lLio:792
793,77jAv66lLio,https://www.youtube.com/watch?v=77jAv66lLio,9/24 1/2 Signature Class // 1/2 Bowman Chrome (Thur Night eBay Breaks),Cams Cards,replay,message,15:47,@BlazeOrangeok,Yes,False,False,False,,,2026-09-25T01:52:36.257Z,Sports Cards,football,confirmation; chat response,A user replied affirmatively to a preceding chat question.,low,youtube_live:77jAv66lLio:793
794,77jAv66lLio,https://www.youtube.com/watch?v=77jAv66lLio,9/24 1/2 Signature Class // 1/2 Bowman Chrome (Thur Night eBay Breaks),Cams Cards,replay,message,16:20,@BlazeOrangeok,If a few things didn’t happen Golden would have 150 receiving ,False,False,False,,,2026-09-25T01:53:09.272Z,Sports Cards,football,player stats; hypothetical scenario,A chatter stated Golden would have had 150 receiving yards if not for mistakes.,high,youtube_live:77jAv66lLio:794
795,77jAv66lLio,https://www.youtube.com/watch?v=77jAv66lLio,9/24 1/2 Signature Class // 1/2 Bowman Chrome (Thur Night eBay Breaks),Cams Cards,replay,message,16:41,@defoley5,The Eli Manning experience ,False,False,False,,,2026-09-25T01:53:30.434Z,Sports Cards,football,player reference; commentary,A user commented referencing the Eli Manning experience.,medium,youtube_live:77jAv66lLio:795
796,77jAv66lLio,https://www.youtube.com/watch?v=77jAv66lLio,9/24 1/2 Signature Class // 1/2 Bowman Chrome (Thur Night eBay Breaks),Cams Cards,replay,message,17:10,@BlazeOrangeok,Our O line is trash but OK so far. Kraft is getting going ,False,False,False,,,2026-09-25T01:53:59.535Z,Sports Cards,football,game commentary; player performance,A chatter criticized their team's offensive line while noting Kraft was getting going.,high,youtube_live:77jAv66lLio:796
797,77jAv66lLio,https://www.youtube.com/watch?v=77jAv66lLio,9/24 1/2 Signature Class // 1/2 Bowman Chrome (Thur Night eBay Breaks),Cams Cards,replay,message,18:02,@BlazeOrangeok,We’re way too one dimensional without a running game ,False,False,False,,,2026-09-25T01:54:51.701Z,Sports Cards,Football,Sports Discussion,A viewer comments on a team being too one-dimensional without an effective running game.,medium,youtube_live:77jAv66lLio:797
798,77jAv66lLio,https://www.youtube.com/watch?v=77jAv66lLio,9/24 1/2 Signature Class // 1/2 Bowman Chrome (Thur Night eBay Breaks),Cams Cards,replay,message,18:27,@dougboberg6029,The down side to drafting Mahommes is I now have to pull for the Chiefs :pensive_face:,False,False,False,,,2026-09-25T01:55:16.182Z,Sports Cards,Football,Fantasy Sports; Sports Discussion,A viewer laments having to root for the Chiefs after drafting Patrick Mahomes.,high,youtube_live:77jAv66lLio:798
799,77jAv66lLio,https://www.youtube.com/watch?v=77jAv66lLio,9/24 1/2 Signature Class // 1/2 Bowman Chrome (Thur Night eBay Breaks),Cams Cards,replay,message,19:15,@BlazeOrangeok,12 rush yards for GB :rolling_on_the_floor_laughing::rolling_on_the_floor_laughing:,False,False,False,,,2026-09-25T01:56:04.138Z,Sports Cards,Football,Sports Discussion,A viewer laughs at Green Bay having only 12 rushing yards.,high,youtube_live:77jAv66lLio:799
800,77jAv66lLio,https://www.youtube.com/watch?v=77jAv66lLio,9/24 1/2 Signature Class // 1/2 Bowman Chrome (Thur Night eBay Breaks),Cams Cards,replay,message,21:26,@BlazeOrangeok,Only 5 attempts but shit ,False,False,False,,,2026-09-25T01:58:15.019Z,Sports Cards,Football,Sports Discussion,A viewer remarks that there were only five attempts.,medium,youtube_live:77jAv66lLio:800
801,77jAv66lLio,https://www.youtube.com/watch?v=77jAv66lLio,9/24 1/2 Signature Class // 1/2 Bowman Chrome (Thur Night eBay Breaks),Cams Cards,replay,message,21:56,@TheSaltyAngler90,Lets Go DAWGS,False,False,False,,,2026-09-25T01:58:45.790Z,Sports Cards,College Football,Fan Reaction,A viewer cheers for the Dawgs in the chat.,medium,youtube_live:77jAv66lLio:801
802,77jAv66lLio,https://www.youtube.com/watch?v=77jAv66lLio,9/24 1/2 Signature Class // 1/2 Bowman Chrome (Thur Night eBay Breaks),Cams Cards,replay,message,22:06,@BlazeOrangeok,TELL ME ABOUT IT,False,False,False,,,2026-09-25T01:58:55.102Z,Sports Cards,Live Break,Chat Reaction,A viewer emphatically expresses agreement in the live chat.,low,youtube_live:77jAv66lLio:802
803,77jAv66lLio,https://www.youtube.com/watch?v=77jAv66lLio,9/24 1/2 Signature Class // 1/2 Bowman Chrome (Thur Night eBay Breaks),Cams Cards,replay,message,22:10,@BlazeOrangeok,KEEP GOING ,False,False,False,,,2026-09-25T01:58:59.817Z,Sports Cards,Live Break,Chat Reaction,A viewer encourages the stream to keep going.,low,youtube_live:77jAv66lLio:803
804,77jAv66lLio,https://www.youtube.com/watch?v=77jAv66lLio,9/24 1/2 Signature Class // 1/2 Bowman Chrome (Thur Night eBay Breaks),Cams Cards,replay,message,22:24,@BlazeOrangeok,:rolling_on_the_floor_laughing:,False,False,False,,,2026-09-25T01:59:13.947Z,Sports Cards,Live Break,Chat Reaction,A viewer responds with a rolling on the floor laughing emoji.,low,youtube_live:77jAv66lLio:804
805,77jAv66lLio,https://www.youtube.com/watch?v=77jAv66lLio,9/24 1/2 Signature Class // 1/2 Bowman Chrome (Thur Night eBay Breaks),Cams Cards,replay,message,22:47,@BlazeOrangeok,Ain’t yall always good ?,False,False,False,,,2026-09-25T01:59:36.978Z,Sports Cards,College Football,Sports Discussion,A viewer asks whether the discussed team is always good.,medium,youtube_live:77jAv66lLio:805
806,77jAv66lLio,https://www.youtube.com/watch?v=77jAv66lLio,9/24 1/2 Signature Class // 1/2 Bowman Chrome (Thur Night eBay Breaks),Cams Cards,replay,message,22:59,@TheSaltyAngler90,Kirby has NEVER covered,False,False,False,,,2026-09-25T01:59:48.868Z,Sports Cards,College Football,Sports Betting; Sports Discussion,A viewer claims that coach Kirby Smart has never covered the spread.,medium,youtube_live:77jAv66lLio:806
807,77jAv66lLio,https://www.youtube.com/watch?v=77jAv66lLio,9/24 1/2 Signature Class // 1/2 Bowman Chrome (Thur Night eBay Breaks),Cams Cards,replay,message,23:24,@BlazeOrangeok,Ouch,False,False,False,,,2026-09-25T02:00:13.553Z,Sports Cards,baseball cards,unclear reaction,A viewer reacts with 'Ouch' during the sports card livestream.,low,youtube_live:77jAv66lLio:807
808,77jAv66lLio,https://www.youtube.com/watch?v=77jAv66lLio,9/24 1/2 Signature Class // 1/2 Bowman Chrome (Thur Night eBay Breaks),Cams Cards,replay,message,23:33,@nightbot,Click the link to check out everything Cam's Cards! You wont regret it! (I had to automate this so everyone gets the chance to join the greatest card fam ever!) #camfam https://linktr.ee/camscards,False,True,False,,,2026-09-25T02:00:22.214Z,Sports Cards,trading cards,promotional link,An automated message promotes Cam's Cards and provides a Linktree URL.,high,youtube_live:77jAv66lLio:808
809,77jAv66lLio,https://www.youtube.com/watch?v=77jAv66lLio,9/24 1/2 Signature Class // 1/2 Bowman Chrome (Thur Night eBay Breaks),Cams Cards,replay,message,23:42,@TheSaltyAngler90,:rolling_on_the_floor_laughing::rolling_on_the_floor_laughing::rolling_on_the_floor_laughing::rolling_on_the_floor_laughing::rolling_on_the_floor_laughing::rolling_on_the_floor_laughing:,False,False,False,,,2026-09-25T02:00:31.404Z,Sports Cards,baseball cards,emoji reaction,A viewer posts laughing emojis in the chat.,low,youtube_live:77jAv66lLio:809
810,77jAv66lLio,https://www.youtube.com/watch?v=77jAv66lLio,9/24 1/2 Signature Class // 1/2 Bowman Chrome (Thur Night eBay Breaks),Cams Cards,replay,message,23:45,@BlazeOrangeok,I mean Wisconsin been dog crap so I feel it,False,False,False,,,2026-09-25T02:00:34.984Z,Sports Cards,sports,sports discussion,A viewer comments negatively on Wisconsin's performance.,medium,youtube_live:77jAv66lLio:810
811,77jAv66lLio,https://www.youtube.com/watch?v=77jAv66lLio,9/24 1/2 Signature Class // 1/2 Bowman Chrome (Thur Night eBay Breaks),Cams Cards,replay,message,23:49,@nightbot,We have more amazing breaks and giveaways again tomorrow or even tonight!! Maybe theres a giveaway if you click the link! Check em out! https://www.ebay.com/sch/i.html?_ssn=...,False,True,False,,,2026-09-25T02:00:38.855Z,Sports Cards,box breaks,promotional link; giveaway,A chat message advertises upcoming breaks and giveaways with an eBay link.,high,youtube_live:77jAv66lLio:811
812,77jAv66lLio,https://www.youtube.com/watch?v=77jAv66lLio,9/24 1/2 Signature Class // 1/2 Bowman Chrome (Thur Night eBay Breaks),Cams Cards,replay,message,23:57,@BlazeOrangeok,Felt ,False,False,False,,,2026-09-25T02:00:46.704Z,Sports Cards,baseball cards,unclear reaction,A viewer replies with 'Felt'.,low,youtube_live:77jAv66lLio:812
813,77jAv66lLio,https://www.youtube.com/watch?v=77jAv66lLio,9/24 1/2 Signature Class // 1/2 Bowman Chrome (Thur Night eBay Breaks),Cams Cards,replay,message,24:11,@nightbot,Cams Cards does PSA Submission Service! Check it out! We would LOVE to grade your cards! https://docs.google.com/document/d/1q...,False,True,False,,,2026-09-25T02:01:00.276Z,Sports Cards,card grading,grading submission service,A message promotes Cam's Cards' PSA submission service with a link.,high,youtube_live:77jAv66lLio:813
814,77jAv66lLio,https://www.youtube.com/watch?v=77jAv66lLio,9/24 1/2 Signature Class // 1/2 Bowman Chrome (Thur Night eBay Breaks),Cams Cards,replay,message,24:20,@TheSaltyAngler90,Baker Got PAID,False,False,False,,,2026-09-25T02:01:09.691Z,Sports Cards,football,player contracts,A viewer remarks that Baker got paid.,medium,youtube_live:77jAv66lLio:814
815,77jAv66lLio,https://www.youtube.com/watch?v=77jAv66lLio,9/24 1/2 Signature Class // 1/2 Bowman Chrome (Thur Night eBay Breaks),Cams Cards,replay,message,24:29,@nightbot,"WE SELL TOP LOADERS!!! $3 for a standard pack of 25! $4 for a 130pt 10 count pack!Cheaper than Amazon, Walmart, Ultra pro!Please let me know if interested!",False,True,False,,,2026-09-25T02:01:18.550Z,Sports Cards,card supplies,top loaders; sale offer,A message advertises top loaders for sale with pack pricing details.,high,youtube_live:77jAv66lLio:815
816,77jAv66lLio,https://www.youtube.com/watch?v=77jAv66lLio,9/24 1/2 Signature Class // 1/2 Bowman Chrome (Thur Night eBay Breaks),Cams Cards,replay,message,24:48,@nightbot,Cams Cards is proud to have partnered with the greatest one touch in the hobby. Cam is able to offer Zion Mag One Touches CHEAPER than from Zions website.$4 for 35 PT$5 for 135 PTContact cam in the ch,False,True,False,,,2026-09-25T02:01:37.013Z,Sports Cards,card supplies,one-touch holders; sale offer,A message promotes Zion Mag one touches available at discounted prices.,high,youtube_live:77jAv66lLio:816
817,77jAv66lLio,https://www.youtube.com/watch?v=77jAv66lLio,9/24 1/2 Signature Class // 1/2 Bowman Chrome (Thur Night eBay Breaks),Cams Cards,replay,message,24:51,@BlazeOrangeok,What did they give Bakerr,False,False,False,,,2026-09-25T02:01:40.453Z,Sports Cards,Football Cards,NFL player news; player contracts,A viewer asks in a card break livestream about the contract details given to Baker.,medium,youtube_live:77jAv66lLio:817
818,77jAv66lLio,https://www.youtube.com/watch?v=77jAv66lLio,9/24 1/2 Signature Class // 1/2 Bowman Chrome (Thur Night eBay Breaks),Cams Cards,replay,message,25:16,@TheSaltyAngler90,165,False,False,False,,,2026-09-25T02:02:05.017Z,Sports Cards,Football Cards,NFL player news; contract terms,A user responds with '165' during a sports card livestream.,low,youtube_live:77jAv66lLio:818
819,77jAv66lLio,https://www.youtube.com/watch?v=77jAv66lLio,9/24 1/2 Signature Class // 1/2 Bowman Chrome (Thur Night eBay Breaks),Cams Cards,replay,message,25:26,@camscards12,":joker: [Scout] Baker just got PAID! :money_bag: 3-year, $165 million extension with the Bucs, signed through 2029. $70 million fully guaranteed at signing — largest contract in franchise history!",True,False,False,,,2026-09-25T02:02:15.835Z,Sports Cards,Football Cards,NFL player news; contract details,"A chat bot or user posts details of Baker Mayfield's reported 3-year, $165 million contract extension.",high,youtube_live:77jAv66lLio:819
820,77jAv66lLio,https://www.youtube.com/watch?v=77jAv66lLio,9/24 1/2 Signature Class // 1/2 Bowman Chrome (Thur Night eBay Breaks),Cams Cards,replay,message,25:38,@BlazeOrangeok,Wow. Good for him,False,False,False,,,2026-09-25T02:02:27.927Z,Sports Cards,Football Cards,unclear reaction; NFL player news,A user expresses a positive reaction to news about a player.,low,youtube_live:77jAv66lLio:820
821,77jAv66lLio,https://www.youtube.com/watch?v=77jAv66lLio,9/24 1/2 Signature Class // 1/2 Bowman Chrome (Thur Night eBay Breaks),Cams Cards,replay,message,25:57,@dougboberg6029,Eagles o-line is not what it once was. ,False,False,False,,,2026-09-25T02:02:46.142Z,Sports Cards,Football Cards,NFL discussion; team performance,A viewer comments that the Eagles offensive line is not what it once was.,medium,youtube_live:77jAv66lLio:821
822,77jAv66lLio,https://www.youtube.com/watch?v=77jAv66lLio,9/24 1/2 Signature Class // 1/2 Bowman Chrome (Thur Night eBay Breaks),Cams Cards,replay,message,26:14,@BlazeOrangeok,Randal Cobb with the catch ,False,False,False,,,2026-09-25T02:03:03.546Z,Sports Cards,Football Cards,NFL discussion; in-game action,A user mentions Randall Cobb making a catch.,medium,youtube_live:77jAv66lLio:822
823,77jAv66lLio,https://www.youtube.com/watch?v=77jAv66lLio,9/24 1/2 Signature Class // 1/2 Bowman Chrome (Thur Night eBay Breaks),Cams Cards,replay,message,26:17,@dougboberg6029,Defense was struggling too,False,False,False,,,2026-09-25T02:03:06.638Z,Sports Cards,Football Cards,NFL discussion; team performance,A user notes that the defense was struggling as well.,low,youtube_live:77jAv66lLio:823
824,77jAv66lLio,https://www.youtube.com/watch?v=77jAv66lLio,9/24 1/2 Signature Class // 1/2 Bowman Chrome (Thur Night eBay Breaks),Cams Cards,replay,message,26:41,@dougboberg6029,"but, it was hot as sh!t too. ",False,False,False,,,2026-09-25T02:03:30.299Z,Sports Cards,Football Cards,NFL discussion; game conditions,A user comments that weather conditions were very hot.,low,youtube_live:77jAv66lLio:824
825,77jAv66lLio,https://www.youtube.com/watch?v=77jAv66lLio,9/24 1/2 Signature Class // 1/2 Bowman Chrome (Thur Night eBay Breaks),Cams Cards,replay,message,26:51,@dougboberg6029,They still found a way to win. ,False,False,False,,,2026-09-25T02:03:40.117Z,Sports Cards,Football Cards,NFL discussion; team performance,A user states that the team still found a way to win.,low,youtube_live:77jAv66lLio:825
826,77jAv66lLio,https://www.youtube.com/watch?v=77jAv66lLio,9/24 1/2 Signature Class // 1/2 Bowman Chrome (Thur Night eBay Breaks),Cams Cards,replay,message,27:38,@dougboberg6029,Let’s see how they look in a few weeks,False,False,False,,,2026-09-25T02:04:27.226Z,Sports Cards,Football Cards,NFL discussion; team outlook,A user suggests waiting a few weeks to see how the team performs.,low,youtube_live:77jAv66lLio:826
827,77jAv66lLio,https://www.youtube.com/watch?v=77jAv66lLio,9/24 1/2 Signature Class // 1/2 Bowman Chrome (Thur Night eBay Breaks),Cams Cards,replay,message,28:01,@dougboberg6029,Da Bears ,False,False,False,,,2026-09-25T02:04:50.916Z,Sports Cards,Football Cards,Team Mention,A viewer mentions the Chicago Bears during a sports card livestream break.,medium,youtube_live:77jAv66lLio:827
828,77jAv66lLio,https://www.youtube.com/watch?v=77jAv66lLio,9/24 1/2 Signature Class // 1/2 Bowman Chrome (Thur Night eBay Breaks),Cams Cards,replay,message,28:38,@defoley5,Was that an image variation card at the start of the pack?!,False,False,False,,,2026-09-25T02:05:27.468Z,Sports Cards,Baseball Cards,Card Variations,A viewer asks whether an image variation card appeared at the start of a pack.,high,youtube_live:77jAv66lLio:828
829,77jAv66lLio,https://www.youtube.com/watch?v=77jAv66lLio,9/24 1/2 Signature Class // 1/2 Bowman Chrome (Thur Night eBay Breaks),Cams Cards,replay,message,29:00,@dougboberg6029,"Chicago Def hasn’t really been great, hoping Eagles have a good offensive day. ",False,False,False,,,2026-09-25T02:05:49.020Z,Sports Cards,Football Cards,NFL Discussion,A chatter comments on the Chicago defense and hopes for an Eagles offensive performance.,medium,youtube_live:77jAv66lLio:829
830,77jAv66lLio,https://www.youtube.com/watch?v=77jAv66lLio,9/24 1/2 Signature Class // 1/2 Bowman Chrome (Thur Night eBay Breaks),Cams Cards,replay,message,29:00,@TheSaltyAngler90,trout,False,False,False,,,2026-09-25T02:05:49.729Z,Sports Cards,Baseball Cards,Player Mention,A viewer comments mentioning Trout during the card break livestream.,high,youtube_live:77jAv66lLio:830
831,77jAv66lLio,https://www.youtube.com/watch?v=77jAv66lLio,9/24 1/2 Signature Class // 1/2 Bowman Chrome (Thur Night eBay Breaks),Cams Cards,replay,message,29:13,@dougboberg6029,"If Caleb is out, Defense should feast ",False,False,False,,,2026-09-25T02:06:02.022Z,Sports Cards,Football Cards,NFL Discussion,A viewer suggests that the defense should feast if Caleb is out.,medium,youtube_live:77jAv66lLio:831
832,77jAv66lLio,https://www.youtube.com/watch?v=77jAv66lLio,9/24 1/2 Signature Class // 1/2 Bowman Chrome (Thur Night eBay Breaks),Cams Cards,replay,message,29:17,@TheSaltyAngler90,his face,False,False,False,,,2026-09-25T02:06:06.811Z,Sports Cards,Trading Cards,Stream Reaction,A viewer briefly remarks 'his face' during the live stream.,low,youtube_live:77jAv66lLio:832
833,77jAv66lLio,https://www.youtube.com/watch?v=77jAv66lLio,9/24 1/2 Signature Class // 1/2 Bowman Chrome (Thur Night eBay Breaks),Cams Cards,replay,message,29:44,@defoley5,Nvm,False,False,False,,,2026-09-25T02:06:33.280Z,Sports Cards,Trading Cards,Stream Reaction,A chatter comments 'Nvm' in the livestream chat.,low,youtube_live:77jAv66lLio:833
834,77jAv66lLio,https://www.youtube.com/watch?v=77jAv66lLio,9/24 1/2 Signature Class // 1/2 Bowman Chrome (Thur Night eBay Breaks),Cams Cards,replay,message,30:02,@TheSaltyAngler90,rams,False,False,False,,,2026-09-25T02:06:51.429Z,Sports Cards,Football Cards,Team Mention,A viewer mentions 'rams' during the sports card livestream.,medium,youtube_live:77jAv66lLio:834
835,77jAv66lLio,https://www.youtube.com/watch?v=77jAv66lLio,9/24 1/2 Signature Class // 1/2 Bowman Chrome (Thur Night eBay Breaks),Cams Cards,replay,message,30:08,@dougboberg6029,titans ,False,False,False,,,2026-09-25T02:06:57.731Z,Sports Cards,Football Cards,Team Mention,A viewer types 'titans' in the livestream break chat.,medium,youtube_live:77jAv66lLio:835
836,77jAv66lLio,https://www.youtube.com/watch?v=77jAv66lLio,9/24 1/2 Signature Class // 1/2 Bowman Chrome (Thur Night eBay Breaks),Cams Cards,replay,message,30:31,@BryanSoderstrom,jets,False,False,False,,,2026-09-25T02:07:20.470Z,Sports Cards,Football Cards,Team Mention,A viewer writes 'jets' during the sports card break broadcast.,medium,youtube_live:77jAv66lLio:836
837,77jAv66lLio,https://www.youtube.com/watch?v=77jAv66lLio,9/24 1/2 Signature Class // 1/2 Bowman Chrome (Thur Night eBay Breaks),Cams Cards,replay,message,31:32,@BlazeOrangeok,Did my Cheesesteak ship yet,False,False,False,,,2026-09-25T02:08:21.729Z,Sports Cards,trading cards,shipping inquiry,"A viewer asks whether their item, humorously referred to as a cheesesteak, has shipped yet.",medium,youtube_live:77jAv66lLio:837
838,77jAv66lLio,https://www.youtube.com/watch?v=77jAv66lLio,9/24 1/2 Signature Class // 1/2 Bowman Chrome (Thur Night eBay Breaks),Cams Cards,replay,message,32:51,@BlazeOrangeok,Nah,False,False,False,,,2026-09-25T02:09:40.908Z,Unclear,,chat response,A viewer replies with 'Nah'.,low,youtube_live:77jAv66lLio:838
839,77jAv66lLio,https://www.youtube.com/watch?v=77jAv66lLio,9/24 1/2 Signature Class // 1/2 Bowman Chrome (Thur Night eBay Breaks),Cams Cards,replay,message,33:00,@BlazeOrangeok,3rd down,False,False,False,,,2026-09-25T02:09:49.549Z,Sports Cards,football,sports chatter,A user mentions '3rd down' referencing an ongoing football game during the stream.,medium,youtube_live:77jAv66lLio:839
840,77jAv66lLio,https://www.youtube.com/watch?v=77jAv66lLio,9/24 1/2 Signature Class // 1/2 Bowman Chrome (Thur Night eBay Breaks),Cams Cards,replay,message,33:25,@nightbot,Click the link to check out everything Cam's Cards! You wont regret it! (I had to automate this so everyone gets the chance to join the greatest card fam ever!) #camfam https://linktr.ee/camscards,False,True,False,,,2026-09-25T02:10:14.748Z,Sports Cards,trading cards,promotional link,An automated promotional message shares a linktree for Cam's Cards.,high,youtube_live:77jAv66lLio:840
841,77jAv66lLio,https://www.youtube.com/watch?v=77jAv66lLio,9/24 1/2 Signature Class // 1/2 Bowman Chrome (Thur Night eBay Breaks),Cams Cards,replay,message,33:30,@BlazeOrangeok,Old MNF,False,False,False,,,2026-09-25T02:10:19.659Z,Sports Cards,football,sports commentary,A user mentions 'Old MNF' in chat.,medium,youtube_live:77jAv66lLio:841
842,77jAv66lLio,https://www.youtube.com/watch?v=77jAv66lLio,9/24 1/2 Signature Class // 1/2 Bowman Chrome (Thur Night eBay Breaks),Cams Cards,replay,message,33:41,@BlazeOrangeok,With Al ,False,False,False,,,2026-09-25T02:10:30.946Z,Sports Cards,football,sports commentary,A viewer adds 'With Al' in reference to sports broadcast discussions.,low,youtube_live:77jAv66lLio:842
843,77jAv66lLio,https://www.youtube.com/watch?v=77jAv66lLio,9/24 1/2 Signature Class // 1/2 Bowman Chrome (Thur Night eBay Breaks),Cams Cards,replay,message,34:00,@BlazeOrangeok,90s ,False,False,False,,,2026-09-25T02:10:49.325Z,Sports Cards,football,sports commentary,A viewer comments '90s' during sports-related chat.,low,youtube_live:77jAv66lLio:843
844,77jAv66lLio,https://www.youtube.com/watch?v=77jAv66lLio,9/24 1/2 Signature Class // 1/2 Bowman Chrome (Thur Night eBay Breaks),Cams Cards,replay,message,34:12,@BlazeOrangeok,SHIT,False,False,False,,,2026-09-25T02:11:01.448Z,Unclear,,exclamation,A user posts an expletive in chat.,low,youtube_live:77jAv66lLio:844
845,77jAv66lLio,https://www.youtube.com/watch?v=77jAv66lLio,9/24 1/2 Signature Class // 1/2 Bowman Chrome (Thur Night eBay Breaks),Cams Cards,replay,message,34:46,@BlazeOrangeok,la flyer is a idiot on 4th and short,False,False,False,,,2026-09-25T02:11:35.171Z,Sports Cards,football,play calling criticism,A viewer criticizes play-calling on a 4th and short play.,medium,youtube_live:77jAv66lLio:845
846,77jAv66lLio,https://www.youtube.com/watch?v=77jAv66lLio,9/24 1/2 Signature Class // 1/2 Bowman Chrome (Thur Night eBay Breaks),Cams Cards,replay,message,34:56,@BlazeOrangeok,3rd and long we run sweeps ,False,False,False,,,2026-09-25T02:11:45.704Z,Sports Cards,football,play calling criticism,A user critiques running sweeps on 3rd and long during a game.,medium,youtube_live:77jAv66lLio:846
847,77jAv66lLio,https://www.youtube.com/watch?v=77jAv66lLio,9/24 1/2 Signature Class // 1/2 Bowman Chrome (Thur Night eBay Breaks),Cams Cards,replay,message,35:06,@BlazeOrangeok,4 & 1 deep pass,False,False,False,,,2026-09-25T02:11:55.117Z,Sports Cards,Football Cards,Sports Discussion,A viewer comments on a football game play involving a fourth-and-one deep pass during a card break stream.,medium,youtube_live:77jAv66lLio:847
848,77jAv66lLio,https://www.youtube.com/watch?v=77jAv66lLio,9/24 1/2 Signature Class // 1/2 Bowman Chrome (Thur Night eBay Breaks),Cams Cards,replay,message,35:43,@BlazeOrangeok,Barf. Embarrassing :see_no_evil_monkey: ,False,False,False,,,2026-09-25T02:12:32.214Z,Sports Cards,Sports Cards Breaks,Viewer Reaction,A viewer expresses disgust or embarrassment during the live stream.,low,youtube_live:77jAv66lLio:848
849,77jAv66lLio,https://www.youtube.com/watch?v=77jAv66lLio,9/24 1/2 Signature Class // 1/2 Bowman Chrome (Thur Night eBay Breaks),Cams Cards,replay,message,36:09,@SOSJADDY18,Same reason they took the points off the board last game ,False,False,False,,,2026-09-25T02:12:58.565Z,Sports Cards,Football Cards,Sports Discussion,A viewer refers to points taken off the board in a previous game during the stream.,medium,youtube_live:77jAv66lLio:849
850,77jAv66lLio,https://www.youtube.com/watch?v=77jAv66lLio,9/24 1/2 Signature Class // 1/2 Bowman Chrome (Thur Night eBay Breaks),Cams Cards,replay,message,36:09,@BlazeOrangeok,YOU CAN ,False,False,False,,,2026-09-25T02:12:58.750Z,Sports Cards,Sports Cards Breaks,Viewer Reaction,A viewer writes 'YOU CAN' in chat without further context.,low,youtube_live:77jAv66lLio:850
851,77jAv66lLio,https://www.youtube.com/watch?v=77jAv66lLio,9/24 1/2 Signature Class // 1/2 Bowman Chrome (Thur Night eBay Breaks),Cams Cards,replay,message,36:15,@dougboberg6029,is that hurts #d?,False,False,False,,,2026-09-25T02:13:04.914Z,Sports Cards,Football Cards,Card Identification,A viewer asks whether a Jalen Hurts card is serial numbered.,high,youtube_live:77jAv66lLio:851
852,77jAv66lLio,https://www.youtube.com/watch?v=77jAv66lLio,9/24 1/2 Signature Class // 1/2 Bowman Chrome (Thur Night eBay Breaks),Cams Cards,replay,message,36:18,@BlazeOrangeok,Fkn just run it ,False,False,False,,,2026-09-25T02:13:07.156Z,Sports Cards,Football Cards,Sports Discussion,A viewer urges a football team to run the ball.,medium,youtube_live:77jAv66lLio:852
853,77jAv66lLio,https://www.youtube.com/watch?v=77jAv66lLio,9/24 1/2 Signature Class // 1/2 Bowman Chrome (Thur Night eBay Breaks),Cams Cards,replay,message,36:32,@BlazeOrangeok,ITS ONE YARD,False,False,False,,,2026-09-25T02:13:21.523Z,Sports Cards,Football Cards,Sports Discussion,A viewer shouts in chat that only one yard is needed.,medium,youtube_live:77jAv66lLio:853
854,77jAv66lLio,https://www.youtube.com/watch?v=77jAv66lLio,9/24 1/2 Signature Class // 1/2 Bowman Chrome (Thur Night eBay Breaks),Cams Cards,replay,message,36:41,@BlazeOrangeok,Or Take the points,False,False,False,,,2026-09-25T02:13:30.899Z,Sports Cards,Football Cards,Sports Discussion,A viewer suggests taking the points in the game being discussed.,medium,youtube_live:77jAv66lLio:854
855,77jAv66lLio,https://www.youtube.com/watch?v=77jAv66lLio,9/24 1/2 Signature Class // 1/2 Bowman Chrome (Thur Night eBay Breaks),Cams Cards,replay,message,37:09,@dougboberg6029,"Oh ok, I have another variant that is, was curious on that one",False,False,False,,,2026-09-25T02:13:58.638Z,Sports Cards,Sports Cards Breaks,Card Variants,A viewer mentions owning a different variant and notes curiosity about the card shown.,high,youtube_live:77jAv66lLio:855
856,77jAv66lLio,https://www.youtube.com/watch?v=77jAv66lLio,9/24 1/2 Signature Class // 1/2 Bowman Chrome (Thur Night eBay Breaks),Cams Cards,replay,message,37:16,@BlazeOrangeok,My Hulu is delayed ,False,False,False,,,2026-09-25T02:14:05.614Z,Sports Cards,Football Cards,Broadcast Delay,A viewer mentions that their Hulu broadcast of the game is delayed.,medium,youtube_live:77jAv66lLio:856
857,77jAv66lLio,https://www.youtube.com/watch?v=77jAv66lLio,9/24 1/2 Signature Class // 1/2 Bowman Chrome (Thur Night eBay Breaks),Cams Cards,replay,message,37:19,@BlazeOrangeok,Thanks ,False,False,False,,,2026-09-25T02:14:08.739Z,Sports Cards,baseball cards,viewer comment,A viewer says thanks in the livestream chat.,medium,youtube_live:77jAv66lLio:857
858,77jAv66lLio,https://www.youtube.com/watch?v=77jAv66lLio,9/24 1/2 Signature Class // 1/2 Bowman Chrome (Thur Night eBay Breaks),Cams Cards,replay,message,37:59,@BlazeOrangeok,Local for us ,False,False,False,,,2026-09-25T02:14:48.303Z,Sports Cards,baseball cards,general conversation,A chatter mentions that something is local for them.,low,youtube_live:77jAv66lLio:858
859,77jAv66lLio,https://www.youtube.com/watch?v=77jAv66lLio,9/24 1/2 Signature Class // 1/2 Bowman Chrome (Thur Night eBay Breaks),Cams Cards,replay,message,38:00,@dougboberg6029,"rangers, astros",False,False,False,,,2026-09-25T02:14:49.687Z,Sports Cards,baseball cards,box breaks; team selection,A user lists the Rangers and Astros during a card break.,high,youtube_live:77jAv66lLio:859
860,77jAv66lLio,https://www.youtube.com/watch?v=77jAv66lLio,9/24 1/2 Signature Class // 1/2 Bowman Chrome (Thur Night eBay Breaks),Cams Cards,replay,message,38:05,@SeanMcRory,Rockies #Reds,False,False,False,,,2026-09-25T02:14:54.720Z,Sports Cards,baseball cards,box breaks; team selection,A user lists the Rockies and Reds during a card break stream.,high,youtube_live:77jAv66lLio:860
861,77jAv66lLio,https://www.youtube.com/watch?v=77jAv66lLio,9/24 1/2 Signature Class // 1/2 Bowman Chrome (Thur Night eBay Breaks),Cams Cards,replay,message,38:06,@TheSaltyAngler90,cubs,False,False,False,,,2026-09-25T02:14:55.374Z,Sports Cards,baseball cards,box breaks; team selection,A user names the Cubs in the chat.,high,youtube_live:77jAv66lLio:861
862,77jAv66lLio,https://www.youtube.com/watch?v=77jAv66lLio,9/24 1/2 Signature Class // 1/2 Bowman Chrome (Thur Night eBay Breaks),Cams Cards,replay,message,38:12,@TheSaltyAngler90,braves,False,False,False,,,2026-09-25T02:15:01.095Z,Sports Cards,baseball cards,box breaks; team selection,A chatter names the Braves in the stream chat.,high,youtube_live:77jAv66lLio:862
863,77jAv66lLio,https://www.youtube.com/watch?v=77jAv66lLio,9/24 1/2 Signature Class // 1/2 Bowman Chrome (Thur Night eBay Breaks),Cams Cards,replay,message,38:25,@joshsisterman,Cardinals twins,False,False,False,,,2026-09-25T02:15:14.125Z,Sports Cards,baseball cards,box breaks; team selection,A chatter names the Cardinals and Twins.,high,youtube_live:77jAv66lLio:863
864,77jAv66lLio,https://www.youtube.com/watch?v=77jAv66lLio,9/24 1/2 Signature Class // 1/2 Bowman Chrome (Thur Night eBay Breaks),Cams Cards,replay,message,38:28,@nightbot,We have more amazing breaks and giveaways again tomorrow or even tonight!! Maybe theres a giveaway if you click the link! Check em out! https://www.ebay.com/sch/i.html?_ssn=...,False,True,False,,,2026-09-25T02:15:17.516Z,Sports Cards,baseball cards,stream promotion; giveaways,"A user promotes upcoming breaks, giveaways, and an eBay link.",high,youtube_live:77jAv66lLio:864
865,77jAv66lLio,https://www.youtube.com/watch?v=77jAv66lLio,9/24 1/2 Signature Class // 1/2 Bowman Chrome (Thur Night eBay Breaks),Cams Cards,replay,message,38:41,@Chach8019,dbacks!,False,False,False,,,2026-09-25T02:15:30.394Z,Sports Cards,baseball cards,box breaks; team selection,A user names the D-backs in the chat.,high,youtube_live:77jAv66lLio:865
866,77jAv66lLio,https://www.youtube.com/watch?v=77jAv66lLio,9/24 1/2 Signature Class // 1/2 Bowman Chrome (Thur Night eBay Breaks),Cams Cards,replay,message,38:41,@BlazeOrangeok,Reds Astros ,False,False,False,,,2026-09-25T02:15:30.845Z,Sports Cards,baseball cards,box breaks; team selection,A user lists the Reds and Astros during the stream.,high,youtube_live:77jAv66lLio:866
867,77jAv66lLio,https://www.youtube.com/watch?v=77jAv66lLio,9/24 1/2 Signature Class // 1/2 Bowman Chrome (Thur Night eBay Breaks),Cams Cards,replay,message,38:43,@nightbot,Cams Cards is proud to have partnered with the greatest one touch in the hobby. Cam is able to offer Zion Mag One Touches CHEAPER than from Zions website.$4 for 35 PT$5 for 135 PTContact cam in the ch,False,True,False,,,2026-09-25T02:15:32.731Z,Sports Cards,card supplies,promotions; pricing,A chat announcement promotes Zion Mag one-touch card holders at discounted prices through Cams Cards.,high,youtube_live:77jAv66lLio:867
868,77jAv66lLio,https://www.youtube.com/watch?v=77jAv66lLio,9/24 1/2 Signature Class // 1/2 Bowman Chrome (Thur Night eBay Breaks),Cams Cards,replay,message,38:53,@BryanSoderstrom,"Braves, Os",False,False,False,,,2026-09-25T02:15:42.015Z,Sports Cards,baseball cards,box breaks; team selection,"A viewer lists the Braves and O's, likely referencing teams in the card break.",medium,youtube_live:77jAv66lLio:868
869,77jAv66lLio,https://www.youtube.com/watch?v=77jAv66lLio,9/24 1/2 Signature Class // 1/2 Bowman Chrome (Thur Night eBay Breaks),Cams Cards,replay,message,39:09,@BlazeOrangeok,National broadcast,False,False,False,,,2026-09-25T02:15:58.516Z,Unclear,,sports broadcast,A user mentions a national broadcast without clear item context.,low,youtube_live:77jAv66lLio:869
870,77jAv66lLio,https://www.youtube.com/watch?v=77jAv66lLio,9/24 1/2 Signature Class // 1/2 Bowman Chrome (Thur Night eBay Breaks),Cams Cards,replay,message,39:34,@BlazeOrangeok,"At least this is , FOX 6 local. For the THURSDAYS night football",False,False,False,,,2026-09-25T02:16:23.579Z,Other / emerging,sports broadcast,television,A commenter notes local FOX 6 coverage for Thursday Night Football.,medium,youtube_live:77jAv66lLio:870
871,77jAv66lLio,https://www.youtube.com/watch?v=77jAv66lLio,9/24 1/2 Signature Class // 1/2 Bowman Chrome (Thur Night eBay Breaks),Cams Cards,replay,message,39:43,@BlazeOrangeok,Yeah prime ,False,False,False,,,2026-09-25T02:16:32.828Z,Other / emerging,streaming,sports broadcast,A user agrees about Prime regarding the football broadcast.,low,youtube_live:77jAv66lLio:871
872,77jAv66lLio,https://www.youtube.com/watch?v=77jAv66lLio,9/24 1/2 Signature Class // 1/2 Bowman Chrome (Thur Night eBay Breaks),Cams Cards,replay,message,39:54,@BlazeOrangeok,I called refs,False,False,False,,,2026-09-25T02:16:43.737Z,Other / emerging,football,game discussion,A viewer comments that they called the referees.,low,youtube_live:77jAv66lLio:872
873,77jAv66lLio,https://www.youtube.com/watch?v=77jAv66lLio,9/24 1/2 Signature Class // 1/2 Bowman Chrome (Thur Night eBay Breaks),Cams Cards,replay,message,40:05,@Chach8019,hey!,False,False,False,,,2026-09-25T02:16:54.563Z,Sports Cards,trading cards,greeting,A user sends a greeting in the livestream chat.,low,youtube_live:77jAv66lLio:873
874,77jAv66lLio,https://www.youtube.com/watch?v=77jAv66lLio,9/24 1/2 Signature Class // 1/2 Bowman Chrome (Thur Night eBay Breaks),Cams Cards,replay,message,40:23,@BlazeOrangeok,Did I win?,False,False,False,,,2026-09-25T02:17:12.891Z,Sports Cards,box breaks,break results,A chatter asks if they won in the stream.,medium,youtube_live:77jAv66lLio:874
875,77jAv66lLio,https://www.youtube.com/watch?v=77jAv66lLio,9/24 1/2 Signature Class // 1/2 Bowman Chrome (Thur Night eBay Breaks),Cams Cards,replay,message,40:32,@Chach8019,"it has. I've been broke, lol",False,False,False,,,2026-09-25T02:17:21.637Z,Unclear,,general chat,A chatter casually mentions having been broke.,low,youtube_live:77jAv66lLio:875
876,77jAv66lLio,https://www.youtube.com/watch?v=77jAv66lLio,9/24 1/2 Signature Class // 1/2 Bowman Chrome (Thur Night eBay Breaks),Cams Cards,replay,message,41:28,@BlazeOrangeok,Shades of Barry sanders ,False,False,False,,,2026-09-25T02:18:17.973Z,Other / emerging,football,player comparison,A user compares a play or athlete to Barry Sanders.,medium,youtube_live:77jAv66lLio:876
877,77jAv66lLio,https://www.youtube.com/watch?v=77jAv66lLio,9/24 1/2 Signature Class // 1/2 Bowman Chrome (Thur Night eBay Breaks),Cams Cards,replay,message,43:00,@BlazeOrangeok,We need a INT quick,False,False,False,,,2026-09-25T02:19:49.693Z,Sports Cards,Football Cards,Live stream chat; Sports discussion,A viewer states they need an interception quickly during the stream.,medium,youtube_live:77jAv66lLio:877
878,77jAv66lLio,https://www.youtube.com/watch?v=77jAv66lLio,9/24 1/2 Signature Class // 1/2 Bowman Chrome (Thur Night eBay Breaks),Cams Cards,replay,message,43:35,@nightbot,Click the link to check out everything Cam's Cards! You wont regret it! (I had to automate this so everyone gets the chance to join the greatest card fam ever!) #camfam https://linktr.ee/camscards,False,True,False,,,2026-09-25T02:20:24.027Z,Sports Cards,Trading Cards,Channel promotion; Social links,An automated chat message promotes Cam's Cards and shares a Linktree link.,high,youtube_live:77jAv66lLio:878
879,77jAv66lLio,https://www.youtube.com/watch?v=77jAv66lLio,9/24 1/2 Signature Class // 1/2 Bowman Chrome (Thur Night eBay Breaks),Cams Cards,replay,message,43:46,@nightbot,Cams Cards does PSA Submission Service! Check it out! We would LOVE to grade your cards! https://docs.google.com/document/d/1q...,False,True,False,,,2026-09-25T02:20:35.480Z,Sports Cards,Trading Cards,Grading services; PSA grading,Cam's Cards advertises their PSA grading submission service with a link.,high,youtube_live:77jAv66lLio:879
880,77jAv66lLio,https://www.youtube.com/watch?v=77jAv66lLio,9/24 1/2 Signature Class // 1/2 Bowman Chrome (Thur Night eBay Breaks),Cams Cards,replay,message,44:26,@BlazeOrangeok,Yes,False,False,False,,,2026-09-25T02:21:15.317Z,Sports Cards,Trading Cards,Live stream chat,A viewer responds with 'Yes' in the live chat.,low,youtube_live:77jAv66lLio:880
881,77jAv66lLio,https://www.youtube.com/watch?v=77jAv66lLio,9/24 1/2 Signature Class // 1/2 Bowman Chrome (Thur Night eBay Breaks),Cams Cards,replay,message,44:35,@BlazeOrangeok,I got NLDS tix ,False,False,False,,,2026-09-25T02:21:24.698Z,Sports Cards,Baseball Cards,Game tickets; Baseball discussion,A chatter mentions they got NLDS tickets.,medium,youtube_live:77jAv66lLio:881
882,77jAv66lLio,https://www.youtube.com/watch?v=77jAv66lLio,9/24 1/2 Signature Class // 1/2 Bowman Chrome (Thur Night eBay Breaks),Cams Cards,replay,message,45:02,@BlazeOrangeok,Padres cubs ?,False,False,False,,,2026-09-25T02:21:51.648Z,Sports Cards,Baseball Cards,Baseball teams,A viewer asks about 'Padres cubs ?' in the chat.,medium,youtube_live:77jAv66lLio:882
883,77jAv66lLio,https://www.youtube.com/watch?v=77jAv66lLio,9/24 1/2 Signature Class // 1/2 Bowman Chrome (Thur Night eBay Breaks),Cams Cards,replay,message,45:24,@BlazeOrangeok,We got 100 tonight bruh,False,False,False,,,2026-09-25T02:22:13.545Z,Sports Cards,Baseball Cards,Baseball discussion,A chatter comments that they got 100 tonight.,low,youtube_live:77jAv66lLio:883
884,77jAv66lLio,https://www.youtube.com/watch?v=77jAv66lLio,9/24 1/2 Signature Class // 1/2 Bowman Chrome (Thur Night eBay Breaks),Cams Cards,replay,message,45:53,@BlazeOrangeok,Yeah we shattered franchise record ,False,False,False,,,2026-09-25T02:22:42.222Z,Sports Cards,Baseball Cards,Sports records,A viewer comments about shattering a franchise record.,medium,youtube_live:77jAv66lLio:884
885,77jAv66lLio,https://www.youtube.com/watch?v=77jAv66lLio,9/24 1/2 Signature Class // 1/2 Bowman Chrome (Thur Night eBay Breaks),Cams Cards,replay,message,46:11,@BlazeOrangeok,We need it bad,False,False,False,,,2026-09-25T02:23:00.171Z,Sports Cards,Trading Cards,Live stream chat,A chatter expresses that they need something badly.,low,youtube_live:77jAv66lLio:885
886,77jAv66lLio,https://www.youtube.com/watch?v=77jAv66lLio,9/24 1/2 Signature Class // 1/2 Bowman Chrome (Thur Night eBay Breaks),Cams Cards,replay,message,46:21,@BlazeOrangeok,For Uke,False,False,False,,,2026-09-25T02:23:10.328Z,Sports Cards,Baseball Cards,Sports discussion,A viewer comments 'For Uke' in the live stream chat.,low,youtube_live:77jAv66lLio:886
887,77jAv66lLio,https://www.youtube.com/watch?v=77jAv66lLio,9/24 1/2 Signature Class // 1/2 Bowman Chrome (Thur Night eBay Breaks),Cams Cards,replay,message,47:03,@BlazeOrangeok,Logan Henderson rookie right ?,False,False,False,,,2026-09-25T02:23:52.480Z,Sports Cards,baseball cards,rookie identification,A viewer asks whether Logan Henderson is considered a rookie.,high,youtube_live:77jAv66lLio:887
888,77jAv66lLio,https://www.youtube.com/watch?v=77jAv66lLio,9/24 1/2 Signature Class // 1/2 Bowman Chrome (Thur Night eBay Breaks),Cams Cards,replay,message,47:17,@BlazeOrangeok,"Top load that, kids a stuuuudddd",False,False,False,,,2026-09-25T02:24:06.892Z,Sports Cards,card storage & supplies,card protection,"A chatter urges top-loading a card, complimenting the featured player.",high,youtube_live:77jAv66lLio:888
889,77jAv66lLio,https://www.youtube.com/watch?v=77jAv66lLio,9/24 1/2 Signature Class // 1/2 Bowman Chrome (Thur Night eBay Breaks),Cams Cards,replay,message,48:17,@nightbot,"WE SELL TOP LOADERS!!! $3 for a standard pack of 25! $4 for a 130pt 10 count pack!Cheaper than Amazon, Walmart, Ultra pro!Please let me know if interested!",False,True,False,,,2026-09-25T02:25:05.998Z,Sports Cards,card storage & supplies,self-promotion; pricing,A user advertises selling packs of top loaders with specific pack sizes and prices.,high,youtube_live:77jAv66lLio:889
890,77jAv66lLio,https://www.youtube.com/watch?v=77jAv66lLio,9/24 1/2 Signature Class // 1/2 Bowman Chrome (Thur Night eBay Breaks),Cams Cards,replay,message,48:50,@BlazeOrangeok,TAILS,False,False,False,,,2026-09-25T02:25:39.917Z,Sports Cards,breaks,coin toss call,A user messages 'TAILS' during a stream break.,medium,youtube_live:77jAv66lLio:890
891,77jAv66lLio,https://www.youtube.com/watch?v=77jAv66lLio,9/24 1/2 Signature Class // 1/2 Bowman Chrome (Thur Night eBay Breaks),Cams Cards,replay,message,48:53,@ronskipper5170,heads,False,False,False,,,2026-09-25T02:25:42.838Z,Sports Cards,breaks,coin toss call,A user messages 'heads' during the stream.,medium,youtube_live:77jAv66lLio:891
892,77jAv66lLio,https://www.youtube.com/watch?v=77jAv66lLio,9/24 1/2 Signature Class // 1/2 Bowman Chrome (Thur Night eBay Breaks),Cams Cards,replay,message,49:07,@Chach8019,heads,False,False,False,,,2026-09-25T02:25:56.338Z,Sports Cards,breaks,coin toss call,A chatter submits a call of 'heads' in the livestream chat.,medium,youtube_live:77jAv66lLio:892
893,77jAv66lLio,https://www.youtube.com/watch?v=77jAv66lLio,9/24 1/2 Signature Class // 1/2 Bowman Chrome (Thur Night eBay Breaks),Cams Cards,replay,message,49:13,@dougboberg6029,heads,False,False,False,,,2026-09-25T02:26:02.023Z,Sports Cards,breaks,coin toss call,A viewer calls 'heads' in the chat.,medium,youtube_live:77jAv66lLio:893
894,77jAv66lLio,https://www.youtube.com/watch?v=77jAv66lLio,9/24 1/2 Signature Class // 1/2 Bowman Chrome (Thur Night eBay Breaks),Cams Cards,replay,message,49:16,@BryanSoderstrom,heads,False,False,False,,,2026-09-25T02:26:05.443Z,Sports Cards,breaks,coin toss call,A participant posts 'heads' into the break chat.,medium,youtube_live:77jAv66lLio:894
895,77jAv66lLio,https://www.youtube.com/watch?v=77jAv66lLio,9/24 1/2 Signature Class // 1/2 Bowman Chrome (Thur Night eBay Breaks),Cams Cards,replay,message,49:36,@BlazeOrangeok,After the 40 yard gash,False,False,False,,,2026-09-25T02:26:25.247Z,Unclear,,chat chatter,A user comments about a 40 yard play without clear contextual details.,low,youtube_live:77jAv66lLio:895
896,77jAv66lLio,https://www.youtube.com/watch?v=77jAv66lLio,9/24 1/2 Signature Class // 1/2 Bowman Chrome (Thur Night eBay Breaks),Cams Cards,replay,message,49:55,@BlazeOrangeok,Da fuck was that,False,False,False,,,2026-09-25T02:26:44.533Z,Unclear,,unclear reaction,A user expresses confusion with an expletive reaction.,low,youtube_live:77jAv66lLio:896
897,77jAv66lLio,https://www.youtube.com/watch?v=77jAv66lLio,9/24 1/2 Signature Class // 1/2 Bowman Chrome (Thur Night eBay Breaks),Cams Cards,replay,message,50:38,@BlazeOrangeok,Jets,False,False,False,,,2026-09-25T02:27:27.647Z,Sports Cards,football cards,team callouts; box breaks,A viewer mentions the Jets during a sports card livestream.,high,youtube_live:77jAv66lLio:897
898,77jAv66lLio,https://www.youtube.com/watch?v=77jAv66lLio,9/24 1/2 Signature Class // 1/2 Bowman Chrome (Thur Night eBay Breaks),Cams Cards,replay,message,50:45,@dougboberg6029,"titans, eagles",False,False,False,,,2026-09-25T02:27:34.002Z,Sports Cards,football cards,team callouts; box breaks,A chatter calls out the Titans and Eagles in a live card break stream.,high,youtube_live:77jAv66lLio:898
899,77jAv66lLio,https://www.youtube.com/watch?v=77jAv66lLio,9/24 1/2 Signature Class // 1/2 Bowman Chrome (Thur Night eBay Breaks),Cams Cards,replay,message,51:00,@TheSaltyAngler90,rams jags,False,False,False,,,2026-09-25T02:27:49.393Z,Sports Cards,football cards,team callouts; box breaks,A viewer lists the Rams and Jags during a card break broadcast.,high,youtube_live:77jAv66lLio:899
900,77jAv66lLio,https://www.youtube.com/watch?v=77jAv66lLio,9/24 1/2 Signature Class // 1/2 Bowman Chrome (Thur Night eBay Breaks),Cams Cards,replay,message,51:06,@BryanSoderstrom,"lions, jets",False,False,False,,,2026-09-25T02:27:55.547Z,Sports Cards,football cards,team callouts; box breaks,A chat participant names the Lions and Jets during the break.,high,youtube_live:77jAv66lLio:900
901,77jAv66lLio,https://www.youtube.com/watch?v=77jAv66lLio,9/24 1/2 Signature Class // 1/2 Bowman Chrome (Thur Night eBay Breaks),Cams Cards,replay,message,51:07,@SOSJADDY18,"Patriots, #Raiders",False,False,False,,,2026-09-25T02:27:56.692Z,Sports Cards,football cards,team callouts; box breaks,A user calls out Patriots and Raiders in the stream chat.,high,youtube_live:77jAv66lLio:901
902,77jAv66lLio,https://www.youtube.com/watch?v=77jAv66lLio,9/24 1/2 Signature Class // 1/2 Bowman Chrome (Thur Night eBay Breaks),Cams Cards,replay,message,51:08,@joshsisterman,"Pats, Vikings ",False,False,False,,,2026-09-25T02:27:57.869Z,Sports Cards,football cards,team callouts; box breaks,A chatter mentions the Pats and Vikings during the card break.,high,youtube_live:77jAv66lLio:902
903,77jAv66lLio,https://www.youtube.com/watch?v=77jAv66lLio,9/24 1/2 Signature Class // 1/2 Bowman Chrome (Thur Night eBay Breaks),Cams Cards,replay,message,51:09,@BlazeOrangeok,Oooo caleb Johnson,False,False,False,,,2026-09-25T02:27:58.486Z,Sports Cards,trading cards,player reaction,A chatter reacts to Caleb Johnson during the livestreamed card break.,medium,youtube_live:77jAv66lLio:903
904,77jAv66lLio,https://www.youtube.com/watch?v=77jAv66lLio,9/24 1/2 Signature Class // 1/2 Bowman Chrome (Thur Night eBay Breaks),Cams Cards,replay,message,51:23,@BlazeOrangeok,Jets & jags,False,False,False,,,2026-09-25T02:28:12.491Z,Sports Cards,football cards,team callouts; box breaks,A viewer posts Jets & jags in the break chat.,high,youtube_live:77jAv66lLio:904
905,77jAv66lLio,https://www.youtube.com/watch?v=77jAv66lLio,9/24 1/2 Signature Class // 1/2 Bowman Chrome (Thur Night eBay Breaks),Cams Cards,replay,message,51:26,@Chach8019,Vikings cardinals,False,False,False,,,2026-09-25T02:28:15.411Z,Sports Cards,football cards,team callouts; box breaks,A user names the Vikings and Cardinals during a live sports card break.,high,youtube_live:77jAv66lLio:905
906,77jAv66lLio,https://www.youtube.com/watch?v=77jAv66lLio,9/24 1/2 Signature Class // 1/2 Bowman Chrome (Thur Night eBay Breaks),Cams Cards,replay,message,53:13,@BlazeOrangeok,I’m gonna barf ,False,False,False,,,2026-09-25T02:30:02.401Z,Sports Cards,trading cards,stream reaction,A chatter expresses feeling sick during the card break stream.,low,youtube_live:77jAv66lLio:906
907,77jAv66lLio,https://www.youtube.com/watch?v=77jAv66lLio,9/24 1/2 Signature Class // 1/2 Bowman Chrome (Thur Night eBay Breaks),Cams Cards,replay,message,53:23,@nightbot,Click the link to check out everything Cam's Cards! You wont regret it! (I had to automate this so everyone gets the chance to join the greatest card fam ever!) #camfam https://linktr.ee/camscards,False,True,False,,,2026-09-25T02:30:12.317Z,Sports Cards,trading cards,promotions; community,An automated message shares a Linktree link promoting Cam's Cards and encouraging viewers to join the community.,high,youtube_live:77jAv66lLio:907
908,77jAv66lLio,https://www.youtube.com/watch?v=77jAv66lLio,9/24 1/2 Signature Class // 1/2 Bowman Chrome (Thur Night eBay Breaks),Cams Cards,replay,message,53:42,@nightbot,We have more amazing breaks and giveaways again tomorrow or even tonight!! Maybe theres a giveaway if you click the link! Check em out! https://www.ebay.com/sch/i.html?_ssn=...,False,True,False,,,2026-09-25T02:30:31.621Z,Sports Cards,trading cards,promotions; breaks,"A message promotes upcoming breaks, potential giveaways, and provides an eBay seller link.",high,youtube_live:77jAv66lLio:908
909,77jAv66lLio,https://www.youtube.com/watch?v=77jAv66lLio,9/24 1/2 Signature Class // 1/2 Bowman Chrome (Thur Night eBay Breaks),Cams Cards,replay,message,53:58,@nightbot,Cams Cards is proud to have partnered with the greatest one touch in the hobby. Cam is able to offer Zion Mag One Touches CHEAPER than from Zions website.$4 for 35 PT$5 for 135 PTContact cam in the ch,False,True,False,,,2026-09-25T02:30:47.292Z,Sports Cards,card supplies,promotions; pricing,Cam's Cards advertises discounted prices on Zion Mag one-touch card holders for viewers.,high,youtube_live:77jAv66lLio:909
910,77jAv66lLio,https://www.youtube.com/watch?v=77jAv66lLio,9/24 1/2 Signature Class // 1/2 Bowman Chrome (Thur Night eBay Breaks),Cams Cards,replay,message,55:45,@BlazeOrangeok,Sharp card ,False,False,False,,,2026-09-25T02:32:33.977Z,Sports Cards,trading cards,card condition; stream chat,A viewer comments that a card is sharp.,medium,youtube_live:77jAv66lLio:910
911,77jAv66lLio,https://www.youtube.com/watch?v=77jAv66lLio,9/24 1/2 Signature Class // 1/2 Bowman Chrome (Thur Night eBay Breaks),Cams Cards,replay,message,56:22,@SOSJADDY18,Boom!,False,False,False,,,2026-09-25T02:33:10.921Z,Sports Cards,trading cards,unclear reaction,A user expresses excitement with 'Boom!' during the live card break.,low,youtube_live:77jAv66lLio:911
912,77jAv66lLio,https://www.youtube.com/watch?v=77jAv66lLio,9/24 1/2 Signature Class // 1/2 Bowman Chrome (Thur Night eBay Breaks),Cams Cards,replay,message,56:42,@BlazeOrangeok,Pull me a DDS plz,False,False,False,,,2026-09-25T02:33:31.303Z,Sports Cards,trading cards,breaks; card requests,A chatter requests a DDS card pull during the break stream.,medium,youtube_live:77jAv66lLio:912
913,77jAv66lLio,https://www.youtube.com/watch?v=77jAv66lLio,9/24 1/2 Signature Class // 1/2 Bowman Chrome (Thur Night eBay Breaks),Cams Cards,replay,message,57:21,@BlazeOrangeok,Dani denis Sutton ,False,False,False,,,2026-09-25T02:34:10.494Z,Sports Cards,football cards,player discussion,A user mentions player Dani Dennis-Sutton in chat.,medium,youtube_live:77jAv66lLio:913
914,77jAv66lLio,https://www.youtube.com/watch?v=77jAv66lLio,9/24 1/2 Signature Class // 1/2 Bowman Chrome (Thur Night eBay Breaks),Cams Cards,replay,message,57:31,@BlazeOrangeok,Edge from PSU,False,False,False,,,2026-09-25T02:34:20.482Z,Sports Cards,football cards,player discussion,A chatter describes a player as an edge rusher from Penn State.,medium,youtube_live:77jAv66lLio:914
915,77jAv66lLio,https://www.youtube.com/watch?v=77jAv66lLio,9/24 1/2 Signature Class // 1/2 Bowman Chrome (Thur Night eBay Breaks),Cams Cards,replay,message,57:48,@BlazeOrangeok,4th round steal ,False,False,False,,,2026-09-25T02:34:37.613Z,Sports Cards,football cards,player evaluation,A viewer characterizes a player as a fourth-round steal.,medium,youtube_live:77jAv66lLio:915
916,77jAv66lLio,https://www.youtube.com/watch?v=77jAv66lLio,9/24 1/2 Signature Class // 1/2 Bowman Chrome (Thur Night eBay Breaks),Cams Cards,replay,message,59:17,@BlazeOrangeok,Is he a rookie ,False,False,False,,,2026-09-25T02:36:06.281Z,Sports Cards,trading cards,player discussion; rookie status,A chatter asks if the player is considered a rookie.,medium,youtube_live:77jAv66lLio:916
917,77jAv66lLio,https://www.youtube.com/watch?v=77jAv66lLio,9/24 1/2 Signature Class // 1/2 Bowman Chrome (Thur Night eBay Breaks),Cams Cards,replay,message,1:00:46,@BlazeOrangeok,Woof,False,False,False,,,2026-09-25T02:37:35.801Z,Sports Cards,Baseball Cards,Livestream Chat,A viewer posts a one-word exclamation during a sports card livestream.,low,youtube_live:77jAv66lLio:917
918,77jAv66lLio,https://www.youtube.com/watch?v=77jAv66lLio,9/24 1/2 Signature Class // 1/2 Bowman Chrome (Thur Night eBay Breaks),Cams Cards,replay,message,1:02:53,@camscards12,https://duckderby.netlify.app/,True,False,False,,,2026-09-25T02:39:42.155Z,Sports Cards,Baseball Cards,Giveaways/Randomizers,A viewer posts a duck derby link in the sports card livestream chat.,medium,youtube_live:77jAv66lLio:918
919,77jAv66lLio,https://www.youtube.com/watch?v=77jAv66lLio,9/24 1/2 Signature Class // 1/2 Bowman Chrome (Thur Night eBay Breaks),Cams Cards,replay,message,1:02:53,@camscards12,https://duckderby.netlify.app/,True,False,False,,,2026-09-25T02:39:42.616Z,Sports Cards,Baseball Cards,Giveaways/Randomizers,A viewer shares a link to a duck derby tool during the stream.,medium,youtube_live:77jAv66lLio:919
920,77jAv66lLio,https://www.youtube.com/watch?v=77jAv66lLio,9/24 1/2 Signature Class // 1/2 Bowman Chrome (Thur Night eBay Breaks),Cams Cards,replay,message,1:02:54,@camscards12,https://duckderby.netlify.app/,True,False,False,,,2026-09-25T02:39:43.042Z,Sports Cards,Baseball Cards,Giveaways/Randomizers,A participant posts a link to duck derby in chat.,medium,youtube_live:77jAv66lLio:920
921,77jAv66lLio,https://www.youtube.com/watch?v=77jAv66lLio,9/24 1/2 Signature Class // 1/2 Bowman Chrome (Thur Night eBay Breaks),Cams Cards,replay,message,1:02:54,@camscards12,https://duckderby.netlify.app/,True,False,False,,,2026-09-25T02:39:43.401Z,Sports Cards,Baseball Cards,Giveaways/Randomizers,A viewer posts a duck derby website URL.,medium,youtube_live:77jAv66lLio:921
922,77jAv66lLio,https://www.youtube.com/watch?v=77jAv66lLio,9/24 1/2 Signature Class // 1/2 Bowman Chrome (Thur Night eBay Breaks),Cams Cards,replay,message,1:02:54,@camscards12,https://duckderby.netlify.app/,True,False,False,,,2026-09-25T02:39:43.760Z,Sports Cards,Baseball Cards,Giveaways/Randomizers,A user repeatedly shares the duck derby tool link in chat.,medium,youtube_live:77jAv66lLio:922
923,77jAv66lLio,https://www.youtube.com/watch?v=77jAv66lLio,9/24 1/2 Signature Class // 1/2 Bowman Chrome (Thur Night eBay Breaks),Cams Cards,replay,message,1:02:55,@camscards12,https://duckderby.netlify.app/,True,False,False,,,2026-09-25T02:39:44.090Z,Sports Cards,Baseball Cards,Giveaways/Randomizers,A participant shares a duck derby link during the card break.,medium,youtube_live:77jAv66lLio:923
924,77jAv66lLio,https://www.youtube.com/watch?v=77jAv66lLio,9/24 1/2 Signature Class // 1/2 Bowman Chrome (Thur Night eBay Breaks),Cams Cards,replay,message,1:02:55,@camscards12,https://duckderby.netlify.app/,True,False,False,,,2026-09-25T02:39:44.438Z,Sports Cards,Baseball Cards,Giveaways/Randomizers,A viewer posts a link to the duck derby site.,medium,youtube_live:77jAv66lLio:924
925,77jAv66lLio,https://www.youtube.com/watch?v=77jAv66lLio,9/24 1/2 Signature Class // 1/2 Bowman Chrome (Thur Night eBay Breaks),Cams Cards,replay,message,1:02:56,@camscards12,https://duckderby.netlify.app/https:/...,True,False,False,,,2026-09-25T02:39:45.867Z,Sports Cards,Baseball Cards,Giveaways/Randomizers,A user posts a malformed duck derby URL in the livestream chat.,medium,youtube_live:77jAv66lLio:925
926,77jAv66lLio,https://www.youtube.com/watch?v=77jAv66lLio,9/24 1/2 Signature Class // 1/2 Bowman Chrome (Thur Night eBay Breaks),Cams Cards,replay,message,1:02:57,@camscards12,https://duckderby.netlify.app/,True,False,False,,,2026-09-25T02:39:46.174Z,Sports Cards,Baseball Cards,Giveaways/Randomizers,A viewer provides a link to a duck derby tool in chat.,medium,youtube_live:77jAv66lLio:926
927,77jAv66lLio,https://www.youtube.com/watch?v=77jAv66lLio,9/24 1/2 Signature Class // 1/2 Bowman Chrome (Thur Night eBay Breaks),Cams Cards,replay,message,1:02:57,@camscards12,https://duckderby.netlify.app/https:/...,True,False,False,,,2026-09-25T02:39:46.519Z,Sports Cards,baseball cards,external link,A viewer posted an external link during the card break stream.,low,youtube_live:77jAv66lLio:927
928,77jAv66lLio,https://www.youtube.com/watch?v=77jAv66lLio,9/24 1/2 Signature Class // 1/2 Bowman Chrome (Thur Night eBay Breaks),Cams Cards,replay,message,1:03:03,@BlazeOrangeok,CUSS WORS,False,False,False,,,2026-09-25T02:39:52.006Z,Sports Cards,baseball cards,chat reaction,A user typed 'CUSS WORS' into the stream chat.,low,youtube_live:77jAv66lLio:928
929,77jAv66lLio,https://www.youtube.com/watch?v=77jAv66lLio,9/24 1/2 Signature Class // 1/2 Bowman Chrome (Thur Night eBay Breaks),Cams Cards,replay,message,1:03:29,@nightbot,Click the link to check out everything Cam's Cards! You wont regret it! (I had to automate this so everyone gets the chance to join the greatest card fam ever!) #camfam https://linktr.ee/camscards,False,True,False,,,2026-09-25T02:40:18.262Z,Sports Cards,sports cards,channel promotion,An automated promotional message shares a Linktree link to Cam's Cards resources.,high,youtube_live:77jAv66lLio:929
930,77jAv66lLio,https://www.youtube.com/watch?v=77jAv66lLio,9/24 1/2 Signature Class // 1/2 Bowman Chrome (Thur Night eBay Breaks),Cams Cards,replay,message,1:03:31,@BlazeOrangeok,BARF @ packers,False,False,False,,,2026-09-25T02:40:20.344Z,Sports Cards,football,sports discussion,A viewer expresses a negative reaction toward the Green Bay Packers.,high,youtube_live:77jAv66lLio:930
931,77jAv66lLio,https://www.youtube.com/watch?v=77jAv66lLio,9/24 1/2 Signature Class // 1/2 Bowman Chrome (Thur Night eBay Breaks),Cams Cards,replay,message,1:03:46,@nightbot,Cams Cards does PSA Submission Service! Check it out! We would LOVE to grade your cards! https://docs.google.com/document/d/1q...,False,True,False,,,2026-09-25T02:40:35.201Z,Sports Cards,grading services,PSA submission,Cam's Cards promotes their PSA grading submission service with a link.,high,youtube_live:77jAv66lLio:931
932,77jAv66lLio,https://www.youtube.com/watch?v=77jAv66lLio,9/24 1/2 Signature Class // 1/2 Bowman Chrome (Thur Night eBay Breaks),Cams Cards,replay,message,1:04:14,@BlazeOrangeok,Now Cooper is out hurt ,False,False,False,,,2026-09-25T02:41:03.906Z,Sports Cards,sports cards,player injury,A chatter notes that Cooper is out with an injury.,medium,youtube_live:77jAv66lLio:932
933,77jAv66lLio,https://www.youtube.com/watch?v=77jAv66lLio,9/24 1/2 Signature Class // 1/2 Bowman Chrome (Thur Night eBay Breaks),Cams Cards,replay,message,1:04:31,@BlazeOrangeok,We are toast ,False,False,False,,,2026-09-25T02:41:20.913Z,Sports Cards,sports cards,chat reaction,A chatter comments that they are 'toast' during the game or break.,low,youtube_live:77jAv66lLio:933
934,77jAv66lLio,https://www.youtube.com/watch?v=77jAv66lLio,9/24 1/2 Signature Class // 1/2 Bowman Chrome (Thur Night eBay Breaks),Cams Cards,replay,message,1:05:53,@camscards12,https://www.ebay.com/sch/i.html?_ssn=...,True,False,False,,,2026-09-25T02:42:42.033Z,Sports Cards,sports cards,eBay listings,A link to an eBay seller search is shared in the chat.,high,youtube_live:77jAv66lLio:934
935,77jAv66lLio,https://www.youtube.com/watch?v=77jAv66lLio,9/24 1/2 Signature Class // 1/2 Bowman Chrome (Thur Night eBay Breaks),Cams Cards,replay,message,1:05:53,@camscards12,https://www.ebay.com/sch/i.html?_ssn=...,True,False,False,,,2026-09-25T02:42:42.558Z,Sports Cards,sports cards,eBay listings,A user shared an eBay store search link in the chat.,high,youtube_live:77jAv66lLio:935
936,77jAv66lLio,https://www.youtube.com/watch?v=77jAv66lLio,9/24 1/2 Signature Class // 1/2 Bowman Chrome (Thur Night eBay Breaks),Cams Cards,replay,message,1:05:53,@camscards12,https://www.ebay.com/sch/i.html?_ssn=...,True,False,False,,,2026-09-25T02:42:42.919Z,Sports Cards,sports cards,eBay listings,An eBay search URL is posted in the stream chat.,high,youtube_live:77jAv66lLio:936
937,77jAv66lLio,https://www.youtube.com/watch?v=77jAv66lLio,9/24 1/2 Signature Class // 1/2 Bowman Chrome (Thur Night eBay Breaks),Cams Cards,replay,message,1:05:54,@camscards12,https://www.ebay.com/sch/i.html?_ssn=...,True,False,False,,,2026-09-25T02:42:43.295Z,Sports Cards,baseball cards,stream promotion; ebay link,A user shared an eBay link during a sports card livestream break.,medium,youtube_live:77jAv66lLio:937
938,77jAv66lLio,https://www.youtube.com/watch?v=77jAv66lLio,9/24 1/2 Signature Class // 1/2 Bowman Chrome (Thur Night eBay Breaks),Cams Cards,replay,message,1:05:54,@camscards12,https://www.ebay.com/sch/i.html?_ssn=...,True,False,False,,,2026-09-25T02:42:43.608Z,Sports Cards,baseball cards,stream promotion; ebay link,A user posted an eBay store link in the chat during a card break stream.,medium,youtube_live:77jAv66lLio:938
939,77jAv66lLio,https://www.youtube.com/watch?v=77jAv66lLio,9/24 1/2 Signature Class // 1/2 Bowman Chrome (Thur Night eBay Breaks),Cams Cards,replay,message,1:05:55,@camscards12,https://www.ebay.com/sch/i.html?_ssn=...,True,False,False,,,2026-09-25T02:42:43.925Z,Sports Cards,baseball cards,stream promotion; ebay link,An eBay link was posted in the livestream break chat.,medium,youtube_live:77jAv66lLio:939
940,77jAv66lLio,https://www.youtube.com/watch?v=77jAv66lLio,9/24 1/2 Signature Class // 1/2 Bowman Chrome (Thur Night eBay Breaks),Cams Cards,replay,message,1:05:55,@camscards12,https://www.ebay.com/sch/i.html?_ssn=...,True,False,False,,,2026-09-25T02:42:44.315Z,Sports Cards,baseball cards,stream promotion; ebay link,An eBay seller link was shared in the card break stream.,medium,youtube_live:77jAv66lLio:940
941,77jAv66lLio,https://www.youtube.com/watch?v=77jAv66lLio,9/24 1/2 Signature Class // 1/2 Bowman Chrome (Thur Night eBay Breaks),Cams Cards,replay,message,1:05:56,@camscards12,https://www.ebay.com/sch/i.html?_ssn=...,True,False,False,,,2026-09-25T02:42:45.494Z,Sports Cards,baseball cards,stream promotion; ebay link,A participant posted an eBay link in the chat.,medium,youtube_live:77jAv66lLio:941
942,77jAv66lLio,https://www.youtube.com/watch?v=77jAv66lLio,9/24 1/2 Signature Class // 1/2 Bowman Chrome (Thur Night eBay Breaks),Cams Cards,replay,message,1:07:30,@BlazeOrangeok,What’s left for football? I’m about to leave.,False,False,False,,,2026-09-25T02:44:19.321Z,Sports Cards,football cards,break availability,A chatter asks what spots remain for football before leaving the stream.,high,youtube_live:77jAv66lLio:942
943,77jAv66lLio,https://www.youtube.com/watch?v=77jAv66lLio,9/24 1/2 Signature Class // 1/2 Bowman Chrome (Thur Night eBay Breaks),Cams Cards,replay,message,1:08:27,@BlazeOrangeok,Brewers Pirates ,False,False,False,,,2026-09-25T02:45:16.818Z,Sports Cards,baseball cards,team selection,A user names the Brewers and Pirates in chat.,high,youtube_live:77jAv66lLio:943
944,77jAv66lLio,https://www.youtube.com/watch?v=77jAv66lLio,9/24 1/2 Signature Class // 1/2 Bowman Chrome (Thur Night eBay Breaks),Cams Cards,replay,message,1:08:29,@dougboberg6029,"rangers, astros",False,False,False,,,2026-09-25T02:45:18.569Z,Sports Cards,baseball cards,team selection,A chatter lists the Rangers and Astros.,high,youtube_live:77jAv66lLio:944
945,77jAv66lLio,https://www.youtube.com/watch?v=77jAv66lLio,9/24 1/2 Signature Class // 1/2 Bowman Chrome (Thur Night eBay Breaks),Cams Cards,replay,message,1:08:31,@nightbot,We have more amazing breaks and giveaways again tomorrow or even tonight!! Maybe theres a giveaway if you click the link! Check em out! https://www.ebay.com/sch/i.html?_ssn=...,False,True,False,,,2026-09-25T02:45:20.262Z,Sports Cards,baseball cards,giveaways; promotions,"A user promotes upcoming breaks, potential giveaways, and links to an eBay store.",high,youtube_live:77jAv66lLio:945
946,77jAv66lLio,https://www.youtube.com/watch?v=77jAv66lLio,9/24 1/2 Signature Class // 1/2 Bowman Chrome (Thur Night eBay Breaks),Cams Cards,replay,message,1:08:46,@Chach8019,dbacks dodgers,False,False,False,,,2026-09-25T02:45:35.780Z,Sports Cards,baseball cards,team selection,A user names the D-backs and Dodgers in chat.,high,youtube_live:77jAv66lLio:946
947,77jAv66lLio,https://www.youtube.com/watch?v=77jAv66lLio,9/24 1/2 Signature Class // 1/2 Bowman Chrome (Thur Night eBay Breaks),Cams Cards,replay,message,1:08:50,@nightbot,Cams Cards is proud to have partnered with the greatest one touch in the hobby. Cam is able to offer Zion Mag One Touches CHEAPER than from Zions website.$4 for 35 PT$5 for 135 PTContact cam in the ch,False,True,False,,,2026-09-25T02:45:39.002Z,Sports Cards,Card Supplies,Promotions; Pricing,A promotional message advertises Zion Mag One Touch cases for sale cheaper than on Zion's website.,high,youtube_live:77jAv66lLio:947
948,77jAv66lLio,https://www.youtube.com/watch?v=77jAv66lLio,9/24 1/2 Signature Class // 1/2 Bowman Chrome (Thur Night eBay Breaks),Cams Cards,replay,message,1:08:58,@joshsisterman,Rangers cardinals,False,False,False,,,2026-09-25T02:45:47.350Z,Sports Cards,Baseball Cards,Team Claim,A chatter lists the Rangers and Cardinals during a sports card stream.,medium,youtube_live:77jAv66lLio:948
949,77jAv66lLio,https://www.youtube.com/watch?v=77jAv66lLio,9/24 1/2 Signature Class // 1/2 Bowman Chrome (Thur Night eBay Breaks),Cams Cards,replay,message,1:09:09,@BryanSoderstrom,"cards, yanks",False,False,False,,,2026-09-25T02:45:57.976Z,Sports Cards,Baseball Cards,Team Claim,A user mentions cards and Yankees in the chat.,medium,youtube_live:77jAv66lLio:949
950,77jAv66lLio,https://www.youtube.com/watch?v=77jAv66lLio,9/24 1/2 Signature Class // 1/2 Bowman Chrome (Thur Night eBay Breaks),Cams Cards,replay,message,1:10:54,@BlazeOrangeok,PHIL R Card,False,False,False,,,2026-09-25T02:47:43.384Z,Sports Cards,Baseball Cards,Card Pull,A viewer mentions a 'PHIL R Card' during the stream.,medium,youtube_live:77jAv66lLio:950
951,77jAv66lLio,https://www.youtube.com/watch?v=77jAv66lLio,9/24 1/2 Signature Class // 1/2 Bowman Chrome (Thur Night eBay Breaks),Cams Cards,replay,message,1:11:04,@BlazeOrangeok,Oooooh sharp,False,False,False,,,2026-09-25T02:47:53.684Z,Sports Cards,Baseball Cards,Live Reaction,A viewer comments 'Oooooh sharp' during a sports card livestream.,low,youtube_live:77jAv66lLio:951
952,77jAv66lLio,https://www.youtube.com/watch?v=77jAv66lLio,9/24 1/2 Signature Class // 1/2 Bowman Chrome (Thur Night eBay Breaks),Cams Cards,replay,message,1:11:14,@BryanSoderstrom,that is sick,False,False,False,,,2026-09-25T02:48:03.868Z,Sports Cards,Baseball Cards,Live Reaction,A chatter reacts with 'that is sick' during a card break.,low,youtube_live:77jAv66lLio:952
953,77jAv66lLio,https://www.youtube.com/watch?v=77jAv66lLio,9/24 1/2 Signature Class // 1/2 Bowman Chrome (Thur Night eBay Breaks),Cams Cards,replay,message,1:11:57,@BlazeOrangeok,ROOOBURRRR,False,False,False,,,2026-09-25T02:48:46.328Z,Sports Cards,Baseball Cards,Chatter Shoutout,A chatter posts an exclamation calling out 'ROOOBURRRR'.,low,youtube_live:77jAv66lLio:953
954,77jAv66lLio,https://www.youtube.com/watch?v=77jAv66lLio,9/24 1/2 Signature Class // 1/2 Bowman Chrome (Thur Night eBay Breaks),Cams Cards,replay,message,1:12:10,@BlazeOrangeok,MUG IN DA PUG MUG,False,False,False,,,2026-09-25T02:48:59.682Z,Sports Cards,Baseball Cards,Chatter Comment,A viewer posts the phrase 'MUG IN DA PUG MUG'.,low,youtube_live:77jAv66lLio:954
955,77jAv66lLio,https://www.youtube.com/watch?v=77jAv66lLio,9/24 1/2 Signature Class // 1/2 Bowman Chrome (Thur Night eBay Breaks),Cams Cards,replay,message,1:13:19,@nightbot,Click the link to check out everything Cam's Cards! You wont regret it! (I had to automate this so everyone gets the chance to join the greatest card fam ever!) #camfam https://linktr.ee/camscards,False,True,False,,,2026-09-25T02:50:08.064Z,Sports Cards,Sports Cards,Channel Promotion,An automated chat message shares a Linktree link promoting Cam's Cards.,high,youtube_live:77jAv66lLio:955
956,77jAv66lLio,https://www.youtube.com/watch?v=77jAv66lLio,9/24 1/2 Signature Class // 1/2 Bowman Chrome (Thur Night eBay Breaks),Cams Cards,replay,message,1:13:35,@nightbot,"WE SELL TOP LOADERS!!! $3 for a standard pack of 25! $4 for a 130pt 10 count pack!Cheaper than Amazon, Walmart, Ultra pro!Please let me know if interested!",False,True,False,,,2026-09-25T02:50:24.695Z,Sports Cards,Card Supplies,Sales Offer; Pricing,"A chat message advertises top loaders for sale with price comparisons to Amazon, Walmart, and Ultra Pro.",high,youtube_live:77jAv66lLio:956
957,77jAv66lLio,https://www.youtube.com/watch?v=77jAv66lLio,9/24 1/2 Signature Class // 1/2 Bowman Chrome (Thur Night eBay Breaks),Cams Cards,replay,message,1:14:10,@BryanSoderstrom,all dressed,False,False,False,,,2026-09-25T02:50:59.140Z,Sports Cards,Baseball Cards,Live stream chat,A viewer comments 'all dressed' during a sports card box break live stream.,low,youtube_live:77jAv66lLio:957
958,77jAv66lLio,https://www.youtube.com/watch?v=77jAv66lLio,9/24 1/2 Signature Class // 1/2 Bowman Chrome (Thur Night eBay Breaks),Cams Cards,replay,message,1:14:37,@BryanSoderstrom,those are good,False,False,False,,,2026-09-25T02:51:26.314Z,Sports Cards,Baseball Cards,Live stream chat,A viewer remarks that 'those are good' during a card break stream.,low,youtube_live:77jAv66lLio:958
959,77jAv66lLio,https://www.youtube.com/watch?v=77jAv66lLio,9/24 1/2 Signature Class // 1/2 Bowman Chrome (Thur Night eBay Breaks),Cams Cards,replay,message,1:15:56,@BlazeOrangeok,Golden touch down finally ,False,False,False,,,2026-09-25T02:52:45.763Z,Sports Cards,Baseball Cards,Card break,A viewer mentions 'Golden touch down finally' during the sports card break stream.,low,youtube_live:77jAv66lLio:959
960,77jAv66lLio,https://www.youtube.com/watch?v=77jAv66lLio,9/24 1/2 Signature Class // 1/2 Bowman Chrome (Thur Night eBay Breaks),Cams Cards,replay,message,1:16:16,@TheSaltyAngler90,what was that acuna numbered to,False,False,False,,,2026-09-25T02:53:05.140Z,Sports Cards,Baseball Cards,Card serial numbering,A chatter asks what serial number the Acuna card was numbered to.,high,youtube_live:77jAv66lLio:960
961,77jAv66lLio,https://www.youtube.com/watch?v=77jAv66lLio,9/24 1/2 Signature Class // 1/2 Bowman Chrome (Thur Night eBay Breaks),Cams Cards,replay,message,1:16:20,@SOSJADDY18,2 scores yet ,False,False,False,,,2026-09-25T02:53:09.023Z,Sports Cards,Baseball Cards,Live stream chat,A user asks '2 scores yet' in the live stream chat.,low,youtube_live:77jAv66lLio:961
962,77jAv66lLio,https://www.youtube.com/watch?v=77jAv66lLio,9/24 1/2 Signature Class // 1/2 Bowman Chrome (Thur Night eBay Breaks),Cams Cards,replay,message,1:16:47,@Chach8019,current favorite are the nachos cheese dorito,False,False,False,,,2026-09-25T02:53:36.653Z,Other / emerging,Food & Snacks,Snack preferences,A viewer states their current favorite snack is nacho cheese Doritos.,high,youtube_live:77jAv66lLio:962
963,77jAv66lLio,https://www.youtube.com/watch?v=77jAv66lLio,9/24 1/2 Signature Class // 1/2 Bowman Chrome (Thur Night eBay Breaks),Cams Cards,replay,message,1:16:54,@Chach8019,classic option,False,False,False,,,2026-09-25T02:53:43.414Z,Other / emerging,Food & Snacks,Snack preferences,A user comments that an option is a 'classic option'.,low,youtube_live:77jAv66lLio:963
964,77jAv66lLio,https://www.youtube.com/watch?v=77jAv66lLio,9/24 1/2 Signature Class // 1/2 Bowman Chrome (Thur Night eBay Breaks),Cams Cards,replay,message,1:16:56,@SOSJADDY18,Cape cod salted were good on the airplane snack,False,False,False,,,2026-09-25T02:53:45.250Z,Other / emerging,Food & Snacks,Snack preferences,A viewer notes that Cape Cod salted chips were good as an airplane snack.,high,youtube_live:77jAv66lLio:964
965,77jAv66lLio,https://www.youtube.com/watch?v=77jAv66lLio,9/24 1/2 Signature Class // 1/2 Bowman Chrome (Thur Night eBay Breaks),Cams Cards,replay,message,1:17:15,@BlazeOrangeok,Cool ranch Doritos,False,False,False,,,2026-09-25T02:54:04.182Z,Other / emerging,Food & Snacks,Snack preferences,A user posts 'Cool ranch Doritos' in the live chat.,high,youtube_live:77jAv66lLio:965
966,77jAv66lLio,https://www.youtube.com/watch?v=77jAv66lLio,9/24 1/2 Signature Class // 1/2 Bowman Chrome (Thur Night eBay Breaks),Cams Cards,replay,message,1:17:19,@defoley5,Someone needs to get Tolle a Mario hat,False,False,False,,,2026-09-25T02:54:08.424Z,Sports Cards,Baseball Cards,Stream banter,A viewer suggests that someone needs to get Tolle a Mario hat.,medium,youtube_live:77jAv66lLio:966
967,77jAv66lLio,https://www.youtube.com/watch?v=77jAv66lLio,9/24 1/2 Signature Class // 1/2 Bowman Chrome (Thur Night eBay Breaks),Cams Cards,replay,message,1:17:30,@BlazeOrangeok,Bay seasoning crab chips ,False,False,False,,,2026-09-25T02:54:19.342Z,Sports Cards,baseball cards,chat conversation,A viewer mentions Old Bay seasoning crab chips during the sports card livestream break.,low,youtube_live:77jAv66lLio:967
968,77jAv66lLio,https://www.youtube.com/watch?v=77jAv66lLio,9/24 1/2 Signature Class // 1/2 Bowman Chrome (Thur Night eBay Breaks),Cams Cards,replay,message,1:17:35,@defoley5,With that mustache ,False,False,False,,,2026-09-25T02:54:24.399Z,Sports Cards,baseball cards,chat conversation,A viewer comments on a mustache during the sports card livestream.,low,youtube_live:77jAv66lLio:968
969,77jAv66lLio,https://www.youtube.com/watch?v=77jAv66lLio,9/24 1/2 Signature Class // 1/2 Bowman Chrome (Thur Night eBay Breaks),Cams Cards,replay,message,1:17:39,@SOSJADDY18,Krunchers jalapeño ,False,False,False,,,2026-09-25T02:54:28.678Z,Sports Cards,baseball cards,chat conversation,A viewer mentions Krunchers jalapeno chips in the stream chat.,low,youtube_live:77jAv66lLio:969
970,77jAv66lLio,https://www.youtube.com/watch?v=77jAv66lLio,9/24 1/2 Signature Class // 1/2 Bowman Chrome (Thur Night eBay Breaks),Cams Cards,replay,message,1:17:46,@TheSaltyAngler90,salt and vinegar ,False,False,False,,,2026-09-25T02:54:35.933Z,Sports Cards,baseball cards,chat conversation,A chat participant names salt and vinegar chips during the livestream break.,low,youtube_live:77jAv66lLio:970
971,77jAv66lLio,https://www.youtube.com/watch?v=77jAv66lLio,9/24 1/2 Signature Class // 1/2 Bowman Chrome (Thur Night eBay Breaks),Cams Cards,replay,message,1:17:51,@BlazeOrangeok,Cape Cod back bay crab,False,False,False,,,2026-09-25T02:54:40.010Z,Sports Cards,baseball cards,chat conversation,A commenter brings up Cape Cod back bay crab chips in the chat.,low,youtube_live:77jAv66lLio:971
972,77jAv66lLio,https://www.youtube.com/watch?v=77jAv66lLio,9/24 1/2 Signature Class // 1/2 Bowman Chrome (Thur Night eBay Breaks),Cams Cards,replay,message,1:18:14,@BlazeOrangeok,El Ray lemon seasoning tortillas locally ,False,False,False,,,2026-09-25T02:55:03.440Z,Sports Cards,baseball cards,chat conversation,A viewer mentions local El Ray lemon seasoning tortillas in the stream chat.,low,youtube_live:77jAv66lLio:972
973,77jAv66lLio,https://www.youtube.com/watch?v=77jAv66lLio,9/24 1/2 Signature Class // 1/2 Bowman Chrome (Thur Night eBay Breaks),Cams Cards,replay,message,1:18:42,@BlazeOrangeok,Sun chips cheddar ,False,False,False,,,2026-09-25T02:55:31.549Z,Sports Cards,baseball cards,chat conversation,A commenter mentions cheddar Sun Chips in the chat.,low,youtube_live:77jAv66lLio:973
974,77jAv66lLio,https://www.youtube.com/watch?v=77jAv66lLio,9/24 1/2 Signature Class // 1/2 Bowman Chrome (Thur Night eBay Breaks),Cams Cards,replay,message,1:19:13,@SOSJADDY18,Put the Salt & vinegar on the patty melt. ,False,False,False,,,2026-09-25T02:56:02.797Z,Sports Cards,baseball cards,chat conversation,A viewer suggests putting salt and vinegar chips on a patty melt.,low,youtube_live:77jAv66lLio:974
975,77jAv66lLio,https://www.youtube.com/watch?v=77jAv66lLio,9/24 1/2 Signature Class // 1/2 Bowman Chrome (Thur Night eBay Breaks),Cams Cards,replay,message,1:19:54,@TheSaltyAngler90,LETS GO,False,False,False,,,2026-09-25T02:56:43.799Z,Sports Cards,baseball cards,unclear reaction,A viewer cheers 'LETS GO' in the livestream chat.,low,youtube_live:77jAv66lLio:975
976,77jAv66lLio,https://www.youtube.com/watch?v=77jAv66lLio,9/24 1/2 Signature Class // 1/2 Bowman Chrome (Thur Night eBay Breaks),Cams Cards,replay,message,1:20:59,@BlazeOrangeok,Is Atlanta gonna run the wheels right off Bijan,False,False,False,,,2026-09-25T02:57:48.298Z,Sports Cards,football cards,NFL player discussion,A viewer asks whether Atlanta will overuse running back Bijan Robinson.,medium,youtube_live:77jAv66lLio:976
977,77jAv66lLio,https://www.youtube.com/watch?v=77jAv66lLio,9/24 1/2 Signature Class // 1/2 Bowman Chrome (Thur Night eBay Breaks),Cams Cards,replay,message,1:22:04,@BryanSoderstrom,nice,False,False,False,,,2026-09-25T02:58:53.344Z,Sports Cards,baseball cards,box break reaction,A viewer posts a brief positive reaction during a sports card livestream break.,low,youtube_live:77jAv66lLio:977
978,77jAv66lLio,https://www.youtube.com/watch?v=77jAv66lLio,9/24 1/2 Signature Class // 1/2 Bowman Chrome (Thur Night eBay Breaks),Cams Cards,replay,message,1:22:17,@BlazeOrangeok,I’m gonna crap my pants,False,False,False,,,2026-09-25T02:59:06.098Z,Sports Cards,baseball cards,box break reaction,A chatter expresses intense excitement during a sports card livestream.,low,youtube_live:77jAv66lLio:978
979,77jAv66lLio,https://www.youtube.com/watch?v=77jAv66lLio,9/24 1/2 Signature Class // 1/2 Bowman Chrome (Thur Night eBay Breaks),Cams Cards,replay,message,1:22:26,@ronskipper5170,lol,False,False,False,,,2026-09-25T02:59:15.435Z,Sports Cards,baseball cards,chat banter,A viewer posts a laughing reaction in the livestream chat.,low,youtube_live:77jAv66lLio:979
980,77jAv66lLio,https://www.youtube.com/watch?v=77jAv66lLio,9/24 1/2 Signature Class // 1/2 Bowman Chrome (Thur Night eBay Breaks),Cams Cards,replay,message,1:23:28,@BlazeOrangeok,Running all over us ,False,False,False,,,2026-09-25T03:00:17.295Z,Sports Cards,football,game commentary,A viewer comments about a team running all over them during game time.,low,youtube_live:77jAv66lLio:980
981,77jAv66lLio,https://www.youtube.com/watch?v=77jAv66lLio,9/24 1/2 Signature Class // 1/2 Bowman Chrome (Thur Night eBay Breaks),Cams Cards,replay,message,1:23:37,@BlazeOrangeok,And then Drake ,False,False,False,,,2026-09-25T03:00:26.031Z,Sports Cards,football,player mention,A user mentions Drake in the stream chat.,low,youtube_live:77jAv66lLio:981
982,77jAv66lLio,https://www.youtube.com/watch?v=77jAv66lLio,9/24 1/2 Signature Class // 1/2 Bowman Chrome (Thur Night eBay Breaks),Cams Cards,replay,message,1:23:46,@nightbot,Click the link to check out everything Cam's Cards! You wont regret it! (I had to automate this so everyone gets the chance to join the greatest card fam ever!) #camfam https://linktr.ee/camscards,False,True,False,,,2026-09-25T03:00:35.649Z,Sports Cards,baseball cards,channel promotion; links,An automated chat message promotes the channel's Linktree link and community.,high,youtube_live:77jAv66lLio:982
983,77jAv66lLio,https://www.youtube.com/watch?v=77jAv66lLio,9/24 1/2 Signature Class // 1/2 Bowman Chrome (Thur Night eBay Breaks),Cams Cards,replay,message,1:24:00,@nightbot,We have more amazing breaks and giveaways again tomorrow or even tonight!! Maybe theres a giveaway if you click the link! Check em out! https://www.ebay.com/sch/i.html?_ssn=...,False,True,False,,,2026-09-25T03:00:49.500Z,Sports Cards,baseball cards,breaks promotion; giveaways,"A promotional message advertises upcoming eBay breaks, giveaways, and provides an eBay link.",high,youtube_live:77jAv66lLio:983
984,77jAv66lLio,https://www.youtube.com/watch?v=77jAv66lLio,9/24 1/2 Signature Class // 1/2 Bowman Chrome (Thur Night eBay Breaks),Cams Cards,replay,message,1:24:10,@BlazeOrangeok,I can go,False,False,False,,,2026-09-25T03:00:59.035Z,Sports Cards,baseball cards,chat conversation,A viewer says 'I can go' in the livestream chat.,low,youtube_live:77jAv66lLio:984
985,77jAv66lLio,https://www.youtube.com/watch?v=77jAv66lLio,9/24 1/2 Signature Class // 1/2 Bowman Chrome (Thur Night eBay Breaks),Cams Cards,replay,message,1:24:21,@nightbot,Cams Cards does PSA Submission Service! Check it out! We would LOVE to grade your cards! https://docs.google.com/document/d/1q...,False,True,False,,,2026-09-25T03:01:10.272Z,Sports Cards,card grading,grading service; promotion,A promotional chat post advertises Cam's Cards' PSA submission service with a link.,high,youtube_live:77jAv66lLio:985
986,77jAv66lLio,https://www.youtube.com/watch?v=77jAv66lLio,9/24 1/2 Signature Class // 1/2 Bowman Chrome (Thur Night eBay Breaks),Cams Cards,replay,message,1:24:22,@BlazeOrangeok,I’ll run more than the packers had in the fist half ,False,False,False,,,2026-09-25T03:01:11.223Z,Sports Cards,football,game commentary,A chatter comments on running more yards than the Packers had in the first half.,medium,youtube_live:77jAv66lLio:986
987,77jAv66lLio,https://www.youtube.com/watch?v=77jAv66lLio,9/24 1/2 Signature Class // 1/2 Bowman Chrome (Thur Night eBay Breaks),Cams Cards,replay,message,1:24:27,@BlazeOrangeok,And I’m 43,False,False,False,,,2026-09-25T03:01:16.292Z,Sports Cards,Baseball Cards,Chatter,A viewer mentions their age during the livestream break.,low,youtube_live:77jAv66lLio:987
988,77jAv66lLio,https://www.youtube.com/watch?v=77jAv66lLio,9/24 1/2 Signature Class // 1/2 Bowman Chrome (Thur Night eBay Breaks),Cams Cards,replay,message,1:24:36,@defoley5,Used too,False,False,False,,,2026-09-25T03:01:25.794Z,Sports Cards,Baseball Cards,Chatter,"A viewer posts a brief response stating ""Used too"".",low,youtube_live:77jAv66lLio:988
989,77jAv66lLio,https://www.youtube.com/watch?v=77jAv66lLio,9/24 1/2 Signature Class // 1/2 Bowman Chrome (Thur Night eBay Breaks),Cams Cards,replay,message,1:24:40,@nightbot,"WE SELL TOP LOADERS!!! $3 for a standard pack of 25! $4 for a 130pt 10 count pack!Cheaper than Amazon, Walmart, Ultra pro!Please let me know if interested!",False,True,False,,,2026-09-25T03:01:29.283Z,Sports Cards,Card Supplies,Pricing; Promotion,A chat participant advertises top loaders for sale with pack pricing claims.,high,youtube_live:77jAv66lLio:989
990,77jAv66lLio,https://www.youtube.com/watch?v=77jAv66lLio,9/24 1/2 Signature Class // 1/2 Bowman Chrome (Thur Night eBay Breaks),Cams Cards,replay,message,1:24:58,@nightbot,Cams Cards is proud to have partnered with the greatest one touch in the hobby. Cam is able to offer Zion Mag One Touches CHEAPER than from Zions website.$4 for 35 PT$5 for 135 PTContact cam in the ch,False,True,False,,,2026-09-25T03:01:47.416Z,Sports Cards,Card Supplies,Sponsorship; Promotion,A message announces Cams Cards' partnership offering discounted Zion Mag one-touch cases.,high,youtube_live:77jAv66lLio:990
991,77jAv66lLio,https://www.youtube.com/watch?v=77jAv66lLio,9/24 1/2 Signature Class // 1/2 Bowman Chrome (Thur Night eBay Breaks),Cams Cards,replay,message,1:25:33,@BryanSoderstrom,the score in chicago is a great listen,False,False,False,,,2026-09-25T03:02:22.841Z,Sports Cards,Baseball Cards,Media Recommendation,A viewer recommends listening to The Score radio station in Chicago.,medium,youtube_live:77jAv66lLio:991
992,77jAv66lLio,https://www.youtube.com/watch?v=77jAv66lLio,9/24 1/2 Signature Class // 1/2 Bowman Chrome (Thur Night eBay Breaks),Cams Cards,replay,message,1:28:02,@camscards12,https://www.ebay.com/sch/i.html?_ssn=...,True,False,False,,,2026-09-25T03:04:51.581Z,Sports Cards,Baseball Cards,Listing Links,A user shares an eBay seller search link in the chat.,medium,youtube_live:77jAv66lLio:992
993,77jAv66lLio,https://www.youtube.com/watch?v=77jAv66lLio,9/24 1/2 Signature Class // 1/2 Bowman Chrome (Thur Night eBay Breaks),Cams Cards,replay,message,1:28:03,@camscards12,https://www.ebay.com/sch/i.html?_ssn=...,True,False,False,,,2026-09-25T03:04:52.248Z,Sports Cards,Baseball Cards,Listing Links,A user posts an eBay search link in the livestream chat.,medium,youtube_live:77jAv66lLio:993
994,77jAv66lLio,https://www.youtube.com/watch?v=77jAv66lLio,9/24 1/2 Signature Class // 1/2 Bowman Chrome (Thur Night eBay Breaks),Cams Cards,replay,message,1:28:08,@camscards12,https://www.ebay.com/sch/i.html?_ssn=...,True,False,False,,,2026-09-25T03:05:00.002Z,Sports Cards,Baseball Cards,Listing Links,A participant posts an eBay link into the chat.,medium,youtube_live:77jAv66lLio:994
995,77jAv66lLio,https://www.youtube.com/watch?v=77jAv66lLio,9/24 1/2 Signature Class // 1/2 Bowman Chrome (Thur Night eBay Breaks),Cams Cards,replay,message,1:28:08,@BlazeOrangeok,"Please, for the love of God no more falcons cards",False,False,False,,,2026-09-25T03:05:00.443Z,Sports Cards,Football Cards,Card Pulls,A viewer pleads to not see any more Atlanta Falcons cards pulled.,high,youtube_live:77jAv66lLio:995
996,77jAv66lLio,https://www.youtube.com/watch?v=77jAv66lLio,9/24 1/2 Signature Class // 1/2 Bowman Chrome (Thur Night eBay Breaks),Cams Cards,replay,message,1:28:09,@camscards12,https://www.ebay.com/sch/i.html?_ssn=...,True,False,False,,,2026-09-25T03:05:00.696Z,Sports Cards,Baseball Cards,Listing Links,A user shares an eBay search link in the stream chat.,medium,youtube_live:77jAv66lLio:996
997,77jAv66lLio,https://www.youtube.com/watch?v=77jAv66lLio,9/24 1/2 Signature Class // 1/2 Bowman Chrome (Thur Night eBay Breaks),Cams Cards,replay,message,1:28:09,@camscards12,https://www.ebay.com/sch/i.html?_ssn=...,True,False,False,,,2026-09-25T03:05:01.076Z,Sports Cards,Baseball Cards,eBay link; Listing link,A viewer shared an eBay search link during the live sports card break stream.,medium,youtube_live:77jAv66lLio:997
998,77jAv66lLio,https://www.youtube.com/watch?v=77jAv66lLio,9/24 1/2 Signature Class // 1/2 Bowman Chrome (Thur Night eBay Breaks),Cams Cards,replay,message,1:28:16,@BlazeOrangeok,I can’t handle this ,False,False,False,,,2026-09-25T03:05:08.232Z,Sports Cards,Baseball Cards,Stream reaction,A user stated they cannot handle this during the sports card livestream.,low,youtube_live:77jAv66lLio:998
999,77jAv66lLio,https://www.youtube.com/watch?v=77jAv66lLio,9/24 1/2 Signature Class // 1/2 Bowman Chrome (Thur Night eBay Breaks),Cams Cards,replay,message,1:28:38,@defoley5,"You now have former players doing podcasts, kinda taking over that local radio scene ",False,False,False,,,2026-09-25T03:05:30.588Z,Sports Cards,Baseball Cards,Podcasts; Sports talk,A chatter remarked on former players hosting podcasts and overtaking local radio.,medium,youtube_live:77jAv66lLio:999
1000,77jAv66lLio,https://www.youtube.com/watch?v=77jAv66lLio,9/24 1/2 Signature Class // 1/2 Bowman Chrome (Thur Night eBay Breaks),Cams Cards,replay,message,1:28:54,@dougboberg6029,First timer for the month?,False,False,False,,,2026-09-25T03:05:45.943Z,Sports Cards,Baseball Cards,Stream chat; User inquiry,A chatter asked if someone is a first-timer for the month during the livestream.,low,youtube_live:77jAv66lLio:1000
1001,77jAv66lLio,https://www.youtube.com/watch?v=77jAv66lLio,9/24 1/2 Signature Class // 1/2 Bowman Chrome (Thur Night eBay Breaks),Cams Cards,replay,message,1:29:02,@dougboberg6029,lol,False,False,False,,,2026-09-25T03:05:53.665Z,Sports Cards,Baseball Cards,Reaction,A chatter responded with 'lol' during the sports card break stream.,low,youtube_live:77jAv66lLio:1001
1002,77jAv66lLio,https://www.youtube.com/watch?v=77jAv66lLio,9/24 1/2 Signature Class // 1/2 Bowman Chrome (Thur Night eBay Breaks),Cams Cards,replay,message,1:29:22,@BlazeOrangeok,"Packers , Jags ",False,False,False,,,2026-09-25T03:06:13.687Z,Sports Cards,Football Cards,Team claims; Break spots,A participant listed the Packers and Jags in the livestream chat.,medium,youtube_live:77jAv66lLio:1002
1003,77jAv66lLio,https://www.youtube.com/watch?v=77jAv66lLio,9/24 1/2 Signature Class // 1/2 Bowman Chrome (Thur Night eBay Breaks),Cams Cards,replay,message,1:29:27,@dougboberg6029,eagles raiders,False,False,False,,,2026-09-25T03:06:19.186Z,Sports Cards,Football Cards,Team claims; Break spots,A viewer posted the Eagles and Raiders in the stream chat.,medium,youtube_live:77jAv66lLio:1003
1004,77jAv66lLio,https://www.youtube.com/watch?v=77jAv66lLio,9/24 1/2 Signature Class // 1/2 Bowman Chrome (Thur Night eBay Breaks),Cams Cards,replay,message,1:29:34,@BryanSoderstrom,"Jets, browns",False,False,False,,,2026-09-25T03:06:26.267Z,Sports Cards,Football Cards,Team claims; Break spots,A viewer listed the Jets and Browns in the sports card stream chat.,medium,youtube_live:77jAv66lLio:1004
1005,77jAv66lLio,https://www.youtube.com/watch?v=77jAv66lLio,9/24 1/2 Signature Class // 1/2 Bowman Chrome (Thur Night eBay Breaks),Cams Cards,replay,message,1:29:40,@defoley5,Rams Bucs ,False,False,False,,,2026-09-25T03:06:32.087Z,Sports Cards,Football Cards,Team claims; Break spots,A participant named the Rams and Bucs in the break livestream chat.,medium,youtube_live:77jAv66lLio:1005
1006,AW9J0zZl0yE,https://www.youtube.com/watch?v=AW9J0zZl0yE,2022 Bowman Draft Jumbo 2-Box Modified Reno Break,Grand Salami Sports Cards,replay,system,0:00,,Live chat replay is on. Messages that appeared when the stream was live will show up here.,False,False,False,,,2026-09-25T17:06:24.652Z,Unclear,,excluded system,Source system event; excluded from audience evidence.,low,youtube_live:AW9J0zZl0yE:1006
1007,AW9J0zZl0yE,https://www.youtube.com/watch?v=AW9J0zZl0yE,2022 Bowman Draft Jumbo 2-Box Modified Reno Break,Grand Salami Sports Cards,replay,message,1:02,@TheMarkArumShow,Yo!,False,True,False,,,2026-09-24T23:49:09.426Z,Sports Cards,baseball cards; box break,greeting,A viewer greets the stream with 'Yo!'.,high,youtube_live:AW9J0zZl0yE:1007
1008,AW9J0zZl0yE,https://www.youtube.com/watch?v=AW9J0zZl0yE,2022 Bowman Draft Jumbo 2-Box Modified Reno Break,Grand Salami Sports Cards,replay,message,8:14,@Hein2F,Yo ,False,True,False,,,2026-09-24T23:56:21.210Z,Sports Cards,baseball cards; box break,greeting,A user says 'Yo' in the livestream chat.,high,youtube_live:AW9J0zZl0yE:1008
1009,AW9J0zZl0yE,https://www.youtube.com/watch?v=AW9J0zZl0yE,2022 Bowman Draft Jumbo 2-Box Modified Reno Break,Grand Salami Sports Cards,replay,message,8:36,@jordanpeterson5264,Guards drafted my brother in 22 so this is cool,False,False,False,,,2026-09-24T23:56:43.155Z,Sports Cards,baseball cards,MLB draft,A viewer shares that the Cleveland Guardians drafted their brother in 2022.,high,youtube_live:AW9J0zZl0yE:1009
1010,AW9J0zZl0yE,https://www.youtube.com/watch?v=AW9J0zZl0yE,2022 Bowman Draft Jumbo 2-Box Modified Reno Break,Grand Salami Sports Cards,replay,message,11:36,@Hein2F,White Sox available ,False,True,False,,,2026-09-24T23:59:43.395Z,Sports Cards,baseball cards; box break,team trading,A participant notes that the White Sox are available.,high,youtube_live:AW9J0zZl0yE:1010
1011,AW9J0zZl0yE,https://www.youtube.com/watch?v=AW9J0zZl0yE,2022 Bowman Draft Jumbo 2-Box Modified Reno Break,Grand Salami Sports Cards,replay,message,15:37,@jordanpeterson5264,Cubs for sox,False,False,False,,,2026-09-25T00:03:44.760Z,Sports Cards,baseball cards; box break,team trading,A user proposes trading the Cubs for the Sox.,high,youtube_live:AW9J0zZl0yE:1011
1012,AW9J0zZl0yE,https://www.youtube.com/watch?v=AW9J0zZl0yE,2022 Bowman Draft Jumbo 2-Box Modified Reno Break,Grand Salami Sports Cards,replay,message,15:46,@Hein2F,Cubs for White Sox ,False,True,False,,,2026-09-25T00:03:53.224Z,Sports Cards,baseball cards; box break,team trading,A chatter reiterates an offer to trade the Cubs for the White Sox.,high,youtube_live:AW9J0zZl0yE:1012
1013,AW9J0zZl0yE,https://www.youtube.com/watch?v=AW9J0zZl0yE,2022 Bowman Draft Jumbo 2-Box Modified Reno Break,Grand Salami Sports Cards,replay,message,26:54,@Hein2F,What time we running ,False,True,False,,,2026-09-25T00:15:01.771Z,Sports Cards,baseball cards; box break,break schedule,A viewer asks what time the break will start running.,high,youtube_live:AW9J0zZl0yE:1013
1014,AW9J0zZl0yE,https://www.youtube.com/watch?v=AW9J0zZl0yE,2022 Bowman Draft Jumbo 2-Box Modified Reno Break,Grand Salami Sports Cards,replay,message,27:54,@Hein2F,One from each side top are fine ,False,True,False,,,2026-09-25T00:16:01.764Z,Sports Cards,baseball cards; box break,pack selection,A user suggests selecting one from each side of the top.,medium,youtube_live:AW9J0zZl0yE:1014
1015,AW9J0zZl0yE,https://www.youtube.com/watch?v=AW9J0zZl0yE,2022 Bowman Draft Jumbo 2-Box Modified Reno Break,Grand Salami Sports Cards,replay,message,29:36,@crhodes0815vids,Wow,False,True,False,,,2026-09-25T00:17:43.034Z,Sports Cards,baseball cards; box break,reaction,A viewer responds with 'Wow' during the stream.,low,youtube_live:AW9J0zZl0yE:1015
1016,AW9J0zZl0yE,https://www.youtube.com/watch?v=AW9J0zZl0yE,2022 Bowman Draft Jumbo 2-Box Modified Reno Break,Grand Salami Sports Cards,replay,message,32:11,@jordanpeterson5264,Sure,False,False,False,,,2026-09-25T00:20:18.653Z,Sports Cards,baseball cards; box break,agreement,A user simply responds with 'Sure'.,low,youtube_live:AW9J0zZl0yE:1016
1017,AW9J0zZl0yE,https://www.youtube.com/watch?v=AW9J0zZl0yE,2022 Bowman Draft Jumbo 2-Box Modified Reno Break,Grand Salami Sports Cards,replay,message,32:36,@Hein2F,Shocking ,False,True,False,,,2026-09-25T00:20:43.193Z,Sports Cards,baseball cards,unclear reaction,A viewer comments 'Shocking' during a sports card box break stream.,low,youtube_live:AW9J0zZl0yE:1017
1018,AW9J0zZl0yE,https://www.youtube.com/watch?v=AW9J0zZl0yE,2022 Bowman Draft Jumbo 2-Box Modified Reno Break,Grand Salami Sports Cards,replay,message,32:51,@Hein2F,Stix2F ,False,True,False,,,2026-09-25T00:20:58.457Z,Sports Cards,baseball cards,chat reaction,A viewer posts 'Stix2F' in the live chat.,low,youtube_live:AW9J0zZl0yE:1018
1019,AW9J0zZl0yE,https://www.youtube.com/watch?v=AW9J0zZl0yE,2022 Bowman Draft Jumbo 2-Box Modified Reno Break,Grand Salami Sports Cards,replay,message,33:07,@crhodes0815vids,Yep,False,True,False,,,2026-09-25T00:21:14.334Z,Sports Cards,baseball cards,chat reaction,A viewer replies with 'Yep' during the stream.,low,youtube_live:AW9J0zZl0yE:1019
1020,AW9J0zZl0yE,https://www.youtube.com/watch?v=AW9J0zZl0yE,2022 Bowman Draft Jumbo 2-Box Modified Reno Break,Grand Salami Sports Cards,replay,message,33:52,@jordanpeterson5264,I know but I’m a man of the people ,False,False,False,,,2026-09-25T00:21:59.098Z,Sports Cards,baseball cards,banter,A participant remarks that they are a 'man of the people.',low,youtube_live:AW9J0zZl0yE:1020
1021,AW9J0zZl0yE,https://www.youtube.com/watch?v=AW9J0zZl0yE,2022 Bowman Draft Jumbo 2-Box Modified Reno Break,Grand Salami Sports Cards,replay,message,34:05,@jordanpeterson5264,Kumar super coming up,False,False,False,,,2026-09-25T00:22:11.986Z,Sports Cards,baseball cards,card prediction; box break,A chatter anticipates a Kumar Superfractor card coming up in the break.,high,youtube_live:AW9J0zZl0yE:1021
1022,AW9J0zZl0yE,https://www.youtube.com/watch?v=AW9J0zZl0yE,2022 Bowman Draft Jumbo 2-Box Modified Reno Break,Grand Salami Sports Cards,replay,message,34:56,@crhodes0815vids,Yep,False,True,False,,,2026-09-25T00:23:03.873Z,Sports Cards,baseball cards,chat reaction,A viewer replies 'Yep' during the stream.,low,youtube_live:AW9J0zZl0yE:1022
1023,AW9J0zZl0yE,https://www.youtube.com/watch?v=AW9J0zZl0yE,2022 Bowman Draft Jumbo 2-Box Modified Reno Break,Grand Salami Sports Cards,replay,message,35:06,@crhodes0815vids,Ok,False,True,False,,,2026-09-25T00:23:13.919Z,Sports Cards,baseball cards,chat reaction,A viewer acknowledges chat with 'Ok.',low,youtube_live:AW9J0zZl0yE:1023
1024,AW9J0zZl0yE,https://www.youtube.com/watch?v=AW9J0zZl0yE,2022 Bowman Draft Jumbo 2-Box Modified Reno Break,Grand Salami Sports Cards,replay,message,35:22,@crhodes0815vids,My teams blow ,False,True,False,,,2026-09-25T00:23:29.454Z,Sports Cards,baseball cards,break results; team break,A break participant laments the performance of their assigned teams.,high,youtube_live:AW9J0zZl0yE:1024
1025,AW9J0zZl0yE,https://www.youtube.com/watch?v=AW9J0zZl0yE,2022 Bowman Draft Jumbo 2-Box Modified Reno Break,Grand Salami Sports Cards,replay,message,36:02,@Hein2F,At least you don’t have the Cubs ,False,True,False,,,2026-09-25T00:24:09.492Z,Sports Cards,baseball cards,team break; banter,A user consoles another by pointing out they do not have the Cubs.,medium,youtube_live:AW9J0zZl0yE:1025
1026,AW9J0zZl0yE,https://www.youtube.com/watch?v=AW9J0zZl0yE,2022 Bowman Draft Jumbo 2-Box Modified Reno Break,Grand Salami Sports Cards,replay,message,36:17,@crhodes0815vids,You traded for them!,False,True,False,,,2026-09-25T00:24:24.791Z,Sports Cards,baseball cards,team trade; team break,A viewer reminds someone that they traded for their teams.,medium,youtube_live:AW9J0zZl0yE:1026
1027,AW9J0zZl0yE,https://www.youtube.com/watch?v=AW9J0zZl0yE,2022 Bowman Draft Jumbo 2-Box Modified Reno Break,Grand Salami Sports Cards,replay,message,36:47,@Hein2F,Yeah cause I had White Sox and Colas and Schultz. I’m good on them ,False,True,False,,,2026-09-25T00:24:54.251Z,Sports Cards,baseball cards,break spots; player selection,"A viewer notes having the White Sox, Colas, and Schultz spots and being satisfied with them.",high,youtube_live:AW9J0zZl0yE:1027
1028,AW9J0zZl0yE,https://www.youtube.com/watch?v=AW9J0zZl0yE,2022 Bowman Draft Jumbo 2-Box Modified Reno Break,Grand Salami Sports Cards,replay,message,36:58,@crhodes0815vids,Oh wow ,False,True,False,,,2026-09-25T00:25:05.811Z,Sports Cards,baseball cards,unclear reaction,A viewer reacts with 'Oh wow' during the baseball card break stream.,low,youtube_live:AW9J0zZl0yE:1028
1029,AW9J0zZl0yE,https://www.youtube.com/watch?v=AW9J0zZl0yE,2022 Bowman Draft Jumbo 2-Box Modified Reno Break,Grand Salami Sports Cards,replay,message,37:07,@Hein2F,At least I have Cade Horton ,False,True,False,,,2026-09-25T00:25:15.009Z,Sports Cards,baseball cards,break spots; player selection,A viewer mentions having Cade Horton in the baseball card break.,high,youtube_live:AW9J0zZl0yE:1029
1030,AW9J0zZl0yE,https://www.youtube.com/watch?v=AW9J0zZl0yE,2022 Bowman Draft Jumbo 2-Box Modified Reno Break,Grand Salami Sports Cards,replay,message,37:16,@crhodes0815vids,Yep,False,True,False,,,2026-09-25T00:25:23.909Z,Sports Cards,baseball cards,unclear reaction,A viewer responds with 'Yep' during the stream.,low,youtube_live:AW9J0zZl0yE:1030
1031,AW9J0zZl0yE,https://www.youtube.com/watch?v=AW9J0zZl0yE,2022 Bowman Draft Jumbo 2-Box Modified Reno Break,Grand Salami Sports Cards,replay,message,37:26,@Hein2F,See ,False,True,False,,,2026-09-25T00:25:33.279Z,Sports Cards,baseball cards,unclear reaction,A viewer comments 'See' during the live card break.,low,youtube_live:AW9J0zZl0yE:1031
1032,AW9J0zZl0yE,https://www.youtube.com/watch?v=AW9J0zZl0yE,2022 Bowman Draft Jumbo 2-Box Modified Reno Break,Grand Salami Sports Cards,replay,message,38:04,@crhodes0815vids,I know ,False,True,False,,,2026-09-25T00:26:11.589Z,Sports Cards,baseball cards,unclear reaction,A viewer writes 'I know' in the livestream chat.,low,youtube_live:AW9J0zZl0yE:1032
1033,AW9J0zZl0yE,https://www.youtube.com/watch?v=AW9J0zZl0yE,2022 Bowman Draft Jumbo 2-Box Modified Reno Break,Grand Salami Sports Cards,replay,message,38:17,@crhodes0815vids,You are the best at these ,False,True,False,,,2026-09-25T00:26:24.799Z,Sports Cards,baseball cards,host praise; box breaks,A chatter compliments the host as being the best at running these breaks.,high,youtube_live:AW9J0zZl0yE:1033
1034,AW9J0zZl0yE,https://www.youtube.com/watch?v=AW9J0zZl0yE,2022 Bowman Draft Jumbo 2-Box Modified Reno Break,Grand Salami Sports Cards,replay,message,38:59,@crhodes0815vids,God this reminds me of how bad 2022 sucked ,False,True,False,,,2026-09-25T00:27:06.195Z,Sports Cards,baseball cards,product sentiment; set checklist,A viewer comments that the stream reminds them of how bad the 2022 release year was.,high,youtube_live:AW9J0zZl0yE:1034
1035,AW9J0zZl0yE,https://www.youtube.com/watch?v=AW9J0zZl0yE,2022 Bowman Draft Jumbo 2-Box Modified Reno Break,Grand Salami Sports Cards,replay,message,39:07,@crhodes0815vids,Hahahah,False,True,False,,,2026-09-25T00:27:14.630Z,Sports Cards,baseball cards,unclear reaction,A viewer posts laughter in the chat.,low,youtube_live:AW9J0zZl0yE:1035
1036,AW9J0zZl0yE,https://www.youtube.com/watch?v=AW9J0zZl0yE,2022 Bowman Draft Jumbo 2-Box Modified Reno Break,Grand Salami Sports Cards,replay,message,39:56,@crhodes0815vids,Mood ring ,False,True,False,,,2026-09-25T00:28:03.182Z,Sports Cards,baseball cards,card inserts,A viewer comments 'Mood ring' during the baseball card break.,medium,youtube_live:AW9J0zZl0yE:1036
1037,AW9J0zZl0yE,https://www.youtube.com/watch?v=AW9J0zZl0yE,2022 Bowman Draft Jumbo 2-Box Modified Reno Break,Grand Salami Sports Cards,replay,message,40:55,@crhodes0815vids,Michael penix sucks if anyone cares,False,True,False,,,2026-09-25T00:29:02.777Z,Sports Cards,baseball cards,player performance; football player,A viewer shares an opinion critical of football player Michael Penix during a sports card stream.,medium,youtube_live:AW9J0zZl0yE:1037
1038,AW9J0zZl0yE,https://www.youtube.com/watch?v=AW9J0zZl0yE,2022 Bowman Draft Jumbo 2-Box Modified Reno Break,Grand Salami Sports Cards,replay,message,41:38,@crhodes0815vids,Does the Phillies or athletics have any players ,False,True,False,,,2026-09-25T00:29:45.697Z,Sports Cards,baseball cards,checklist inquiry; box break,A user asks whether the Phillies or Athletics have players in the break product.,high,youtube_live:AW9J0zZl0yE:1038
1039,AW9J0zZl0yE,https://www.youtube.com/watch?v=AW9J0zZl0yE,2022 Bowman Draft Jumbo 2-Box Modified Reno Break,Grand Salami Sports Cards,replay,message,41:52,@crhodes0815vids,Pick opening drive ,False,True,False,,,2026-09-25T00:29:59.680Z,Sports Cards,sports commentary,football commentary,A user mentions an interception on an opening drive during a sports card livestream.,low,youtube_live:AW9J0zZl0yE:1039
1040,AW9J0zZl0yE,https://www.youtube.com/watch?v=AW9J0zZl0yE,2022 Bowman Draft Jumbo 2-Box Modified Reno Break,Grand Salami Sports Cards,replay,message,42:09,@pfluboyblue,"the TV has Amazon and my account, FYI",False,True,False,,,2026-09-25T00:30:16.906Z,Electronics,smart tv,account access,A chatter notes that the TV has Amazon and their account logged in.,low,youtube_live:AW9J0zZl0yE:1040
1041,AW9J0zZl0yE,https://www.youtube.com/watch?v=AW9J0zZl0yE,2022 Bowman Draft Jumbo 2-Box Modified Reno Break,Grand Salami Sports Cards,replay,message,42:43,@crhodes0815vids,Elijah Greene what a chase at the time ,False,True,False,,,2026-09-25T00:30:50.836Z,Sports Cards,baseball cards,player chase; Bowman Draft,A commenter recalls Elijah Green being a major chase card at release.,high,youtube_live:AW9J0zZl0yE:1041
1042,AW9J0zZl0yE,https://www.youtube.com/watch?v=AW9J0zZl0yE,2022 Bowman Draft Jumbo 2-Box Modified Reno Break,Grand Salami Sports Cards,replay,message,45:14,@crhodes0815vids,I think ,False,True,False,,,2026-09-25T00:33:21.775Z,Sports Cards,baseball cards,unclear reaction,A user sends a brief three-word thought during a card break livestream.,low,youtube_live:AW9J0zZl0yE:1042
1043,AW9J0zZl0yE,https://www.youtube.com/watch?v=AW9J0zZl0yE,2022 Bowman Draft Jumbo 2-Box Modified Reno Break,Grand Salami Sports Cards,replay,message,49:06,@crhodes0815vids,For sure ,False,True,False,,,2026-09-25T00:37:13.640Z,Sports Cards,baseball cards,agreement,A chatter expresses agreement in the livestream chat.,low,youtube_live:AW9J0zZl0yE:1043
1044,AW9J0zZl0yE,https://www.youtube.com/watch?v=AW9J0zZl0yE,2022 Bowman Draft Jumbo 2-Box Modified Reno Break,Grand Salami Sports Cards,replay,message,49:15,@crhodes0815vids,Mood rings are worthless ,False,True,False,,,2026-09-25T00:37:22.260Z,Sports Cards,baseball cards,insert cards; card value,A viewer states that Bowman Mood Ring cards are worthless.,medium,youtube_live:AW9J0zZl0yE:1044
1045,AW9J0zZl0yE,https://www.youtube.com/watch?v=AW9J0zZl0yE,2022 Bowman Draft Jumbo 2-Box Modified Reno Break,Grand Salami Sports Cards,replay,message,50:32,@MrYankeesFanatic,Invicta one per box,False,True,False,,,2026-09-25T00:38:39.286Z,Sports Cards,baseball cards,insert ratios; Bowman Draft,A chatter notes that Invicta cards appear one per box.,high,youtube_live:AW9J0zZl0yE:1045
1046,AW9J0zZl0yE,https://www.youtube.com/watch?v=AW9J0zZl0yE,2022 Bowman Draft Jumbo 2-Box Modified Reno Break,Grand Salami Sports Cards,replay,message,52:49,@Pack2F,The vanilla missile ,False,True,False,,,2026-09-25T00:40:56.969Z,Sports Cards,baseball cards,player nickname,A user posts the nickname 'The vanilla missile' in chat.,medium,youtube_live:AW9J0zZl0yE:1046
1047,AW9J0zZl0yE,https://www.youtube.com/watch?v=AW9J0zZl0yE,2022 Bowman Draft Jumbo 2-Box Modified Reno Break,Grand Salami Sports Cards,replay,message,53:03,@crhodes0815vids,Here we go ,False,True,False,,,2026-09-25T00:41:10.050Z,Sports Cards,baseball cards,box break,A viewer posts an anticipatory remark at the start of a Bowman Draft break stream.,medium,youtube_live:AW9J0zZl0yE:1047
1048,AW9J0zZl0yE,https://www.youtube.com/watch?v=AW9J0zZl0yE,2022 Bowman Draft Jumbo 2-Box Modified Reno Break,Grand Salami Sports Cards,replay,message,53:17,@Pack2F,Evening Chaz,False,True,False,,,2026-09-25T00:41:24.089Z,Sports Cards,baseball cards,chat greeting,A viewer greets another user named Chaz in the livestream chat.,high,youtube_live:AW9J0zZl0yE:1048
1049,AW9J0zZl0yE,https://www.youtube.com/watch?v=AW9J0zZl0yE,2022 Bowman Draft Jumbo 2-Box Modified Reno Break,Grand Salami Sports Cards,replay,message,53:36,@crhodes0815vids,Evening sir ,False,True,False,,,2026-09-25T00:41:43.914Z,Sports Cards,baseball cards,chat greeting,A viewer posts an evening greeting in the sports card stream chat.,medium,youtube_live:AW9J0zZl0yE:1049
1050,AW9J0zZl0yE,https://www.youtube.com/watch?v=AW9J0zZl0yE,2022 Bowman Draft Jumbo 2-Box Modified Reno Break,Grand Salami Sports Cards,replay,message,53:51,@Hein2F,I need Cade Horton in my life ,False,True,False,,,2026-09-25T00:41:58.202Z,Sports Cards,baseball cards,player chase,A viewer states a strong desire to pull or acquire Cade Horton cards.,high,youtube_live:AW9J0zZl0yE:1050
1051,AW9J0zZl0yE,https://www.youtube.com/watch?v=AW9J0zZl0yE,2022 Bowman Draft Jumbo 2-Box Modified Reno Break,Grand Salami Sports Cards,replay,message,54:04,@Pack2F,Let's be shocked by a Miz auto. Or a Cade auto for Dear Hein2F,False,True,False,,,2026-09-25T00:42:11.927Z,Sports Cards,baseball cards,autograph chase,A participant expresses hope for a Miz or Cade Horton autograph card.,high,youtube_live:AW9J0zZl0yE:1051
1052,AW9J0zZl0yE,https://www.youtube.com/watch?v=AW9J0zZl0yE,2022 Bowman Draft Jumbo 2-Box Modified Reno Break,Grand Salami Sports Cards,replay,message,55:46,@grandsalamisportscards,Any nice cards yet ,True,False,False,,,2026-09-25T00:43:53.303Z,Sports Cards,baseball cards,break inquiry,A viewer asks whether any nice cards have been pulled yet during the break.,high,youtube_live:AW9J0zZl0yE:1052
1053,AW9J0zZl0yE,https://www.youtube.com/watch?v=AW9J0zZl0yE,2022 Bowman Draft Jumbo 2-Box Modified Reno Break,Grand Salami Sports Cards,replay,message,56:03,@crhodes0815vids, No,False,True,False,,,2026-09-25T00:44:10.885Z,Sports Cards,baseball cards,break status,A viewer replies with 'No' in the box break stream chat.,medium,youtube_live:AW9J0zZl0yE:1053
1054,AW9J0zZl0yE,https://www.youtube.com/watch?v=AW9J0zZl0yE,2022 Bowman Draft Jumbo 2-Box Modified Reno Break,Grand Salami Sports Cards,replay,message,56:46,@grandsalamisportscards,Hi Stix!,True,False,False,,,2026-09-25T00:44:53.040Z,Sports Cards,baseball cards,chat greeting,A viewer greets another chatter named Stix in the stream.,high,youtube_live:AW9J0zZl0yE:1054
1055,AW9J0zZl0yE,https://www.youtube.com/watch?v=AW9J0zZl0yE,2022 Bowman Draft Jumbo 2-Box Modified Reno Break,Grand Salami Sports Cards,replay,message,56:59,@crhodes0815vids,What’s up pal!,False,True,False,,,2026-09-25T00:45:06.151Z,Sports Cards,baseball cards,chat greeting,A user says 'What's up pal!' in the live chat.,medium,youtube_live:AW9J0zZl0yE:1055
1056,AW9J0zZl0yE,https://www.youtube.com/watch?v=AW9J0zZl0yE,2022 Bowman Draft Jumbo 2-Box Modified Reno Break,Grand Salami Sports Cards,replay,message,57:03,@Pack2F,*Chaz,False,True,False,,,2026-09-25T00:45:10.424Z,Sports Cards,baseball cards,chat correction,A commenter corrects a previous message to 'Chaz'.,medium,youtube_live:AW9J0zZl0yE:1056
1057,AW9J0zZl0yE,https://www.youtube.com/watch?v=AW9J0zZl0yE,2022 Bowman Draft Jumbo 2-Box Modified Reno Break,Grand Salami Sports Cards,replay,message,57:19,@crhodes0815vids,Enough ,False,True,False,,,2026-09-25T00:45:26.444Z,Sports Cards,baseball cards,unclear reaction,A viewer comments 'Enough' during a 2022 Bowman Draft sports card box break livestream.,low,youtube_live:AW9J0zZl0yE:1057
1058,AW9J0zZl0yE,https://www.youtube.com/watch?v=AW9J0zZl0yE,2022 Bowman Draft Jumbo 2-Box Modified Reno Break,Grand Salami Sports Cards,replay,message,57:34,@Pack2F,Not understanding ,False,True,False,,,2026-09-25T00:45:41.993Z,Sports Cards,baseball cards,unclear reaction,A participant expresses confusion by saying 'Not understanding' during a sports card livestream break.,low,youtube_live:AW9J0zZl0yE:1058
1059,AW9J0zZl0yE,https://www.youtube.com/watch?v=AW9J0zZl0yE,2022 Bowman Draft Jumbo 2-Box Modified Reno Break,Grand Salami Sports Cards,replay,message,57:44,@crhodes0815vids,As usual ,False,True,False,,,2026-09-25T00:45:51.143Z,Sports Cards,baseball cards,unclear reaction,A user writes 'As usual' in the chat of a Bowman Draft baseball card break stream.,low,youtube_live:AW9J0zZl0yE:1059
1060,AW9J0zZl0yE,https://www.youtube.com/watch?v=AW9J0zZl0yE,2022 Bowman Draft Jumbo 2-Box Modified Reno Break,Grand Salami Sports Cards,replay,message,1:06:55,@grandsalamisportscards,Why is P2 here ,True,False,False,,,2026-09-25T00:55:02.240Z,Sports Cards,baseball cards,chat discussion,A viewer asks why P2 is present during the baseball card break livestream.,low,youtube_live:AW9J0zZl0yE:1060
1061,AW9J0zZl0yE,https://www.youtube.com/watch?v=AW9J0zZl0yE,2022 Bowman Draft Jumbo 2-Box Modified Reno Break,Grand Salami Sports Cards,replay,message,1:07:27,@Pack2F,What's issue,False,True,False,,,2026-09-25T00:55:34.336Z,Sports Cards,baseball cards,chat discussion,A user inquires about an unspecified issue during a sports card box break stream.,low,youtube_live:AW9J0zZl0yE:1061
1062,AW9J0zZl0yE,https://www.youtube.com/watch?v=AW9J0zZl0yE,2022 Bowman Draft Jumbo 2-Box Modified Reno Break,Grand Salami Sports Cards,replay,message,1:07:36,@crhodes0815vids,Here we go ,False,True,False,,,2026-09-25T00:55:43.551Z,Sports Cards,baseball cards,livestream anticipation,A viewer writes 'Here we go' during a 2022 Bowman Draft jumbo box break.,low,youtube_live:AW9J0zZl0yE:1062
1063,AW9J0zZl0yE,https://www.youtube.com/watch?v=AW9J0zZl0yE,2022 Bowman Draft Jumbo 2-Box Modified Reno Break,Grand Salami Sports Cards,replay,message,1:07:56,@grandsalamisportscards,Stix bad luck charm ,True,False,False,,,2026-09-25T00:56:03.217Z,Sports Cards,baseball cards,chat discussion,A user calls Stix a bad luck charm in a baseball card box break livestream chat.,low,youtube_live:AW9J0zZl0yE:1063
1064,AW9J0zZl0yE,https://www.youtube.com/watch?v=AW9J0zZl0yE,2022 Bowman Draft Jumbo 2-Box Modified Reno Break,Grand Salami Sports Cards,replay,message,1:08:08,@crhodes0815vids,Yep as always ,False,True,False,,,2026-09-25T00:56:15.444Z,Sports Cards,baseball cards,unclear reaction,A chatter remarks 'Yep as always' during a sports cards livestream break.,low,youtube_live:AW9J0zZl0yE:1064
1065,AW9J0zZl0yE,https://www.youtube.com/watch?v=AW9J0zZl0yE,2022 Bowman Draft Jumbo 2-Box Modified Reno Break,Grand Salami Sports Cards,replay,message,1:08:11,@Pack2F,Narrative woe,False,True,False,,,2026-09-25T00:56:18.759Z,Sports Cards,baseball cards,unclear reaction,A viewer posts 'Narrative woe' during a 2022 Bowman Draft sports card box break.,low,youtube_live:AW9J0zZl0yE:1065
1066,AW9J0zZl0yE,https://www.youtube.com/watch?v=AW9J0zZl0yE,2022 Bowman Draft Jumbo 2-Box Modified Reno Break,Grand Salami Sports Cards,replay,message,1:10:05,@crhodes0815vids,Not understanding ,False,True,False,,,2026-09-25T00:58:12.448Z,Sports Cards,baseball cards,unclear reaction,A chatter writes 'Not understanding' during a Bowman Draft sports cards stream.,low,youtube_live:AW9J0zZl0yE:1066
1067,AW9J0zZl0yE,https://www.youtube.com/watch?v=AW9J0zZl0yE,2022 Bowman Draft Jumbo 2-Box Modified Reno Break,Grand Salami Sports Cards,replay,message,1:14:09,@crhodes0815vids,Sweet,False,True,False,,,2026-09-25T01:02:17.028Z,Sports Cards,baseball cards,box break,A viewer reacts with 'Sweet' during a 2022 Bowman Draft Jumbo box break stream.,low,youtube_live:AW9J0zZl0yE:1067
1068,AW9J0zZl0yE,https://www.youtube.com/watch?v=AW9J0zZl0yE,2022 Bowman Draft Jumbo 2-Box Modified Reno Break,Grand Salami Sports Cards,replay,message,1:14:14,@Pack2F,Blue wave I think,False,True,False,,,2026-09-25T01:02:21.084Z,Sports Cards,baseball cards,card identification; parallel card,A user suggests that a revealed card is a 'Blue wave' parallel during the break.,medium,youtube_live:AW9J0zZl0yE:1068
1069,AW9J0zZl0yE,https://www.youtube.com/watch?v=AW9J0zZl0yE,2022 Bowman Draft Jumbo 2-Box Modified Reno Break,Grand Salami Sports Cards,replay,message,1:14:55,@crhodes0815vids,The rich get richer ,False,True,False,,,2026-09-25T01:03:02.801Z,Sports Cards,baseball cards,box break,A commenter states 'The rich get richer' during a sports card box break.,low,youtube_live:AW9J0zZl0yE:1069
1070,AW9J0zZl0yE,https://www.youtube.com/watch?v=AW9J0zZl0yE,2022 Bowman Draft Jumbo 2-Box Modified Reno Break,Grand Salami Sports Cards,replay,message,1:15:22,@Pack2F,Now we attack rest of case. LG,False,True,False,,,2026-09-25T01:03:29.862Z,Sports Cards,baseball cards,case break,A viewer expresses enthusiasm to open the rest of the sports card case.,medium,youtube_live:AW9J0zZl0yE:1070
1071,AW9J0zZl0yE,https://www.youtube.com/watch?v=AW9J0zZl0yE,2022 Bowman Draft Jumbo 2-Box Modified Reno Break,Grand Salami Sports Cards,replay,message,1:15:51,@HendyRC,What’s going on fellas?,False,True,False,,,2026-09-25T01:03:58.849Z,Sports Cards,baseball cards,viewer greeting,A viewer enters the sports card livestream chat and asks what is going on.,low,youtube_live:AW9J0zZl0yE:1071
1072,RHonjdvsRRY,https://www.youtube.com/watch?v=RHonjdvsRRY,Bidding on Pokémon Card Auctions LIVE — Slab Hunting on Whatnot | Jul 17,Cloud Shape Interpreting,replay,system,0:00,,Live chat replay is on. Messages that appeared when the stream was live will show up here.,False,False,False,,,2026-09-25T17:06:24.935Z,Unclear,,excluded system,Source system event; excluded from audience evidence.,low,youtube_live:RHonjdvsRRY:1072
1073,RHonjdvsRRY,https://www.youtube.com/watch?v=RHonjdvsRRY,Bidding on Pokémon Card Auctions LIVE — Slab Hunting on Whatnot | Jul 17,Cloud Shape Interpreting,replay,message,0:26,@NathanDiaz-q5x,I always come back,False,False,False,,,2026-07-17T20:22:27.074Z,TCG/Pokemon,Pokemon Cards,viewer comment,A viewer states that they always come back.,low,youtube_live:RHonjdvsRRY:1073
1074,RHonjdvsRRY,https://www.youtube.com/watch?v=RHonjdvsRRY,Bidding on Pokémon Card Auctions LIVE — Slab Hunting on Whatnot | Jul 17,Cloud Shape Interpreting,replay,message,1:04,@NathanDiaz-q5x,nothing,False,False,False,,,2026-07-17T20:23:05.344Z,TCG/Pokemon,Pokemon Cards,viewer comment,A chat user posts 'nothing'.,low,youtube_live:RHonjdvsRRY:1074
1075,RHonjdvsRRY,https://www.youtube.com/watch?v=RHonjdvsRRY,Bidding on Pokémon Card Auctions LIVE — Slab Hunting on Whatnot | Jul 17,Cloud Shape Interpreting,replay,message,2:02,@carsonsplace3816,Hi,False,False,False,,,2026-07-17T20:24:03.142Z,TCG/Pokemon,Pokemon Cards,greeting,A viewer greets the stream with 'Hi'.,low,youtube_live:RHonjdvsRRY:1075
1076,RHonjdvsRRY,https://www.youtube.com/watch?v=RHonjdvsRRY,Bidding on Pokémon Card Auctions LIVE — Slab Hunting on Whatnot | Jul 17,Cloud Shape Interpreting,replay,message,4:10,@chengwang5616,said hi,False,False,False,,,2026-07-17T20:26:10.971Z,TCG/Pokemon,Pokemon Cards,viewer comment,A viewer remarks that someone said hi.,low,youtube_live:RHonjdvsRRY:1076
1077,RHonjdvsRRY,https://www.youtube.com/watch?v=RHonjdvsRRY,Bidding on Pokémon Card Auctions LIVE — Slab Hunting on Whatnot | Jul 17,Cloud Shape Interpreting,replay,message,4:28,@josephpanico6649,50,False,False,False,,,2026-07-17T20:26:28.608Z,TCG/Pokemon,Pokemon Cards,auction bid,A viewer enters the number 50 during the stream.,low,youtube_live:RHonjdvsRRY:1077
1078,RHonjdvsRRY,https://www.youtube.com/watch?v=RHonjdvsRRY,Bidding on Pokémon Card Auctions LIVE — Slab Hunting on Whatnot | Jul 17,Cloud Shape Interpreting,replay,message,4:44,@josephpanico6649,25,False,False,False,,,2026-07-17T20:26:45.096Z,TCG/Pokemon,Pokemon Cards,auction bid,A viewer enters the number 25 in chat.,low,youtube_live:RHonjdvsRRY:1078
1079,RHonjdvsRRY,https://www.youtube.com/watch?v=RHonjdvsRRY,Bidding on Pokémon Card Auctions LIVE — Slab Hunting on Whatnot | Jul 17,Cloud Shape Interpreting,replay,message,5:13,@josephpanico6649,40,False,False,False,,,2026-07-17T20:27:13.672Z,TCG/Pokemon,Pokemon Cards,auction bid,A viewer posts the number 40 in chat.,low,youtube_live:RHonjdvsRRY:1079
1080,RHonjdvsRRY,https://www.youtube.com/watch?v=RHonjdvsRRY,Bidding on Pokémon Card Auctions LIVE — Slab Hunting on Whatnot | Jul 17,Cloud Shape Interpreting,replay,message,5:35,@josephpanico6649,I know 40,False,False,False,,,2026-07-17T20:27:36.288Z,TCG/Pokemon,Pokemon Cards,auction chat,A viewer states 'I know 40' in the chat.,low,youtube_live:RHonjdvsRRY:1080
1081,RHonjdvsRRY,https://www.youtube.com/watch?v=RHonjdvsRRY,Bidding on Pokémon Card Auctions LIVE — Slab Hunting on Whatnot | Jul 17,Cloud Shape Interpreting,replay,message,5:54,@NathanDiaz-q5x,God damn,False,False,False,,,2026-07-17T20:27:55.450Z,TCG/Pokemon,Pokemon Cards,reaction,A viewer expresses surprise or exclamation with 'God damn'.,low,youtube_live:RHonjdvsRRY:1081
1082,RHonjdvsRRY,https://www.youtube.com/watch?v=RHonjdvsRRY,Bidding on Pokémon Card Auctions LIVE — Slab Hunting on Whatnot | Jul 17,Cloud Shape Interpreting,replay,message,5:57,@josephpanico6649,20,False,False,False,,,2026-07-17T20:27:58.304Z,TCG/Pokemon,Pokemon Cards,auction bid,A viewer posts the number 20 in the livestream chat.,low,youtube_live:RHonjdvsRRY:1082
1083,RHonjdvsRRY,https://www.youtube.com/watch?v=RHonjdvsRRY,Bidding on Pokémon Card Auctions LIVE — Slab Hunting on Whatnot | Jul 17,Cloud Shape Interpreting,replay,message,6:13,@josephpanico6649,is it real money,False,False,False,,,2026-07-17T20:28:16.001Z,TCG/Pokemon,Pokemon Cards,auctions; currency,A viewer asks whether real money is being used.,medium,youtube_live:RHonjdvsRRY:1083
1084,RHonjdvsRRY,https://www.youtube.com/watch?v=RHonjdvsRRY,Bidding on Pokémon Card Auctions LIVE — Slab Hunting on Whatnot | Jul 17,Cloud Shape Interpreting,replay,message,6:41,@josephpanico6649,that we are biding,False,False,False,,,2026-07-17T20:28:41.952Z,TCG/Pokemon,Pokemon Cards,auctions; bidding,A viewer continues a thought about bidding.,medium,youtube_live:RHonjdvsRRY:1084
1085,RHonjdvsRRY,https://www.youtube.com/watch?v=RHonjdvsRRY,Bidding on Pokémon Card Auctions LIVE — Slab Hunting on Whatnot | Jul 17,Cloud Shape Interpreting,replay,message,6:58,@Piggy_Tosia,said hi,False,False,False,,,2026-07-17T20:28:59.258Z,TCG/Pokemon,Pokemon Cards,chat greeting,A chatter says 'said hi' in the stream.,low,youtube_live:RHonjdvsRRY:1085
1086,RHonjdvsRRY,https://www.youtube.com/watch?v=RHonjdvsRRY,Bidding on Pokémon Card Auctions LIVE — Slab Hunting on Whatnot | Jul 17,Cloud Shape Interpreting,replay,message,7:12,@NathanDiaz-q5x,yo cloud I'm about to go to my grandma's house see you later,False,False,False,,,2026-07-17T20:29:12.982Z,TCG/Pokemon,Pokemon Cards,viewer departure,A viewer says goodbye to Cloud before heading to their grandmother's house.,high,youtube_live:RHonjdvsRRY:1086
1087,RHonjdvsRRY,https://www.youtube.com/watch?v=RHonjdvsRRY,Bidding on Pokémon Card Auctions LIVE — Slab Hunting on Whatnot | Jul 17,Cloud Shape Interpreting,replay,message,7:15,@josephpanico6649,oh :hushed_face: 100,False,False,False,,,2026-07-17T20:29:15.991Z,TCG/Pokemon,Pokemon Cards,auction price; reaction,A viewer reacts with surprise to the number 100.,medium,youtube_live:RHonjdvsRRY:1087
1088,RHonjdvsRRY,https://www.youtube.com/watch?v=RHonjdvsRRY,Bidding on Pokémon Card Auctions LIVE — Slab Hunting on Whatnot | Jul 17,Cloud Shape Interpreting,replay,message,7:32,@josephpanico6649,no it is,False,False,False,,,2026-07-17T20:29:33.104Z,TCG/Pokemon,Pokemon Cards,chat conversation,A user responds with 'no it is' in chat.,low,youtube_live:RHonjdvsRRY:1088
1089,RHonjdvsRRY,https://www.youtube.com/watch?v=RHonjdvsRRY,Bidding on Pokémon Card Auctions LIVE — Slab Hunting on Whatnot | Jul 17,Cloud Shape Interpreting,replay,message,7:38,@josephpanico6649,100,False,False,False,,,2026-07-17T20:29:38.504Z,TCG/Pokemon,Pokemon Cards,price mention,A chatter posts the number 100.,medium,youtube_live:RHonjdvsRRY:1089
1090,RHonjdvsRRY,https://www.youtube.com/watch?v=RHonjdvsRRY,Bidding on Pokémon Card Auctions LIVE — Slab Hunting on Whatnot | Jul 17,Cloud Shape Interpreting,replay,message,7:44,@josephpanico6649,120,False,False,False,,,2026-07-17T20:29:44.555Z,TCG/Pokemon,Pokemon Cards,price mention,A chatter posts the number 120.,medium,youtube_live:RHonjdvsRRY:1090
1091,RHonjdvsRRY,https://www.youtube.com/watch?v=RHonjdvsRRY,Bidding on Pokémon Card Auctions LIVE — Slab Hunting on Whatnot | Jul 17,Cloud Shape Interpreting,replay,message,7:49,@josephpanico6649,ish,False,False,False,,,2026-07-17T20:29:49.475Z,TCG/Pokemon,Pokemon Cards,unclear reaction,A chatter writes 'ish' in response to stream context.,low,youtube_live:RHonjdvsRRY:1091
1092,RHonjdvsRRY,https://www.youtube.com/watch?v=RHonjdvsRRY,Bidding on Pokémon Card Auctions LIVE — Slab Hunting on Whatnot | Jul 17,Cloud Shape Interpreting,replay,message,8:03,@josephpanico6649,89,False,False,False,,,2026-07-17T20:30:03.673Z,TCG/Pokemon,Pokemon Cards,price mention,A chatter posts the number 89.,medium,youtube_live:RHonjdvsRRY:1092
1093,RHonjdvsRRY,https://www.youtube.com/watch?v=RHonjdvsRRY,Bidding on Pokémon Card Auctions LIVE — Slab Hunting on Whatnot | Jul 17,Cloud Shape Interpreting,replay,message,10:30,@nok540,hi,False,False,False,,,2026-07-17T20:32:31.329Z,TCG/Pokemon,Pokemon Cards,stream chat; greeting,A viewer greets the stream with 'hi'.,high,youtube_live:RHonjdvsRRY:1093
1094,RHonjdvsRRY,https://www.youtube.com/watch?v=RHonjdvsRRY,Bidding on Pokémon Card Auctions LIVE — Slab Hunting on Whatnot | Jul 17,Cloud Shape Interpreting,replay,message,11:19,@DanielGarcia-sr3hu,is your jumper hoodie 100% Cotton inside,False,False,False,,,2026-07-17T20:33:20.210Z,Other / emerging,Apparel,clothing material,A viewer asks if the streamer's jumper hoodie is 100% cotton inside.,high,youtube_live:RHonjdvsRRY:1094
1095,RHonjdvsRRY,https://www.youtube.com/watch?v=RHonjdvsRRY,Bidding on Pokémon Card Auctions LIVE — Slab Hunting on Whatnot | Jul 17,Cloud Shape Interpreting,replay,message,11:40,@nok540,whad,False,False,False,,,2026-07-17T20:33:41.334Z,TCG/Pokemon,Pokemon Cards,unclear reaction,A viewer posts an unclear reaction stating 'whad'.,low,youtube_live:RHonjdvsRRY:1095
1096,RHonjdvsRRY,https://www.youtube.com/watch?v=RHonjdvsRRY,Bidding on Pokémon Card Auctions LIVE — Slab Hunting on Whatnot | Jul 17,Cloud Shape Interpreting,replay,message,11:47,@nok540,what arę u doing?,False,False,False,,,2026-07-17T20:33:47.597Z,TCG/Pokemon,Pokemon Cards,stream activity,A viewer asks the streamer what they are doing.,medium,youtube_live:RHonjdvsRRY:1096
1097,RHonjdvsRRY,https://www.youtube.com/watch?v=RHonjdvsRRY,Bidding on Pokémon Card Auctions LIVE — Slab Hunting on Whatnot | Jul 17,Cloud Shape Interpreting,replay,message,12:01,@DanielGarcia-sr3hu,have a look,False,False,False,,,2026-07-17T20:34:02.348Z,TCG/Pokemon,Pokemon Cards,stream chat,A viewer prompts someone to 'have a look'.,low,youtube_live:RHonjdvsRRY:1097
1098,RHonjdvsRRY,https://www.youtube.com/watch?v=RHonjdvsRRY,Bidding on Pokémon Card Auctions LIVE — Slab Hunting on Whatnot | Jul 17,Cloud Shape Interpreting,replay,message,19:43,@I-LOVEBlRDS,HI CLOUD,False,True,False,,,2026-07-17T20:41:44.071Z,TCG/Pokemon,Pokemon Cards,stream chat; greeting,A viewer greets the streamer by name.,high,youtube_live:RHonjdvsRRY:1098
1099,RHonjdvsRRY,https://www.youtube.com/watch?v=RHonjdvsRRY,Bidding on Pokémon Card Auctions LIVE — Slab Hunting on Whatnot | Jul 17,Cloud Shape Interpreting,replay,message,20:21,@I-LOVEBlRDS,cool,False,True,False,,,2026-07-17T20:42:22.023Z,TCG/Pokemon,Pokemon Cards,stream reaction,A viewer comments 'cool' in the livestream chat.,low,youtube_live:RHonjdvsRRY:1099
1100,RHonjdvsRRY,https://www.youtube.com/watch?v=RHonjdvsRRY,Bidding on Pokémon Card Auctions LIVE — Slab Hunting on Whatnot | Jul 17,Cloud Shape Interpreting,replay,message,21:15,@I-LOVEBlRDS,how have you been,False,True,False,,,2026-07-17T20:43:15.558Z,TCG/Pokemon,Pokemon Cards,stream chat; greeting,A viewer asks how the streamer has been.,high,youtube_live:RHonjdvsRRY:1100
1101,RHonjdvsRRY,https://www.youtube.com/watch?v=RHonjdvsRRY,Bidding on Pokémon Card Auctions LIVE — Slab Hunting on Whatnot | Jul 17,Cloud Shape Interpreting,replay,message,21:36,@I-LOVEBlRDS,six weeks wow!,False,True,False,,,2026-07-17T20:43:37.348Z,TCG/Pokemon,Pokemon Cards,stream chat,A viewer reacts with surprise to a mention of six weeks.,low,youtube_live:RHonjdvsRRY:1101
1102,RHonjdvsRRY,https://www.youtube.com/watch?v=RHonjdvsRRY,Bidding on Pokémon Card Auctions LIVE — Slab Hunting on Whatnot | Jul 17,Cloud Shape Interpreting,replay,message,21:53,@I-LOVEBlRDS,I'm good thanks,False,True,False,,,2026-07-17T20:43:53.566Z,TCG/Pokemon,Pokemon Cards,stream chat,A viewer responds that they are doing well.,high,youtube_live:RHonjdvsRRY:1102
1103,RHonjdvsRRY,https://www.youtube.com/watch?v=RHonjdvsRRY,Bidding on Pokémon Card Auctions LIVE — Slab Hunting on Whatnot | Jul 17,Cloud Shape Interpreting,replay,message,23:34,@Tedandtedbear,Omg,False,False,False,,,2026-07-17T20:45:35.413Z,TCG/Pokemon,Pokemon cards,unclear reaction,A viewer posts an exclamation in a Pokemon card stream.,low,youtube_live:RHonjdvsRRY:1103
1104,RHonjdvsRRY,https://www.youtube.com/watch?v=RHonjdvsRRY,Bidding on Pokémon Card Auctions LIVE — Slab Hunting on Whatnot | Jul 17,Cloud Shape Interpreting,replay,message,23:48,@Tedandtedbear,How do you have that,False,False,False,,,2026-07-17T20:45:48.907Z,TCG/Pokemon,Pokemon cards,card inventory,A viewer asks how the streamer possesses an item during a Pokemon card stream.,medium,youtube_live:RHonjdvsRRY:1104
1105,RHonjdvsRRY,https://www.youtube.com/watch?v=RHonjdvsRRY,Bidding on Pokémon Card Auctions LIVE — Slab Hunting on Whatnot | Jul 17,Cloud Shape Interpreting,replay,message,24:10,@Tedandtedbear,Yea,False,False,False,,,2026-07-17T20:46:10.608Z,TCG/Pokemon,Pokemon cards,unclear reaction,A viewer posts an affirmative reaction during a Pokemon card stream.,low,youtube_live:RHonjdvsRRY:1105
1106,RHonjdvsRRY,https://www.youtube.com/watch?v=RHonjdvsRRY,Bidding on Pokémon Card Auctions LIVE — Slab Hunting on Whatnot | Jul 17,Cloud Shape Interpreting,replay,message,24:13,@Tedandtedbear,Oh ok,False,False,False,,,2026-07-17T20:46:14.332Z,TCG/Pokemon,Pokemon cards,unclear reaction,A viewer acknowledges something with a brief reaction in chat.,low,youtube_live:RHonjdvsRRY:1106
1107,RHonjdvsRRY,https://www.youtube.com/watch?v=RHonjdvsRRY,Bidding on Pokémon Card Auctions LIVE — Slab Hunting on Whatnot | Jul 17,Cloud Shape Interpreting,replay,message,24:38,@I-LOVEBlRDS,what is that thing next to you,False,True,False,,,2026-07-17T20:46:39.486Z,TCG/Pokemon,Pokemon cards,streamer environment,A viewer asks what object is next to the streamer.,medium,youtube_live:RHonjdvsRRY:1107
1108,RHonjdvsRRY,https://www.youtube.com/watch?v=RHonjdvsRRY,Bidding on Pokémon Card Auctions LIVE — Slab Hunting on Whatnot | Jul 17,Cloud Shape Interpreting,replay,message,24:43,@Tedandtedbear,What is your best card,False,False,False,,,2026-07-17T20:46:44.466Z,TCG/Pokemon,Pokemon cards,card collection,A viewer asks the streamer to identify their best card.,high,youtube_live:RHonjdvsRRY:1108
1109,RHonjdvsRRY,https://www.youtube.com/watch?v=RHonjdvsRRY,Bidding on Pokémon Card Auctions LIVE — Slab Hunting on Whatnot | Jul 17,Cloud Shape Interpreting,replay,message,25:31,@Tedandtedbear, A,False,False,False,,,2026-07-17T20:47:32.007Z,TCG/Pokemon,Pokemon cards,unclear reaction,A viewer posts a single letter in chat.,low,youtube_live:RHonjdvsRRY:1109
1110,RHonjdvsRRY,https://www.youtube.com/watch?v=RHonjdvsRRY,Bidding on Pokémon Card Auctions LIVE — Slab Hunting on Whatnot | Jul 17,Cloud Shape Interpreting,replay,message,25:35,@Tedandtedbear,Can I see,False,False,False,,,2026-07-17T20:47:35.970Z,TCG/Pokemon,Pokemon cards,collection viewing,A viewer asks to see an item during the stream.,medium,youtube_live:RHonjdvsRRY:1110
1111,RHonjdvsRRY,https://www.youtube.com/watch?v=RHonjdvsRRY,Bidding on Pokémon Card Auctions LIVE — Slab Hunting on Whatnot | Jul 17,Cloud Shape Interpreting,replay,message,25:38,@I-LOVEBlRDS,oh ok,False,True,False,,,2026-07-17T20:47:38.822Z,TCG/Pokemon,Pokemon cards,unclear reaction,A viewer posts a brief acknowledgment in chat.,low,youtube_live:RHonjdvsRRY:1111
1112,RHonjdvsRRY,https://www.youtube.com/watch?v=RHonjdvsRRY,Bidding on Pokémon Card Auctions LIVE — Slab Hunting on Whatnot | Jul 17,Cloud Shape Interpreting,replay,message,25:41,@Tedandtedbear,Oh,False,False,False,,,2026-07-17T20:47:42.123Z,TCG/Pokemon,Pokemon cards,unclear reaction,A viewer types a brief reaction in chat.,low,youtube_live:RHonjdvsRRY:1112
1113,RHonjdvsRRY,https://www.youtube.com/watch?v=RHonjdvsRRY,Bidding on Pokémon Card Auctions LIVE — Slab Hunting on Whatnot | Jul 17,Cloud Shape Interpreting,replay,message,26:18,@Tedandtedbear,I have a gen 2 slyveon prismatic evolutions,False,False,False,,,2026-07-17T20:48:18.848Z,TCG/Pokemon,Pokemon Cards,Card Collection,A viewer states they have a Sylveon card from Prismatic Evolutions.,high,youtube_live:RHonjdvsRRY:1113
1114,RHonjdvsRRY,https://www.youtube.com/watch?v=RHonjdvsRRY,Bidding on Pokémon Card Auctions LIVE — Slab Hunting on Whatnot | Jul 17,Cloud Shape Interpreting,replay,message,26:20,@Lovely123-n,Hii,False,False,False,,,2026-07-17T20:48:21.502Z,Unclear,,Greeting,A viewer posts a greeting in chat.,high,youtube_live:RHonjdvsRRY:1114
1115,RHonjdvsRRY,https://www.youtube.com/watch?v=RHonjdvsRRY,Bidding on Pokémon Card Auctions LIVE — Slab Hunting on Whatnot | Jul 17,Cloud Shape Interpreting,replay,message,26:36,@Tedandtedbear,Full art,False,False,False,,,2026-07-17T20:48:37.160Z,TCG/Pokemon,Pokemon Cards,Card Rarities,A chatter mentions 'Full art' during a Pokémon card auction stream.,medium,youtube_live:RHonjdvsRRY:1115
1116,RHonjdvsRRY,https://www.youtube.com/watch?v=RHonjdvsRRY,Bidding on Pokémon Card Auctions LIVE — Slab Hunting on Whatnot | Jul 17,Cloud Shape Interpreting,replay,message,26:42,@Tedandtedbear,And sir,False,False,False,,,2026-07-17T20:48:42.682Z,TCG/Pokemon,Pokemon Cards,Card Rarities,A viewer mentions 'And sir' (Special Illustration Rare) in stream chat.,medium,youtube_live:RHonjdvsRRY:1116
1117,RHonjdvsRRY,https://www.youtube.com/watch?v=RHonjdvsRRY,Bidding on Pokémon Card Auctions LIVE — Slab Hunting on Whatnot | Jul 17,Cloud Shape Interpreting,replay,message,26:49,@Lovely123-n,Yes and the day before yesterday,False,False,False,,,2026-07-17T20:48:49.735Z,Unclear,,Chat,A user responds vaguely with 'Yes and the day before yesterday'.,low,youtube_live:RHonjdvsRRY:1117
1118,RHonjdvsRRY,https://www.youtube.com/watch?v=RHonjdvsRRY,Bidding on Pokémon Card Auctions LIVE — Slab Hunting on Whatnot | Jul 17,Cloud Shape Interpreting,replay,message,27:28,@Lovely123-n,I alredy liked and subed,False,False,False,,,2026-07-17T20:49:29.197Z,Unclear,,Engagement,A viewer reports they have already liked and subscribed.,high,youtube_live:RHonjdvsRRY:1118
1119,RHonjdvsRRY,https://www.youtube.com/watch?v=RHonjdvsRRY,Bidding on Pokémon Card Auctions LIVE — Slab Hunting on Whatnot | Jul 17,Cloud Shape Interpreting,replay,message,28:03,@I-LOVEBlRDS,the pigeon lady from home alone 2 passed away yesterday :sad_but_relieved_face:,False,True,False,,,2026-07-17T20:50:03.843Z,Other / emerging,Celebrity News,Passings,A chatter shares that the pigeon lady actress from Home Alone 2 passed away.,high,youtube_live:RHonjdvsRRY:1119
1120,RHonjdvsRRY,https://www.youtube.com/watch?v=RHonjdvsRRY,Bidding on Pokémon Card Auctions LIVE — Slab Hunting on Whatnot | Jul 17,Cloud Shape Interpreting,replay,message,28:56,@Lovely123-n,I have never wached home alone,False,False,False,,,2026-07-17T20:50:56.808Z,Other / emerging,Film,Movie Watching,A viewer states they have never watched Home Alone.,high,youtube_live:RHonjdvsRRY:1120
1121,RHonjdvsRRY,https://www.youtube.com/watch?v=RHonjdvsRRY,Bidding on Pokémon Card Auctions LIVE — Slab Hunting on Whatnot | Jul 17,Cloud Shape Interpreting,replay,message,29:29,@Lovely123-n,Raichu,False,False,False,,,2026-07-17T20:51:30.086Z,TCG/Pokemon,Pokemon Cards,Pokemon,A chatter mentions the Pokémon character 'Raichu'.,high,youtube_live:RHonjdvsRRY:1121
1122,RHonjdvsRRY,https://www.youtube.com/watch?v=RHonjdvsRRY,Bidding on Pokémon Card Auctions LIVE — Slab Hunting on Whatnot | Jul 17,Cloud Shape Interpreting,replay,message,29:35,@I-LOVEBlRDS,she was 81,False,True,False,,,2026-07-17T20:51:36.130Z,Other / emerging,Celebrity News,Passings,"A chatter notes an age of 81, continuing discussion of a celebrity death.",medium,youtube_live:RHonjdvsRRY:1122
1123,RHonjdvsRRY,https://www.youtube.com/watch?v=RHonjdvsRRY,Bidding on Pokémon Card Auctions LIVE — Slab Hunting on Whatnot | Jul 17,Cloud Shape Interpreting,replay,message,29:54,@Lovely123-n,Gloom,False,False,False,,,2026-07-17T20:51:55.060Z,TCG/Pokemon,Pokemon,character mention,A viewer mentions the Pokémon Gloom in the livestream chat.,medium,youtube_live:RHonjdvsRRY:1123
1124,RHonjdvsRRY,https://www.youtube.com/watch?v=RHonjdvsRRY,Bidding on Pokémon Card Auctions LIVE — Slab Hunting on Whatnot | Jul 17,Cloud Shape Interpreting,replay,message,30:15,@BabyRevan,Meow,False,False,False,,,2026-07-17T20:52:16.531Z,Unclear,,chat reaction,A viewer simply types 'Meow' in the chat.,low,youtube_live:RHonjdvsRRY:1124
1125,RHonjdvsRRY,https://www.youtube.com/watch?v=RHonjdvsRRY,Bidding on Pokémon Card Auctions LIVE — Slab Hunting on Whatnot | Jul 17,Cloud Shape Interpreting,replay,message,30:38,@Lovely123-n,Do You also play pokemon go ?,False,False,False,,,2026-07-17T20:52:39.525Z,TCG/Pokemon,Pokemon Mobile Games,Pokemon GO,A user asks if the streamer plays Pokémon GO.,high,youtube_live:RHonjdvsRRY:1125
1126,RHonjdvsRRY,https://www.youtube.com/watch?v=RHonjdvsRRY,Bidding on Pokémon Card Auctions LIVE — Slab Hunting on Whatnot | Jul 17,Cloud Shape Interpreting,replay,message,30:44,@I-LOVEBlRDS,can we see your cat,False,True,False,,,2026-07-17T20:52:45.028Z,Unclear,,pets,A viewer asks to see the streamer's cat.,high,youtube_live:RHonjdvsRRY:1126
1127,RHonjdvsRRY,https://www.youtube.com/watch?v=RHonjdvsRRY,Bidding on Pokémon Card Auctions LIVE — Slab Hunting on Whatnot | Jul 17,Cloud Shape Interpreting,replay,message,31:21,@Lovely123-n,Wich kind of cat do You have ,False,False,False,,,2026-07-17T20:53:21.611Z,Unclear,,pets,A viewer asks what kind of cat the streamer has.,high,youtube_live:RHonjdvsRRY:1127
1128,RHonjdvsRRY,https://www.youtube.com/watch?v=RHonjdvsRRY,Bidding on Pokémon Card Auctions LIVE — Slab Hunting on Whatnot | Jul 17,Cloud Shape Interpreting,replay,message,31:26,@I-LOVEBlRDS,maki is so cool,False,True,False,,,2026-07-17T20:53:27.148Z,Unclear,,viewer comment,A chatter remarks that Maki is cool.,low,youtube_live:RHonjdvsRRY:1128
1129,RHonjdvsRRY,https://www.youtube.com/watch?v=RHonjdvsRRY,Bidding on Pokémon Card Auctions LIVE — Slab Hunting on Whatnot | Jul 17,Cloud Shape Interpreting,replay,message,32:17,@I-LOVEBlRDS,do you have any cats lovely,False,True,False,,,2026-07-17T20:54:18.263Z,Unclear,,pets,A viewer asks if the streamer has any cats.,high,youtube_live:RHonjdvsRRY:1129
1130,RHonjdvsRRY,https://www.youtube.com/watch?v=RHonjdvsRRY,Bidding on Pokémon Card Auctions LIVE — Slab Hunting on Whatnot | Jul 17,Cloud Shape Interpreting,replay,message,32:26,@Lovely123-n,I also play pokemon go and in pokemon go I have a lucky shiny requaza,False,False,False,,,2026-07-17T20:54:26.715Z,TCG/Pokemon,Pokemon Mobile Games,Pokemon GO; gameplay,A user states they play Pokémon GO and own a lucky shiny Rayquaza.,high,youtube_live:RHonjdvsRRY:1130
1131,RHonjdvsRRY,https://www.youtube.com/watch?v=RHonjdvsRRY,Bidding on Pokémon Card Auctions LIVE — Slab Hunting on Whatnot | Jul 17,Cloud Shape Interpreting,replay,message,33:13,@Lovely123-n,Yes I have 3 cats,False,False,False,,,2026-07-17T20:55:13.897Z,Unclear,,pets,A user shares that they own three cats.,high,youtube_live:RHonjdvsRRY:1131
1132,RHonjdvsRRY,https://www.youtube.com/watch?v=RHonjdvsRRY,Bidding on Pokémon Card Auctions LIVE — Slab Hunting on Whatnot | Jul 17,Cloud Shape Interpreting,replay,message,33:28,@I-LOVEBlRDS,all the kids in my church play pokémon,False,True,False,,,2026-07-17T20:55:28.971Z,TCG/Pokemon,Pokemon,community discussion,A chatter mentions that all the kids in their church play Pokémon.,high,youtube_live:RHonjdvsRRY:1132
1133,RHonjdvsRRY,https://www.youtube.com/watch?v=RHonjdvsRRY,Bidding on Pokémon Card Auctions LIVE — Slab Hunting on Whatnot | Jul 17,Cloud Shape Interpreting,replay,message,33:35,@Lovely123-n,The names are in netherlands ,False,False,False,,,2026-07-17T20:55:36.323Z,TCG/Pokemon,Pokemon Cards,Language; Card Names,A viewer notes that the names are in Dutch (referencing Netherlands).,medium,youtube_live:RHonjdvsRRY:1133
1134,RHonjdvsRRY,https://www.youtube.com/watch?v=RHonjdvsRRY,Bidding on Pokémon Card Auctions LIVE — Slab Hunting on Whatnot | Jul 17,Cloud Shape Interpreting,replay,message,33:36,@I-LOVEBlRDS,me too,False,True,False,,,2026-07-17T20:55:37.147Z,Unclear,,Chat Conversation,A user sends a brief chat agreement saying 'me too'.,low,youtube_live:RHonjdvsRRY:1134
1135,RHonjdvsRRY,https://www.youtube.com/watch?v=RHonjdvsRRY,Bidding on Pokémon Card Auctions LIVE — Slab Hunting on Whatnot | Jul 17,Cloud Shape Interpreting,replay,message,33:40,@Lovely123-n,O Nice,False,False,False,,,2026-07-17T20:55:40.765Z,Unclear,,Chat Reaction,A viewer expresses a brief positive reaction saying 'O Nice'.,low,youtube_live:RHonjdvsRRY:1135
1136,RHonjdvsRRY,https://www.youtube.com/watch?v=RHonjdvsRRY,Bidding on Pokémon Card Auctions LIVE — Slab Hunting on Whatnot | Jul 17,Cloud Shape Interpreting,replay,message,33:53,@I-LOVEBlRDS,I have two siamese and an orange tabby,False,True,False,,,2026-07-17T20:55:54.110Z,Other / emerging,Pets,Cats; Personal Share,A user shares that they own two Siamese cats and an orange tabby.,high,youtube_live:RHonjdvsRRY:1136
1137,RHonjdvsRRY,https://www.youtube.com/watch?v=RHonjdvsRRY,Bidding on Pokémon Card Auctions LIVE — Slab Hunting on Whatnot | Jul 17,Cloud Shape Interpreting,replay,message,34:08,@Lovely123-n,AWW orange tabby,False,False,False,,,2026-07-17T20:56:09.502Z,Other / emerging,Pets,Cats; Chat Reaction,A user expresses affection for orange tabby cats.,high,youtube_live:RHonjdvsRRY:1137
1138,RHonjdvsRRY,https://www.youtube.com/watch?v=RHonjdvsRRY,Bidding on Pokémon Card Auctions LIVE — Slab Hunting on Whatnot | Jul 17,Cloud Shape Interpreting,replay,message,34:34,@Lovely123-n,My neignors have 2 orange Tanya,False,False,False,,,2026-07-17T20:56:35.236Z,Other / emerging,Pets,Cats; Personal Share,"A chatter states their neighbors have two orange cats, with a typo.",medium,youtube_live:RHonjdvsRRY:1138
1139,RHonjdvsRRY,https://www.youtube.com/watch?v=RHonjdvsRRY,Bidding on Pokémon Card Auctions LIVE — Slab Hunting on Whatnot | Jul 17,Cloud Shape Interpreting,replay,message,34:41,@Lovely123-n,Tabby ,False,False,False,,,2026-07-17T20:56:41.730Z,Other / emerging,Pets,Cats; Chat Correction,"A user sends 'Tabby', correcting a previous message typo.",high,youtube_live:RHonjdvsRRY:1139
1140,RHonjdvsRRY,https://www.youtube.com/watch?v=RHonjdvsRRY,Bidding on Pokémon Card Auctions LIVE — Slab Hunting on Whatnot | Jul 17,Cloud Shape Interpreting,replay,message,34:42,@I-LOVEBlRDS,yeah she's technically the cat I own and the other two are family cats,False,True,False,,,2026-07-17T20:56:42.882Z,Other / emerging,Pets,Cats; Personal Share,A chatter explains pet ownership distinctions among their family cats.,high,youtube_live:RHonjdvsRRY:1140
1141,RHonjdvsRRY,https://www.youtube.com/watch?v=RHonjdvsRRY,Bidding on Pokémon Card Auctions LIVE — Slab Hunting on Whatnot | Jul 17,Cloud Shape Interpreting,replay,message,35:03,@Lovely123-n,I have 2 Maine coons mok,False,False,False,,,2026-07-17T20:57:04.230Z,Other / emerging,Pets,Cats; Personal Share,A user mentions owning two Maine Coon cats.,high,youtube_live:RHonjdvsRRY:1141
1142,RHonjdvsRRY,https://www.youtube.com/watch?v=RHonjdvsRRY,Bidding on Pokémon Card Auctions LIVE — Slab Hunting on Whatnot | Jul 17,Cloud Shape Interpreting,replay,message,35:12,@Lovely123-n,Mom and Son ,False,False,False,,,2026-07-17T20:57:12.822Z,Other / emerging,Pets,Cats; Chat Conversation,A chatter clarifies their pets are a mother and son.,medium,youtube_live:RHonjdvsRRY:1142
1143,RHonjdvsRRY,https://www.youtube.com/watch?v=RHonjdvsRRY,Bidding on Pokémon Card Auctions LIVE — Slab Hunting on Whatnot | Jul 17,Cloud Shape Interpreting,replay,message,35:12,@I-LOVEBlRDS,OOOO,False,True,False,,,2026-07-17T20:57:12.926Z,TCG/Pokemon,Pokemon Cards,unclear reaction,A viewer posts an exclamation during a live stream focused on Pokemon cards.,low,youtube_live:RHonjdvsRRY:1143
1144,RHonjdvsRRY,https://www.youtube.com/watch?v=RHonjdvsRRY,Bidding on Pokémon Card Auctions LIVE — Slab Hunting on Whatnot | Jul 17,Cloud Shape Interpreting,replay,message,35:40,@Lovely123-n,They are both fully black,False,False,False,,,2026-07-17T20:57:40.992Z,Unclear,,chat conversation,A viewer remarks that they are both fully black without clear context.,low,youtube_live:RHonjdvsRRY:1144
1145,RHonjdvsRRY,https://www.youtube.com/watch?v=RHonjdvsRRY,Bidding on Pokémon Card Auctions LIVE — Slab Hunting on Whatnot | Jul 17,Cloud Shape Interpreting,replay,message,36:23,@I-LOVEBlRDS,I wanted a maine coone but my parents didn't like the idea of litter getting stuck in their long fur,False,True,False,,,2026-07-17T20:58:24.063Z,Other / emerging,Pets,pet ownership; cats,A viewer shares a story about wanting a Maine Coon cat and their parents' concerns about litter.,high,youtube_live:RHonjdvsRRY:1145
1146,RHonjdvsRRY,https://www.youtube.com/watch?v=RHonjdvsRRY,Bidding on Pokémon Card Auctions LIVE — Slab Hunting on Whatnot | Jul 17,Cloud Shape Interpreting,replay,message,37:05,@I-LOVEBlRDS,hi,False,True,False,,,2026-07-17T20:59:06.173Z,TCG/Pokemon,Pokemon Cards,greeting,A viewer sends a simple greeting in the stream chat.,high,youtube_live:RHonjdvsRRY:1146
1147,RHonjdvsRRY,https://www.youtube.com/watch?v=RHonjdvsRRY,Bidding on Pokémon Card Auctions LIVE — Slab Hunting on Whatnot | Jul 17,Cloud Shape Interpreting,replay,message,37:28,@Lovely123-n,Oof whe dont have that problemen just trim around ther but once a year,False,False,False,,,2026-07-17T20:59:29.485Z,Other / emerging,Pets,pet care; cats,A viewer discusses how they handle pet grooming to prevent litter issues.,medium,youtube_live:RHonjdvsRRY:1147
1148,RHonjdvsRRY,https://www.youtube.com/watch?v=RHonjdvsRRY,Bidding on Pokémon Card Auctions LIVE — Slab Hunting on Whatnot | Jul 17,Cloud Shape Interpreting,replay,message,37:37,@KerryLacey-p4d,i love this,False,False,False,,,2026-07-17T20:59:38.366Z,TCG/Pokemon,Pokemon Cards,viewer reaction,"A viewer expresses enthusiasm, stating that they love what is being shown or discussed.",low,youtube_live:RHonjdvsRRY:1148
1149,RHonjdvsRRY,https://www.youtube.com/watch?v=RHonjdvsRRY,Bidding on Pokémon Card Auctions LIVE — Slab Hunting on Whatnot | Jul 17,Cloud Shape Interpreting,replay,message,37:37,@Lovely123-n,Hii btw,False,False,False,,,2026-07-17T20:59:38.430Z,TCG/Pokemon,Pokemon Cards,greeting,A viewer greets the chat during the stream.,high,youtube_live:RHonjdvsRRY:1149
1150,RHonjdvsRRY,https://www.youtube.com/watch?v=RHonjdvsRRY,Bidding on Pokémon Card Auctions LIVE — Slab Hunting on Whatnot | Jul 17,Cloud Shape Interpreting,replay,message,38:07,@I-LOVEBlRDS,ohh,False,True,False,,,2026-07-17T21:00:07.570Z,TCG/Pokemon,Pokemon Cards,unclear reaction,A viewer types an acknowledging reaction in chat.,low,youtube_live:RHonjdvsRRY:1150
1151,RHonjdvsRRY,https://www.youtube.com/watch?v=RHonjdvsRRY,Bidding on Pokémon Card Auctions LIVE — Slab Hunting on Whatnot | Jul 17,Cloud Shape Interpreting,replay,message,38:29,@I-LOVEBlRDS,do you have to go to the vet to trim,False,True,False,,,2026-07-17T21:00:29.870Z,Other / emerging,Pets,pet care; vet visits,A viewer asks if going to the vet is necessary for trimming pet fur.,high,youtube_live:RHonjdvsRRY:1151
1152,RHonjdvsRRY,https://www.youtube.com/watch?v=RHonjdvsRRY,Bidding on Pokémon Card Auctions LIVE — Slab Hunting on Whatnot | Jul 17,Cloud Shape Interpreting,replay,message,38:42,@Lovely123-n,No ,False,False,False,,,2026-07-17T21:00:42.948Z,Unclear,,chat reply,A viewer replies with 'No' in chat without further context.,low,youtube_live:RHonjdvsRRY:1152
1153,RHonjdvsRRY,https://www.youtube.com/watch?v=RHonjdvsRRY,Bidding on Pokémon Card Auctions LIVE — Slab Hunting on Whatnot | Jul 17,Cloud Shape Interpreting,replay,message,39:07,@I-LOVEBlRDS,is there a special tool you use??,False,True,False,,,2026-07-17T21:01:07.651Z,TCG/Pokemon,Pokemon Cards,tools,A viewer asks if a special tool is used during the stream.,medium,youtube_live:RHonjdvsRRY:1153
1154,RHonjdvsRRY,https://www.youtube.com/watch?v=RHonjdvsRRY,Bidding on Pokémon Card Auctions LIVE — Slab Hunting on Whatnot | Jul 17,Cloud Shape Interpreting,replay,message,39:07,@Lovely123-n,No just whit sicers ,False,False,False,,,2026-07-17T21:01:07.827Z,TCG/Pokemon,Pokemon Cards,tools,A chatter states that they just use scissors.,medium,youtube_live:RHonjdvsRRY:1154
1155,RHonjdvsRRY,https://www.youtube.com/watch?v=RHonjdvsRRY,Bidding on Pokémon Card Auctions LIVE — Slab Hunting on Whatnot | Jul 17,Cloud Shape Interpreting,replay,message,39:20,@I-LOVEBlRDS,oh ok,False,True,False,,,2026-07-17T21:01:21.430Z,TCG/Pokemon,Pokemon Cards,stream chat,A chatter acknowledges a previous response with 'oh ok'.,low,youtube_live:RHonjdvsRRY:1155
1156,RHonjdvsRRY,https://www.youtube.com/watch?v=RHonjdvsRRY,Bidding on Pokémon Card Auctions LIVE — Slab Hunting on Whatnot | Jul 17,Cloud Shape Interpreting,replay,message,39:30,@Saif-p2l5s,Yooohooo,False,False,False,,,2026-07-17T21:01:30.669Z,TCG/Pokemon,Pokemon Cards,greeting,A viewer sends a casual greeting in the chat.,low,youtube_live:RHonjdvsRRY:1156
1157,RHonjdvsRRY,https://www.youtube.com/watch?v=RHonjdvsRRY,Bidding on Pokémon Card Auctions LIVE — Slab Hunting on Whatnot | Jul 17,Cloud Shape Interpreting,replay,message,39:38,@Lovely123-n,Yes but i dont know the name in inglish,False,False,False,,,2026-07-17T21:01:38.878Z,TCG/Pokemon,Pokemon Cards,stream chat,A chatter mentions they do not know the English name for something.,low,youtube_live:RHonjdvsRRY:1157
1158,RHonjdvsRRY,https://www.youtube.com/watch?v=RHonjdvsRRY,Bidding on Pokémon Card Auctions LIVE — Slab Hunting on Whatnot | Jul 17,Cloud Shape Interpreting,replay,message,40:07,@Saif-p2l5s,Btw u look like my friends uncles grandchickens father,False,False,False,,,2026-07-17T21:02:07.700Z,TCG/Pokemon,Pokemon Cards,viewer comment,A user makes an absurd comparison about the streamer's appearance.,low,youtube_live:RHonjdvsRRY:1158
1159,RHonjdvsRRY,https://www.youtube.com/watch?v=RHonjdvsRRY,Bidding on Pokémon Card Auctions LIVE — Slab Hunting on Whatnot | Jul 17,Cloud Shape Interpreting,replay,message,40:29,@KerryLacey-p4d,8 now it is a good deal promise,False,False,False,,,2026-07-17T21:02:30.399Z,TCG/Pokemon,Pokemon Cards,pricing; auctions,A chatter claims that an item priced at 8 is now a good deal.,medium,youtube_live:RHonjdvsRRY:1159
1160,RHonjdvsRRY,https://www.youtube.com/watch?v=RHonjdvsRRY,Bidding on Pokémon Card Auctions LIVE — Slab Hunting on Whatnot | Jul 17,Cloud Shape Interpreting,replay,message,40:34,@I-LOVEBlRDS,what's your first language lovely,False,True,False,,,2026-07-17T21:02:35.225Z,TCG/Pokemon,Pokemon Cards,chat conversation,A viewer asks another user what their first language is.,low,youtube_live:RHonjdvsRRY:1160
1161,RHonjdvsRRY,https://www.youtube.com/watch?v=RHonjdvsRRY,Bidding on Pokémon Card Auctions LIVE — Slab Hunting on Whatnot | Jul 17,Cloud Shape Interpreting,replay,message,40:47,@Lovely123-n,Netherlands ,False,False,False,,,2026-07-17T21:02:47.880Z,TCG/Pokemon,Pokemon Cards,chat conversation,A chatter answers a question about language by saying 'Netherlands'.,low,youtube_live:RHonjdvsRRY:1161
1162,RHonjdvsRRY,https://www.youtube.com/watch?v=RHonjdvsRRY,Bidding on Pokémon Card Auctions LIVE — Slab Hunting on Whatnot | Jul 17,Cloud Shape Interpreting,replay,message,40:56,@Lovely123-n,Or dutch ,False,False,False,,,2026-07-17T21:02:56.817Z,TCG/Pokemon,Pokemon Cards,chat conversation,A chatter clarifies their previous message by adding 'Or dutch'.,low,youtube_live:RHonjdvsRRY:1162
1163,RHonjdvsRRY,https://www.youtube.com/watch?v=RHonjdvsRRY,Bidding on Pokémon Card Auctions LIVE — Slab Hunting on Whatnot | Jul 17,Cloud Shape Interpreting,replay,message,41:11,@I-LOVEBlRDS,cool,False,True,False,,,2026-07-17T21:03:12.211Z,TCG/Pokemon,Pokemon Cards,livestream chat,"A viewer posts a brief reaction saying ""cool"" in a Pokemon card stream.",low,youtube_live:RHonjdvsRRY:1163
1164,RHonjdvsRRY,https://www.youtube.com/watch?v=RHonjdvsRRY,Bidding on Pokémon Card Auctions LIVE — Slab Hunting on Whatnot | Jul 17,Cloud Shape Interpreting,replay,message,41:40,@I-LOVEBlRDS,my older brother went to netherlands I think,False,True,False,,,2026-07-17T21:03:40.742Z,TCG/Pokemon,Pokemon Cards,personal conversation,A viewer mentions in stream chat that their older brother went to the Netherlands.,low,youtube_live:RHonjdvsRRY:1164
1165,RHonjdvsRRY,https://www.youtube.com/watch?v=RHonjdvsRRY,Bidding on Pokémon Card Auctions LIVE — Slab Hunting on Whatnot | Jul 17,Cloud Shape Interpreting,replay,message,41:45,@KerryLacey-p4d,20 now,False,False,False,,,2026-07-17T21:03:46.152Z,TCG/Pokemon,Pokemon Cards,auction tracking; price tracking,"A chatter notes the number ""20 now"" during a Pokemon card auction stream.",medium,youtube_live:RHonjdvsRRY:1165
1166,RHonjdvsRRY,https://www.youtube.com/watch?v=RHonjdvsRRY,Bidding on Pokémon Card Auctions LIVE — Slab Hunting on Whatnot | Jul 17,Cloud Shape Interpreting,replay,message,41:54,@Lovely123-n,Cool Wich part,False,False,False,,,2026-07-17T21:03:55.390Z,TCG/Pokemon,Pokemon Cards,personal conversation,A viewer asks which part of the Netherlands the other chatter's brother visited.,low,youtube_live:RHonjdvsRRY:1166
1167,RHonjdvsRRY,https://www.youtube.com/watch?v=RHonjdvsRRY,Bidding on Pokémon Card Auctions LIVE — Slab Hunting on Whatnot | Jul 17,Cloud Shape Interpreting,replay,message,42:23,@I-LOVEBlRDS,I don't remember lol,False,True,False,,,2026-07-17T21:04:24.494Z,TCG/Pokemon,Pokemon Cards,personal conversation,A chatter states they do not remember the specific location in conversation.,low,youtube_live:RHonjdvsRRY:1167
1168,RHonjdvsRRY,https://www.youtube.com/watch?v=RHonjdvsRRY,Bidding on Pokémon Card Auctions LIVE — Slab Hunting on Whatnot | Jul 17,Cloud Shape Interpreting,replay,message,42:27,@KerryLacey-p4d,38 now,False,False,False,,,2026-07-17T21:04:27.546Z,TCG/Pokemon,Pokemon Cards,auction tracking; price tracking,"A viewer reports the current number as ""38 now"" during the livestream.",medium,youtube_live:RHonjdvsRRY:1168
1169,RHonjdvsRRY,https://www.youtube.com/watch?v=RHonjdvsRRY,Bidding on Pokémon Card Auctions LIVE — Slab Hunting on Whatnot | Jul 17,Cloud Shape Interpreting,replay,message,42:31,@I-LOVEBlRDS,I'd have to ask him,False,True,False,,,2026-07-17T21:04:32.520Z,TCG/Pokemon,Pokemon Cards,personal conversation,A user remarks that they would have to ask their brother.,low,youtube_live:RHonjdvsRRY:1169
1170,RHonjdvsRRY,https://www.youtube.com/watch?v=RHonjdvsRRY,Bidding on Pokémon Card Auctions LIVE — Slab Hunting on Whatnot | Jul 17,Cloud Shape Interpreting,replay,message,42:50,@KerryLacey-p4d,20,False,False,False,,,2026-07-17T21:04:51.025Z,TCG/Pokemon,Pokemon Cards,auction tracking; price tracking,"A viewer posts the number ""20"" in the livestream chat.",medium,youtube_live:RHonjdvsRRY:1170
1171,RHonjdvsRRY,https://www.youtube.com/watch?v=RHonjdvsRRY,Bidding on Pokémon Card Auctions LIVE — Slab Hunting on Whatnot | Jul 17,Cloud Shape Interpreting,replay,message,43:12,@Lovely123-n,O i live around Dordrecht You know that place ?,False,False,False,,,2026-07-17T21:05:12.685Z,TCG/Pokemon,Pokemon Cards,personal conversation,A participant mentions living near Dordrecht and asks if the other knows the place.,low,youtube_live:RHonjdvsRRY:1171
1172,RHonjdvsRRY,https://www.youtube.com/watch?v=RHonjdvsRRY,Bidding on Pokémon Card Auctions LIVE — Slab Hunting on Whatnot | Jul 17,Cloud Shape Interpreting,replay,message,43:18,@KerryLacey-p4d,16 now,False,False,False,,,2026-07-17T21:05:19.124Z,TCG/Pokemon,Pokemon Cards,auction tracking; price tracking,"A chatter observes the current number as ""16 now"" during the auction stream.",medium,youtube_live:RHonjdvsRRY:1172
1173,RHonjdvsRRY,https://www.youtube.com/watch?v=RHonjdvsRRY,Bidding on Pokémon Card Auctions LIVE — Slab Hunting on Whatnot | Jul 17,Cloud Shape Interpreting,replay,message,43:42,@I-LOVEBlRDS,no I don't,False,True,False,,,2026-07-17T21:05:43.155Z,TCG/Pokemon,Pokemon Cards,unclear reaction,"A viewer states ""no I don't"" during a Pokemon card stream.",low,youtube_live:RHonjdvsRRY:1173
1174,RHonjdvsRRY,https://www.youtube.com/watch?v=RHonjdvsRRY,Bidding on Pokémon Card Auctions LIVE — Slab Hunting on Whatnot | Jul 17,Cloud Shape Interpreting,replay,message,43:55,@KerryLacey-p4d,25 now,False,False,False,,,2026-07-17T21:05:55.697Z,TCG/Pokemon,Pokemon Cards,auction tracking; pricing,"A user notes the number or bid level ""25 now"" during an auction stream.",medium,youtube_live:RHonjdvsRRY:1174
1175,RHonjdvsRRY,https://www.youtube.com/watch?v=RHonjdvsRRY,Bidding on Pokémon Card Auctions LIVE — Slab Hunting on Whatnot | Jul 17,Cloud Shape Interpreting,replay,message,44:22,@I-LOVEBlRDS,oh I recognize a pokemon for once,False,True,False,,,2026-07-17T21:06:23.337Z,TCG/Pokemon,Pokemon Cards,card recognition,A viewer mentions recognizing a Pokemon for once during the stream.,high,youtube_live:RHonjdvsRRY:1175
1176,RHonjdvsRRY,https://www.youtube.com/watch?v=RHonjdvsRRY,Bidding on Pokémon Card Auctions LIVE — Slab Hunting on Whatnot | Jul 17,Cloud Shape Interpreting,replay,message,44:59,@I-LOVEBlRDS,that's a very simple looking card,False,True,False,,,2026-07-17T21:06:59.554Z,TCG/Pokemon,Pokemon Cards,card design,A viewer observes that a card looks very simple.,high,youtube_live:RHonjdvsRRY:1176
1177,RHonjdvsRRY,https://www.youtube.com/watch?v=RHonjdvsRRY,Bidding on Pokémon Card Auctions LIVE — Slab Hunting on Whatnot | Jul 17,Cloud Shape Interpreting,replay,message,45:37,@KerryLacey-p4d,900 now pls,False,False,False,,,2026-07-17T21:07:38.116Z,TCG/Pokemon,Pokemon Cards,auction tracking; bidding request,"A user posts ""900 now pls"" in the livestream chat.",medium,youtube_live:RHonjdvsRRY:1177
1178,RHonjdvsRRY,https://www.youtube.com/watch?v=RHonjdvsRRY,Bidding on Pokémon Card Auctions LIVE — Slab Hunting on Whatnot | Jul 17,Cloud Shape Interpreting,replay,message,46:00,@Lovely123-n,I Wanna know how to say my height in american can someone translate I am 1 meter and 76 centimeter and translate that to your Guys heigt ,False,False,False,,,2026-07-17T21:08:01.416Z,Unclear,,general chat; height conversion,A user asks chat to translate their height from metric to American measurements.,high,youtube_live:RHonjdvsRRY:1178
1179,RHonjdvsRRY,https://www.youtube.com/watch?v=RHonjdvsRRY,Bidding on Pokémon Card Auctions LIVE — Slab Hunting on Whatnot | Jul 17,Cloud Shape Interpreting,replay,message,46:13,@KerryLacey-p4d,20 now,False,False,False,,,2026-07-17T21:08:13.687Z,TCG/Pokemon,Pokemon Cards,auction tracking; pricing,"A viewer posts ""20 now"" during the livestream.",medium,youtube_live:RHonjdvsRRY:1179
1180,RHonjdvsRRY,https://www.youtube.com/watch?v=RHonjdvsRRY,Bidding on Pokémon Card Auctions LIVE — Slab Hunting on Whatnot | Jul 17,Cloud Shape Interpreting,replay,message,46:42,@I-LOVEBlRDS,ima head out,False,True,False,,,2026-07-17T21:08:43.223Z,TCG/Pokemon,Pokemon Cards,stream departure,A viewer states that they are leaving the stream.,high,youtube_live:RHonjdvsRRY:1180
1181,RHonjdvsRRY,https://www.youtube.com/watch?v=RHonjdvsRRY,Bidding on Pokémon Card Auctions LIVE — Slab Hunting on Whatnot | Jul 17,Cloud Shape Interpreting,replay,message,46:55,@I-LOVEBlRDS,I hope you get good cards cloud,False,True,False,,,2026-07-17T21:08:56.469Z,TCG/Pokemon,Pokemon Cards,streamer support,A viewer wishes the streamer good luck in getting good cards.,high,youtube_live:RHonjdvsRRY:1181
1182,RHonjdvsRRY,https://www.youtube.com/watch?v=RHonjdvsRRY,Bidding on Pokémon Card Auctions LIVE — Slab Hunting on Whatnot | Jul 17,Cloud Shape Interpreting,replay,message,47:01,@Lovely123-n,Ok byee ,False,False,False,,,2026-07-17T21:09:01.648Z,TCG/Pokemon,Pokemon Cards,stream departure,A viewer says goodbye in chat.,high,youtube_live:RHonjdvsRRY:1182
1183,RHonjdvsRRY,https://www.youtube.com/watch?v=RHonjdvsRRY,Bidding on Pokémon Card Auctions LIVE — Slab Hunting on Whatnot | Jul 17,Cloud Shape Interpreting,replay,message,47:11,@I-LOVEBlRDS,cya guys,False,True,False,,,2026-07-17T21:09:11.990Z,TCG/Pokemon,Pokemon Cards,Viewer Farewell,A viewer says goodbye in the livestream chat.,high,youtube_live:RHonjdvsRRY:1183
1184,RHonjdvsRRY,https://www.youtube.com/watch?v=RHonjdvsRRY,Bidding on Pokémon Card Auctions LIVE — Slab Hunting on Whatnot | Jul 17,Cloud Shape Interpreting,replay,message,47:21,@Lovely123-n,Cya,False,False,False,,,2026-07-17T21:09:22.278Z,TCG/Pokemon,Pokemon Cards,Viewer Farewell,A viewer says goodbye in the chat.,high,youtube_live:RHonjdvsRRY:1184
1185,RHonjdvsRRY,https://www.youtube.com/watch?v=RHonjdvsRRY,Bidding on Pokémon Card Auctions LIVE — Slab Hunting on Whatnot | Jul 17,Cloud Shape Interpreting,replay,message,50:23,@Lovely123-n,Ima head out two but il be back tomarrow bye ,False,False,False,,,2026-07-17T21:12:23.543Z,TCG/Pokemon,Pokemon Cards,Viewer Farewell,A viewer announces they are leaving the stream and will return tomorrow.,high,youtube_live:RHonjdvsRRY:1185
1186,19bmF518whA,https://www.youtube.com/watch?v=19bmF518whA,LIVE Pokemon RIP N SHIP! DESTINED RIVALS ETB HIT OF NIGHT BONUS!,Nostalgia Nomics,replay,system,0:00,,Live chat replay is on. Messages that appeared when the stream was live will show up here.,False,False,False,,,2026-09-25T17:06:24.554Z,Unclear,,excluded system,Source system event; excluded from audience evidence.,low,youtube_live:19bmF518whA:1186
1187,19bmF518whA,https://www.youtube.com/watch?v=19bmF518whA,LIVE Pokemon RIP N SHIP! DESTINED RIVALS ETB HIT OF NIGHT BONUS!,Nostalgia Nomics,replay,message,0:00,@ayjay3093,Let's go folks! :hand-pink-waving:,False,False,False,,,2026-09-24T23:16:22.335Z,TCG/Pokemon,Pokemon Cards,Livestream Chat,A viewer greets the stream with an enthusiastic exclamation.,high,youtube_live:19bmF518whA:1187
1188,19bmF518whA,https://www.youtube.com/watch?v=19bmF518whA,LIVE Pokemon RIP N SHIP! DESTINED RIVALS ETB HIT OF NIGHT BONUS!,Nostalgia Nomics,replay,message,0:00,@Avenesa940,:hand-pink-waving::hand-pink-waving:everyone,False,False,True,,,2026-09-25T00:18:57.748Z,TCG/Pokemon,Pokemon Cards,Livestream Chat,A viewer sends waving emojis to greet everyone in the chat.,high,youtube_live:19bmF518whA:1188
1189,19bmF518whA,https://www.youtube.com/watch?v=19bmF518whA,LIVE Pokemon RIP N SHIP! DESTINED RIVALS ETB HIT OF NIGHT BONUS!,Nostalgia Nomics,replay,message,0:22,@Avenesa940,let's goooo,False,False,True,,,2026-09-25T00:28:58.083Z,TCG/Pokemon,Pokemon Cards,Livestream Chat,A viewer expresses excitement in the chat.,high,youtube_live:19bmF518whA:1189
1190,19bmF518whA,https://www.youtube.com/watch?v=19bmF518whA,LIVE Pokemon RIP N SHIP! DESTINED RIVALS ETB HIT OF NIGHT BONUS!,Nostalgia Nomics,replay,message,0:46,@cr0ssfade_ow,:popcorn-yellow-striped-smile::popcorn-yellow-striped-smile::popcorn-yellow-striped-smile:,False,True,True,,,2026-09-25T00:29:22.233Z,TCG/Pokemon,Pokemon Cards,Livestream Chat,A viewer posts popcorn emojis in the chat.,high,youtube_live:19bmF518whA:1190
1191,19bmF518whA,https://www.youtube.com/watch?v=19bmF518whA,LIVE Pokemon RIP N SHIP! DESTINED RIVALS ETB HIT OF NIGHT BONUS!,Nostalgia Nomics,replay,message,1:19,@cr0ssfade_ow,Nikke is due!,False,True,True,,,2026-09-25T00:29:55.564Z,TCG/Pokemon,Pokemon Cards,Live Rip,A viewer remarks that 'Nikke is due'.,medium,youtube_live:19bmF518whA:1191
1192,19bmF518whA,https://www.youtube.com/watch?v=19bmF518whA,LIVE Pokemon RIP N SHIP! DESTINED RIVALS ETB HIT OF NIGHT BONUS!,Nostalgia Nomics,replay,message,2:27,@cr0ssfade_ow,nice sale ,False,True,True,,,2026-09-25T00:31:03.132Z,TCG/Pokemon,Pokemon Cards,Sales,A viewer comments 'nice sale' during the livestream.,medium,youtube_live:19bmF518whA:1192
1193,19bmF518whA,https://www.youtube.com/watch?v=19bmF518whA,LIVE Pokemon RIP N SHIP! DESTINED RIVALS ETB HIT OF NIGHT BONUS!,Nostalgia Nomics,replay,message,2:34,@JKJWick,#besthitsonly!,False,False,False,,,2026-09-25T00:31:09.920Z,TCG/Pokemon,Pokemon Cards,Live Rip,A viewer comments with the hashtag '#besthitsonly!'.,high,youtube_live:19bmF518whA:1193
1194,19bmF518whA,https://www.youtube.com/watch?v=19bmF518whA,LIVE Pokemon RIP N SHIP! DESTINED RIVALS ETB HIT OF NIGHT BONUS!,Nostalgia Nomics,replay,message,3:25,@ohnoitsjosey,f f f f FOLKS!,False,False,False,,,2026-09-25T00:32:00.691Z,TCG/Pokemon,Pokemon Cards,Livestream Chat,A viewer exclaims 'f f f f FOLKS!' in chat.,medium,youtube_live:19bmF518whA:1194
1195,19bmF518whA,https://www.youtube.com/watch?v=19bmF518whA,LIVE Pokemon RIP N SHIP! DESTINED RIVALS ETB HIT OF NIGHT BONUS!,Nostalgia Nomics,replay,message,3:34,@JKJWick,Chilling Reign is in stock. My LGS had one chilling booster pack left at $20.00. Decided to pass. Lets see some mind blowing hits!,False,False,False,,,2026-09-25T00:32:09.546Z,TCG/Pokemon,Pokemon Cards,Retail Availability; Pricing,A viewer reports passing on a $20 Chilling Reign booster pack at their local game store.,high,youtube_live:19bmF518whA:1195
1196,19bmF518whA,https://www.youtube.com/watch?v=19bmF518whA,LIVE Pokemon RIP N SHIP! DESTINED RIVALS ETB HIT OF NIGHT BONUS!,Nostalgia Nomics,replay,message,3:34,@cr0ssfade_ow,hit of the night! :popcorn-yellow-striped-smile:,False,True,True,,,2026-09-25T00:32:10.005Z,TCG/Pokemon,Pokemon Cards,Live Rip,A viewer mentions 'hit of the night!' with a popcorn emoji.,high,youtube_live:19bmF518whA:1196
1197,19bmF518whA,https://www.youtube.com/watch?v=19bmF518whA,LIVE Pokemon RIP N SHIP! DESTINED RIVALS ETB HIT OF NIGHT BONUS!,Nostalgia Nomics,replay,message,4:15,@bloodandteeth,Folks!!,False,False,True,,,2026-09-25T00:32:50.592Z,TCG/Pokemon,Pokemon Cards,livestream chat,"A viewer greets the chat with ""Folks!!"" during a Pokemon rip and ship livestream.",high,youtube_live:19bmF518whA:1197
1198,19bmF518whA,https://www.youtube.com/watch?v=19bmF518whA,LIVE Pokemon RIP N SHIP! DESTINED RIVALS ETB HIT OF NIGHT BONUS!,Nostalgia Nomics,replay,message,5:00,@ohnoitsjosey,what’s nikke?,False,False,False,,,2026-09-25T00:33:36.387Z,Other / emerging,Mobile Games,general query,"A user asks what ""nikke"" is in the livestream chat.",medium,youtube_live:19bmF518whA:1198
1199,19bmF518whA,https://www.youtube.com/watch?v=19bmF518whA,LIVE Pokemon RIP N SHIP! DESTINED RIVALS ETB HIT OF NIGHT BONUS!,Nostalgia Nomics,replay,message,5:33,@cr0ssfade_ow,i think its a mobile game ,False,True,True,,,2026-09-25T00:34:09.434Z,Other / emerging,Mobile Games,general query,A chatter responds that they think it is a mobile game.,medium,youtube_live:19bmF518whA:1199
1200,19bmF518whA,https://www.youtube.com/watch?v=19bmF518whA,LIVE Pokemon RIP N SHIP! DESTINED RIVALS ETB HIT OF NIGHT BONUS!,Nostalgia Nomics,replay,message,5:47,@cr0ssfade_ow,sick looking card ,False,True,True,,,2026-09-25T00:34:23.054Z,TCG/Pokemon,Pokemon Cards,card aesthetic,"A viewer comments that a card is ""sick looking"" during the rip and ship stream.",high,youtube_live:19bmF518whA:1200
1201,19bmF518whA,https://www.youtube.com/watch?v=19bmF518whA,LIVE Pokemon RIP N SHIP! DESTINED RIVALS ETB HIT OF NIGHT BONUS!,Nostalgia Nomics,replay,message,5:55,@cr0ssfade_ow,pew pew ,False,True,True,,,2026-09-25T00:34:31.510Z,TCG/Pokemon,Pokemon Cards,unclear reaction,"A user writes ""pew pew"" in the livestream chat.",low,youtube_live:19bmF518whA:1201
1202,19bmF518whA,https://www.youtube.com/watch?v=19bmF518whA,LIVE Pokemon RIP N SHIP! DESTINED RIVALS ETB HIT OF NIGHT BONUS!,Nostalgia Nomics,replay,message,6:02,@ohnoitsjosey,ooohhh ,False,False,False,,,2026-09-25T00:34:38.490Z,TCG/Pokemon,Pokemon Cards,unclear reaction,"A viewer reacts with ""ooohhh"" during the livestream.",low,youtube_live:19bmF518whA:1202
1203,19bmF518whA,https://www.youtube.com/watch?v=19bmF518whA,LIVE Pokemon RIP N SHIP! DESTINED RIVALS ETB HIT OF NIGHT BONUS!,Nostalgia Nomics,replay,message,6:30,@ohnoitsjosey,Dragon Ball when Alex?,False,False,False,,,2026-09-25T00:35:05.951Z,TCG/Pokemon,Dragon Ball Super Card Game,stream schedule,A chatter asks Alex when Dragon Ball will be featured.,medium,youtube_live:19bmF518whA:1203
1204,19bmF518whA,https://www.youtube.com/watch?v=19bmF518whA,LIVE Pokemon RIP N SHIP! DESTINED RIVALS ETB HIT OF NIGHT BONUS!,Nostalgia Nomics,replay,message,6:31,@ayjay3093,how we doing folks?!,False,False,False,,,2026-09-25T00:35:06.917Z,TCG/Pokemon,Pokemon Cards,livestream chat,A viewer asks how everyone is doing in the chat.,high,youtube_live:19bmF518whA:1204
1205,19bmF518whA,https://www.youtube.com/watch?v=19bmF518whA,LIVE Pokemon RIP N SHIP! DESTINED RIVALS ETB HIT OF NIGHT BONUS!,Nostalgia Nomics,replay,message,7:02,@cr0ssfade_ow,nice hits,False,True,True,,,2026-09-25T00:35:37.946Z,TCG/Pokemon,Pokemon Cards,card pulls,"A user compliments the pack pulls, saying ""nice hits"".",high,youtube_live:19bmF518whA:1205
1206,19bmF518whA,https://www.youtube.com/watch?v=19bmF518whA,LIVE Pokemon RIP N SHIP! DESTINED RIVALS ETB HIT OF NIGHT BONUS!,Nostalgia Nomics,replay,message,8:05,@ezraallen7312,what is this im curious,False,False,False,,,2026-09-25T00:36:41.554Z,TCG/Pokemon,Pokemon Cards,product inquiry,"A viewer asks what the item being shown is, stating they are curious.",medium,youtube_live:19bmF518whA:1206
1207,19bmF518whA,https://www.youtube.com/watch?v=19bmF518whA,LIVE Pokemon RIP N SHIP! DESTINED RIVALS ETB HIT OF NIGHT BONUS!,Nostalgia Nomics,replay,message,8:19,@Chris1777a-g1i,I like these pokemon,False,False,False,,,2026-09-25T00:36:54.874Z,TCG/Pokemon,Pokemon cards,card preference,A chatter expresses appreciation for the Pokemon cards being shown.,high,youtube_live:19bmF518whA:1207
1208,19bmF518whA,https://www.youtube.com/watch?v=19bmF518whA,LIVE Pokemon RIP N SHIP! DESTINED RIVALS ETB HIT OF NIGHT BONUS!,Nostalgia Nomics,replay,message,8:56,@cr0ssfade_ow,Rapi is cool,False,True,True,,,2026-09-25T00:37:31.841Z,TCG/Pokemon,Pokemon cards,card appreciation,A viewer comments that Rapi is cool during the stream.,medium,youtube_live:19bmF518whA:1208
1209,19bmF518whA,https://www.youtube.com/watch?v=19bmF518whA,LIVE Pokemon RIP N SHIP! DESTINED RIVALS ETB HIT OF NIGHT BONUS!,Nostalgia Nomics,replay,message,8:58,@cr0ssfade_ow,boom,False,True,True,,,2026-09-25T00:37:34.014Z,TCG/Pokemon,Pokemon cards,stream reaction,"A user posts an exclamatory reaction, 'boom', in the livestream chat.",low,youtube_live:19bmF518whA:1209
1210,19bmF518whA,https://www.youtube.com/watch?v=19bmF518whA,LIVE Pokemon RIP N SHIP! DESTINED RIVALS ETB HIT OF NIGHT BONUS!,Nostalgia Nomics,replay,message,9:03,@cr0ssfade_ow,that looks like a hit,False,True,True,,,2026-09-25T00:37:39.295Z,TCG/Pokemon,Pokemon cards,card pull,A viewer notes that a revealed card looks like a hit.,medium,youtube_live:19bmF518whA:1210
1211,19bmF518whA,https://www.youtube.com/watch?v=19bmF518whA,LIVE Pokemon RIP N SHIP! DESTINED RIVALS ETB HIT OF NIGHT BONUS!,Nostalgia Nomics,replay,message,10:15,@JKJWick,wrote this complex boolean search string to help a job seeker. Now it's time to rest :slightly_smiling_face: ,False,False,False,,,2026-09-25T00:38:51.378Z,Other / emerging,general conversation,off-topic chat,A chatter shares that they wrote a boolean search string to help a job seeker and is resting.,high,youtube_live:19bmF518whA:1211
1212,19bmF518whA,https://www.youtube.com/watch?v=19bmF518whA,LIVE Pokemon RIP N SHIP! DESTINED RIVALS ETB HIT OF NIGHT BONUS!,Nostalgia Nomics,replay,message,10:22,@ohnoitsjosey,HAM,False,False,False,,,2026-09-25T00:38:57.689Z,TCG/Pokemon,Pokemon cards,unclear reaction,A chatter simply writes 'HAM' in chat.,low,youtube_live:19bmF518whA:1212
1213,19bmF518whA,https://www.youtube.com/watch?v=19bmF518whA,LIVE Pokemon RIP N SHIP! DESTINED RIVALS ETB HIT OF NIGHT BONUS!,Nostalgia Nomics,replay,message,10:27,@JKJWick,JT revival!,False,False,False,,,2026-09-25T00:39:02.730Z,TCG/Pokemon,Pokemon cards,community support,A viewer cheers for 'JT revival!' during the stream.,medium,youtube_live:19bmF518whA:1213
1214,19bmF518whA,https://www.youtube.com/watch?v=19bmF518whA,LIVE Pokemon RIP N SHIP! DESTINED RIVALS ETB HIT OF NIGHT BONUS!,Nostalgia Nomics,replay,message,10:29,@Avenesa940,GL,False,False,True,,,2026-09-25T00:39:04.873Z,TCG/Pokemon,Pokemon cards,well wishes,A chatter wishes 'GL' (good luck) in the chat.,medium,youtube_live:19bmF518whA:1214
1215,19bmF518whA,https://www.youtube.com/watch?v=19bmF518whA,LIVE Pokemon RIP N SHIP! DESTINED RIVALS ETB HIT OF NIGHT BONUS!,Nostalgia Nomics,replay,message,10:29,@cr0ssfade_ow,i think its safe to say JT is due! ,False,True,True,,,2026-09-25T00:39:05.514Z,TCG/Pokemon,Pokemon cards,pack luck,A user remarks that JT is due for a hit.,medium,youtube_live:19bmF518whA:1215
1216,19bmF518whA,https://www.youtube.com/watch?v=19bmF518whA,LIVE Pokemon RIP N SHIP! DESTINED RIVALS ETB HIT OF NIGHT BONUS!,Nostalgia Nomics,replay,message,10:34,@ayjay3093,let's goooooo JT!,False,False,False,,,2026-09-25T00:39:10.330Z,TCG/Pokemon,Pokemon cards,community support,A viewer cheers on JT in the chat.,medium,youtube_live:19bmF518whA:1216
1217,19bmF518whA,https://www.youtube.com/watch?v=19bmF518whA,LIVE Pokemon RIP N SHIP! DESTINED RIVALS ETB HIT OF NIGHT BONUS!,Nostalgia Nomics,replay,message,10:45,@cr0ssfade_ow,something has to hit,False,True,True,,,2026-09-25T00:39:21.362Z,TCG/Pokemon,Pokemon Cards,pack opening; card pulls,A viewer states that something has to hit during the livestream.,medium,youtube_live:19bmF518whA:1217
1218,19bmF518whA,https://www.youtube.com/watch?v=19bmF518whA,LIVE Pokemon RIP N SHIP! DESTINED RIVALS ETB HIT OF NIGHT BONUS!,Nostalgia Nomics,replay,message,10:48,@Zachstahh,Coulda bought a master set for the same price 🤦🏻‍♂,False,False,True,,,2026-09-25T00:39:24.200Z,TCG/Pokemon,Pokemon Cards,pricing; master set,A user comments that a master set could have been bought for the same price.,high,youtube_live:19bmF518whA:1218
1219,19bmF518whA,https://www.youtube.com/watch?v=19bmF518whA,LIVE Pokemon RIP N SHIP! DESTINED RIVALS ETB HIT OF NIGHT BONUS!,Nostalgia Nomics,replay,message,11:00,@TheTrueHardcorefr3k,It's all the store said was there lol,False,False,False,,,2026-09-25T00:39:36.119Z,TCG/Pokemon,Pokemon Cards,retail inventory,A chatter remarks that it was all the store stated was available.,low,youtube_live:19bmF518whA:1219
1220,19bmF518whA,https://www.youtube.com/watch?v=19bmF518whA,LIVE Pokemon RIP N SHIP! DESTINED RIVALS ETB HIT OF NIGHT BONUS!,Nostalgia Nomics,replay,message,11:01,@cr0ssfade_ow,thats no fun ,False,True,True,,,2026-09-25T00:39:36.611Z,TCG/Pokemon,Pokemon Cards,unclear reaction,A viewer responds that doing that is no fun.,low,youtube_live:19bmF518whA:1220
1221,19bmF518whA,https://www.youtube.com/watch?v=19bmF518whA,LIVE Pokemon RIP N SHIP! DESTINED RIVALS ETB HIT OF NIGHT BONUS!,Nostalgia Nomics,replay,message,11:14,@ayjay3093,@Zachstahh nah,False,False,False,,,2026-09-25T00:39:49.931Z,TCG/Pokemon,Pokemon Cards,chat response,A viewer replies with 'nah' to another user.,low,youtube_live:19bmF518whA:1221
1222,19bmF518whA,https://www.youtube.com/watch?v=19bmF518whA,LIVE Pokemon RIP N SHIP! DESTINED RIVALS ETB HIT OF NIGHT BONUS!,Nostalgia Nomics,replay,message,11:15,@ezraallen7312,only do that for the 30th lol,False,False,False,,,2026-09-25T00:39:50.583Z,TCG/Pokemon,Pokemon Cards,chat commentary,A chatter mentions only doing that for the 30th anniversary.,low,youtube_live:19bmF518whA:1222
1223,19bmF518whA,https://www.youtube.com/watch?v=19bmF518whA,LIVE Pokemon RIP N SHIP! DESTINED RIVALS ETB HIT OF NIGHT BONUS!,Nostalgia Nomics,replay,membership,11:24,@Zachstahh,,False,False,True,,,2026-09-25T00:40:00.300Z,TCG/Pokemon,Pokemon Cards,membership,A channel membership event occurred during the Pokemon livestream.,medium,youtube_live:19bmF518whA:1223
1224,19bmF518whA,https://www.youtube.com/watch?v=19bmF518whA,LIVE Pokemon RIP N SHIP! DESTINED RIVALS ETB HIT OF NIGHT BONUS!,Nostalgia Nomics,replay,message,11:25,@TheTrueHardcorefr3k,I could have. or i could rip it on stream :beaming_face_with_smiling_eyes:,False,False,False,,,2026-09-25T00:40:00.580Z,TCG/Pokemon,Pokemon Cards,pack opening; rip and ship,A user comments that they could rip it on stream instead of other options.,medium,youtube_live:19bmF518whA:1224
1225,19bmF518whA,https://www.youtube.com/watch?v=19bmF518whA,LIVE Pokemon RIP N SHIP! DESTINED RIVALS ETB HIT OF NIGHT BONUS!,Nostalgia Nomics,replay,message,11:32,@ezraallen7312,@Zachstahh ,False,False,False,,,2026-09-25T00:40:07.944Z,TCG/Pokemon,Pokemon Cards,user mention,A viewer mentions another chat user without additional text.,low,youtube_live:19bmF518whA:1225
1226,19bmF518whA,https://www.youtube.com/watch?v=19bmF518whA,LIVE Pokemon RIP N SHIP! DESTINED RIVALS ETB HIT OF NIGHT BONUS!,Nostalgia Nomics,replay,message,11:35,@cr0ssfade_ow,gold,False,True,True,,,2026-09-25T00:40:11.285Z,TCG/Pokemon,Pokemon Cards,card pulls; unclear reaction,A viewer types 'gold' in response to the livestream.,low,youtube_live:19bmF518whA:1226
1227,19bmF518whA,https://www.youtube.com/watch?v=19bmF518whA,LIVE Pokemon RIP N SHIP! DESTINED RIVALS ETB HIT OF NIGHT BONUS!,Nostalgia Nomics,replay,message,12:08,@TylereHall,"Nomics, are you still banned from the supermarket? Wild, when you melted the entire frozen food section, just strolling through. ::) ",False,False,False,,,2026-09-25T00:40:44.235Z,Unclear,,streamer banter,A viewer makes an absurd joke asking if the streamer is still banned from a supermarket.,high,youtube_live:19bmF518whA:1227
1228,19bmF518whA,https://www.youtube.com/watch?v=19bmF518whA,LIVE Pokemon RIP N SHIP! DESTINED RIVALS ETB HIT OF NIGHT BONUS!,Nostalgia Nomics,replay,message,12:38,@Zachstahh,???,False,False,True,,,2026-09-25T00:41:14.490Z,Unclear,,unclear reaction,A user posts question marks in chat.,low,youtube_live:19bmF518whA:1228
1229,19bmF518whA,https://www.youtube.com/watch?v=19bmF518whA,LIVE Pokemon RIP N SHIP! DESTINED RIVALS ETB HIT OF NIGHT BONUS!,Nostalgia Nomics,replay,message,13:01,@ezraallen7312,Tylere wylin,False,False,False,,,2026-09-25T00:41:36.759Z,Unclear,,chat reaction,A commenter reacts to another user named Tylere acting wild.,medium,youtube_live:19bmF518whA:1229
1230,19bmF518whA,https://www.youtube.com/watch?v=19bmF518whA,LIVE Pokemon RIP N SHIP! DESTINED RIVALS ETB HIT OF NIGHT BONUS!,Nostalgia Nomics,replay,message,13:15,@TylereHall,It’s Dangerous for Nomics to be near frozen foods he could melt all that stuff ::) ,False,False,False,,,2026-09-25T00:41:51.052Z,Unclear,,streamer banter,A viewer continues a joke about Nomics being dangerous near frozen foods.,high,youtube_live:19bmF518whA:1230
1231,19bmF518whA,https://www.youtube.com/watch?v=19bmF518whA,LIVE Pokemon RIP N SHIP! DESTINED RIVALS ETB HIT OF NIGHT BONUS!,Nostalgia Nomics,replay,message,13:26,@cr0ssfade_ow,:fire::fire::fire:,False,True,True,,,2026-09-25T00:42:02.027Z,TCG/Pokemon,Pokemon cards,stream reaction,A viewer posts fire emojis during the stream.,low,youtube_live:19bmF518whA:1231
1232,19bmF518whA,https://www.youtube.com/watch?v=19bmF518whA,LIVE Pokemon RIP N SHIP! DESTINED RIVALS ETB HIT OF NIGHT BONUS!,Nostalgia Nomics,replay,message,13:50,@JKJWick,salamence and lillie's clefairy and articuno in one single opening please!,False,False,False,,,2026-09-25T00:42:26.052Z,TCG/Pokemon,Pokemon cards,pack opening; card pulls,"A viewer requests pulling Salamence, Lillie's Clefairy, and Articuno in a single opening.",high,youtube_live:19bmF518whA:1232
1233,19bmF518whA,https://www.youtube.com/watch?v=19bmF518whA,LIVE Pokemon RIP N SHIP! DESTINED RIVALS ETB HIT OF NIGHT BONUS!,Nostalgia Nomics,replay,message,14:03,@JKJWick,volcanion is an underrated one,False,False,False,,,2026-09-25T00:42:39.489Z,TCG/Pokemon,Pokemon cards,card preferences,A viewer considers Volcanion to be an underrated card.,high,youtube_live:19bmF518whA:1233
1234,19bmF518whA,https://www.youtube.com/watch?v=19bmF518whA,LIVE Pokemon RIP N SHIP! DESTINED RIVALS ETB HIT OF NIGHT BONUS!,Nostalgia Nomics,replay,message,14:09,@TheTrueHardcorefr3k,It'd be nice!,False,False,False,,,2026-09-25T00:42:45.129Z,TCG/Pokemon,Pokemon cards,stream reaction,A viewer remarks that something would be nice.,low,youtube_live:19bmF518whA:1234
1235,19bmF518whA,https://www.youtube.com/watch?v=19bmF518whA,LIVE Pokemon RIP N SHIP! DESTINED RIVALS ETB HIT OF NIGHT BONUS!,Nostalgia Nomics,replay,message,14:35,@Zachstahh,N’s Zoroark is my fav card in JT,False,False,True,,,2026-09-25T00:43:10.695Z,TCG/Pokemon,Pokemon cards,card preferences,A chatter states that N's Zoroark is their favorite card in the JT set.,high,youtube_live:19bmF518whA:1235
1236,19bmF518whA,https://www.youtube.com/watch?v=19bmF518whA,LIVE Pokemon RIP N SHIP! DESTINED RIVALS ETB HIT OF NIGHT BONUS!,Nostalgia Nomics,replay,message,14:55,@ezraallen7312,bro was in here tryna see if Alex on the market :astonished_face::flushed_face:,False,False,False,,,2026-09-25T00:43:31.535Z,Unclear,,chat banter,A chatter comments humorously about someone checking if Alex is on the market.,low,youtube_live:19bmF518whA:1236
1237,19bmF518whA,https://www.youtube.com/watch?v=19bmF518whA,LIVE Pokemon RIP N SHIP! DESTINED RIVALS ETB HIT OF NIGHT BONUS!,Nostalgia Nomics,replay,message,15:14,@Zachstahh,2nd fav is Lillie Rhibombee,False,False,True,,,2026-09-25T00:43:49.848Z,TCG/Pokemon,Pokemon Cards,Favorite Cards,A viewer states their second favorite card is Lillie's Ribombee.,high,youtube_live:19bmF518whA:1237
1238,19bmF518whA,https://www.youtube.com/watch?v=19bmF518whA,LIVE Pokemon RIP N SHIP! DESTINED RIVALS ETB HIT OF NIGHT BONUS!,Nostalgia Nomics,replay,message,16:17,@Avenesa940,brb going home,False,False,True,,,2026-09-25T00:44:52.885Z,Unclear,,Viewer Status,A chatter announces they will be right back while heading home.,high,youtube_live:19bmF518whA:1238
1239,19bmF518whA,https://www.youtube.com/watch?v=19bmF518whA,LIVE Pokemon RIP N SHIP! DESTINED RIVALS ETB HIT OF NIGHT BONUS!,Nostalgia Nomics,replay,message,16:20,@TheTrueHardcorefr3k,An SIR is due!,False,False,False,,,2026-09-25T00:44:55.772Z,TCG/Pokemon,Pokemon Cards,Card Pulls,A user expresses that a Special Illustration Rare (SIR) card is due.,high,youtube_live:19bmF518whA:1239
1240,19bmF518whA,https://www.youtube.com/watch?v=19bmF518whA,LIVE Pokemon RIP N SHIP! DESTINED RIVALS ETB HIT OF NIGHT BONUS!,Nostalgia Nomics,replay,message,16:52,@cr0ssfade_ow,nice bird ,False,True,True,,,2026-09-25T00:45:27.886Z,TCG/Pokemon,Pokemon Cards,Card Reaction,A viewer compliments a bird card during the stream.,medium,youtube_live:19bmF518whA:1240
1241,19bmF518whA,https://www.youtube.com/watch?v=19bmF518whA,LIVE Pokemon RIP N SHIP! DESTINED RIVALS ETB HIT OF NIGHT BONUS!,Nostalgia Nomics,replay,message,16:59,@Zachstahh,Would you ever do a stream where people submit their Collectr portfolio and you rate there investment/collection?,False,False,True,,,2026-09-25T00:45:35.029Z,TCG/Pokemon,Pokemon Cards,Portfolio Review; Stream Idea,A viewer asks if the streamer would rate viewers' Collectr portfolios and investments on stream.,high,youtube_live:19bmF518whA:1241
1242,19bmF518whA,https://www.youtube.com/watch?v=19bmF518whA,LIVE Pokemon RIP N SHIP! DESTINED RIVALS ETB HIT OF NIGHT BONUS!,Nostalgia Nomics,replay,message,17:00,@ayjay3093,love the articuno,False,False,False,,,2026-09-25T00:45:35.662Z,TCG/Pokemon,Pokemon Cards,Card Reaction,A chatter expresses appreciation for an Articuno card.,high,youtube_live:19bmF518whA:1242
1243,19bmF518whA,https://www.youtube.com/watch?v=19bmF518whA,LIVE Pokemon RIP N SHIP! DESTINED RIVALS ETB HIT OF NIGHT BONUS!,Nostalgia Nomics,replay,message,17:04,@TheTrueHardcorefr3k,I'll take the articuno! Love that card!,False,False,False,,,2026-09-25T00:45:39.857Z,TCG/Pokemon,Pokemon Cards,Card Claim; Card Appreciation,A viewer asks to take the Articuno card and states their love for it.,high,youtube_live:19bmF518whA:1243
1244,19bmF518whA,https://www.youtube.com/watch?v=19bmF518whA,LIVE Pokemon RIP N SHIP! DESTINED RIVALS ETB HIT OF NIGHT BONUS!,Nostalgia Nomics,replay,membership,17:04,@Fernando_FSG,,False,True,True,,,2026-09-25T00:45:40.362Z,TCG/Pokemon,Channel Membership,Membership Event,A channel membership event occurred during the Pokemon livestream.,medium,youtube_live:19bmF518whA:1244
1245,19bmF518whA,https://www.youtube.com/watch?v=19bmF518whA,LIVE Pokemon RIP N SHIP! DESTINED RIVALS ETB HIT OF NIGHT BONUS!,Nostalgia Nomics,replay,message,17:07,@truck8430,Great card,False,False,False,,,2026-09-25T00:45:43.259Z,TCG/Pokemon,Pokemon Cards,Card Reaction,A viewer compliments an unspecified card as great.,medium,youtube_live:19bmF518whA:1245
1246,19bmF518whA,https://www.youtube.com/watch?v=19bmF518whA,LIVE Pokemon RIP N SHIP! DESTINED RIVALS ETB HIT OF NIGHT BONUS!,Nostalgia Nomics,replay,message,17:09,@ezraallen7312,nice,False,False,False,,,2026-09-25T00:45:44.753Z,TCG/Pokemon,Pokemon Cards,General Reaction,A viewer posts a brief reaction saying 'nice'.,low,youtube_live:19bmF518whA:1246
1247,19bmF518whA,https://www.youtube.com/watch?v=19bmF518whA,LIVE Pokemon RIP N SHIP! DESTINED RIVALS ETB HIT OF NIGHT BONUS!,Nostalgia Nomics,replay,message,17:56,@Fernando_FSG,Long time ,False,True,True,,,2026-09-25T00:46:32.174Z,TCG/Pokemon,Pokemon cards,viewer greeting,A viewer comments 'Long time' during the Pokemon rip and ship livestream.,low,youtube_live:19bmF518whA:1247
1248,19bmF518whA,https://www.youtube.com/watch?v=19bmF518whA,LIVE Pokemon RIP N SHIP! DESTINED RIVALS ETB HIT OF NIGHT BONUS!,Nostalgia Nomics,replay,message,18:25,@TheTrueHardcorefr3k,All it takes is one pack,False,False,False,,,2026-09-25T00:47:01.421Z,TCG/Pokemon,Pokemon cards,pack opening,A chatter remarks that all it takes is one pack.,high,youtube_live:19bmF518whA:1248
1249,19bmF518whA,https://www.youtube.com/watch?v=19bmF518whA,LIVE Pokemon RIP N SHIP! DESTINED RIVALS ETB HIT OF NIGHT BONUS!,Nostalgia Nomics,replay,message,18:33,@Fernando_FSG,I want Jake’s at 36 months cuh ,False,True,True,,,2026-09-25T00:47:09.188Z,TCG/Pokemon,Pokemon cards,chat banter,A viewer posts an informal comment about wanting Jake's at 36 months.,low,youtube_live:19bmF518whA:1249
1250,19bmF518whA,https://www.youtube.com/watch?v=19bmF518whA,LIVE Pokemon RIP N SHIP! DESTINED RIVALS ETB HIT OF NIGHT BONUS!,Nostalgia Nomics,replay,message,18:51,@ezraallen7312,does this set have N's reshi?,False,False,False,,,2026-09-25T00:47:27.433Z,TCG/Pokemon,Pokemon cards,card checklist,A chatter asks if the featured card set includes N's Reshiram.,high,youtube_live:19bmF518whA:1250
1251,19bmF518whA,https://www.youtube.com/watch?v=19bmF518whA,LIVE Pokemon RIP N SHIP! DESTINED RIVALS ETB HIT OF NIGHT BONUS!,Nostalgia Nomics,replay,message,19:12,@TheTrueHardcorefr3k,Warlord is gorgeous!,False,False,False,,,2026-09-25T00:47:48.515Z,TCG/Pokemon,Pokemon cards,card appreciation,"A viewer praises the appearance of a Wailord card, calling it gorgeous.",high,youtube_live:19bmF518whA:1251
1252,19bmF518whA,https://www.youtube.com/watch?v=19bmF518whA,LIVE Pokemon RIP N SHIP! DESTINED RIVALS ETB HIT OF NIGHT BONUS!,Nostalgia Nomics,replay,message,19:19,@TheTrueHardcorefr3k,wailord lol,False,False,False,,,2026-09-25T00:47:54.628Z,TCG/Pokemon,Pokemon cards,card appreciation,A viewer corrects their previous spelling to 'wailord lol'.,high,youtube_live:19bmF518whA:1252
1253,19bmF518whA,https://www.youtube.com/watch?v=19bmF518whA,LIVE Pokemon RIP N SHIP! DESTINED RIVALS ETB HIT OF NIGHT BONUS!,Nostalgia Nomics,replay,message,19:22,@ayjay3093,yes,False,False,False,,,2026-09-25T00:47:58.067Z,TCG/Pokemon,Pokemon cards,chat response,A user replies with 'yes' in the livestream chat.,low,youtube_live:19bmF518whA:1253
1254,19bmF518whA,https://www.youtube.com/watch?v=19bmF518whA,LIVE Pokemon RIP N SHIP! DESTINED RIVALS ETB HIT OF NIGHT BONUS!,Nostalgia Nomics,replay,message,19:24,@TheTrueHardcorefr3k,Thanks Alex!,False,False,False,,,2026-09-25T00:48:00.531Z,TCG/Pokemon,Pokemon cards,viewer gratitude,A chatter thanks Alex in the livestream chat.,medium,youtube_live:19bmF518whA:1254
1255,19bmF518whA,https://www.youtube.com/watch?v=19bmF518whA,LIVE Pokemon RIP N SHIP! DESTINED RIVALS ETB HIT OF NIGHT BONUS!,Nostalgia Nomics,replay,message,20:16,@DJsPokeCenter,yooo,False,False,False,,,2026-09-25T00:48:51.811Z,TCG/Pokemon,Pokemon cards,stream reaction,A chatter exclaims 'yooo' in the livestream chat.,low,youtube_live:19bmF518whA:1255
1256,19bmF518whA,https://www.youtube.com/watch?v=19bmF518whA,LIVE Pokemon RIP N SHIP! DESTINED RIVALS ETB HIT OF NIGHT BONUS!,Nostalgia Nomics,replay,message,20:26,@superdoo-tv,lets goo,False,False,False,,,2026-09-25T00:49:02.111Z,TCG/Pokemon,Pokemon cards,stream excitement,A viewer cheers with 'lets goo' during the Pokemon rip and ship livestream.,low,youtube_live:19bmF518whA:1256
1257,19bmF518whA,https://www.youtube.com/watch?v=19bmF518whA,LIVE Pokemon RIP N SHIP! DESTINED RIVALS ETB HIT OF NIGHT BONUS!,Nostalgia Nomics,replay,message,20:32,@superdoo-tv,whats up dj!,False,False,False,,,2026-09-25T00:49:07.830Z,Unclear,,greeting,A viewer greets DJ in the livestream chat.,high,youtube_live:19bmF518whA:1257
1258,19bmF518whA,https://www.youtube.com/watch?v=19bmF518whA,LIVE Pokemon RIP N SHIP! DESTINED RIVALS ETB HIT OF NIGHT BONUS!,Nostalgia Nomics,replay,message,20:41,@Turo_Denver,Beautiful articuno,False,False,False,,,2026-09-25T00:49:17.361Z,TCG/Pokemon,Pokemon Cards,card appreciation,A viewer praises an Articuno card as beautiful.,high,youtube_live:19bmF518whA:1258
1259,19bmF518whA,https://www.youtube.com/watch?v=19bmF518whA,LIVE Pokemon RIP N SHIP! DESTINED RIVALS ETB HIT OF NIGHT BONUS!,Nostalgia Nomics,replay,message,21:29,@Zachstahh,"I thought JT was under rated UNTIL Ascended came out and it had a better Cleffairy, a better Zoroark, a better bellibolt than JT. It completely mogged JT which is a bit sad.",False,False,True,,,2026-09-25T00:50:04.830Z,TCG/Pokemon,Pokemon Cards,set comparison,"A user compares cards between sets, arguing Ascended outperformed JT on specific Pokemon.",high,youtube_live:19bmF518whA:1259
1260,19bmF518whA,https://www.youtube.com/watch?v=19bmF518whA,LIVE Pokemon RIP N SHIP! DESTINED RIVALS ETB HIT OF NIGHT BONUS!,Nostalgia Nomics,replay,message,21:31,@dparker4340,Woah these gals I bet have great personalities :face_with_tears_of_joy: ,False,True,False,,,2026-09-25T00:50:06.927Z,TCG/Pokemon,Pokemon Cards,unclear reaction,A user reacts with amusement about female characters or cards.,low,youtube_live:19bmF518whA:1260
1261,19bmF518whA,https://www.youtube.com/watch?v=19bmF518whA,LIVE Pokemon RIP N SHIP! DESTINED RIVALS ETB HIT OF NIGHT BONUS!,Nostalgia Nomics,replay,message,21:41,@DJsPokeCenter,hi,False,False,False,,,2026-09-25T00:50:17.178Z,Unclear,,greeting,A viewer sends a simple greeting.,high,youtube_live:19bmF518whA:1261
1262,19bmF518whA,https://www.youtube.com/watch?v=19bmF518whA,LIVE Pokemon RIP N SHIP! DESTINED RIVALS ETB HIT OF NIGHT BONUS!,Nostalgia Nomics,replay,message,22:02,@cr0ssfade_ow,hi,False,True,True,,,2026-09-25T00:50:38.056Z,Unclear,,greeting,A viewer sends a simple greeting.,high,youtube_live:19bmF518whA:1262
1263,19bmF518whA,https://www.youtube.com/watch?v=19bmF518whA,LIVE Pokemon RIP N SHIP! DESTINED RIVALS ETB HIT OF NIGHT BONUS!,Nostalgia Nomics,replay,message,22:02,@DJsPokeCenter,how's the ripping going!,False,False,False,,,2026-09-25T00:50:38.435Z,TCG/Pokemon,Pokemon Cards,pack opening,A viewer asks how the pack opening is going.,medium,youtube_live:19bmF518whA:1263
1264,19bmF518whA,https://www.youtube.com/watch?v=19bmF518whA,LIVE Pokemon RIP N SHIP! DESTINED RIVALS ETB HIT OF NIGHT BONUS!,Nostalgia Nomics,replay,message,22:22,@cr0ssfade_ow,nice hit ,False,True,True,,,2026-09-25T00:50:58.238Z,TCG/Pokemon,Pokemon Cards,pull appreciation,A user compliments a successful card pull.,medium,youtube_live:19bmF518whA:1264
1265,19bmF518whA,https://www.youtube.com/watch?v=19bmF518whA,LIVE Pokemon RIP N SHIP! DESTINED RIVALS ETB HIT OF NIGHT BONUS!,Nostalgia Nomics,replay,message,22:22,@adamtrimble6525,"I disagree @Zach. I think JT is a solid set, especially for the price of a master set lol. ",False,False,False,,,2026-09-25T00:50:58.396Z,TCG/Pokemon,Pokemon Cards,set evaluation,"A viewer defends the JT set as solid, highlighting the price of a master set.",high,youtube_live:19bmF518whA:1265
1266,19bmF518whA,https://www.youtube.com/watch?v=19bmF518whA,LIVE Pokemon RIP N SHIP! DESTINED RIVALS ETB HIT OF NIGHT BONUS!,Nostalgia Nomics,replay,message,22:29,@OhMyEliz,Nice!,False,False,False,,,2026-09-25T00:51:05.235Z,TCG/Pokemon,Pokemon Cards,unclear reaction,A viewer expresses a positive reaction.,low,youtube_live:19bmF518whA:1266
1267,19bmF518whA,https://www.youtube.com/watch?v=19bmF518whA,LIVE Pokemon RIP N SHIP! DESTINED RIVALS ETB HIT OF NIGHT BONUS!,Nostalgia Nomics,replay,message,22:46,@dparker4340,DJ dude man —still not sure how the ‘scalpers getting cooked’ narrative got started. It’s wild one guy posts some nonsense and it takes off ,False,True,False,,,2026-09-25T00:51:22.019Z,TCG/Pokemon,Pokemon Cards,market discussion; scalping,A viewer questions how the narrative about scalpers losing money originated and spread.,high,youtube_live:19bmF518whA:1267
1268,19bmF518whA,https://www.youtube.com/watch?v=19bmF518whA,LIVE Pokemon RIP N SHIP! DESTINED RIVALS ETB HIT OF NIGHT BONUS!,Nostalgia Nomics,replay,message,22:58,@JKJWick,foil-stamped gold signature is what we're salivating for!,False,False,False,,,2026-09-25T00:51:33.777Z,TCG/Pokemon,Pokemon Cards,card chase; card pulls,A chatter expresses high interest in pulling a foil-stamped gold signature card.,high,youtube_live:19bmF518whA:1268
1269,19bmF518whA,https://www.youtube.com/watch?v=19bmF518whA,LIVE Pokemon RIP N SHIP! DESTINED RIVALS ETB HIT OF NIGHT BONUS!,Nostalgia Nomics,replay,message,23:01,@DJsPokeCenter,:hundred_points:,False,False,False,,,2026-09-25T00:51:36.928Z,TCG/Pokemon,Pokemon Cards,chat reaction,A user posts a hundred points emoji in the stream chat.,medium,youtube_live:19bmF518whA:1269
1270,19bmF518whA,https://www.youtube.com/watch?v=19bmF518whA,LIVE Pokemon RIP N SHIP! DESTINED RIVALS ETB HIT OF NIGHT BONUS!,Nostalgia Nomics,replay,message,23:11,@cr0ssfade_ow,boom,False,True,True,,,2026-09-25T00:51:47.568Z,TCG/Pokemon,Pokemon Cards,chat reaction,A chatter reacts with 'boom' during the Pokemon card stream.,medium,youtube_live:19bmF518whA:1270
1271,19bmF518whA,https://www.youtube.com/watch?v=19bmF518whA,LIVE Pokemon RIP N SHIP! DESTINED RIVALS ETB HIT OF NIGHT BONUS!,Nostalgia Nomics,replay,message,23:16,@cr0ssfade_ow,thats a hit,False,True,True,,,2026-09-25T00:51:51.715Z,TCG/Pokemon,Pokemon Cards,card pulls,A viewer declares that an opened card is a hit.,high,youtube_live:19bmF518whA:1271
1272,19bmF518whA,https://www.youtube.com/watch?v=19bmF518whA,LIVE Pokemon RIP N SHIP! DESTINED RIVALS ETB HIT OF NIGHT BONUS!,Nostalgia Nomics,replay,message,23:21,@BoostedLNF,Ddin't Matt S get a signature one last night got? ,False,False,True,,,2026-09-25T00:51:56.804Z,TCG/Pokemon,Pokemon Cards,card pulls,A chatter asks if another user pulled a signature card the previous night.,high,youtube_live:19bmF518whA:1272
1273,19bmF518whA,https://www.youtube.com/watch?v=19bmF518whA,LIVE Pokemon RIP N SHIP! DESTINED RIVALS ETB HIT OF NIGHT BONUS!,Nostalgia Nomics,replay,message,23:36,@OhMyEliz,Wow ty ,False,False,False,,,2026-09-25T00:52:12.035Z,TCG/Pokemon,Pokemon Cards,chat reaction,A user says 'Wow ty' in the chat.,medium,youtube_live:19bmF518whA:1273
1274,19bmF518whA,https://www.youtube.com/watch?v=19bmF518whA,LIVE Pokemon RIP N SHIP! DESTINED RIVALS ETB HIT OF NIGHT BONUS!,Nostalgia Nomics,replay,message,23:36,@cr0ssfade_ow,yes,False,True,True,,,2026-09-25T00:52:12.321Z,TCG/Pokemon,Pokemon Cards,chat reaction,A chatter sends 'yes' in the stream.,low,youtube_live:19bmF518whA:1274
1275,19bmF518whA,https://www.youtube.com/watch?v=19bmF518whA,LIVE Pokemon RIP N SHIP! DESTINED RIVALS ETB HIT OF NIGHT BONUS!,Nostalgia Nomics,replay,message,23:49,@JKJWick,yeah it was a blue one @BoostedLNF ,False,False,False,,,2026-09-25T00:52:25.239Z,TCG/Pokemon,Pokemon Cards,card pulls,A user replies that a previously pulled signature card was blue.,high,youtube_live:19bmF518whA:1275
1276,19bmF518whA,https://www.youtube.com/watch?v=19bmF518whA,LIVE Pokemon RIP N SHIP! DESTINED RIVALS ETB HIT OF NIGHT BONUS!,Nostalgia Nomics,replay,message,23:51,@BoostedLNF,GL ,False,False,True,,,2026-09-25T00:52:27.512Z,TCG/Pokemon,Pokemon Cards,chat reaction,A viewer writes 'GL' to wish good luck in the stream.,medium,youtube_live:19bmF518whA:1276
1277,19bmF518whA,https://www.youtube.com/watch?v=19bmF518whA,LIVE Pokemon RIP N SHIP! DESTINED RIVALS ETB HIT OF NIGHT BONUS!,Nostalgia Nomics,replay,message,24:02,@BoostedLNF,are those wet signatures? ,False,False,True,,,2026-09-25T00:52:38.173Z,TCG/Pokemon,Pokemon Cards,Autographs; Signatures,A viewer asks if the signatures shown are wet signatures.,medium,youtube_live:19bmF518whA:1277
1278,19bmF518whA,https://www.youtube.com/watch?v=19bmF518whA,LIVE Pokemon RIP N SHIP! DESTINED RIVALS ETB HIT OF NIGHT BONUS!,Nostalgia Nomics,replay,message,24:06,@dparker4340,Ooo GL! ,False,True,False,,,2026-09-25T00:52:41.710Z,TCG/Pokemon,Pokemon Cards,Good Luck; Stream Chat,A chatter wishes good luck during the livestream.,high,youtube_live:19bmF518whA:1278
1279,19bmF518whA,https://www.youtube.com/watch?v=19bmF518whA,LIVE Pokemon RIP N SHIP! DESTINED RIVALS ETB HIT OF NIGHT BONUS!,Nostalgia Nomics,replay,message,24:10,@DJsPokeCenter,nikke is selling well i see!,False,False,False,,,2026-09-25T00:52:46.352Z,TCG/Pokemon,Anime TCG,Market Demand; Sales,A viewer observes that Nikke cards or merchandise appear to be selling well.,medium,youtube_live:19bmF518whA:1279
1280,19bmF518whA,https://www.youtube.com/watch?v=19bmF518whA,LIVE Pokemon RIP N SHIP! DESTINED RIVALS ETB HIT OF NIGHT BONUS!,Nostalgia Nomics,replay,message,24:17,@Zachstahh,"I thought it was solid for a while @adamtrimble it’s still not bad but if you are comparing it to other Trainer Pokemon sets, it’s at the bottom.",False,False,True,,,2026-09-25T00:52:53.306Z,TCG/Pokemon,Pokemon Cards,Set Comparison; Product Value,A viewer notes a set ranks at the bottom compared to other Trainer Pokemon sets.,high,youtube_live:19bmF518whA:1280
1281,19bmF518whA,https://www.youtube.com/watch?v=19bmF518whA,LIVE Pokemon RIP N SHIP! DESTINED RIVALS ETB HIT OF NIGHT BONUS!,Nostalgia Nomics,replay,message,24:25,@dparker4340,Can he get all 9 artworks?!,False,True,False,,,2026-09-25T00:53:01.091Z,TCG/Pokemon,Pokemon Cards,Pack Opening; Card Artworks,A chatter asks if the streamer can obtain all nine card artworks.,high,youtube_live:19bmF518whA:1281
1282,19bmF518whA,https://www.youtube.com/watch?v=19bmF518whA,LIVE Pokemon RIP N SHIP! DESTINED RIVALS ETB HIT OF NIGHT BONUS!,Nostalgia Nomics,replay,message,24:25,@Zachstahh,IMO,False,False,True,,,2026-09-25T00:53:01.469Z,TCG/Pokemon,Pokemon Cards,Opinion; Stream Chat,"A viewer adds ""IMO"" to qualify their previous statement.",medium,youtube_live:19bmF518whA:1282
1283,19bmF518whA,https://www.youtube.com/watch?v=19bmF518whA,LIVE Pokemon RIP N SHIP! DESTINED RIVALS ETB HIT OF NIGHT BONUS!,Nostalgia Nomics,replay,message,25:05,@ezraallen7312,wow,False,False,False,,,2026-09-25T00:53:40.813Z,TCG/Pokemon,Pokemon Cards,Reaction,"A user expresses surprise with ""wow"" during the stream.",low,youtube_live:19bmF518whA:1283
1284,19bmF518whA,https://www.youtube.com/watch?v=19bmF518whA,LIVE Pokemon RIP N SHIP! DESTINED RIVALS ETB HIT OF NIGHT BONUS!,Nostalgia Nomics,replay,message,25:18,@Zachstahh,I loved the Zoarark I bought it for too much lol and then when the Zoroark for ascended was leaked I was like “yup that’s so much better and it’s not close” ,False,False,True,,,2026-09-25T00:53:53.820Z,TCG/Pokemon,Pokemon Cards,Card Comparison; Purchases,A user discusses overpaying for a Zoroark card and preferring a newly leaked version.,high,youtube_live:19bmF518whA:1284
1285,19bmF518whA,https://www.youtube.com/watch?v=19bmF518whA,LIVE Pokemon RIP N SHIP! DESTINED RIVALS ETB HIT OF NIGHT BONUS!,Nostalgia Nomics,replay,message,25:20,@cr0ssfade_ow,do it!,False,True,True,,,2026-09-25T00:53:56.261Z,TCG/Pokemon,Pokemon Cards,Cheering; Stream Chat,"A chatter encourages the streamer with ""do it!"".",low,youtube_live:19bmF518whA:1285
1286,19bmF518whA,https://www.youtube.com/watch?v=19bmF518whA,LIVE Pokemon RIP N SHIP! DESTINED RIVALS ETB HIT OF NIGHT BONUS!,Nostalgia Nomics,replay,message,25:39,@dparker4340,That needs to be FP bounty. 1 Artwork of all :face_with_tears_of_joy: ,False,True,False,,,2026-09-25T00:54:14.607Z,TCG/Pokemon,Pokemon Cards,Bounties; Card Artworks,A chatter suggests collecting one of each artwork should be a stream bounty.,medium,youtube_live:19bmF518whA:1286
1287,19bmF518whA,https://www.youtube.com/watch?v=19bmF518whA,LIVE Pokemon RIP N SHIP! DESTINED RIVALS ETB HIT OF NIGHT BONUS!,Nostalgia Nomics,replay,message,25:39,@JKJWick,lets see some strong hits from the single packs.,False,False,False,,,2026-09-25T00:54:14.849Z,TCG/Pokemon,Pokemon Cards,pack opening; card pulls,A viewer expresses hope to see strong hits pulled from the single packs.,high,youtube_live:19bmF518whA:1287
1288,19bmF518whA,https://www.youtube.com/watch?v=19bmF518whA,LIVE Pokemon RIP N SHIP! DESTINED RIVALS ETB HIT OF NIGHT BONUS!,Nostalgia Nomics,replay,message,26:11,@cr0ssfade_ow,GL ,False,True,True,,,2026-09-25T00:54:47.331Z,TCG/Pokemon,Pokemon Cards,live stream chat,A chatter wishes good luck during the livestream.,medium,youtube_live:19bmF518whA:1288
1289,19bmF518whA,https://www.youtube.com/watch?v=19bmF518whA,LIVE Pokemon RIP N SHIP! DESTINED RIVALS ETB HIT OF NIGHT BONUS!,Nostalgia Nomics,replay,message,27:14,@cr0ssfade_ow,BOOM,False,True,True,,,2026-09-25T00:55:49.974Z,TCG/Pokemon,Pokemon Cards,reaction,A chatter reacts with 'BOOM' during the Pokemon card stream.,low,youtube_live:19bmF518whA:1289
1290,19bmF518whA,https://www.youtube.com/watch?v=19bmF518whA,LIVE Pokemon RIP N SHIP! DESTINED RIVALS ETB HIT OF NIGHT BONUS!,Nostalgia Nomics,replay,message,27:15,@dparker4340,ONG,False,True,False,,,2026-09-25T00:55:50.931Z,TCG/Pokemon,Pokemon Cards,reaction,A viewer reacts with 'ONG' during the card opening stream.,low,youtube_live:19bmF518whA:1290
1291,19bmF518whA,https://www.youtube.com/watch?v=19bmF518whA,LIVE Pokemon RIP N SHIP! DESTINED RIVALS ETB HIT OF NIGHT BONUS!,Nostalgia Nomics,replay,message,27:18,@dparker4340,No way,False,True,False,,,2026-09-25T00:55:54.473Z,TCG/Pokemon,Pokemon Cards,reaction,A user expresses disbelief by commenting 'No way'.,low,youtube_live:19bmF518whA:1291
1292,19bmF518whA,https://www.youtube.com/watch?v=19bmF518whA,LIVE Pokemon RIP N SHIP! DESTINED RIVALS ETB HIT OF NIGHT BONUS!,Nostalgia Nomics,replay,message,27:18,@cr0ssfade_ow,called it!,False,True,True,,,2026-09-25T00:55:54.560Z,TCG/Pokemon,Pokemon Cards,prediction; reaction,A viewer reacts to an on-stream event claiming they called it.,medium,youtube_live:19bmF518whA:1292
1293,19bmF518whA,https://www.youtube.com/watch?v=19bmF518whA,LIVE Pokemon RIP N SHIP! DESTINED RIVALS ETB HIT OF NIGHT BONUS!,Nostalgia Nomics,replay,message,27:33,@superdoo-tv,dude!!!,False,False,False,,,2026-09-25T00:56:08.944Z,TCG/Pokemon,Pokemon Cards,reaction,A viewer reacts with excitement saying 'dude!!!'.,low,youtube_live:19bmF518whA:1293
1294,19bmF518whA,https://www.youtube.com/watch?v=19bmF518whA,LIVE Pokemon RIP N SHIP! DESTINED RIVALS ETB HIT OF NIGHT BONUS!,Nostalgia Nomics,replay,message,27:35,@dparker4340,Welp there’s the next instagram short…,False,True,False,,,2026-09-25T00:56:10.736Z,TCG/Pokemon,Pokemon Cards,content creation; social media,A chatter suggests the moment will become the channel's next Instagram short.,high,youtube_live:19bmF518whA:1294
1295,19bmF518whA,https://www.youtube.com/watch?v=19bmF518whA,LIVE Pokemon RIP N SHIP! DESTINED RIVALS ETB HIT OF NIGHT BONUS!,Nostalgia Nomics,replay,message,27:36,@TheTrueHardcorefr3k,congrats!,False,False,False,,,2026-09-25T00:56:11.727Z,TCG/Pokemon,Pokemon Cards,congratulations,A viewer congratulates someone during the Pokemon card stream.,medium,youtube_live:19bmF518whA:1295
1296,19bmF518whA,https://www.youtube.com/watch?v=19bmF518whA,LIVE Pokemon RIP N SHIP! DESTINED RIVALS ETB HIT OF NIGHT BONUS!,Nostalgia Nomics,replay,message,27:37,@cr0ssfade_ow,clip it n ship it,False,True,True,,,2026-09-25T00:56:13.367Z,TCG/Pokemon,Pokemon Cards,live stream chat; rip and ship,A user says to clip the stream moment and ship the item.,medium,youtube_live:19bmF518whA:1296
1297,19bmF518whA,https://www.youtube.com/watch?v=19bmF518whA,LIVE Pokemon RIP N SHIP! DESTINED RIVALS ETB HIT OF NIGHT BONUS!,Nostalgia Nomics,replay,message,27:43,@JKJWick,Pre-Friday blessing!,False,False,False,,,2026-09-25T00:56:18.888Z,TCG/Pokemon,Pokemon Cards,unclear reaction; stream chat,A viewer celebrates with a comment about a pre-Friday blessing during a Pokemon stream.,low,youtube_live:19bmF518whA:1297
1298,19bmF518whA,https://www.youtube.com/watch?v=19bmF518whA,LIVE Pokemon RIP N SHIP! DESTINED RIVALS ETB HIT OF NIGHT BONUS!,Nostalgia Nomics,replay,message,27:55,@kuffjamin7804,That funny. Nice pull :thumbs_up:,False,False,False,,,2026-09-25T00:56:30.685Z,TCG/Pokemon,Pokemon Cards,card pulls,A viewer remarks that something was funny and compliments a card pull.,high,youtube_live:19bmF518whA:1298
1299,19bmF518whA,https://www.youtube.com/watch?v=19bmF518whA,LIVE Pokemon RIP N SHIP! DESTINED RIVALS ETB HIT OF NIGHT BONUS!,Nostalgia Nomics,replay,message,27:56,@BoostedLNF,wild ,False,False,True,,,2026-09-25T00:56:31.816Z,TCG/Pokemon,Pokemon Cards,unclear reaction,A viewer reacts with 'wild' during a Pokemon rip-and-ship live stream.,low,youtube_live:19bmF518whA:1299
1300,19bmF518whA,https://www.youtube.com/watch?v=19bmF518whA,LIVE Pokemon RIP N SHIP! DESTINED RIVALS ETB HIT OF NIGHT BONUS!,Nostalgia Nomics,replay,message,27:57,@avatar1413,centering on it looks pretty solid as well,False,False,False,,,2026-09-25T00:56:33.644Z,TCG/Pokemon,Pokemon Cards,card condition; centering,A viewer notes that the card's centering looks solid.,high,youtube_live:19bmF518whA:1300
1301,19bmF518whA,https://www.youtube.com/watch?v=19bmF518whA,LIVE Pokemon RIP N SHIP! DESTINED RIVALS ETB HIT OF NIGHT BONUS!,Nostalgia Nomics,replay,message,28:10,@Turo_Denver,Congratulations!,False,False,False,,,2026-09-25T00:56:45.713Z,TCG/Pokemon,Pokemon Cards,congratulations; card pulls,A viewer congratulates someone during a Pokemon card opening stream.,medium,youtube_live:19bmF518whA:1301
1302,19bmF518whA,https://www.youtube.com/watch?v=19bmF518whA,LIVE Pokemon RIP N SHIP! DESTINED RIVALS ETB HIT OF NIGHT BONUS!,Nostalgia Nomics,replay,message,28:14,@BoostedLNF,is brett in chat with us ,False,False,True,,,2026-09-25T00:56:50.301Z,TCG/Pokemon,Pokemon Cards,stream chat,A user asks whether Brett is present in the stream chat.,low,youtube_live:19bmF518whA:1302
1303,19bmF518whA,https://www.youtube.com/watch?v=19bmF518whA,LIVE Pokemon RIP N SHIP! DESTINED RIVALS ETB HIT OF NIGHT BONUS!,Nostalgia Nomics,replay,message,28:27,@cr0ssfade_ow,@JKJWick blue zard is due have alex call it ,False,True,True,,,2026-09-25T00:57:03.144Z,TCG/Pokemon,Pokemon Cards,card pulls; Charizard,A chatter tells another user that a blue Charizard is due and suggests having Alex call it.,high,youtube_live:19bmF518whA:1303
1304,19bmF518whA,https://www.youtube.com/watch?v=19bmF518whA,LIVE Pokemon RIP N SHIP! DESTINED RIVALS ETB HIT OF NIGHT BONUS!,Nostalgia Nomics,replay,message,29:13,@dparker4340,Dangit!,False,True,False,,,2026-09-25T00:57:48.768Z,TCG/Pokemon,Pokemon Cards,unclear reaction,A user expresses disappointment or frustration by typing 'Dangit!' in the stream.,low,youtube_live:19bmF518whA:1304
1305,19bmF518whA,https://www.youtube.com/watch?v=19bmF518whA,LIVE Pokemon RIP N SHIP! DESTINED RIVALS ETB HIT OF NIGHT BONUS!,Nostalgia Nomics,replay,message,29:29,@cr0ssfade_ow,boom,False,True,True,,,2026-09-25T00:58:05.027Z,TCG/Pokemon,Pokemon Cards,unclear reaction,A viewer types 'boom' during the Pokemon live stream.,low,youtube_live:19bmF518whA:1305
1306,19bmF518whA,https://www.youtube.com/watch?v=19bmF518whA,LIVE Pokemon RIP N SHIP! DESTINED RIVALS ETB HIT OF NIGHT BONUS!,Nostalgia Nomics,replay,message,29:56,@JKJWick,GL!,False,False,False,,,2026-09-25T00:58:32.011Z,TCG/Pokemon,Pokemon Cards,well wishes; stream chat,A viewer wishes good luck ('GL!') in the Pokemon stream chat.,medium,youtube_live:19bmF518whA:1306
1307,19bmF518whA,https://www.youtube.com/watch?v=19bmF518whA,LIVE Pokemon RIP N SHIP! DESTINED RIVALS ETB HIT OF NIGHT BONUS!,Nostalgia Nomics,replay,message,30:24,@BoostedLNF,boom ,False,False,True,,,2026-09-25T00:59:00.611Z,TCG/Pokemon,Pokemon Cards,unclear reaction,A viewer posts an exclamation during a Pokemon live rip-and-ship stream.,low,youtube_live:19bmF518whA:1307
1308,19bmF518whA,https://www.youtube.com/watch?v=19bmF518whA,LIVE Pokemon RIP N SHIP! DESTINED RIVALS ETB HIT OF NIGHT BONUS!,Nostalgia Nomics,replay,message,30:28,@JKJWick,"crossfade, as kevin would say, ""Imma scared lol""",False,False,False,,,2026-09-25T00:59:03.672Z,TCG/Pokemon,Pokemon Cards,chat interaction,A viewer quotes another individual during the Pokemon livestream.,low,youtube_live:19bmF518whA:1308
1309,19bmF518whA,https://www.youtube.com/watch?v=19bmF518whA,LIVE Pokemon RIP N SHIP! DESTINED RIVALS ETB HIT OF NIGHT BONUS!,Nostalgia Nomics,replay,message,30:32,@cr0ssfade_ow,BOOM,False,True,True,,,2026-09-25T00:59:07.717Z,TCG/Pokemon,Pokemon Cards,unclear reaction,A viewer posts an enthusiastic reaction during the Pokemon card opening.,low,youtube_live:19bmF518whA:1309
1310,19bmF518whA,https://www.youtube.com/watch?v=19bmF518whA,LIVE Pokemon RIP N SHIP! DESTINED RIVALS ETB HIT OF NIGHT BONUS!,Nostalgia Nomics,replay,message,30:42,@Johtahs,W!!!!!,False,False,False,,,2026-09-25T00:59:17.689Z,TCG/Pokemon,Pokemon Cards,unclear reaction,A viewer celebrates with a win reaction in the livestream chat.,low,youtube_live:19bmF518whA:1310
1311,19bmF518whA,https://www.youtube.com/watch?v=19bmF518whA,LIVE Pokemon RIP N SHIP! DESTINED RIVALS ETB HIT OF NIGHT BONUS!,Nostalgia Nomics,replay,message,30:43,@Zachstahh,Pattern recognition gang been eating well lately,False,False,True,,,2026-09-25T00:59:19.222Z,TCG/Pokemon,Pokemon Cards,pack openings,A viewer jokes about pattern recognition during the card stream.,medium,youtube_live:19bmF518whA:1311
1312,19bmF518whA,https://www.youtube.com/watch?v=19bmF518whA,LIVE Pokemon RIP N SHIP! DESTINED RIVALS ETB HIT OF NIGHT BONUS!,Nostalgia Nomics,replay,message,30:56,@cr0ssfade_ow,@JKJWick :face-green-smiling:,False,True,True,,,2026-09-25T00:59:31.743Z,TCG/Pokemon,Pokemon Cards,chat interaction,A viewer mentions another user with an emoji in the live chat.,low,youtube_live:19bmF518whA:1312
1313,19bmF518whA,https://www.youtube.com/watch?v=19bmF518whA,LIVE Pokemon RIP N SHIP! DESTINED RIVALS ETB HIT OF NIGHT BONUS!,Nostalgia Nomics,replay,message,31:09,@JKJWick,pattern recognition is what my brain does when I view LinkedIn profiles.,False,False,False,,,2026-09-25T00:59:45.427Z,TCG/Pokemon,Pokemon Cards,chat interaction,A viewer makes an off-topic joke regarding pattern recognition and LinkedIn profiles.,low,youtube_live:19bmF518whA:1313
1314,19bmF518whA,https://www.youtube.com/watch?v=19bmF518whA,LIVE Pokemon RIP N SHIP! DESTINED RIVALS ETB HIT OF NIGHT BONUS!,Nostalgia Nomics,replay,message,31:37,@defivisionary1178,You’re the MAN Alex!,False,False,False,,,2026-09-25T01:00:13.370Z,TCG/Pokemon,Pokemon Cards,streamer appreciation,A viewer compliments Alex during the livestream.,medium,youtube_live:19bmF518whA:1314
1315,19bmF518whA,https://www.youtube.com/watch?v=19bmF518whA,LIVE Pokemon RIP N SHIP! DESTINED RIVALS ETB HIT OF NIGHT BONUS!,Nostalgia Nomics,replay,message,32:46,@cr0ssfade_ow,texture :face-fuchsia-wide-eyes:,False,True,True,,,2026-09-25T01:01:21.678Z,TCG/Pokemon,Pokemon Cards,card condition / features,A viewer reacts to card texture seen during the Pokemon opening.,medium,youtube_live:19bmF518whA:1315
1316,19bmF518whA,https://www.youtube.com/watch?v=19bmF518whA,LIVE Pokemon RIP N SHIP! DESTINED RIVALS ETB HIT OF NIGHT BONUS!,Nostalgia Nomics,replay,message,33:17,@cr0ssfade_ow,brett is killing it :fire:,False,True,True,,,2026-09-25T01:01:52.989Z,TCG/Pokemon,Pokemon Cards,streamer appreciation,A viewer praises Brett's performance during the livestream.,medium,youtube_live:19bmF518whA:1316
1317,19bmF518whA,https://www.youtube.com/watch?v=19bmF518whA,LIVE Pokemon RIP N SHIP! DESTINED RIVALS ETB HIT OF NIGHT BONUS!,Nostalgia Nomics,replay,message,35:02,@JKJWick,we need foil-stamped gold!,False,False,False,,,2026-09-25T01:03:37.975Z,TCG/Pokemon,Pokemon Cards,Card Rarities; Foil Stamping,A viewer states that foil-stamped gold cards are needed during a Pokemon stream.,medium,youtube_live:19bmF518whA:1317
1318,19bmF518whA,https://www.youtube.com/watch?v=19bmF518whA,LIVE Pokemon RIP N SHIP! DESTINED RIVALS ETB HIT OF NIGHT BONUS!,Nostalgia Nomics,replay,message,35:25,@cr0ssfade_ow,^,False,True,True,,,2026-09-25T01:04:01.187Z,TCG/Pokemon,Pokemon Cards,Chat Reaction,A user posts an upward arrow symbol agreeing with a preceding comment.,low,youtube_live:19bmF518whA:1318
1319,19bmF518whA,https://www.youtube.com/watch?v=19bmF518whA,LIVE Pokemon RIP N SHIP! DESTINED RIVALS ETB HIT OF NIGHT BONUS!,Nostalgia Nomics,replay,message,35:58,@cr0ssfade_ow,that looks so cool,False,True,True,,,2026-09-25T01:04:34.324Z,TCG/Pokemon,Pokemon Cards,Visual Appreciation,A user expresses that something looks cool during a Pokemon stream.,low,youtube_live:19bmF518whA:1319
1320,19bmF518whA,https://www.youtube.com/watch?v=19bmF518whA,LIVE Pokemon RIP N SHIP! DESTINED RIVALS ETB HIT OF NIGHT BONUS!,Nostalgia Nomics,replay,message,36:29,@cr0ssfade_ow,nice box ,False,True,True,,,2026-09-25T01:05:04.970Z,TCG/Pokemon,Pokemon Cards,Product Appreciation,A viewer compliments a box shown in the Pokemon stream.,medium,youtube_live:19bmF518whA:1320
1321,19bmF518whA,https://www.youtube.com/watch?v=19bmF518whA,LIVE Pokemon RIP N SHIP! DESTINED RIVALS ETB HIT OF NIGHT BONUS!,Nostalgia Nomics,replay,message,37:59,@JKJWick,charizard 151 PSA 10 went down a bit. Could be a good long term play!,False,False,False,,,2026-09-25T01:06:35.454Z,TCG/Pokemon,Pokemon Cards,Market Trends; Card Values,A user notes the PSA 10 Charizard 151 price decreased and suggests it could be a long-term play.,high,youtube_live:19bmF518whA:1321
1322,19bmF518whA,https://www.youtube.com/watch?v=19bmF518whA,LIVE Pokemon RIP N SHIP! DESTINED RIVALS ETB HIT OF NIGHT BONUS!,Nostalgia Nomics,replay,message,38:27,@JKJWick,greninja is a sweet card but i have a feeling it will be taken down.,False,False,False,,,2026-09-25T01:07:03.316Z,TCG/Pokemon,Pokemon Cards,Card Opinions; Price Speculation,A viewer likes the Greninja card but suspects its value will decrease.,medium,youtube_live:19bmF518whA:1322
1323,19bmF518whA,https://www.youtube.com/watch?v=19bmF518whA,LIVE Pokemon RIP N SHIP! DESTINED RIVALS ETB HIT OF NIGHT BONUS!,Nostalgia Nomics,replay,message,38:33,@dannyhcardcollector,Good call Jung I have it in a 9,False,False,False,,,2026-09-25T01:07:08.707Z,TCG/Pokemon,Pokemon Cards,Graded Cards,"A viewer agrees with another user, mentioning they own a copy graded a 9.",medium,youtube_live:19bmF518whA:1323
1324,19bmF518whA,https://www.youtube.com/watch?v=19bmF518whA,LIVE Pokemon RIP N SHIP! DESTINED RIVALS ETB HIT OF NIGHT BONUS!,Nostalgia Nomics,replay,message,38:55,@JKJWick,"Nice danny, I only have the raw copy",False,False,False,,,2026-09-25T01:07:31.495Z,TCG/Pokemon,Pokemon Cards,Card Condition,A user mentions only owning a raw copy of the card discussed.,medium,youtube_live:19bmF518whA:1324
1325,19bmF518whA,https://www.youtube.com/watch?v=19bmF518whA,LIVE Pokemon RIP N SHIP! DESTINED RIVALS ETB HIT OF NIGHT BONUS!,Nostalgia Nomics,replay,message,39:38,@dannyhcardcollector,Yeah im collecting all the irs and sirs from 151 ,False,False,False,,,2026-09-25T01:08:14.327Z,TCG/Pokemon,Pokemon Cards,Personal Collecting,A viewer shares that they are collecting all the IR and SIR cards from the 151 set.,high,youtube_live:19bmF518whA:1325
1326,19bmF518whA,https://www.youtube.com/watch?v=19bmF518whA,LIVE Pokemon RIP N SHIP! DESTINED RIVALS ETB HIT OF NIGHT BONUS!,Nostalgia Nomics,replay,message,40:00,@BoostedLNF,"should take down the BB bounty to motivate folks to go for WF, it's been hit like thrice now",False,False,True,,,2026-09-25T01:08:35.678Z,TCG/Pokemon,Pokemon Cards,Stream Bounties; Rip and Ship,A user suggests removing the booster box bounty to motivate viewers to chase Wild Force.,medium,youtube_live:19bmF518whA:1326
1327,19bmF518whA,https://www.youtube.com/watch?v=19bmF518whA,LIVE Pokemon RIP N SHIP! DESTINED RIVALS ETB HIT OF NIGHT BONUS!,Nostalgia Nomics,replay,message,40:25,@johnn7564,Can hit of the night be a nikki card,False,False,False,,,2026-09-25T01:09:01.520Z,TCG/Pokemon,Pokemon Cards,Hit of the Night; Bonus Qualification,A viewer asks if a Nikki card can qualify as the stream's hit of the night.,high,youtube_live:19bmF518whA:1327
1328,19bmF518whA,https://www.youtube.com/watch?v=19bmF518whA,LIVE Pokemon RIP N SHIP! DESTINED RIVALS ETB HIT OF NIGHT BONUS!,Nostalgia Nomics,replay,message,40:33,@defivisionary1178,Fun stuff!!,False,False,False,,,2026-09-25T01:09:08.838Z,TCG/Pokemon,Pokemon Cards,Viewer Reaction,A viewer comments that the stream activity is fun.,high,youtube_live:19bmF518whA:1328
1329,19bmF518whA,https://www.youtube.com/watch?v=19bmF518whA,LIVE Pokemon RIP N SHIP! DESTINED RIVALS ETB HIT OF NIGHT BONUS!,Nostalgia Nomics,replay,message,41:21,@Brandmonlee,FOLKS!! Good luck on the rips everybody!! :saluting_face: Hope all is well Alex!! ,False,False,False,,,2026-09-25T01:09:57.494Z,TCG/Pokemon,Pokemon Cards,Viewer Greeting; Pack Opening,A viewer wishes good luck to everyone ripping packs and greets the host.,high,youtube_live:19bmF518whA:1329
1330,19bmF518whA,https://www.youtube.com/watch?v=19bmF518whA,LIVE Pokemon RIP N SHIP! DESTINED RIVALS ETB HIT OF NIGHT BONUS!,Nostalgia Nomics,replay,message,41:29,@JKJWick,lots of ppl been ordering BB so @BoostedLNF you might be able to crack the code!,False,False,False,,,2026-09-25T01:10:05.400Z,TCG/Pokemon,Pokemon Cards,Booster Boxes; Ordering,A user notes many people have been ordering booster boxes and tags another viewer.,medium,youtube_live:19bmF518whA:1330
1331,19bmF518whA,https://www.youtube.com/watch?v=19bmF518whA,LIVE Pokemon RIP N SHIP! DESTINED RIVALS ETB HIT OF NIGHT BONUS!,Nostalgia Nomics,replay,message,41:54,@JKJWick,"according to TCG, then yes",False,False,False,,,2026-09-25T01:10:30.038Z,TCG/Pokemon,Pokemon Cards,Pricing; TCGplayer,A viewer asserts that an outcome is a yes according to TCG.,medium,youtube_live:19bmF518whA:1331
1332,19bmF518whA,https://www.youtube.com/watch?v=19bmF518whA,LIVE Pokemon RIP N SHIP! DESTINED RIVALS ETB HIT OF NIGHT BONUS!,Nostalgia Nomics,replay,message,42:10,@BoostedLNF,Only that Cinderella will dethrone the Greninja,False,False,True,,,2026-09-25T01:10:46.280Z,TCG/Pokemon,Pokemon Cards,Card Comparison; Card Value,A viewer predicts that Cinderella will dethrone the Greninja card.,medium,youtube_live:19bmF518whA:1332
1333,19bmF518whA,https://www.youtube.com/watch?v=19bmF518whA,LIVE Pokemon RIP N SHIP! DESTINED RIVALS ETB HIT OF NIGHT BONUS!,Nostalgia Nomics,replay,message,42:18,@JKJWick,have some tight guardrails in place. TCG baby!,False,False,False,,,2026-09-25T01:10:54.412Z,TCG/Pokemon,Pokemon Cards,TCGplayer; Pricing Guardrails,A user emphasizes having tight guardrails in place referencing TCG.,medium,youtube_live:19bmF518whA:1333
1334,19bmF518whA,https://www.youtube.com/watch?v=19bmF518whA,LIVE Pokemon RIP N SHIP! DESTINED RIVALS ETB HIT OF NIGHT BONUS!,Nostalgia Nomics,replay,message,43:18,@chewy7013,"why tcg over ebay? not arguing, genuinely curious",False,False,False,,,2026-09-25T01:11:54.391Z,TCG/Pokemon; General marketplace,Pokemon Cards; Marketplaces,TCGplayer vs eBay; Platform Comparison,A viewer asks why TCG is preferred over eBay.,high,youtube_live:19bmF518whA:1334
1335,19bmF518whA,https://www.youtube.com/watch?v=19bmF518whA,LIVE Pokemon RIP N SHIP! DESTINED RIVALS ETB HIT OF NIGHT BONUS!,Nostalgia Nomics,replay,message,44:01,@johnn7564,Market price is cool,False,False,False,,,2026-09-25T01:12:36.915Z,TCG/Pokemon,Pokemon Cards,Market Price,A commenter states that market price is cool.,medium,youtube_live:19bmF518whA:1335
1336,19bmF518whA,https://www.youtube.com/watch?v=19bmF518whA,LIVE Pokemon RIP N SHIP! DESTINED RIVALS ETB HIT OF NIGHT BONUS!,Nostalgia Nomics,replay,message,44:21,@kyleinpa5285,Because the TCG market price is very definitive,False,False,False,,,2026-09-25T01:12:57.320Z,TCG/Pokemon,Pokemon Cards,TCGplayer; Market Pricing,A user explains that TCG market price is very definitive.,high,youtube_live:19bmF518whA:1336
1337,19bmF518whA,https://www.youtube.com/watch?v=19bmF518whA,LIVE Pokemon RIP N SHIP! DESTINED RIVALS ETB HIT OF NIGHT BONUS!,Nostalgia Nomics,replay,message,44:50,@chewy7013,"10-4, thank you!",False,False,False,,,2026-09-25T01:13:26.419Z,TCG/Pokemon,Pokemon TCG,livestream chat,A viewer acknowledges a message and says thank you in the Pokemon livestream chat.,medium,youtube_live:19bmF518whA:1337
1338,19bmF518whA,https://www.youtube.com/watch?v=19bmF518whA,LIVE Pokemon RIP N SHIP! DESTINED RIVALS ETB HIT OF NIGHT BONUS!,Nostalgia Nomics,replay,message,44:54,@MattSullivan-c1c,yo whats up everyone,False,False,False,,,2026-09-25T01:13:30.035Z,TCG/Pokemon,Pokemon TCG,greeting,A viewer greets the chat in the Pokemon rip-and-ship livestream.,high,youtube_live:19bmF518whA:1338
1339,19bmF518whA,https://www.youtube.com/watch?v=19bmF518whA,LIVE Pokemon RIP N SHIP! DESTINED RIVALS ETB HIT OF NIGHT BONUS!,Nostalgia Nomics,replay,message,45:32,@BoostedLNF,BOOM,False,False,True,,,2026-09-25T01:14:08.330Z,TCG/Pokemon,Pokemon TCG,unclear reaction,A viewer posts an enthusiastic reaction exclamation during the Pokemon stream.,low,youtube_live:19bmF518whA:1339
1340,19bmF518whA,https://www.youtube.com/watch?v=19bmF518whA,LIVE Pokemon RIP N SHIP! DESTINED RIVALS ETB HIT OF NIGHT BONUS!,Nostalgia Nomics,replay,message,45:36,@MattSullivan-c1c,is that a chaos rising hit?,False,False,False,,,2026-09-25T01:14:12.051Z,TCG/Pokemon,Pokemon TCG,card pull,A chatter asks if an item is a Chaos Rising hit during the Pokemon stream.,medium,youtube_live:19bmF518whA:1340
1341,19bmF518whA,https://www.youtube.com/watch?v=19bmF518whA,LIVE Pokemon RIP N SHIP! DESTINED RIVALS ETB HIT OF NIGHT BONUS!,Nostalgia Nomics,replay,message,45:44,@BoostedLNF,Yeah,False,False,True,,,2026-09-25T01:14:20.302Z,TCG/Pokemon,Pokemon TCG,livestream chat,A viewer replies with an affirmative in the livestream chat.,low,youtube_live:19bmF518whA:1341
1342,19bmF518whA,https://www.youtube.com/watch?v=19bmF518whA,LIVE Pokemon RIP N SHIP! DESTINED RIVALS ETB HIT OF NIGHT BONUS!,Nostalgia Nomics,replay,message,45:55,@BoostedLNF,$157,False,False,True,,,2026-09-25T01:14:30.891Z,TCG/Pokemon,Pokemon TCG,card value,A chatter comments the figure $157 during the Pokemon livestream.,low,youtube_live:19bmF518whA:1342
1343,19bmF518whA,https://www.youtube.com/watch?v=19bmF518whA,LIVE Pokemon RIP N SHIP! DESTINED RIVALS ETB HIT OF NIGHT BONUS!,Nostalgia Nomics,replay,message,46:00,@cr0ssfade_ow,@MattSullivan-c1c hit of the night! ,False,True,True,,,2026-09-25T01:14:36.507Z,TCG/Pokemon,Pokemon TCG,card pull,A user tags another viewer calling a pull the hit of the night.,medium,youtube_live:19bmF518whA:1343
1344,19bmF518whA,https://www.youtube.com/watch?v=19bmF518whA,LIVE Pokemon RIP N SHIP! DESTINED RIVALS ETB HIT OF NIGHT BONUS!,Nostalgia Nomics,replay,message,46:09,@MattSullivan-c1c,holy moly,False,False,False,,,2026-09-25T01:14:44.926Z,TCG/Pokemon,Pokemon TCG,unclear reaction,A chatter expresses surprise or excitement with a brief exclamation.,low,youtube_live:19bmF518whA:1344
1345,19bmF518whA,https://www.youtube.com/watch?v=19bmF518whA,LIVE Pokemon RIP N SHIP! DESTINED RIVALS ETB HIT OF NIGHT BONUS!,Nostalgia Nomics,replay,message,46:16,@JKJWick,baby blue background is nice,False,False,False,,,2026-09-25T01:14:52.526Z,TCG/Pokemon,Pokemon TCG,card design,A chatter notes that the baby blue background looks nice.,low,youtube_live:19bmF518whA:1345
1346,19bmF518whA,https://www.youtube.com/watch?v=19bmF518whA,LIVE Pokemon RIP N SHIP! DESTINED RIVALS ETB HIT OF NIGHT BONUS!,Nostalgia Nomics,replay,message,46:43,@Jedikylomjd47ZHR,what's up Alex hope all us well been a while since I caught 1 of your lives been busy as of late !,False,False,False,,,2026-09-25T01:15:19.568Z,TCG/Pokemon,Pokemon TCG,greeting,"A viewer greets host Alex, mentioning it has been a while since catching a stream.",high,youtube_live:19bmF518whA:1346
1347,19bmF518whA,https://www.youtube.com/watch?v=19bmF518whA,LIVE Pokemon RIP N SHIP! DESTINED RIVALS ETB HIT OF NIGHT BONUS!,Nostalgia Nomics,replay,message,46:48,@kyleinpa5285,"Yea the Greninja was out of a First Partners box, awesome hit!",False,False,False,,,2026-09-25T01:15:24.413Z,TCG/Pokemon,Pokemon Cards,Card Pulls; Box Break,A viewer notes that the Greninja card was pulled from a First Partners box and calls it an awesome hit.,high,youtube_live:19bmF518whA:1347
1348,19bmF518whA,https://www.youtube.com/watch?v=19bmF518whA,LIVE Pokemon RIP N SHIP! DESTINED RIVALS ETB HIT OF NIGHT BONUS!,Nostalgia Nomics,replay,message,46:52,@OhMyEliz,Nice box!,False,False,False,,,2026-09-25T01:15:28.613Z,TCG/Pokemon,Pokemon Cards,Box Break,A user compliments a box during the stream.,medium,youtube_live:19bmF518whA:1348
1349,19bmF518whA,https://www.youtube.com/watch?v=19bmF518whA,LIVE Pokemon RIP N SHIP! DESTINED RIVALS ETB HIT OF NIGHT BONUS!,Nostalgia Nomics,replay,message,47:20,@OhMyEliz,Is that card on TCG yet?,False,False,False,,,2026-09-25T01:15:55.927Z,TCG/Pokemon,Pokemon Cards,Market Listings; Card Pricing,A chat participant asks if a specific card is listed on TCGPlayer yet.,medium,youtube_live:19bmF518whA:1349
1350,19bmF518whA,https://www.youtube.com/watch?v=19bmF518whA,LIVE Pokemon RIP N SHIP! DESTINED RIVALS ETB HIT OF NIGHT BONUS!,Nostalgia Nomics,replay,message,47:55,@kyleinpa5285,Is Nikki printed in Japan?,False,False,False,,,2026-09-25T01:16:31.414Z,TCG/Pokemon,Pokemon Cards,Card Manufacturing,A viewer asks whether Nikki is printed in Japan.,low,youtube_live:19bmF518whA:1350
1351,19bmF518whA,https://www.youtube.com/watch?v=19bmF518whA,LIVE Pokemon RIP N SHIP! DESTINED RIVALS ETB HIT OF NIGHT BONUS!,Nostalgia Nomics,replay,message,48:00,@JKJWick,greninja is looking strong. That chinese star is about to jump out!,False,False,False,,,2026-09-25T01:16:35.998Z,TCG/Pokemon,Pokemon Cards,Card Artwork,A user comments on the appearance and artwork of a Greninja card.,high,youtube_live:19bmF518whA:1351
1352,19bmF518whA,https://www.youtube.com/watch?v=19bmF518whA,LIVE Pokemon RIP N SHIP! DESTINED RIVALS ETB HIT OF NIGHT BONUS!,Nostalgia Nomics,replay,message,48:08,@jonathanmejia8946,Awww man nice hit!,False,False,False,,,2026-09-25T01:16:44.667Z,TCG/Pokemon,Pokemon Cards,Card Pulls,A participant expresses excitement over a card pull.,medium,youtube_live:19bmF518whA:1352
1353,19bmF518whA,https://www.youtube.com/watch?v=19bmF518whA,LIVE Pokemon RIP N SHIP! DESTINED RIVALS ETB HIT OF NIGHT BONUS!,Nostalgia Nomics,replay,message,48:21,@jonathanmejia8946,On the greninja,False,False,False,,,2026-09-25T01:16:56.970Z,TCG/Pokemon,Pokemon Cards,Pokemon Cards,A user comments referring to the Greninja card.,medium,youtube_live:19bmF518whA:1353
1354,19bmF518whA,https://www.youtube.com/watch?v=19bmF518whA,LIVE Pokemon RIP N SHIP! DESTINED RIVALS ETB HIT OF NIGHT BONUS!,Nostalgia Nomics,replay,message,48:43,@JKJWick,$20 is solid!,False,False,False,,,2026-09-25T01:17:18.967Z,TCG/Pokemon,Pokemon Cards,Valuation,A viewer states that twenty dollars is a solid value.,medium,youtube_live:19bmF518whA:1354
1355,19bmF518whA,https://www.youtube.com/watch?v=19bmF518whA,LIVE Pokemon RIP N SHIP! DESTINED RIVALS ETB HIT OF NIGHT BONUS!,Nostalgia Nomics,replay,message,48:47,@OhMyEliz,Thank you for showing me! I was curious ,False,False,False,,,2026-09-25T01:17:22.901Z,TCG/Pokemon,Pokemon Cards,Live Stream,A viewer thanks the streamer for showing an item out of curiosity.,medium,youtube_live:19bmF518whA:1355
1356,19bmF518whA,https://www.youtube.com/watch?v=19bmF518whA,LIVE Pokemon RIP N SHIP! DESTINED RIVALS ETB HIT OF NIGHT BONUS!,Nostalgia Nomics,replay,message,49:35,@Jedikylomjd47ZHR,loading up on prismatic etbs/spc/booster bundles & destin rivals spent atleast $10k these last 2 weeks sorceing facebook & new jersey card shows Instagram blowing up,False,False,False,,,2026-09-25T01:18:10.810Z,TCG/Pokemon,Pokemon Cards,Inventory Sourcing; Spending,"A user claims to have spent at least $10,000 sourcing various Pokemon products via Facebook and card shows.",high,youtube_live:19bmF518whA:1356
1357,19bmF518whA,https://www.youtube.com/watch?v=19bmF518whA,LIVE Pokemon RIP N SHIP! DESTINED RIVALS ETB HIT OF NIGHT BONUS!,Nostalgia Nomics,replay,message,49:37,@kirascreations8992,Im late but here for the chill vibes,False,False,False,,,2026-09-25T01:18:13.426Z,TCG/Pokemon,Pokemon Cards,livestream chat,A viewer states they arrived late to the stream and are there for the chill vibes.,high,youtube_live:19bmF518whA:1357
1358,19bmF518whA,https://www.youtube.com/watch?v=19bmF518whA,LIVE Pokemon RIP N SHIP! DESTINED RIVALS ETB HIT OF NIGHT BONUS!,Nostalgia Nomics,replay,message,50:09,@cr0ssfade_ow,i think i hear blue zard flying in ,False,True,True,,,2026-09-25T01:18:45.625Z,TCG/Pokemon,Pokemon Cards,card pull excitement,A chatter remarks that they think they hear a blue Charizard flying in.,medium,youtube_live:19bmF518whA:1358
1359,19bmF518whA,https://www.youtube.com/watch?v=19bmF518whA,LIVE Pokemon RIP N SHIP! DESTINED RIVALS ETB HIT OF NIGHT BONUS!,Nostalgia Nomics,replay,message,50:54,@kyleinpa5285,"Alex, what were the first Pokémon booster boxes that you invested in?",False,False,False,,,2026-09-25T01:19:30.553Z,TCG/Pokemon,Pokemon Cards,investing history; booster boxes,A commenter asks Alex what the first Pokemon booster boxes were that he invested in.,high,youtube_live:19bmF518whA:1359
1360,19bmF518whA,https://www.youtube.com/watch?v=19bmF518whA,LIVE Pokemon RIP N SHIP! DESTINED RIVALS ETB HIT OF NIGHT BONUS!,Nostalgia Nomics,replay,message,52:00,@BoostedLNF,XY sitting nice and pretty right now too ,False,False,True,,,2026-09-25T01:20:35.843Z,TCG/Pokemon,Pokemon Cards,market value; XY era,A viewer comments that Pokemon XY is sitting nice and pretty right now.,high,youtube_live:19bmF518whA:1360
1361,19bmF518whA,https://www.youtube.com/watch?v=19bmF518whA,LIVE Pokemon RIP N SHIP! DESTINED RIVALS ETB HIT OF NIGHT BONUS!,Nostalgia Nomics,replay,message,52:18,@BoostedLNF,$68/pack,False,False,True,,,2026-09-25T01:20:54.093Z,TCG/Pokemon,Pokemon Cards,pricing,A chatter notes a price of sixty-eight dollars per pack.,medium,youtube_live:19bmF518whA:1361
1362,19bmF518whA,https://www.youtube.com/watch?v=19bmF518whA,LIVE Pokemon RIP N SHIP! DESTINED RIVALS ETB HIT OF NIGHT BONUS!,Nostalgia Nomics,replay,message,52:46,@Jedikylomjd47ZHR,waiting fir ascended to drop & gonna jump in that sometime i just have to turn yourtbe off & follow the wisdom I gained in this hobby from channels like yours & others & just take the risk regardless,False,False,False,,,2026-09-25T01:21:21.805Z,TCG/Pokemon,Pokemon Cards,investing strategy; set release,A viewer discusses waiting for an upcoming set to drop and taking risks based on hobby wisdom.,high,youtube_live:19bmF518whA:1362
1363,19bmF518whA,https://www.youtube.com/watch?v=19bmF518whA,LIVE Pokemon RIP N SHIP! DESTINED RIVALS ETB HIT OF NIGHT BONUS!,Nostalgia Nomics,replay,message,53:24,@kirascreations8992,"Jedi, Time will treat you well ",False,False,False,,,2026-09-25T01:22:00.319Z,TCG/Pokemon,Pokemon Cards,community encouragement,A chatter tells another user that time will treat them well.,medium,youtube_live:19bmF518whA:1363
1364,19bmF518whA,https://www.youtube.com/watch?v=19bmF518whA,LIVE Pokemon RIP N SHIP! DESTINED RIVALS ETB HIT OF NIGHT BONUS!,Nostalgia Nomics,replay,message,53:29,@kyleinpa5285,I like hearing different people’s start in Pokemon investing. Everyone’s timeline is different.,False,False,False,,,2026-09-25T01:22:04.957Z,TCG/Pokemon,Pokemon Cards,investing discussion,A viewer shares that they enjoy hearing different people's starting timelines in Pokemon investing.,high,youtube_live:19bmF518whA:1364
1365,19bmF518whA,https://www.youtube.com/watch?v=19bmF518whA,LIVE Pokemon RIP N SHIP! DESTINED RIVALS ETB HIT OF NIGHT BONUS!,Nostalgia Nomics,replay,message,53:45,@Avenesa940,yay im finally home what did I miss,False,False,True,,,2026-09-25T01:22:21.219Z,TCG/Pokemon,Pokemon Cards,livestream chat,A chatter announces they are home and asks what they missed on the stream.,high,youtube_live:19bmF518whA:1365
1366,19bmF518whA,https://www.youtube.com/watch?v=19bmF518whA,LIVE Pokemon RIP N SHIP! DESTINED RIVALS ETB HIT OF NIGHT BONUS!,Nostalgia Nomics,replay,message,55:24,@Avenesa940,GL Robert,False,False,True,,,2026-09-25T01:23:59.742Z,TCG/Pokemon,Pokemon Cards,well wishes,A commenter wishes good luck to Robert in the stream chat.,high,youtube_live:19bmF518whA:1366
1367,19bmF518whA,https://www.youtube.com/watch?v=19bmF518whA,LIVE Pokemon RIP N SHIP! DESTINED RIVALS ETB HIT OF NIGHT BONUS!,Nostalgia Nomics,replay,message,56:03,@JKJWick,BWR is what we're salivating for!,False,False,False,,,2026-09-25T01:24:38.920Z,TCG/Pokemon,Pokemon Cards,Set Discussion,A viewer expresses eager anticipation for BWR in the livestream chat.,medium,youtube_live:19bmF518whA:1367
1368,19bmF518whA,https://www.youtube.com/watch?v=19bmF518whA,LIVE Pokemon RIP N SHIP! DESTINED RIVALS ETB HIT OF NIGHT BONUS!,Nostalgia Nomics,replay,message,57:09,@Jedikylomjd47ZHR,hi Kira I have the time &;the space to stock a ton of product & I am very patient with where I put my money.i like to see my money work for me so only buying solid products booster boxes/spc etc,False,False,False,,,2026-09-25T01:25:44.859Z,TCG/Pokemon,Pokemon Cards,Investing; Sealed Product,A chatter describes having the space and patience to invest exclusively in solid products like booster boxes and special collections.,high,youtube_live:19bmF518whA:1368
1369,19bmF518whA,https://www.youtube.com/watch?v=19bmF518whA,LIVE Pokemon RIP N SHIP! DESTINED RIVALS ETB HIT OF NIGHT BONUS!,Nostalgia Nomics,replay,message,58:00,@cr0ssfade_ow,GL Matt ,False,True,True,,,2026-09-25T01:26:36.513Z,TCG/Pokemon,Pokemon Cards,Viewer Interaction,A viewer wishes good luck to Matt in the chat.,medium,youtube_live:19bmF518whA:1369
1370,19bmF518whA,https://www.youtube.com/watch?v=19bmF518whA,LIVE Pokemon RIP N SHIP! DESTINED RIVALS ETB HIT OF NIGHT BONUS!,Nostalgia Nomics,replay,message,58:14,@Avenesa940,GL Matt,False,False,True,,,2026-09-25T01:26:50.210Z,TCG/Pokemon,Pokemon Cards,Viewer Interaction,A chatter sends good luck wishes to Matt.,medium,youtube_live:19bmF518whA:1370
1371,19bmF518whA,https://www.youtube.com/watch?v=19bmF518whA,LIVE Pokemon RIP N SHIP! DESTINED RIVALS ETB HIT OF NIGHT BONUS!,Nostalgia Nomics,replay,message,58:24,@BoostedLNF,Matts wants another signature ,False,False,True,,,2026-09-25T01:26:59.932Z,TCG/Pokemon,Pokemon Cards,Autographs,A viewer comments that Matt wants another signature.,medium,youtube_live:19bmF518whA:1371
1372,19bmF518whA,https://www.youtube.com/watch?v=19bmF518whA,LIVE Pokemon RIP N SHIP! DESTINED RIVALS ETB HIT OF NIGHT BONUS!,Nostalgia Nomics,replay,message,58:28,@JKJWick,"GL Matt - remember, best hits only!",False,False,False,,,2026-09-25T01:27:04.143Z,TCG/Pokemon,Pokemon Cards,Pack Opening; Viewer Interaction,A chatter wishes Matt good luck and jokes to only get the best hits.,medium,youtube_live:19bmF518whA:1372
1373,19bmF518whA,https://www.youtube.com/watch?v=19bmF518whA,LIVE Pokemon RIP N SHIP! DESTINED RIVALS ETB HIT OF NIGHT BONUS!,Nostalgia Nomics,replay,message,58:35,@MattSullivan-c1c,LETS GO NIKKE,False,False,False,,,2026-09-25T01:27:10.911Z,TCG/Pokemon,Pokemon Cards,Cheering,A viewer posts an enthusiastic cheer for Nikke.,low,youtube_live:19bmF518whA:1373
1374,19bmF518whA,https://www.youtube.com/watch?v=19bmF518whA,LIVE Pokemon RIP N SHIP! DESTINED RIVALS ETB HIT OF NIGHT BONUS!,Nostalgia Nomics,replay,message,58:59,@JKJWick,"you secure a gold sig, you can send it out to probstein for consignment!",False,False,False,,,2026-09-25T01:27:34.746Z,TCG/Pokemon,Pokemon Cards,Consignment; Autographs,A chatter notes that securing a gold signature allows for consignment through Probstein.,high,youtube_live:19bmF518whA:1374
1375,19bmF518whA,https://www.youtube.com/watch?v=19bmF518whA,LIVE Pokemon RIP N SHIP! DESTINED RIVALS ETB HIT OF NIGHT BONUS!,Nostalgia Nomics,replay,message,59:04,@kirascreations8992,"I feel you, I plan to hold for quite awhile barring a personal issue. I love all the spcs this year, I think they look so cool",False,False,False,,,2026-09-25T01:27:40.336Z,TCG/Pokemon,Pokemon Cards,Investing; Sealed Product,"A user expresses plans to hold special collections long term, praising their visual appeal this year.",high,youtube_live:19bmF518whA:1375
1376,19bmF518whA,https://www.youtube.com/watch?v=19bmF518whA,LIVE Pokemon RIP N SHIP! DESTINED RIVALS ETB HIT OF NIGHT BONUS!,Nostalgia Nomics,replay,message,59:35,@JKJWick,shuffle time,False,False,False,,,2026-09-25T01:28:10.985Z,TCG/Pokemon,Pokemon Cards,Livestream Commentary,A chatter remarks that it is shuffle time.,low,youtube_live:19bmF518whA:1376
1377,19bmF518whA,https://www.youtube.com/watch?v=19bmF518whA,LIVE Pokemon RIP N SHIP! DESTINED RIVALS ETB HIT OF NIGHT BONUS!,Nostalgia Nomics,replay,message,59:45,@BoostedLNF,"the next pack is now the second to last on that stack, lets see if the shuffle magic worked ",False,False,True,,,2026-09-25T01:28:21.298Z,TCG/Pokemon,Pokemon Cards,pack opening,A viewer notes pack placement after shuffling during a live pack opening.,high,youtube_live:19bmF518whA:1377
1378,19bmF518whA,https://www.youtube.com/watch?v=19bmF518whA,LIVE Pokemon RIP N SHIP! DESTINED RIVALS ETB HIT OF NIGHT BONUS!,Nostalgia Nomics,replay,message,1:00:27,@JKJWick,"Either that boosted, Alex needs to flip his hat backwards and the hits will flow with vehemence!",False,False,False,,,2026-09-25T01:29:03.136Z,TCG/Pokemon,Pokemon Cards,streamer commentary,A chatter jokes about Alex flipping his hat backwards to pull hits.,medium,youtube_live:19bmF518whA:1378
1379,19bmF518whA,https://www.youtube.com/watch?v=19bmF518whA,LIVE Pokemon RIP N SHIP! DESTINED RIVALS ETB HIT OF NIGHT BONUS!,Nostalgia Nomics,replay,message,1:01:33,@BoostedLNF,"it's ok, We know Nikke will produce some hits for him ",False,False,True,,,2026-09-25T01:30:09.254Z,TCG/Pokemon; Other / emerging,Pokemon Cards; Nikke Cards,card opening,A viewer expresses confidence that Nikke packs will produce hits.,medium,youtube_live:19bmF518whA:1379
1380,19bmF518whA,https://www.youtube.com/watch?v=19bmF518whA,LIVE Pokemon RIP N SHIP! DESTINED RIVALS ETB HIT OF NIGHT BONUS!,Nostalgia Nomics,replay,message,1:01:49,@cr0ssfade_ow,bb will hit,False,True,True,,,2026-09-25T01:30:25.623Z,TCG/Pokemon,Pokemon Cards,booster box,A viewer expects the booster box to produce hits.,medium,youtube_live:19bmF518whA:1380
1381,19bmF518whA,https://www.youtube.com/watch?v=19bmF518whA,LIVE Pokemon RIP N SHIP! DESTINED RIVALS ETB HIT OF NIGHT BONUS!,Nostalgia Nomics,replay,message,1:02:40,@JKJWick,pack and a dream!,False,False,False,,,2026-09-25T01:31:15.771Z,TCG/Pokemon,Pokemon Cards,pack opening,A user expresses hope with a 'pack and a dream' comment.,medium,youtube_live:19bmF518whA:1381
1382,19bmF518whA,https://www.youtube.com/watch?v=19bmF518whA,LIVE Pokemon RIP N SHIP! DESTINED RIVALS ETB HIT OF NIGHT BONUS!,Nostalgia Nomics,replay,message,1:03:46,@marioex497,Just saw how that Greninja was pulled. Spoke it into existence,False,False,True,,,2026-09-25T01:32:22.454Z,TCG/Pokemon,Pokemon Cards,card pull,A chatter comments on seeing a Greninja pulled after speaking it into existence.,high,youtube_live:19bmF518whA:1382
1383,19bmF518whA,https://www.youtube.com/watch?v=19bmF518whA,LIVE Pokemon RIP N SHIP! DESTINED RIVALS ETB HIT OF NIGHT BONUS!,Nostalgia Nomics,replay,message,1:04:36,@MattSullivan-c1c,lets go nikke!,False,False,False,,,2026-09-25T01:33:12.186Z,TCG/Pokemon; Other / emerging,Pokemon Cards; Nikke Cards,stream cheer,A chatter roots for Nikke cards during the stream.,medium,youtube_live:19bmF518whA:1383
1384,19bmF518whA,https://www.youtube.com/watch?v=19bmF518whA,LIVE Pokemon RIP N SHIP! DESTINED RIVALS ETB HIT OF NIGHT BONUS!,Nostalgia Nomics,replay,message,1:04:41,@JKJWick,Volume 2 baby,False,False,False,,,2026-09-25T01:33:16.956Z,TCG/Pokemon,Pokemon Cards,product reaction,A user cheers for 'Volume 2' in the chat.,low,youtube_live:19bmF518whA:1384
1385,19bmF518whA,https://www.youtube.com/watch?v=19bmF518whA,LIVE Pokemon RIP N SHIP! DESTINED RIVALS ETB HIT OF NIGHT BONUS!,Nostalgia Nomics,replay,message,1:05:43,@BoostedLNF,NO WAY! ,False,False,True,,,2026-09-25T01:34:19.454Z,TCG/Pokemon,Pokemon Cards,stream reaction,A chatter reacts with disbelief during the livestream.,medium,youtube_live:19bmF518whA:1385
1386,19bmF518whA,https://www.youtube.com/watch?v=19bmF518whA,LIVE Pokemon RIP N SHIP! DESTINED RIVALS ETB HIT OF NIGHT BONUS!,Nostalgia Nomics,replay,message,1:05:46,@cr0ssfade_ow,BOOM,False,True,True,,,2026-09-25T01:34:22.475Z,TCG/Pokemon,Pokemon Cards,stream reaction,A user exclaims 'BOOM' in response to a livestream event.,medium,youtube_live:19bmF518whA:1386
1387,19bmF518whA,https://www.youtube.com/watch?v=19bmF518whA,LIVE Pokemon RIP N SHIP! DESTINED RIVALS ETB HIT OF NIGHT BONUS!,Nostalgia Nomics,replay,message,1:05:48,@MattSullivan-c1c,BOOM,False,False,False,,,2026-09-25T01:34:24.314Z,TCG/Pokemon,Pokemon Cards,Livestream Reaction,A viewer reacts with an exclamation during a Pokemon rip and ship livestream.,low,youtube_live:19bmF518whA:1387
1388,19bmF518whA,https://www.youtube.com/watch?v=19bmF518whA,LIVE Pokemon RIP N SHIP! DESTINED RIVALS ETB HIT OF NIGHT BONUS!,Nostalgia Nomics,replay,message,1:05:49,@BoostedLNF,TWO NIGHTS IN A ROW ,False,False,True,,,2026-09-25T01:34:25.285Z,TCG/Pokemon,Pokemon Cards,Livestream Chat,A viewer notes an event happening two nights in a row during the stream.,low,youtube_live:19bmF518whA:1388
1389,19bmF518whA,https://www.youtube.com/watch?v=19bmF518whA,LIVE Pokemon RIP N SHIP! DESTINED RIVALS ETB HIT OF NIGHT BONUS!,Nostalgia Nomics,replay,message,1:05:56,@marioex497,BOOM,False,False,True,,,2026-09-25T01:34:31.938Z,TCG/Pokemon,Pokemon Cards,Livestream Reaction,A viewer posts an exclamation in the Pokemon card rip and ship stream chat.,low,youtube_live:19bmF518whA:1389
1390,19bmF518whA,https://www.youtube.com/watch?v=19bmF518whA,LIVE Pokemon RIP N SHIP! DESTINED RIVALS ETB HIT OF NIGHT BONUS!,Nostalgia Nomics,replay,message,1:05:57,@cr0ssfade_ow,you did it!,False,True,True,,,2026-09-25T01:34:33.056Z,TCG/Pokemon,Pokemon Cards,Pack Opening,A viewer celebrates an achievement during the Pokemon pack opening broadcast.,low,youtube_live:19bmF518whA:1390
1391,19bmF518whA,https://www.youtube.com/watch?v=19bmF518whA,LIVE Pokemon RIP N SHIP! DESTINED RIVALS ETB HIT OF NIGHT BONUS!,Nostalgia Nomics,replay,message,1:05:58,@JKJWick,romance card!,False,False,False,,,2026-09-25T01:34:33.963Z,TCG/Pokemon,Pokemon Cards,Card Identification,A user comments 'romance card!' regarding a card shown on the livestream.,medium,youtube_live:19bmF518whA:1391
1392,19bmF518whA,https://www.youtube.com/watch?v=19bmF518whA,LIVE Pokemon RIP N SHIP! DESTINED RIVALS ETB HIT OF NIGHT BONUS!,Nostalgia Nomics,replay,message,1:06:05,@BoostedLNF,that has to be hit of the night,False,False,True,,,2026-09-25T01:34:41.100Z,TCG/Pokemon,Pokemon Cards,Card Pulls,A chatter asserts that a pull must be the hit of the night.,medium,youtube_live:19bmF518whA:1392
1393,19bmF518whA,https://www.youtube.com/watch?v=19bmF518whA,LIVE Pokemon RIP N SHIP! DESTINED RIVALS ETB HIT OF NIGHT BONUS!,Nostalgia Nomics,replay,message,1:06:05,@JKJWick,whats the price on that one?,False,False,False,,,2026-09-25T01:34:41.528Z,TCG/Pokemon,Pokemon Cards,Card Pricing,A viewer inquires about the market price of a pulled Pokemon card.,medium,youtube_live:19bmF518whA:1393
1394,19bmF518whA,https://www.youtube.com/watch?v=19bmF518whA,LIVE Pokemon RIP N SHIP! DESTINED RIVALS ETB HIT OF NIGHT BONUS!,Nostalgia Nomics,replay,message,1:06:15,@cr0ssfade_ow,congrats matt ,False,True,True,,,2026-09-25T01:34:51.237Z,TCG/Pokemon,Pokemon Cards,Livestream Chat,A viewer congratulates Matt during the Pokemon rip and ship livestream.,medium,youtube_live:19bmF518whA:1394
1395,19bmF518whA,https://www.youtube.com/watch?v=19bmF518whA,LIVE Pokemon RIP N SHIP! DESTINED RIVALS ETB HIT OF NIGHT BONUS!,Nostalgia Nomics,replay,message,1:06:16,@MattSullivan-c1c,me and nikke just got it going on,False,False,False,,,2026-09-25T01:34:52.514Z,TCG/Pokemon,Pokemon Cards,Livestream Chat,A chatter remarks casually about having good luck or synergy during the stream.,low,youtube_live:19bmF518whA:1395
1396,19bmF518whA,https://www.youtube.com/watch?v=19bmF518whA,LIVE Pokemon RIP N SHIP! DESTINED RIVALS ETB HIT OF NIGHT BONUS!,Nostalgia Nomics,replay,message,1:06:27,@JKJWick,they just love you matt,False,False,False,,,2026-09-25T01:35:03.068Z,TCG/Pokemon,Pokemon Cards,Livestream Chat,A viewer comments to Matt about being favored during the card stream.,low,youtube_live:19bmF518whA:1396
1397,19bmF518whA,https://www.youtube.com/watch?v=19bmF518whA,LIVE Pokemon RIP N SHIP! DESTINED RIVALS ETB HIT OF NIGHT BONUS!,Nostalgia Nomics,replay,message,1:06:30,@cr0ssfade_ow,i'd say so,False,True,True,,,2026-09-25T01:35:05.760Z,TCG/Pokemon,Pokemon TCG,unclear reaction,A viewer agrees with an unspecified remark in the livestream chat.,low,youtube_live:19bmF518whA:1397
1398,19bmF518whA,https://www.youtube.com/watch?v=19bmF518whA,LIVE Pokemon RIP N SHIP! DESTINED RIVALS ETB HIT OF NIGHT BONUS!,Nostalgia Nomics,replay,message,1:06:52,@kuffjamin7804,I like this Nikke set. But wife shakes her head :rolling_on_the_floor_laughing:,False,False,False,,,2026-09-25T01:35:27.734Z,TCG/Pokemon,Goddess of Victory: Nikke TCG,product appreciation; personal reaction,A user expresses liking the Nikke set while mentioning their wife disapproves.,high,youtube_live:19bmF518whA:1398
1399,19bmF518whA,https://www.youtube.com/watch?v=19bmF518whA,LIVE Pokemon RIP N SHIP! DESTINED RIVALS ETB HIT OF NIGHT BONUS!,Nostalgia Nomics,replay,message,1:07:09,@MattSullivan-c1c,is that hit of the night?,False,False,False,,,2026-09-25T01:35:44.950Z,TCG/Pokemon,Pokemon TCG,card pulls; stream hit,A viewer asks whether a pulled card qualifies as the hit of the night.,high,youtube_live:19bmF518whA:1399
1400,19bmF518whA,https://www.youtube.com/watch?v=19bmF518whA,LIVE Pokemon RIP N SHIP! DESTINED RIVALS ETB HIT OF NIGHT BONUS!,Nostalgia Nomics,replay,message,1:07:17,@BoostedLNF,those wet signatures? or printed?,False,False,True,,,2026-09-25T01:35:52.978Z,TCG/Pokemon,trading cards,autographs; card authentication,A user inquires whether the signatures on the cards are on-card wet signatures or printed facsimile.,high,youtube_live:19bmF518whA:1400
1401,19bmF518whA,https://www.youtube.com/watch?v=19bmF518whA,LIVE Pokemon RIP N SHIP! DESTINED RIVALS ETB HIT OF NIGHT BONUS!,Nostalgia Nomics,replay,message,1:07:20,@cr0ssfade_ow,W,False,True,True,,,2026-09-25T01:35:56.001Z,TCG/Pokemon,Pokemon TCG,stream reaction,A viewer posts 'W' celebrating a stream event or card pull.,low,youtube_live:19bmF518whA:1401
1402,19bmF518whA,https://www.youtube.com/watch?v=19bmF518whA,LIVE Pokemon RIP N SHIP! DESTINED RIVALS ETB HIT OF NIGHT BONUS!,Nostalgia Nomics,replay,message,1:07:25,@JKJWick,"how much is the sig, at least a band?",False,False,False,,,2026-09-25T01:36:01.454Z,TCG/Pokemon,trading cards,card value; autographs,A viewer asks if the autographed card is worth at least one thousand dollars.,high,youtube_live:19bmF518whA:1402
1403,19bmF518whA,https://www.youtube.com/watch?v=19bmF518whA,LIVE Pokemon RIP N SHIP! DESTINED RIVALS ETB HIT OF NIGHT BONUS!,Nostalgia Nomics,replay,message,1:07:39,@Brandmonlee,Good stuff Matt! Congratulations!,False,False,False,,,2026-09-25T01:36:15.394Z,TCG/Pokemon,Pokemon TCG,congratulations,A user congratulates Matt on a stream pull or event.,medium,youtube_live:19bmF518whA:1403
1404,19bmF518whA,https://www.youtube.com/watch?v=19bmF518whA,LIVE Pokemon RIP N SHIP! DESTINED RIVALS ETB HIT OF NIGHT BONUS!,Nostalgia Nomics,replay,message,1:07:50,@JKJWick,it will be released tomorrow,False,False,False,,,2026-09-25T01:36:25.752Z,TCG/Pokemon,Pokemon TCG,release date,A commenter states that an item will be released tomorrow.,medium,youtube_live:19bmF518whA:1404
1405,19bmF518whA,https://www.youtube.com/watch?v=19bmF518whA,LIVE Pokemon RIP N SHIP! DESTINED RIVALS ETB HIT OF NIGHT BONUS!,Nostalgia Nomics,replay,message,1:08:01,@MattSullivan-c1c,"im still happy, that's the 2nd signature I got in 3 boxes",False,False,False,,,2026-09-25T01:36:37.551Z,TCG/Pokemon,trading cards,box pulls; autographs,A user shares that they are happy after receiving their second signature card across three boxes.,high,youtube_live:19bmF518whA:1405
1406,19bmF518whA,https://www.youtube.com/watch?v=19bmF518whA,LIVE Pokemon RIP N SHIP! DESTINED RIVALS ETB HIT OF NIGHT BONUS!,Nostalgia Nomics,replay,message,1:08:24,@marioex497,Are there serialized?,False,False,True,,,2026-09-25T01:36:59.981Z,TCG/Pokemon,trading cards,card numbering,A viewer asks whether the cards being opened are serialized.,high,youtube_live:19bmF518whA:1406
1407,19bmF518whA,https://www.youtube.com/watch?v=19bmF518whA,LIVE Pokemon RIP N SHIP! DESTINED RIVALS ETB HIT OF NIGHT BONUS!,Nostalgia Nomics,replay,message,1:08:42,@MattSullivan-c1c,its def not AH lol!,False,False,False,,,2026-09-25T01:37:18.408Z,TCG/Pokemon,Pokemon Cards,Card Identification,A viewer comments that something is definitely not 'AH'.,low,youtube_live:19bmF518whA:1407
1408,19bmF518whA,https://www.youtube.com/watch?v=19bmF518whA,LIVE Pokemon RIP N SHIP! DESTINED RIVALS ETB HIT OF NIGHT BONUS!,Nostalgia Nomics,replay,message,1:08:45,@cr0ssfade_ow,boom,False,True,True,,,2026-09-25T01:37:20.894Z,TCG/Pokemon,Pokemon Cards,Stream Reaction,A viewer posts an exclamation during the Pokemon stream.,low,youtube_live:19bmF518whA:1408
1409,19bmF518whA,https://www.youtube.com/watch?v=19bmF518whA,LIVE Pokemon RIP N SHIP! DESTINED RIVALS ETB HIT OF NIGHT BONUS!,Nostalgia Nomics,replay,message,1:08:48,@cr0ssfade_ow,nice hit ,False,True,True,,,2026-09-25T01:37:24.127Z,TCG/Pokemon,Pokemon Cards,Card Pull,A chatter compliments a card pull during the livestream.,high,youtube_live:19bmF518whA:1409
1410,19bmF518whA,https://www.youtube.com/watch?v=19bmF518whA,LIVE Pokemon RIP N SHIP! DESTINED RIVALS ETB HIT OF NIGHT BONUS!,Nostalgia Nomics,replay,message,1:08:50,@JKJWick,nice lpm!,False,False,False,,,2026-09-25T01:37:25.993Z,TCG/Pokemon,Pokemon Cards,Stream Reaction,A viewer comments favorably toward 'lpm'.,low,youtube_live:19bmF518whA:1410
1411,19bmF518whA,https://www.youtube.com/watch?v=19bmF518whA,LIVE Pokemon RIP N SHIP! DESTINED RIVALS ETB HIT OF NIGHT BONUS!,Nostalgia Nomics,replay,message,1:09:47,@JKJWick,"lets see gengar SIR, last time we saw it was when mitch pulled it with his massive order that one night!",False,False,False,,,2026-09-25T01:38:22.980Z,TCG/Pokemon,Pokemon Cards,Card Pull,"A user hopes to see a Gengar SIR, recalling a previous pull.",high,youtube_live:19bmF518whA:1411
1412,19bmF518whA,https://www.youtube.com/watch?v=19bmF518whA,LIVE Pokemon RIP N SHIP! DESTINED RIVALS ETB HIT OF NIGHT BONUS!,Nostalgia Nomics,replay,message,1:11:06,@cr0ssfade_ow,wide open queue ,False,True,True,,,2026-09-25T01:39:42.568Z,TCG/Pokemon,Pokemon Cards,Break Queue,A viewer notes that the rip-and-ship queue is wide open.,medium,youtube_live:19bmF518whA:1412
1413,19bmF518whA,https://www.youtube.com/watch?v=19bmF518whA,LIVE Pokemon RIP N SHIP! DESTINED RIVALS ETB HIT OF NIGHT BONUS!,Nostalgia Nomics,replay,message,1:11:59,@MattSullivan-c1c,yea cinderella,False,False,False,,,2026-09-25T01:40:35.381Z,TCG/Pokemon,Pokemon Cards,Chat Reaction,A chatter responds with 'yea cinderella'.,low,youtube_live:19bmF518whA:1413
1414,19bmF518whA,https://www.youtube.com/watch?v=19bmF518whA,LIVE Pokemon RIP N SHIP! DESTINED RIVALS ETB HIT OF NIGHT BONUS!,Nostalgia Nomics,replay,message,1:12:07,@MattSullivan-c1c,signed,False,False,False,,,2026-09-25T01:40:43.458Z,TCG/Pokemon,Pokemon Cards,Chat Reaction,A viewer writes 'signed'.,low,youtube_live:19bmF518whA:1414
1415,19bmF518whA,https://www.youtube.com/watch?v=19bmF518whA,LIVE Pokemon RIP N SHIP! DESTINED RIVALS ETB HIT OF NIGHT BONUS!,Nostalgia Nomics,replay,message,1:12:25,@MattSullivan-c1c,"350-450 raw, saw one on ebay for $700",False,False,False,,,2026-09-25T01:41:01.422Z,TCG/Pokemon,Pokemon Cards,Card Pricing; Market Value,A viewer reports raw card values of 350-450 and mentions seeing an eBay listing for $700.,high,youtube_live:19bmF518whA:1415
1416,19bmF518whA,https://www.youtube.com/watch?v=19bmF518whA,LIVE Pokemon RIP N SHIP! DESTINED RIVALS ETB HIT OF NIGHT BONUS!,Nostalgia Nomics,replay,message,1:13:40,@megabo120,"hows the stream going tonight, Any primed packs sets you can recon",False,False,False,,,2026-09-25T01:42:15.829Z,TCG/Pokemon,Pokemon Cards,Product Recommendation,A viewer asks how the stream is going and requests pack set recommendations.,medium,youtube_live:19bmF518whA:1416
1417,19bmF518whA,https://www.youtube.com/watch?v=19bmF518whA,LIVE Pokemon RIP N SHIP! DESTINED RIVALS ETB HIT OF NIGHT BONUS!,Nostalgia Nomics,replay,message,1:13:43,@JKJWick,"top hit in Nikke is Proceeding With the Plan, Rapi (SEC+) (Gold Stamp. Selling for $1,530 but thats the inflated price. ",False,False,False,,,2026-09-25T01:42:19.113Z,TCG/Pokemon,Nikke TCG,Card values; Market pricing,"A viewer notes the top hit in Nikke sells for $1,530, calling it an inflated price.",high,youtube_live:19bmF518whA:1417
1418,19bmF518whA,https://www.youtube.com/watch?v=19bmF518whA,LIVE Pokemon RIP N SHIP! DESTINED RIVALS ETB HIT OF NIGHT BONUS!,Nostalgia Nomics,replay,message,1:14:16,@JKJWick,we havent seen the kung-fu chicken yet,False,False,False,,,2026-09-25T01:42:52.317Z,TCG/Pokemon,Pokemon Cards,Card pulls,A user comments that they have not seen the kung-fu chicken card yet.,medium,youtube_live:19bmF518whA:1418
1419,19bmF518whA,https://www.youtube.com/watch?v=19bmF518whA,LIVE Pokemon RIP N SHIP! DESTINED RIVALS ETB HIT OF NIGHT BONUS!,Nostalgia Nomics,replay,message,1:14:43,@JayvernRaw,I’ve been screaming about a Pikachu patch card ,False,False,False,,,2026-09-25T01:43:19.103Z,TCG/Pokemon,Pokemon Cards,Patch cards,A chatter mentions wanting to see a Pikachu patch card.,high,youtube_live:19bmF518whA:1419
1420,19bmF518whA,https://www.youtube.com/watch?v=19bmF518whA,LIVE Pokemon RIP N SHIP! DESTINED RIVALS ETB HIT OF NIGHT BONUS!,Nostalgia Nomics,replay,message,1:15:12,@JKJWick,"@JayvernRaw for sure, i've wanted to see a pikachu john wick card!",False,False,False,,,2026-09-25T01:43:48.405Z,TCG/Pokemon,Pokemon Cards,Custom cards,A viewer expresses a desire to see a Pikachu John Wick card.,medium,youtube_live:19bmF518whA:1420
1421,19bmF518whA,https://www.youtube.com/watch?v=19bmF518whA,LIVE Pokemon RIP N SHIP! DESTINED RIVALS ETB HIT OF NIGHT BONUS!,Nostalgia Nomics,replay,message,1:15:23,@nvmcollects,Whaddup alex,False,False,True,,,2026-09-25T01:43:58.925Z,Unclear,,Greeting,A viewer greets Alex in the chat.,high,youtube_live:19bmF518whA:1421
1422,19bmF518whA,https://www.youtube.com/watch?v=19bmF518whA,LIVE Pokemon RIP N SHIP! DESTINED RIVALS ETB HIT OF NIGHT BONUS!,Nostalgia Nomics,replay,message,1:15:27,@nvmcollects,Jay :D,False,False,True,,,2026-09-25T01:44:03.610Z,Unclear,,Greeting,A chatter sends a greeting to Jay with an emoticon.,high,youtube_live:19bmF518whA:1422
1423,19bmF518whA,https://www.youtube.com/watch?v=19bmF518whA,LIVE Pokemon RIP N SHIP! DESTINED RIVALS ETB HIT OF NIGHT BONUS!,Nostalgia Nomics,replay,message,1:16:08,@MattSullivan-c1c,AGR is the signed ones,False,False,False,,,2026-09-25T01:44:44.352Z,TCG/Pokemon,Trading cards,Card rarities,A user explains that AGR refers to signed cards.,medium,youtube_live:19bmF518whA:1423
1424,19bmF518whA,https://www.youtube.com/watch?v=19bmF518whA,LIVE Pokemon RIP N SHIP! DESTINED RIVALS ETB HIT OF NIGHT BONUS!,Nostalgia Nomics,replay,message,1:16:14,@MattSullivan-c1c,autograph rare,False,False,False,,,2026-09-25T01:44:49.913Z,TCG/Pokemon,Trading cards,Card rarities,A commenter clarifies that the term refers to autograph rare cards.,medium,youtube_live:19bmF518whA:1424
1425,19bmF518whA,https://www.youtube.com/watch?v=19bmF518whA,LIVE Pokemon RIP N SHIP! DESTINED RIVALS ETB HIT OF NIGHT BONUS!,Nostalgia Nomics,replay,message,1:16:23,@JKJWick,stats look confusing but the cards look cool but someone said in the chat that his wife was shaking her head,False,False,False,,,2026-09-25T01:44:59.505Z,TCG/Pokemon,Trading cards,Card design; Gameplay,"A chatter notes the card stats look confusing but the cards look cool, relaying another user's comment.",medium,youtube_live:19bmF518whA:1425
1426,19bmF518whA,https://www.youtube.com/watch?v=19bmF518whA,LIVE Pokemon RIP N SHIP! DESTINED RIVALS ETB HIT OF NIGHT BONUS!,Nostalgia Nomics,replay,message,1:17:03,@nvmcollects,"Don't quote me but i miss the botters LOL, the people get product now have no business sense ",False,False,True,,,2026-09-25T01:45:38.779Z,General marketplace,Product allocation,Bots; Reselling,"A user comments that they miss botters, claiming current product buyers lack business sense.",medium,youtube_live:19bmF518whA:1426
1427,19bmF518whA,https://www.youtube.com/watch?v=19bmF518whA,LIVE Pokemon RIP N SHIP! DESTINED RIVALS ETB HIT OF NIGHT BONUS!,Nostalgia Nomics,replay,message,1:17:15,@nvmcollects,So frustrating to deal with ,False,False,True,,,2026-09-25T01:45:51.232Z,TCG/Pokemon,Pokemon cards,customer frustration,A viewer expresses general frustration regarding an unspecified issue during the stream.,low,youtube_live:19bmF518whA:1427
1428,19bmF518whA,https://www.youtube.com/watch?v=19bmF518whA,LIVE Pokemon RIP N SHIP! DESTINED RIVALS ETB HIT OF NIGHT BONUS!,Nostalgia Nomics,replay,message,1:18:38,@MattSullivan-c1c,"the bots definitely serve a purpose, I also can appreciate that people who love pokemon and plan to rip are able to get product",False,False,False,,,2026-09-25T01:47:14.717Z,TCG/Pokemon,Pokemon cards,bots; inventory availability,A chatter discusses bots and expresses appreciation when Pokemon collectors intending to rip packs can obtain product.,high,youtube_live:19bmF518whA:1428
1429,19bmF518whA,https://www.youtube.com/watch?v=19bmF518whA,LIVE Pokemon RIP N SHIP! DESTINED RIVALS ETB HIT OF NIGHT BONUS!,Nostalgia Nomics,replay,message,1:19:08,@JKJWick,"even when AH was hot, you were still able to keep it in stock",False,False,False,,,2026-09-25T01:47:43.979Z,TCG/Pokemon,Pokemon cards,inventory availability,A user notes that stock was maintained even when a set referred to as AH was popular.,medium,youtube_live:19bmF518whA:1429
1430,19bmF518whA,https://www.youtube.com/watch?v=19bmF518whA,LIVE Pokemon RIP N SHIP! DESTINED RIVALS ETB HIT OF NIGHT BONUS!,Nostalgia Nomics,replay,message,1:19:08,@cr0ssfade_ow,the demand for 30th is insane :face-fuchsia-tongue-out:,False,True,True,,,2026-09-25T01:47:44.165Z,TCG/Pokemon,Pokemon cards,product demand,A viewer comments on the intense demand for 30th anniversary Pokemon product.,high,youtube_live:19bmF518whA:1430
1431,19bmF518whA,https://www.youtube.com/watch?v=19bmF518whA,LIVE Pokemon RIP N SHIP! DESTINED RIVALS ETB HIT OF NIGHT BONUS!,Nostalgia Nomics,replay,message,1:19:27,@nvmcollects,"Wild.... rip Alex's streak, no wonder i cant find 30th",False,False,True,,,2026-09-25T01:48:02.808Z,TCG/Pokemon,Pokemon cards,product availability,A chatter notes the end of Alex's streak and relates it to difficulty finding 30th anniversary items.,medium,youtube_live:19bmF518whA:1431
1432,19bmF518whA,https://www.youtube.com/watch?v=19bmF518whA,LIVE Pokemon RIP N SHIP! DESTINED RIVALS ETB HIT OF NIGHT BONUS!,Nostalgia Nomics,replay,message,1:19:51,@AltHunterTCG,yoooo Im late nooooo,False,False,False,,,2026-09-25T01:48:27.596Z,TCG/Pokemon,Pokemon cards,livestream attendance,A chatter expresses disappointment about arriving late to the livestream.,high,youtube_live:19bmF518whA:1432
1433,19bmF518whA,https://www.youtube.com/watch?v=19bmF518whA,LIVE Pokemon RIP N SHIP! DESTINED RIVALS ETB HIT OF NIGHT BONUS!,Nostalgia Nomics,replay,message,1:19:59,@BoostedLNF,"funnily enough, I've ripped more 30th at MSRP then I have any other set. I'm at 100+ packs now",False,False,True,,,2026-09-25T01:48:34.941Z,TCG/Pokemon,Pokemon cards,pack opening; retail pricing,A commenter states they have opened over 100 packs of 30th anniversary product at MSRP.,high,youtube_live:19bmF518whA:1433
1434,19bmF518whA,https://www.youtube.com/watch?v=19bmF518whA,LIVE Pokemon RIP N SHIP! DESTINED RIVALS ETB HIT OF NIGHT BONUS!,Nostalgia Nomics,replay,message,1:20:01,@AltHunterTCG,did I miss any bangers?,False,False,False,,,2026-09-25T01:48:37.090Z,TCG/Pokemon,Pokemon cards,card pulls,A viewer asks the chat if they missed any notable card pulls.,medium,youtube_live:19bmF518whA:1434
1435,19bmF518whA,https://www.youtube.com/watch?v=19bmF518whA,LIVE Pokemon RIP N SHIP! DESTINED RIVALS ETB HIT OF NIGHT BONUS!,Nostalgia Nomics,replay,message,1:20:42,@AltHunterTCG,whats up hope your doing well Alex and chattttt,False,False,False,,,2026-09-25T01:49:18.653Z,TCG/Pokemon,Pokemon cards,greeting,A chatter greets the streamer Alex and the chat.,high,youtube_live:19bmF518whA:1435
