row_id,video_id,lane,source_query,title,url,views,date,duration,type,channel,channel_url,thumbnail,flash_community,flash_specific_category,flash_topic,flash_short_summary,flash_confidence,flash_evidence_row_id
1,xeMKnCDtNhM,sports_cards_breaks,sports card box break ebay,I Bought a Sports Card Mystery Box From a RANDOM eBay Seller…,https://www.youtube.com/watch?v=xeMKnCDtNhM,74669,5mo ago,9:11,video,Wayne Collection,https://www.youtube.com/@WayneCollection-yk5rl,https://i.ytimg.com/vi/xeMKnCDtNhM/hq720.jpg?sqp=-oaymwEgCNAFEJQDSFXyq4qpAxIIARUAAIhCGAFwAcABBrgC8xg=&rs=AOn4CLChGDZjr38G1ZyAScK3M2fW7XuWyg,Sports Cards,Sports Cards,Mystery Boxes; Purchases,The title claims the creator bought a sports card mystery box from a random eBay seller.,high,youtube_video:xeMKnCDtNhM
2,eRZFQWjK2yM,sports_cards_breaks,sports card box break ebay,I Found This 20-Year-Old Football Box on eBay...,https://www.youtube.com/watch?v=eRZFQWjK2yM,21060,2d ago,16:11,video,Wayne Collection,https://www.youtube.com/@WayneCollection-yk5rl,https://i.ytimg.com/vi/eRZFQWjK2yM/hq720_custom_1.jpg?sqp=CPim2tUG-oaymwEgCNAFEJQDSFXyq4qpAxIIARUAAIhCGAFwAcABBrgC8xg=&rs=AOn4CLBCX7gL9vtYIJIW_SYWbM_PH-m0CA,Sports Cards,Football Cards,Purchasing; Vintage Cards,The title claims the creator found a 20-year-old football box on eBay.,high,youtube_video:eRZFQWjK2yM
3,QyAXNatU8Mo,sports_cards_breaks,sports card box break ebay,I Bought The SKETCHIEST Sports Card Mystery Boxes on eBay...,https://www.youtube.com/watch?v=QyAXNatU8Mo,46992,4mo ago,10:29,video,Wayne Collection,https://www.youtube.com/@WayneCollection-yk5rl,https://i.ytimg.com/vi/QyAXNatU8Mo/hq720.jpg?sqp=-oaymwEgCNAFEJQDSFXyq4qpAxIIARUAAIhCGAFwAcABBrgC8xg=&rs=AOn4CLCeQ-22IkAuNzRAK48VtEDznahQDQ,Sports Cards,Sports Cards,Mystery Boxes; Purchases,The creator claims to have purchased sketchy sports card mystery boxes on eBay.,high,youtube_video:QyAXNatU8Mo
4,_rDm8b0LVNQ,sports_cards_breaks,sports card box break ebay,eBay Thursday 2026 Panini Prizm Baseball 2 Hobby Box Break 9 17 26,https://www.youtube.com/watch?v=_rDm8b0LVNQ,53,7d ago,20:36,video,Bomber Sports Cards,https://www.youtube.com/@BomberSportsCards,https://i.ytimg.com/vi/_rDm8b0LVNQ/hq720.jpg?sqp=-oaymwEgCNAFEJQDSFXyq4qpAxIIARUAAIhCGAFwAcABBrgC8xg=&rs=AOn4CLDfiG6ABuNzn0Z80qugIHPRoraBRA,Sports Cards,Baseball Cards,Box Breaks,The title describes an eBay box break of 2026 Panini Prizm Baseball hobby boxes.,high,youtube_video:_rDm8b0LVNQ
5,Zjj_1OX-Gbs,sports_cards_breaks,sports card box break ebay,$250 Hobby Boxes vs. $250 Retail Boxes,https://www.youtube.com/watch?v=Zjj_1OX-Gbs,542529,9mo ago,27:13,video,TRIKE Sports Cards,https://www.youtube.com/@TRIKESportsCards,https://i.ytimg.com/vi/Zjj_1OX-Gbs/hq720.jpg?sqp=-oaymwEgCNAFEJQDSFXyq4qpAxIIARUAAIhCGAFwAcABBrgC8xg=&rs=AOn4CLAqN4nxpV_Imxav5EiH2YBXTztKzg,Sports Cards,Sports Cards,Box Comparison,The title presents a comparison between $250 hobby boxes and $250 retail boxes.,medium,youtube_video:Zjj_1OX-Gbs
6,iPU9AoWlaBw,sports_cards_breaks,sports card box break ebay,eBay Wednesday 2026 Panini Prizm Baseball 2 Hobby Box Break 9 16 26,https://www.youtube.com/watch?v=iPU9AoWlaBw,39,8d ago,26:14,video,Bomber Sports Cards,https://www.youtube.com/@BomberSportsCards,https://i.ytimg.com/vi/iPU9AoWlaBw/hq720.jpg?sqp=-oaymwEgCNAFEJQDSFXyq4qpAxIIARUAAIhCGAFwAcABBrgC8xg=&rs=AOn4CLD1cf7t1PdrCVauxohgjyI4dzwIhQ,Sports Cards,Baseball Cards,Box Breaks,The title announces an eBay box break featuring 2026 Panini Prizm Baseball hobby boxes.,high,youtube_video:iPU9AoWlaBw
7,S1NuE_wA2Bs,sports_cards_breaks,sports card box break ebay,What Did I Just Find?...,https://www.youtube.com/watch?v=S1NuE_wA2Bs,19754,1d ago,11:55,video,Wayne Collection,https://www.youtube.com/@WayneCollection-yk5rl,https://i.ytimg.com/vi/S1NuE_wA2Bs/hq720.jpg?sqp=-oaymwEgCNAFEJQDSFXyq4qpAxIIARUAAIhCGAFwAcABBrgC8xg=&rs=AOn4CLAHWZo8_Banp4H22PBmkDDz-evkmg,Unclear,Unknown,Vague Reaction,The title asks what was just found without providing any identifying context or item details.,low,youtube_video:S1NuE_wA2Bs
8,LPZ7wtjacn4,sports_cards_breaks,sports card box break ebay,eBay Sunday 2025 Topps Stadium Club Baseball 4 Hobby Box Break 9 20 26,https://www.youtube.com/watch?v=LPZ7wtjacn4,40,4d ago,28:31,video,Bomber Sports Cards,https://www.youtube.com/@BomberSportsCards,https://i.ytimg.com/vi/LPZ7wtjacn4/hq720.jpg?sqp=-oaymwEgCNAFEJQDSFXyq4qpAxIIARUAAIhCGAFwAcABBrgC8xg=&rs=AOn4CLBB_B3C3jLBPqTQIN3uyvgqWEkzhg,Sports Cards,Baseball Cards,Box Breaks,The title lists an eBay box break of four 2025 Topps Stadium Club Baseball hobby boxes.,high,youtube_video:LPZ7wtjacn4
9,5XaYiryTyQQ,sports_cards_breaks,sports card box break ebay,How to SELL Sports Cards REALLY FAST on eBay!,https://www.youtube.com/watch?v=5XaYiryTyQQ,15118,4mo ago,7:24,video,Card Zoo Sports Cards,https://www.youtube.com/@CardZooSportsCards,https://i.ytimg.com/vi/5XaYiryTyQQ/hq720.jpg?sqp=-oaymwEgCNAFEJQDSFXyq4qpAxIIARUAAIhCGAFwAcABBrgC8xg=&rs=AOn4CLBd-lpYHGjSILJAX2KpTKUjftH_qw,Sports Cards,Sports Cards,Selling Guide; eBay Sales,The title offers a guide on how to sell sports cards fast on eBay.,high,youtube_video:5XaYiryTyQQ
10,EfYNvpJtWmQ,sports_cards_breaks,sports card box break ebay,2026 Topps Chrome Baseball PYT Hobby Box eBay Break #5,https://www.youtube.com/watch?v=EfYNvpJtWmQ,37,1mo ago,21:59,video,Roper's Rips,https://www.youtube.com/@RopersRips,https://i.ytimg.com/vi/EfYNvpJtWmQ/hq720.jpg?sqp=-oaymwEgCNAFEJQDSFXyq4qpAxIIARUAAIhCGAFwAcABBrgC8xg=&rs=AOn4CLAcDNVHxHXBfNIXZSwx6iLOrL562A,Sports Cards,Baseball Cards,Box Breaks,The title advertises a pick-your-team hobby box eBay break of 2026 Topps Chrome Baseball.,high,youtube_video:EfYNvpJtWmQ
11,FaILPcpLD1s,sports_cards_breaks,sports card box break ebay,"I Spent $1,000 on Sports Card Mystery Packs and Made $________",https://www.youtube.com/watch?v=FaILPcpLD1s,283653,6mo ago,30:03,video,Wayne Collection,https://www.youtube.com/@WayneCollection-yk5rl,https://i.ytimg.com/vi/FaILPcpLD1s/hq720.jpg?sqp=-oaymwEgCNAFEJQDSFXyq4qpAxIIARUAAIhCGAFwAcABBrgC8xg=&rs=AOn4CLAmEvV69Kl4VZ5wZbECmw3jxCaqlg,Sports Cards,mystery packs,pack opening; profitability,"The title claims the creator spent $1,000 on sports card mystery packs and reveals the financial outcome.",high,youtube_video:FaILPcpLD1s
12,bElKFZcvfg0,sports_cards_breaks,sports card box break ebay,eBay- 2026 Topps Marvel Vault 5 Box Case Pick Your Character!-9/23/26,https://www.youtube.com/watch?v=bElKFZcvfg0,1317,Streamed 1d ago,18:32,video,Best Card Breaks,https://www.youtube.com/@bestcardbreaks3840,https://i.ytimg.com/vi/bElKFZcvfg0/hq720.jpg?sqp=-oaymwE6CNAFEJQDSFXyq4qpAywIARUAAIhCGAFwAcABBvABAfgB_gmAAtAFigIMCAAQARhfIF8oXzAPuALzGA==&rs=AOn4CLAHhngK4d5cOfKj9DRXXyqJlYTdIg,Toys/Collectibles,non-sports cards,box break,The title announces an eBay pick-your-character break for a 2026 Topps Marvel Vault 5-box case.,high,youtube_video:bElKFZcvfg0
13,zlDlWR6W7h0,sports_cards_breaks,sports card box break ebay,eBay Monday 2026 Panini Prizm Baseball 3 Hobby Box Break 9 14 26,https://www.youtube.com/watch?v=zlDlWR6W7h0,46,10d ago,40:07,video,Bomber Sports Cards,https://www.youtube.com/@BomberSportsCards,https://i.ytimg.com/vi/zlDlWR6W7h0/hq720.jpg?sqp=-oaymwEgCNAFEJQDSFXyq4qpAxIIARUAAIhCGAFwAcABBrgC8xg=&rs=AOn4CLDyegKFCjnAB7xEpnjnDCZ9BSPXqg,Sports Cards,baseball cards,box break,The title describes an eBay break of three hobby boxes of 2026 Panini Prizm Baseball.,high,youtube_video:zlDlWR6W7h0
14,sWYyT7Ex69o,sports_cards_breaks,sports card box break ebay,2026 Topps Chrome Baseball PYT Hobby Box eBay Break #1,https://www.youtube.com/watch?v=sWYyT7Ex69o,26,2mo ago,28:23,video,Roper's Rips,https://www.youtube.com/@RopersRips,https://i.ytimg.com/vi/sWYyT7Ex69o/hq720.jpg?sqp=-oaymwEgCNAFEJQDSFXyq4qpAxIIARUAAIhCGAFwAcABBrgC8xg=&rs=AOn4CLBxV_4HnWX19686rUE3qhv2fsBlaw,Sports Cards,baseball cards,box break,The title announces an eBay pick-your-team hobby box break of 2026 Topps Chrome Baseball.,high,youtube_video:sWYyT7Ex69o
15,SzVWf_A4BUo,sports_cards_breaks,sports card box break ebay,Can We Profit Opening High End Sports Card Boxes?,https://www.youtube.com/watch?v=SzVWf_A4BUo,241284,1mo ago,20:34,video,TRIKE Sports Cards,https://www.youtube.com/@TRIKESportsCards,https://i.ytimg.com/vi/SzVWf_A4BUo/hq720.jpg?sqp=-oaymwEgCNAFEJQDSFXyq4qpAxIIARUAAIhCGAFwAcABBrgC8xg=&rs=AOn4CLCeSqNM2e9S07-CM2ykAq3xnHxfeA,Sports Cards,sports cards,box opening; profitability,The title asks whether opening high-end sports card boxes can yield a profit.,high,youtube_video:SzVWf_A4BUo
16,MtNpAZWnn6I,sports_cards_breaks,sports card box break ebay,Can I Find Profit in $1 Sports Card Boxes?,https://www.youtube.com/watch?v=MtNpAZWnn6I,104664,11mo ago,13:20,video,TRIKE Sports Cards,https://www.youtube.com/@TRIKESportsCards,https://i.ytimg.com/vi/MtNpAZWnn6I/hq720.jpg?sqp=-oaymwEgCNAFEJQDSFXyq4qpAxIIARUAAIhCGAFwAcABBrgC8xg=&rs=AOn4CLBblqb8xhO1dSFMITeg1T3VxWwqlw,Sports Cards,sports cards,box opening; profitability,The title asks whether profit can be found opening $1 sports card boxes.,high,youtube_video:MtNpAZWnn6I
17,Srwgb5wXrZw,sports_cards_breaks,sports card box break ebay,SD SPORTS CARDS: 9.9.26 EBAY LIVE STREAM....w/ D-MO!!!! #boxbreak #sportscards #liveboxbreaks,https://www.youtube.com/watch?v=Srwgb5wXrZw,606,Streamed 9h ago,4:58:56,video,SD BREAKS,https://www.youtube.com/@SDBREAKS,https://i.ytimg.com/vi/Srwgb5wXrZw/hq720.jpg?sqp=-oaymwEgCNAFEJQDSFXyq4qpAxIIARUAAIhCGAFwAcABBrgC8xg=&rs=AOn4CLAWlpS9jn-ZskjZrrfryHjdg7zdTA,Sports Cards,sports cards,live stream; box break,The title advertises an eBay live stream featuring sports card box breaks with D-MO.,high,youtube_video:Srwgb5wXrZw
18,bPXCFwpSq8c,sports_cards_breaks,sports card box break ebay,eBay Thursday 2025 26 Panini Origins Basketball 3 Hobby Box Break 9 3 26,https://www.youtube.com/watch?v=bPXCFwpSq8c,46,3w ago,26:38,video,Bomber Sports Cards,https://www.youtube.com/@BomberSportsCards,https://i.ytimg.com/vi/bPXCFwpSq8c/hq720.jpg?sqp=-oaymwEgCNAFEJQDSFXyq4qpAxIIARUAAIhCGAFwAcABBrgC8xg=&rs=AOn4CLDaqu84FpYeXKoUJ2s--Xx1wo39qA,Sports Cards,basketball cards,box break,The title announces an eBay break of three hobby boxes of 2025-26 Panini Origins Basketball.,high,youtube_video:bPXCFwpSq8c
19,m55lrKxMeJ4,sports_cards_breaks,sports card box break ebay,NFL vs NBA: The Ultimate Walgreens FAIRFIELD Box Battle!,https://www.youtube.com/watch?v=m55lrKxMeJ4,1031,3h ago,23:18,video,Bustin' Boxes,https://www.youtube.com/@bustinboxes,https://i.ytimg.com/vi/m55lrKxMeJ4/hq720.jpg?sqp=-oaymwEgCNAFEJQDSFXyq4qpAxIIARUAAIhCGAFwAcABBrgC8xg=&rs=AOn4CLCmrMncnSkjty8ShpV5lJ83EuKEIQ,Sports Cards,football cards; basketball cards,box opening; comparison,The title presents a comparison opening of NFL versus NBA Fairfield repack boxes from Walgreens.,high,youtube_video:m55lrKxMeJ4
20,tSw3RM7K1xM,sports_cards_breaks,sports card box break ebay,2026 Topps Chrome Baseball PYT Hobby Box eBay Break #4,https://www.youtube.com/watch?v=tSw3RM7K1xM,43,1mo ago,27:36,video,Roper's Rips,https://www.youtube.com/@RopersRips,https://i.ytimg.com/vi/tSw3RM7K1xM/hq720.jpg?sqp=-oaymwEgCNAFEJQDSFXyq4qpAxIIARUAAIhCGAFwAcABBrgC8xg=&rs=AOn4CLD9Zq0BvMIrcqC2mbdZaZRATpnn0g,Sports Cards,baseball cards,box break,The title announces an eBay pick-your-team break of a 2026 Topps Chrome Baseball hobby box.,high,youtube_video:tSw3RM7K1xM
21,kdEiebL1veQ,luxury_bags_auth,designer bag ebay authentication ebay,How To Use eBay Authenticity Guarantee !,https://www.youtube.com/watch?v=kdEiebL1veQ,126,1mo ago,1:12,video,App Ultra,https://www.youtube.com/@AppUltra,https://i.ytimg.com/vi/kdEiebL1veQ/hq720.jpg?sqp=-oaymwEcCNAFEJQDSFXyq4qpAw4IARUAAIhCGAFwAcABBg==&rs=AOn4CLAQ1F-XwiIdGStfUr_IGRiytLCYAA,General marketplace,eBay Authenticity Guarantee,Buyer Guide; Platform Features,The title offers a guide on how to use the eBay Authenticity Guarantee feature.,high,youtube_video:kdEiebL1veQ
22,vMJH5051Dic,luxury_bags_auth,designer bag ebay authentication ebay,How to Use eBay Authenticity Guarantee Feature !,https://www.youtube.com/watch?v=vMJH5051Dic,23,3mo ago,1:11,video,App Ultra,https://www.youtube.com/@AppUltra,https://i.ytimg.com/vi/vMJH5051Dic/hq720.jpg?sqp=-oaymwEcCNAFEJQDSFXyq4qpAw4IARUAAIhCGAFwAcABBg==&rs=AOn4CLAeeZIsrt5EvhxIMOG4wATX_zK0tQ,General marketplace,eBay Authenticity Guarantee,Buyer Guide; Platform Features,The title presents instructions on how to use the eBay Authenticity Guarantee feature.,high,youtube_video:vMJH5051Dic
23,GzyqL_QtWHY,luxury_bags_auth,designer bag ebay authentication ebay,"How To Add Authenticity Guarantee On Ebay - On Sneaker, Watches, Handbags",https://www.youtube.com/watch?v=GzyqL_QtWHY,1308,11mo ago,2:01,video,Your Fix Expert,https://www.youtube.com/@YourFixExpert,https://i.ytimg.com/vi/GzyqL_QtWHY/hq720.jpg?sqp=-oaymwEcCNAFEJQDSFXyq4qpAw4IARUAAIhCGAFwAcABBg==&rs=AOn4CLDKmXsjG-usp3pUqVK1GMe6igQObg,Sneakers/Streetwear; Luxury Fashion,Sneakers; Handbags,Listing Guide; Authentication,"The title explains how to add eBay's Authenticity Guarantee to listings for sneakers, watches, and handbags.",high,youtube_video:GzyqL_QtWHY
24,AQGChakxYv8,luxury_bags_auth,designer bag ebay authentication ebay,How to Use eBay Authenticity Guarantee,https://www.youtube.com/watch?v=AQGChakxYv8,33,7mo ago,0:40,video,DiziSight,https://www.youtube.com/@dizisight,https://i.ytimg.com/vi/AQGChakxYv8/hq720.jpg?sqp=-oaymwEcCNAFEJQDSFXyq4qpAw4IARUAAIhCGAFwAcABBg==&rs=AOn4CLCG1PvTzV85FsMB8GlZT9tJ-3N8wg,General marketplace,eBay Authenticity Guarantee,Buyer Guide; Platform Features,The title provides a tutorial on using eBay's Authenticity Guarantee service.,high,youtube_video:AQGChakxYv8
25,xopbAb9MRRg,luxury_bags_auth,designer bag ebay authentication ebay,I BOUGHT A HERMES BAG FROM EBAY AND REGRET IT!,https://www.youtube.com/watch?v=xopbAb9MRRg,9039,9mo ago,9:41,video,Jessiestyle,https://www.youtube.com/@Jessiestyle,https://i.ytimg.com/vi/xopbAb9MRRg/hq720.jpg?sqp=-oaymwEcCNAFEJQDSFXyq4qpAw4IARUAAIhCGAFwAcABBg==&rs=AOn4CLBz7ZzQyS-m4HbX-tZWsUezQLocuQ,Luxury Fashion,Handbags,Buyer Experience; Regret,The creator states in the title that they bought an Hermès bag from eBay and regret it.,high,youtube_video:xopbAb9MRRg
26,K9uj6vdrqX0,luxury_bags_auth,designer bag ebay authentication ebay,This eBay Coach Rogue Purchase Changed How I Buy Luxury Bags!,https://www.youtube.com/watch?v=K9uj6vdrqX0,561,10mo ago,14:29,video,Dee Dee Bean 👛,https://www.youtube.com/@DeeDee_Bean,https://i.ytimg.com/vi/K9uj6vdrqX0/hq720.jpg?sqp=-oaymwEcCNAFEJQDSFXyq4qpAw4IARUAAIhCGAFwAcABBg==&rs=AOn4CLCCB59OCM184_YMB9Z48Pkh3wkW6w,Luxury Fashion,Handbags,Buyer Experience; Purchasing Advice,The title claims an eBay Coach Rogue purchase changed the creator's luxury bag buying approach.,high,youtube_video:K9uj6vdrqX0
27,Eh33iq4H0aA,luxury_bags_auth,designer bag ebay authentication ebay,ebay Authentication..can it be TRUSTED?? YSL Bags tell the Truth!,https://www.youtube.com/watch?v=Eh33iq4H0aA,140,3mo ago,18:24,video,Roxy’s Reruns,https://www.youtube.com/@roxysreruns4356,https://i.ytimg.com/vi/Eh33iq4H0aA/hq720.jpg?sqp=-oaymwEcCNAFEJQDSFXyq4qpAw4IARUAAIhCGAFwAcABBg==&rs=AOn4CLBUThenNkGs1lDWZBTAxnNPF652fg,Luxury Fashion,Handbags,Authentication; Trust,"The title questions whether eBay authentication can be trusted, referencing YSL bags.",high,youtube_video:Eh33iq4H0aA
28,bl5jaGA4nbc,luxury_bags_auth,designer bag ebay authentication ebay,How To Avoid eBay Counterfeit Listing Removal From AI,https://www.youtube.com/watch?v=bl5jaGA4nbc,3383,8mo ago,7:21,video,EHP Consulting Group - Amazon Expert,https://www.youtube.com/@ehpconsultinggroup,https://i.ytimg.com/vi/bl5jaGA4nbc/hq720.jpg?sqp=-oaymwEcCNAFEJQDSFXyq4qpAw4IARUAAIhCGAFwAcABBg==&rs=AOn4CLDtZruHCBeWomk6ZYTsNE5hAJhAIA,General marketplace,Listing Moderation,Seller Guide; Counterfeit Policy,The title discusses avoiding eBay counterfeit listing removals caused by AI moderation.,high,youtube_video:bl5jaGA4nbc
29,P-F3SpVz-CQ,luxury_bags_auth,designer bag ebay authentication ebay,Unboxing a preloved Chanel bag on EBay Live UK!,https://www.youtube.com/watch?v=P-F3SpVz-CQ,61,4mo ago,9:18,video,Luxury Designer Bag,https://www.youtube.com/@LuxuryDesignerBag,https://i.ytimg.com/vi/P-F3SpVz-CQ/hq720.jpg?sqp=-oaymwEcCNAFEJQDSFXyq4qpAw4IARUAAIhCGAFwAcABBg==&rs=AOn4CLAJgVdQgjicZyl3tojfN00ZWGsneA,Luxury Fashion,Handbags,Unboxing; Live Shopping,The title depicts an unboxing of a preloved Chanel bag acquired on eBay Live UK.,high,youtube_video:P-F3SpVz-CQ
30,8ATRm1Bp1sU,luxury_bags_auth,designer bag ebay authentication ebay,Louis Vuitton Speedy 30 from Japanese Ebay | Preloved Luxury LV Speedy Bag | Japanese eBay LV Speedy,https://www.youtube.com/watch?v=8ATRm1Bp1sU,4993,10mo ago,5:29,video,Jay,https://www.youtube.com/@Jeseekam,https://i.ytimg.com/vi/8ATRm1Bp1sU/hq720.jpg?sqp=-oaymwEcCNAFEJQDSFXyq4qpAw4IARUAAIhCGAFwAcABBg==&rs=AOn4CLD4HhKAmnYwW0GoJ21rUaiMSfP2jQ,Luxury Fashion,Handbags,Unboxing; Japanese Sellers,The title highlights a preloved Louis Vuitton Speedy 30 bag purchased from Japanese eBay.,high,youtube_video:8ATRm1Bp1sU
31,-TgKIoItPPM,luxury_bags_auth,designer bag ebay authentication ebay,LV Speedy 25 From Japanese EBay,https://www.youtube.com/watch?v=-TgKIoItPPM,703,7mo ago,7:06,video,Takireaaa,https://www.youtube.com/@takireaaa,https://i.ytimg.com/vi/-TgKIoItPPM/hqdefault.jpg?sqp=-oaymwEcCOADEI4CSFXyq4qpAw4IARUAAIhCGAFwAcABBg==&rs=AOn4CLDz9S6JPwEeOBBn9FJy8mQm1rtyew,Luxury Fashion,Handbags,Cross-Border Shopping,The title references obtaining a Louis Vuitton Speedy 25 handbag from Japanese eBay.,high,youtube_video:-TgKIoItPPM
32,T7OmgCkiWU0,luxury_bags_auth,designer bag ebay authentication ebay,What My Purses ACTUALLY Sell For #whatnot #reseller,https://www.youtube.com/watch?v=T7OmgCkiWU0,3670,10mo ago,7:21,video,Rachel Strickland,https://www.youtube.com/@RachelStrickland,https://i.ytimg.com/vi/T7OmgCkiWU0/hq720.jpg?sqp=-oaymwEcCNAFEJQDSFXyq4qpAw4IARUAAIhCGAFwAcABBg==&rs=AOn4CLCr-ollKCnM7qwwZSQLPwc8sy6NkA,Other / emerging,Handbags,Reselling Prices,The title highlights actual sale prices for purses sold by a reseller on Whatnot.,medium,youtube_video:T7OmgCkiWU0
33,StPDmnHiqmk,luxury_bags_auth,designer bag ebay authentication ebay,WHY NOBODY'S BUYING THESE DESIGNER BAGS ANYMORE! LUXURY RESALE MARKET IS DEAD!,https://www.youtube.com/watch?v=StPDmnHiqmk,26625,8mo ago,21:41,video,Wildunfiltered,https://www.youtube.com/@Wildunfiltered,https://i.ytimg.com/vi/StPDmnHiqmk/hq720.jpg?sqp=-oaymwEcCNAFEJQDSFXyq4qpAw4IARUAAIhCGAFwAcABBg==&rs=AOn4CLC4775PRJQ1rjC-73c8OVn5Ypj3eA,Luxury Fashion,Designer Handbags,Secondary Market Trends,The title asserts that nobody is buying certain designer bags and claims the luxury resale market is dead.,high,youtube_video:StPDmnHiqmk
34,j5tjK4FgJ9I,luxury_bags_auth,designer bag ebay authentication ebay,"Online Return Scams | eBay, Poshmark, Vinted, Mercari ",https://www.youtube.com/watch?v=j5tjK4FgJ9I,286,10mo ago,21:03,video,Elliott's Luxury,https://www.youtube.com/@ElliottsLuxury,https://i.ytimg.com/vi/j5tjK4FgJ9I/hq720.jpg?sqp=-oaymwEcCNAFEJQDSFXyq4qpAw4IARUAAIhCGAFwAcABBg==&rs=AOn4CLATgtlNq89X9w12tmOV5Y9oee91Zw,General marketplace,Multi-platform Reselling,Return Scams,"The title addresses online return scams across eBay, Poshmark, Vinted, and Mercari.",high,youtube_video:j5tjK4FgJ9I
35,9x6VKkSJrzA,luxury_bags_auth,designer bag ebay authentication ebay,3 Must-Know Tips to Authenticate Vintage Dooney & Bourke Bags | Fashion Find,https://www.youtube.com/watch?v=9x6VKkSJrzA,145,4w ago,18:50,video,G R Houston-Jack,https://www.youtube.com/@GRHoustonJack,https://i.ytimg.com/vi/9x6VKkSJrzA/hq720.jpg?sqp=-oaymwEcCNAFEJQDSFXyq4qpAw4IARUAAIhCGAFwAcABBg==&rs=AOn4CLCfi0X-5233xg7G4FqALCF6aXXPYA,Other / emerging,Handbags,Authentication Tips,The title shares three tips to authenticate vintage Dooney & Bourke bags.,high,youtube_video:9x6VKkSJrzA
36,drQGwUVWuUI,luxury_bags_auth,designer bag ebay authentication ebay,I Found A Warehouse of Purses! #pursehaul #vintagecoach #coachlegacy,https://www.youtube.com/watch?v=drQGwUVWuUI,15479,2mo ago,38:24,video,Rachel Strickland,https://www.youtube.com/@RachelStrickland,https://i.ytimg.com/vi/drQGwUVWuUI/hq720.jpg?sqp=-oaymwEcCNAFEJQDSFXyq4qpAw4IARUAAIhCGAFwAcABBg==&rs=AOn4CLDJaXTL2C4PhVtT2PA7RvlF5KDFlw,Other / emerging,Handbags,Sourcing Haul,"The title describes finding a warehouse of purses, referencing vintage Coach and Coach Legacy.",high,youtube_video:drQGwUVWuUI
37,R5tShK7jvPg,luxury_bags_auth,designer bag ebay authentication ebay,Scammed on Vinted. TWICE in a row,https://www.youtube.com/watch?v=R5tShK7jvPg,253,2mo ago,29:13,video,The Handbag Diaries 💕👜,https://www.youtube.com/@TheHandbagDiaries,https://i.ytimg.com/vi/R5tShK7jvPg/hq720.jpg?sqp=-oaymwEcCNAFEJQDSFXyq4qpAw4IARUAAIhCGAFwAcABBg==&rs=AOn4CLDYXOCPwZtkPhZocycofcF4wZm5zA,General marketplace,Vinted,Marketplace Scams,The title claims the creator was scammed twice in a row on the Vinted platform.,high,youtube_video:R5tShK7jvPg
38,esm9SRkw4DI,luxury_bags_auth,designer bag ebay authentication ebay,Pro Tips for Authenticating Designer Bags: A Conversation with For The Love of Luxury,https://www.youtube.com/watch?v=esm9SRkw4DI,126,10mo ago,31:59,video,Casa Chic,https://www.youtube.com/@juliecasachic,https://i.ytimg.com/vi/esm9SRkw4DI/hqdefault.jpg?sqp=-oaymwEcCOADEI4CSFXyq4qpAw4IARUAAIhCGAFwAcABBg==&rs=AOn4CLB4Wt_EpOD6G59b1kSST293MfPAaQ,Luxury Fashion,Designer Handbags,Authentication Tips,The title features a discussion offering professional tips for authenticating designer bags.,high,youtube_video:esm9SRkw4DI
39,VMgU2uMWxFY,luxury_bags_auth,designer bag ebay authentication ebay,The Fake Birkin Problem Nobody Talks About | Kirsten & Eddie Prosser | Coffeez Ep. 318,https://www.youtube.com/watch?v=VMgU2uMWxFY,40,23h ago,1:06:13,video,Coffeez with Joe Shalaby and Joseph Shalaby,,https://i.ytimg.com/vi/VMgU2uMWxFY/hq720_custom_1.jpg?sqp=CPim2tUG-oaymwEcCNAFEJQDSFXyq4qpAw4IARUAAIhCGAFwAcABBg==&rs=AOn4CLAMcXaHtLzNCBzcB3iNPp1q3Qp1cA,Luxury Fashion,Designer Handbags,Counterfeits,The title introduces a discussion centered on an allegedly overlooked fake Birkin bag problem.,high,youtube_video:VMgU2uMWxFY
40,F_2JDmcJ1LI,luxury_bags_auth,designer bag ebay authentication ebay,How I Clean Thrifted Purses- Scrubbing 29 today #goodwillbins  #cleaning,https://www.youtube.com/watch?v=F_2JDmcJ1LI,13385,3mo ago,44:09,video,Rachel Strickland,https://www.youtube.com/@RachelStrickland,https://i.ytimg.com/vi/F_2JDmcJ1LI/hq720.jpg?sqp=-oaymwEcCNAFEJQDSFXyq4qpAw4IARUAAIhCGAFwAcABBg==&rs=AOn4CLDT8728cSqjaCingyES9gyiNeKRFA,Other / emerging,Handbags,Item Cleaning,The title outlines a process for cleaning 29 thrifted purses sourced from Goodwill bins.,high,youtube_video:F_2JDmcJ1LI
41,O_O5qTf58zE,watches_auth,ebay watch authentication review,I Bought a Watch Through eBay Authenticity Guarantee — Here’s What Happened,https://www.youtube.com/watch?v=O_O5qTf58zE,43331,6mo ago,3:34,video,Doug's Watches,https://www.youtube.com/@Dougs_watches,https://i.ytimg.com/vi/O_O5qTf58zE/hq720.jpg?sqp=-oaymwEcCNAFEJQDSFXyq4qpAw4IARUAAIhCGAFwAcABBg==&rs=AOn4CLCpCYlsCEtQnanDgaEljJHmJTRqmw,Luxury Fashion,Watches,eBay Authenticity Guarantee; Buying Experience,The title discusses buying a watch using eBay's Authenticity Guarantee service and sharing what happened.,high,youtube_video:O_O5qTf58zE
42,hWJ0uGyO1Pk,watches_auth,ebay watch authentication review,"This Omega Constellation Passed eBay's Authentication, eBay's Authenticity Guarantee",https://www.youtube.com/watch?v=hWJ0uGyO1Pk,25,1mo ago,3:37,video,Brian E. Niskala,https://www.youtube.com/@GarageMahalLife,https://i.ytimg.com/vi/hWJ0uGyO1Pk/hq720.jpg?sqp=-oaymwE2CNAFEJQDSFXyq4qpAygIARUAAIhCGAFwAcABBvABAfgB_gmAAtAFigIMCAAQARhlIEsoQTAP&rs=AOn4CLBlkL0e9FFHFf4Vkqf5M4Es_wpeog,Luxury Fashion,Watches,eBay Authenticity Guarantee; Authentication,The title highlights an Omega Constellation watch that passed eBay's Authenticity Guarantee program.,high,youtube_video:hWJ0uGyO1Pk
43,Og5_JOUVz1A,watches_auth,ebay watch authentication review,Buying Watches on eBay is a TERRIBLE IDEA!,https://www.youtube.com/watch?v=Og5_JOUVz1A,5714,1mo ago,8:45,video,Gustavo Villa Jewelry,https://www.youtube.com/@gusvillajewelry,https://i.ytimg.com/vi/Og5_JOUVz1A/hq720.jpg?sqp=-oaymwEcCNAFEJQDSFXyq4qpAw4IARUAAIhCGAFwAcABBg==&rs=AOn4CLBUGow6dvKjVcN1p9A9mBl75XsTmA,Luxury Fashion,Watches,Buying Experience; Marketplace Caution,The title claims that purchasing watches on eBay is a terrible idea.,high,youtube_video:Og5_JOUVz1A
44,uEfGlGb29x4,watches_auth,ebay watch authentication review,Ebay Watch Authentication Service Real Life Experience. OMEGA SPEEDMASTER,https://www.youtube.com/watch?v=uEfGlGb29x4,67,8mo ago,23:50,video,Peter J,https://www.youtube.com/@peterj754,https://i.ytimg.com/vi/uEfGlGb29x4/hq720.jpg?sqp=-oaymwEcCNAFEJQDSFXyq4qpAw4IARUAAIhCGAFwAcABBg==&rs=AOn4CLAhhsdccfZNHbGaKTyG1uaWLXWleQ,Luxury Fashion,Watches,eBay Authenticity Guarantee; Authentication Service,The title outlines a real-life experience with eBay's watch authentication service for an Omega Speedmaster.,high,youtube_video:uEfGlGb29x4
45,rOvHcmcSx3w,watches_auth,ebay watch authentication review,From Dream to Wrist: My Grail Watch Purchase on eBay,https://www.youtube.com/watch?v=rOvHcmcSx3w,252,5mo ago,3:56,video,VintageVega,https://www.youtube.com/@VintageVega904,https://i.ytimg.com/vi/rOvHcmcSx3w/hq720.jpg?sqp=-oaymwEcCNAFEJQDSFXyq4qpAw4IARUAAIhCGAFwAcABBg==&rs=AOn4CLAto9_QtbxpaBByeBLMGy_7EY3tdw,Luxury Fashion,Watches,Buying Experience,The title documents purchasing a grail watch on eBay.,high,youtube_video:rOvHcmcSx3w
46,Rh5eb-gR-Ig,watches_auth,ebay watch authentication review,"CHEATING EBAY'S ""AUTHENTICATION"" PROCESS!",https://www.youtube.com/watch?v=Rh5eb-gR-Ig,287,2mo ago,12:30,video,brianninety6two,https://www.youtube.com/@brianninety6two,https://i.ytimg.com/vi/Rh5eb-gR-Ig/hq720.jpg?sqp=-oaymwEcCNAFEJQDSFXyq4qpAw4IARUAAIhCGAFwAcABBg==&rs=AOn4CLC7ZbAbPYqVIJvVcKE-zlsyWk6yVg,General marketplace,Marketplace Services,Authentication Process; Fraud,The title claims to discuss cheating eBay's authentication process.,medium,youtube_video:Rh5eb-gR-Ig
47,wg0RJ92Djuw,watches_auth,ebay watch authentication review,eBay unboxing of a Rolex Submariner ,https://www.youtube.com/watch?v=wg0RJ92Djuw,887,11mo ago,4:25,video,Riff4Raff,https://www.youtube.com/@Riff4Raff,https://i.ytimg.com/vi/wg0RJ92Djuw/hq720.jpg?sqp=-oaymwEcCNAFEJQDSFXyq4qpAw4IARUAAIhCGAFwAcABBg==&rs=AOn4CLCGAMMPNlEpVI2bhmnCc_pDQx7R8w,Luxury Fashion,Watches,Unboxing,The title describes an unboxing of a Rolex Submariner purchased on eBay.,high,youtube_video:wg0RJ92Djuw
48,PR3cxuALxec,watches_auth,ebay watch authentication review,How to Use eBay Authenticity Guarantee Safely !,https://www.youtube.com/watch?v=PR3cxuALxec,1,5d ago,0:47,video,Howzenic,https://www.youtube.com/@howzenic,https://i.ytimg.com/vi/PR3cxuALxec/hq720.jpg?sqp=-oaymwEcCNAFEJQDSFXyq4qpAw4IARUAAIhCGAFwAcABBg==&rs=AOn4CLAYo1XSwPvIWuOS3wwxo0S8M-DnHg,General marketplace,Marketplace Services,eBay Authenticity Guarantee; Tutorial,The title offers a guide on how to safely use eBay's Authenticity Guarantee.,high,youtube_video:PR3cxuALxec
49,QF-7ASmdXrY,watches_auth,ebay watch authentication review,How to Fix eBay Authenticity Guarantee Not Working !,https://www.youtube.com/watch?v=QF-7ASmdXrY,7,4d ago,1:04,video,Howzenic,https://www.youtube.com/@howzenic,https://i.ytimg.com/vi/QF-7ASmdXrY/hq720.jpg?sqp=-oaymwEcCNAFEJQDSFXyq4qpAw4IARUAAIhCGAFwAcABBg==&rs=AOn4CLCdWK_vAgYtewyeiQ-1NrKQD562Hw,General marketplace,Marketplace Services,eBay Authenticity Guarantee; Troubleshooting,The title provides instructions on fixing issues when eBay Authenticity Guarantee is not working.,high,youtube_video:QF-7ASmdXrY
50,NQK7EFq70Iw,watches_auth,ebay watch authentication review,I Bought a Fake Amouage Interlude 53 on eBay — Here's How to Spot One,https://www.youtube.com/watch?v=NQK7EFq70Iw,2327,3w ago,22:24,video,TheFragranceStandard,https://www.youtube.com/@TheFragranceStandard,https://i.ytimg.com/vi/NQK7EFq70Iw/hq720.jpg?sqp=-oaymwEcCNAFEJQDSFXyq4qpAw4IARUAAIhCGAFwAcABBg==&rs=AOn4CLAGdIOswpeSKpfi060fMSFENU3Mxw,Luxury Fashion,Fragrances,Counterfeits; Spotting Fakes,The title describes purchasing a fake Amouage Interlude 53 on eBay and showing how to spot one.,high,youtube_video:NQK7EFq70Iw
51,vwsgZmF1Rfg,watches_auth,ebay watch authentication review,SCAMMED By Ebay Authentication Guarantee!?,https://www.youtube.com/watch?v=vwsgZmF1Rfg,54,1mo ago,6:40,video,LordyCardboard,https://www.youtube.com/@LordyCardboard,https://i.ytimg.com/vi/vwsgZmF1Rfg/hq720.jpg?sqp=-oaymwEcCNAFEJQDSFXyq4qpAw4IARUAAIhCGAFwAcABBg==&rs=AOn4CLAY3R0t2bAuam7DjHdHgnIV0kIyAQ,General marketplace,authentication services,eBay Authenticity Guarantee; scams,The video title asks whether the user was scammed by eBay's Authentication Guarantee.,high,youtube_video:vwsgZmF1Rfg
52,bDBBVLG5jTI,watches_auth,ebay watch authentication review,For eBay authentication team to review ,https://www.youtube.com/watch?v=bDBBVLG5jTI,28,2w ago,4:44,video,Ïmďönė,https://www.youtube.com/@%C3%B0ne,https://i.ytimg.com/vi/bDBBVLG5jTI/hq720.jpg?sqp=-oaymwE2CNAFEJQDSFXyq4qpAygIARUAAIhCGAFwAcABBvABAfgBzgSAAoAKigIMCAAQARhlIF8oVTAP&rs=AOn4CLBr3RnoLX5QN4QrdsSL29rJOPMsyQ,General marketplace,authentication services,eBay authentication; item review,The video title states it is intended for the eBay authentication team to review.,medium,youtube_video:bDBBVLG5jTI
53,G7EvUh2kNAg,watches_auth,ebay watch authentication review,JOMASHOP SCAM Alert? Luxury Watches FAKE or LEGIT? Quality Check & Authenticity EXPOSED!,https://www.youtube.com/watch?v=G7EvUh2kNAg,1208,10mo ago,2:38,video,Unmask Review,https://www.youtube.com/@UnmaskReview,https://i.ytimg.com/vi/G7EvUh2kNAg/hq720.jpg?sqp=-oaymwEcCNAFEJQDSFXyq4qpAw4IARUAAIhCGAFwAcABBg==&rs=AOn4CLBGU1TDCcodyNgmA2MlhQSJwVdqSw,Luxury Fashion,luxury watches,authenticity check; Jomashop,The video title questions whether Jomashop is a scam and investigates the authenticity of its luxury watches.,high,youtube_video:G7EvUh2kNAg
54,ARe_y0L68KI,watches_auth,ebay watch authentication review,Sophie Cunningham SIGNED Indiana Fever Jersey L JSA Authentication COA eBay,https://www.youtube.com/watch?v=ARe_y0L68KI,2,6mo ago,1:57,video,Product Review,https://www.youtube.com/@ProductReview12345,https://i.ytimg.com/vi/ARe_y0L68KI/hq720.jpg?sqp=-oaymwEcCNAFEJQDSFXyq4qpAw4IARUAAIhCGAFwAcABBg==&rs=AOn4CLDrPby9HhaZlSJ99TeD6OyUZqDC6A,Other / emerging,autographed jerseys,eBay listing; JSA authentication,The video title highlights an eBay listing for a Sophie Cunningham signed Indiana Fever jersey with JSA authentication.,high,youtube_video:ARe_y0L68KI
55,gMs6b41ce2A,watches_auth,ebay watch authentication review,My 1/1 Autographed Card Survived eBay Authentication! One of One Gold Vinyl! ,https://www.youtube.com/watch?v=gMs6b41ce2A,15,2mo ago,5:02,video,Buckeye Breaks,https://www.youtube.com/@BuckeyeBreaks,https://i.ytimg.com/vi/gMs6b41ce2A/hqdefault.jpg?sqp=-oaymwEcCOADEI4CSFXyq4qpAw4IARUAAIhCGAFwAcABBg==&rs=AOn4CLBeNyZJcom3QQNUL4YuINyJIfXkfg,Sports Cards,autographed trading cards,eBay authentication,The video title describes a 1/1 autographed gold vinyl card surviving eBay authentication.,medium,youtube_video:gMs6b41ce2A
56,SPQyQ8uakMQ,watches_auth,ebay watch authentication review,"eBay Stinky Shoe Debacle, have you received smelly shoes before?",https://www.youtube.com/watch?v=SPQyQ8uakMQ,72,4mo ago,5:54,video,Joe,https://www.youtube.com/@AverageJoeShoes,https://i.ytimg.com/vi/SPQyQ8uakMQ/hqdefault.jpg?sqp=-oaymwEcCOADEI4CSFXyq4qpAw4IARUAAIhCGAFwAcABBg==&rs=AOn4CLA_lGuG68yx2-jivkkj282B0sYDbw,Sneakers/Streetwear,shoes,item condition; eBay purchases,The video title discusses an eBay 'stinky shoe debacle' and asks viewers if they received smelly shoes.,high,youtube_video:SPQyQ8uakMQ
57,7fh0JxWL-po,watches_auth,ebay watch authentication review,EBAY UPDATE 2027 :  The Solution To Ebay New Security Check To Create Multiple Accounts Successfully,https://www.youtube.com/watch?v=7fh0JxWL-po,398,1mo ago,4:28,video,Stealth X ,https://www.youtube.com/@stealth-xxx,https://i.ytimg.com/vi/7fh0JxWL-po/hq720.jpg?sqp=-oaymwEcCNAFEJQDSFXyq4qpAw4IARUAAIhCGAFwAcABBg==&rs=AOn4CLD8yeydecAsDNsnrkZvJnIZMFu8oA,General marketplace,account management,multiple accounts; security check,The video title offers a solution to bypass eBay's security check to successfully create multiple accounts.,high,youtube_video:7fh0JxWL-po
58,fGvY5-bjdDI,watches_auth,ebay watch authentication review,How to Spot a FAKE Case Pocket Knife (eBay Is Full of Them),https://www.youtube.com/watch?v=fGvY5-bjdDI,4370,1mo ago,19:35,video,Walter's Tool Talk,https://www.youtube.com/@WaltersToolTalk,https://i.ytimg.com/vi/fGvY5-bjdDI/hq720.jpg?sqp=-oaymwEcCNAFEJQDSFXyq4qpAw4IARUAAIhCGAFwAcABBg==&rs=AOn4CLAJ5_8Up7Nt8avQw_cIwFinP2Nzcw,Other / emerging,pocket knives,counterfeit detection; eBay fakes,The video title provides a guide on how to spot fake Case pocket knives on eBay.,high,youtube_video:fGvY5-bjdDI
59,urGSyXd0wCo,watches_auth,ebay watch authentication review,I Used AI to Spot Fake Perfume on eBay — Here's What Happened..,https://www.youtube.com/watch?v=urGSyXd0wCo,584,4mo ago,30:35,video,TheFragranceStandard,https://www.youtube.com/@TheFragranceStandard,https://i.ytimg.com/vi/urGSyXd0wCo/hq720.jpg?sqp=-oaymwEcCNAFEJQDSFXyq4qpAw4IARUAAIhCGAFwAcABBg==&rs=AOn4CLCB6tc5PjLQBUrDAPo-lUVq5nG8-Q,Other / emerging,perfume,counterfeit detection; AI tools,The video title describes using AI to identify fake perfume listings on eBay.,high,youtube_video:urGSyXd0wCo
60,lZLnRD__BME,watches_auth,ebay watch authentication review,Sophie Cunningham Signed Autographed Indiana Fever Jersey Beckett Certified eBay,https://www.youtube.com/watch?v=lZLnRD__BME,6,6mo ago,2:11,video,Product Review,https://www.youtube.com/@ProductReview12345,https://i.ytimg.com/vi/lZLnRD__BME/hq720.jpg?sqp=-oaymwEcCNAFEJQDSFXyq4qpAw4IARUAAIhCGAFwAcABBg==&rs=AOn4CLAHzcUQglgw-3j7xJjQE_xMyBqRIg,Other / emerging,autographed jerseys,eBay listing; Beckett certification,The video title presents an eBay listing for a Sophie Cunningham autographed Indiana Fever jersey certified by Beckett.,high,youtube_video:lZLnRD__BME
61,_Ze24dhLxYg,sneakers_auth,sneaker authentication ebay goat stockx,I Bought Sneakers From STOCKX GOAT And EBAY! Here’s Which One Is Actually Best.,https://www.youtube.com/watch?v=_Ze24dhLxYg,250261,8mo ago,38:35,video,Seth Fowler,https://www.youtube.com/@SethFowler,https://i.ytimg.com/vi/_Ze24dhLxYg/hq720.jpg?sqp=-oaymwEgCNAFEJQDSFXyq4qpAxIIARUAAIhCGAFwAcABBrgC8xg=&rs=AOn4CLCk_sn2qG61Uc9Yjl7DfG22Yep_XQ,Sneakers/Streetwear,Sneakers,Platform Comparison; Buying,"The title claims the creator bought sneakers from StockX, GOAT, and eBay to determine which platform is best.",high,youtube_video:_Ze24dhLxYg
62,aDROqlquBX4,sneakers_auth,sneaker authentication ebay goat stockx,Sneakers in 2026...Why I’m DONE With GOAT & Alias After This,https://www.youtube.com/watch?v=aDROqlquBX4,1426,1mo ago,5:12,video,Fit One Tech,https://www.youtube.com/@FitOneTech,https://i.ytimg.com/vi/aDROqlquBX4/hq720.jpg?sqp=-oaymwEgCNAFEJQDSFXyq4qpAxIIARUAAIhCGAFwAcABBrgC8xg=&rs=AOn4CLBmaKLeBCB3snfxcVTzwy-yedhkTw,Sneakers/Streetwear,Sneakers,Platform Experience; Reselling Platforms,The title discusses sneakers and states the creator is done using GOAT and Alias.,high,youtube_video:aDROqlquBX4
63,CM9Zbe7HypI,sneakers_auth,sneaker authentication ebay goat stockx,I spent $1500 to see if resellers are scamming you - StockX vs ebay vs GOAT Jordan 1 Bred 2025,https://www.youtube.com/watch?v=CM9Zbe7HypI,59050,10mo ago,16:21,video,Rose Anvil,https://www.youtube.com/@RoseAnvil,https://i.ytimg.com/vi/CM9Zbe7HypI/hq720.jpg?sqp=-oaymwEgCNAFEJQDSFXyq4qpAxIIARUAAIhCGAFwAcABBrgC8xg=&rs=AOn4CLCwBT2hXyZxmVm4jsxmwYnUkp7GYw,Sneakers/Streetwear,Air Jordan 1,Reseller Pricing; Platform Comparison,"The title claims the creator spent $1,500 comparing StockX, eBay, and GOAT for Jordan 1 Bred sneakers.",high,youtube_video:CM9Zbe7HypI
64,HYypv4QjUcs,sneakers_auth,sneaker authentication ebay goat stockx,How Resale Site StockX Verifies Authenticity of Products,https://www.youtube.com/watch?v=HYypv4QjUcs,28899,11mo ago,5:05,video,TODAY,https://www.youtube.com/@TODAY,https://i.ytimg.com/vi/HYypv4QjUcs/hq720.jpg?sqp=-oaymwEgCNAFEJQDSFXyq4qpAxIIARUAAIhCGAFwAcABBrgC8xg=&rs=AOn4CLDWTm9l0CCLjRXnBspxlfmab_1hMQ,General marketplace,Resale Platforms,Authentication Process; StockX,The title describes how the resale site StockX authenticates products.,medium,youtube_video:HYypv4QjUcs
65,kIARDKG808A,sneakers_auth,sneaker authentication ebay goat stockx,They Can't Tell Real From Fake | Rigged Game Part 2: Authentication Theatre,https://www.youtube.com/watch?v=kIARDKG808A,2992,6mo ago,11:37,video,Kicks & Chaos,https://www.youtube.com/@KicksChaos,https://i.ytimg.com/vi/kIARDKG808A/hq720.jpg?sqp=-oaymwEgCNAFEJQDSFXyq4qpAxIIARUAAIhCGAFwAcABBrgC8xg=&rs=AOn4CLAa9eKKquuQlM8eQ7o-mLQG_WjBzQ,General marketplace,Counterfeits,Authentication Criticism,"The title alleges authentication services cannot distinguish real from fake items, describing it as authentication theatre.",medium,youtube_video:kIARDKG808A
66,adM3f0gldp0,sneakers_auth,sneaker authentication ebay goat stockx,Should Sneaker Authentication Be A Choice? | The Sneaker Box ,https://www.youtube.com/watch?v=adM3f0gldp0,7,7mo ago,3:44,video,The Sneaker Box Show,https://www.youtube.com/@thesneakerboxshow1196,https://i.ytimg.com/vi/adM3f0gldp0/hq720.jpg?sqp=-oaymwEgCNAFEJQDSFXyq4qpAxIIARUAAIhCGAFwAcABBrgC8xg=&rs=AOn4CLAPGcMZ-6FeKiwsoZctj9823pemtA,Sneakers/Streetwear,Sneakers,Authentication Policy; Discussion,The title asks whether sneaker authentication should be optional.,high,youtube_video:adM3f0gldp0
67,XkkOrpfAWig,sneakers_auth,sneaker authentication ebay goat stockx,Episode 023 | Are Jordan Fans DELUSIONAL? | LeBron vs MJ Sneaker Debate & Why LeBron Retros FLOP,https://www.youtube.com/watch?v=XkkOrpfAWig,46,11mo ago,2:40:57,video,The 12 Hub Sneaker Podcast and 2 more,,https://i.ytimg.com/vi/XkkOrpfAWig/hq720.jpg?sqp=-oaymwEgCNAFEJQDSFXyq4qpAxIIARUAAIhCGAFwAcABBrgC8xg=&rs=AOn4CLCMcxIuETG_SbDsOfvINbu9noCS7Q,Sneakers/Streetwear,Basketball Sneakers,Sneaker Debate; Market Demand,"The title questions Jordan fans, discusses LeBron versus MJ sneakers, and addresses why LeBron retros flop.",high,youtube_video:XkkOrpfAWig
68,sZ9EaX_1RnU,sneakers_auth,sneaker authentication ebay goat stockx,Jordan 4 Lakers REAL vs FAKE: Check Your Pair Now!,https://www.youtube.com/watch?v=sZ9EaX_1RnU,2703,6mo ago,2:01,video,RETROspectiveDAVE,https://www.youtube.com/@retrospectivedave9018,https://i.ytimg.com/vi/sZ9EaX_1RnU/hq720.jpg?sqp=-oaymwEgCNAFEJQDSFXyq4qpAxIIARUAAIhCGAFwAcABBrgC8xg=&rs=AOn4CLBlHsYgAFRWpgL-uOcQFBD36P28EA,Sneakers/Streetwear,Air Jordan 4,Real vs Fake; Authentication Guide,The title provides a real versus fake comparison guide for Jordan 4 Lakers sneakers.,high,youtube_video:sZ9EaX_1RnU
69,lp5K0WI2I0A,sneakers_auth,sneaker authentication ebay goat stockx,"eBay, GOAT, or StockX... Which Platform Do You Prefer?",https://www.youtube.com/watch?v=lp5K0WI2I0A,81,2mo ago,1:55:47,video,The 12 Hub Podcast and 4 more,,https://i.ytimg.com/vi/lp5K0WI2I0A/hq720.jpg?sqp=-oaymwEgCNAFEJQDSFXyq4qpAxIIARUAAIhCGAFwAcABBrgC8xg=&rs=AOn4CLCzit25Z9murLUPVWU4ZEmK8cA03Q,General marketplace,Resale Platforms,Platform Comparison; User Preference,"The title asks users whether they prefer eBay, GOAT, or StockX.",high,youtube_video:lp5K0WI2I0A
70,giQ3Q_8j0Jc,sneakers_auth,sneaker authentication ebay goat stockx,How To Sell Shoes On Stockx Without Box,https://www.youtube.com/watch?v=giQ3Q_8j0Jc,137,7mo ago,2:43,video,Wealth Unlocked,https://www.youtube.com/@wealthunlockeddd,https://i.ytimg.com/vi/giQ3Q_8j0Jc/hqdefault.jpg?sqp=-oaymwEgCOADEI4CSFXyq4qpAxIIARUAAIhCGAFwAcABBrgC8xg=&rs=AOn4CLCCI6HsQe3pkZ7tN7zwaVIU7s8WTw,Sneakers/Streetwear,Shoes,Selling Guide; StockX,The title presents a guide on how to sell shoes on StockX without an original box.,high,youtube_video:giQ3Q_8j0Jc
71,Qa6rR0L86jE,sneakers_auth,sneaker authentication ebay goat stockx,How to Ship $700 Nike Air Force 1 Ruohan Wang,https://www.youtube.com/watch?v=Qa6rR0L86jE,148,10mo ago,2:36,video,GoAsFarAsYouCanSee,https://www.youtube.com/@goasfarasyoucansee,https://i.ytimg.com/vi/Qa6rR0L86jE/hqdefault.jpg?sqp=-oaymwEgCOADEI4CSFXyq4qpAxIIARUAAIhCGAFwAcABBrgC8xg=&rs=AOn4CLDSLwoiBGtMM3jXWEbPXgeZ-VhDcQ,Sneakers/Streetwear,Sneakers; Shipping,How-to; Logistics,The title presents a guide on how to ship a pair of Nike Air Force 1 Ruohan Wang sneakers.,high,youtube_video:Qa6rR0L86jE
72,lxy9gm94vs4,sneakers_auth,sneaker authentication ebay goat stockx,You're Not Getting Rich Flipping Sneakers | Here's the Reality Of The Numbers,https://www.youtube.com/watch?v=lxy9gm94vs4,4,7d ago,8:56,video,Thetaxcut,https://www.youtube.com/@Thetaxcut,https://i.ytimg.com/vi/lxy9gm94vs4/hq720.jpg?sqp=-oaymwEgCNAFEJQDSFXyq4qpAxIIARUAAIhCGAFwAcABBrgC8xg=&rs=AOn4CLDzYWZq0aYYXZGcN0JNJ-_gIAJzTw,Sneakers/Streetwear,Sneakers,Reselling; Profitability,The title discusses sneaker reselling and asserts that flippers will not get rich based on the numbers.,high,youtube_video:lxy9gm94vs4
73,cj5uRSDSeN8,sneakers_auth,sneaker authentication ebay goat stockx,Air Jordan 4 x Nigel Sylvester Brick By Brick Real Vs Fake Review @StockX purchased ,https://www.youtube.com/watch?v=cj5uRSDSeN8,11356,9mo ago,22:21,video,Jacob Marcellus,https://www.youtube.com/@JacobMarcellus,https://i.ytimg.com/vi/cj5uRSDSeN8/hq720.jpg?sqp=-oaymwEgCNAFEJQDSFXyq4qpAxIIARUAAIhCGAFwAcABBrgC8xg=&rs=AOn4CLDeUvZd16Z_cxxvO0l-WbBmZdr2Rg,Sneakers/Streetwear,Air Jordan sneakers,Authentication; Product review,The title advertises a real versus fake review of Air Jordan 4 Nigel Sylvester sneakers purchased from StockX.,high,youtube_video:cj5uRSDSeN8
74,itGgVgjfkVA,sneakers_auth,sneaker authentication ebay goat stockx,2025 Gamma Blue 11: Spotting the Real vs. Fake!,https://www.youtube.com/watch?v=itGgVgjfkVA,14571,8mo ago,2:11,video,RETROspectiveDAVE,https://www.youtube.com/@retrospectivedave9018,https://i.ytimg.com/vi/itGgVgjfkVA/hq720.jpg?sqp=-oaymwEgCNAFEJQDSFXyq4qpAxIIARUAAIhCGAFwAcABBrgC8xg=&rs=AOn4CLA9gr34HV9R5HZKDif4VfePd0OEHQ,Sneakers/Streetwear,Air Jordan sneakers,Authentication; Counterfeits,The title claims to demonstrate how to spot real versus fake 2025 Gamma Blue 11 sneakers.,high,youtube_video:itGgVgjfkVA
75,d_ML1jUq6gI,sneakers_auth,sneaker authentication ebay goat stockx,"LeBron Leaves the Lakers 👑,  The Sneaker Resale Market Still Sucks, Labubus and Pokemon Madness",https://www.youtube.com/watch?v=d_ML1jUq6gI,41,2mo ago,1:54:12,video,The 12 Hub Podcast and Thedru,,https://i.ytimg.com/vi/d_ML1jUq6gI/hq720.jpg?sqp=-oaymwEgCNAFEJQDSFXyq4qpAxIIARUAAIhCGAFwAcABBrgC8xg=&rs=AOn4CLBwMuAtTjWKZrhYdHbHk0MQ7Ez5AA,Sneakers/Streetwear; Toys/Collectibles; TCG/Pokemon,Sneakers; Designer vinyl toys; Pokemon cards,Market commentary; Trends,"The title comments on LeBron James, the sneaker resale market, Labubus, and Pokemon madness.",high,youtube_video:d_ML1jUq6gI
76,fieN4tUTxjo,sneakers_auth,sneaker authentication ebay goat stockx,Air Jordan 5 Wolf Grey 2026 Real Vs Fake Review. This is Scary ,https://www.youtube.com/watch?v=fieN4tUTxjo,40078,6mo ago,17:26,video,Jacob Marcellus,https://www.youtube.com/@JacobMarcellus,https://i.ytimg.com/vi/fieN4tUTxjo/hq720.jpg?sqp=-oaymwEgCNAFEJQDSFXyq4qpAxIIARUAAIhCGAFwAcABBrgC8xg=&rs=AOn4CLCIanGVK-Frs6lpHcJWbU7ZMc_5pw,Sneakers/Streetwear,Air Jordan sneakers,Authentication; Product review,The title advertises a real versus fake review of the Air Jordan 5 Wolf Grey.,high,youtube_video:fieN4tUTxjo
77,bMhErNF_kWA,sneakers_auth,sneaker authentication ebay goat stockx,THIS COULD REALLY BE THE END OF STOCKX! THE CHANGES MAY BE TO LITTLE TO LATE!,https://www.youtube.com/watch?v=bMhErNF_kWA,9622,2mo ago,8:52,video,Hegotkickz,https://www.youtube.com/@Hegotkickz,https://i.ytimg.com/vi/bMhErNF_kWA/hq720.jpg?sqp=-oaymwEgCNAFEJQDSFXyq4qpAxIIARUAAIhCGAFwAcABBrgC8xg=&rs=AOn4CLCorisSmREwPi9lRmBMPD325VpZ7w,General marketplace; Sneakers/Streetwear,Resale platforms,Marketplace changes; Platform decline,The title speculates whether recent platform changes could mark the end of StockX.,medium,youtube_video:bMhErNF_kWA
78,zrkcQaQCURo,sneakers_auth,sneaker authentication ebay goat stockx,Receiptify | Advanced Receipt & Email Generator,https://www.youtube.com/watch?v=zrkcQaQCURo,17,8mo ago,1:36,video,Receiptify,https://www.youtube.com/@Receiptify-HQ,https://i.ytimg.com/vi/zrkcQaQCURo/hq720.jpg?sqp=-oaymwE6CNAFEJQDSFXyq4qpAywIARUAAIhCGAFwAcABBvABAfgB_gmAAtAFigIMCAAQARh_IEMoJDAPuALzGA==&rs=AOn4CLB2C5GItBNdWGteiuGxN-qIHlugtA,Electronics,Software tools,Receipt generation,"The title advertises Receiptify, described as an advanced receipt and email generator.",medium,youtube_video:zrkcQaQCURo
79,K1ZepmG0awg,sneakers_auth,sneaker authentication ebay goat stockx,Air Jordan 4 BLACK CAT 2025 UNBOXING & REVIEW!,https://www.youtube.com/watch?v=K1ZepmG0awg,4176,10mo ago,10:09,video,KeyzSNEAKS,https://www.youtube.com/@KeyzSNEAKS,https://i.ytimg.com/vi/K1ZepmG0awg/hq720.jpg?sqp=-oaymwEgCNAFEJQDSFXyq4qpAxIIARUAAIhCGAFwAcABBrgC8xg=&rs=AOn4CLBD9qDIwIw8Z866TLteVP6xsWdZCg,Sneakers/Streetwear,Air Jordan sneakers,Unboxing; Product review,The title announces an unboxing and review of the 2025 Air Jordan 4 Black Cat.,high,youtube_video:K1ZepmG0awg
80,44ncraSQm2s,sneakers_auth,sneaker authentication ebay goat stockx,The $20 Yeezy Slide Just Changed Everything,https://www.youtube.com/watch?v=44ncraSQm2s,496600,10mo ago,15:07,video,Elliot Page,https://www.youtube.com/@elliotpage_,https://i.ytimg.com/vi/44ncraSQm2s/hq720.jpg?sqp=-oaymwEgCNAFEJQDSFXyq4qpAxIIARUAAIhCGAFwAcABBrgC8xg=&rs=AOn4CLByIVktTC5MmAinNd0qUFp3ye4HiQ,Sneakers/Streetwear,Yeezy footwear,Pricing; Market impact,The title claims that a twenty-dollar Yeezy Slide changed everything.,high,youtube_video:44ncraSQm2s
81,J9Sj0TgP-1c,reseller_what_sold,ebay reseller what sold,"Super Fast Sales in My Reselling Business - What Sold on Ebay, Poshmark, and Depop Last Week",https://www.youtube.com/watch?v=J9Sj0TgP-1c,323,1h ago,34:58,video,Cayley Elaine,https://www.youtube.com/@cayleyelaine,https://i.ytimg.com/vi/J9Sj0TgP-1c/hq720.jpg?sqp=-oaymwEcCNAFEJQDSFXyq4qpAw4IARUAAIhCGAFwAcABBg==&rs=AOn4CLDOLQJiVq1IQbneXc8hMRyQzyGwxw,General marketplace,Cross-platform selling,Sales recap; Reselling,"The title discusses sales across eBay, Poshmark, and Depop during the previous week.",high,youtube_video:J9Sj0TgP-1c
82,e7MRIWot-J0,reseller_what_sold,ebay reseller what sold,"Are You Ready For Q4? What Sold On eBay This Weekend For $3,168.74!",https://www.youtube.com/watch?v=e7MRIWot-J0,9020,3d ago,27:21,video,Jride Flips,https://www.youtube.com/@JrideFlips,https://i.ytimg.com/vi/e7MRIWot-J0/hq720.jpg?sqp=-oaymwEcCNAFEJQDSFXyq4qpAw4IARUAAIhCGAFwAcABBg==&rs=AOn4CLCz8SIUmuTTn44nO6CL9NNmWedgwQ,General marketplace,Online reselling,Sales recap; Q4 preparation,"The title highlights weekend sales on eBay totaling $3,168.74 and asks about Q4 readiness.",high,youtube_video:e7MRIWot-J0
83,1QhG1_PmK7g,reseller_what_sold,ebay reseller what sold,30 Years Of eBay Reselling Advice In 28 Minutes,https://www.youtube.com/watch?v=1QhG1_PmK7g,77314,2mo ago,28:17,video,Justin Resells,https://www.youtube.com/@justinresells,https://i.ytimg.com/vi/1QhG1_PmK7g/hq720.jpg?sqp=-oaymwEcCNAFEJQDSFXyq4qpAw4IARUAAIhCGAFwAcABBg==&rs=AOn4CLCVOSfhcEA34a172JnFSIQcfY1U9w,General marketplace,eBay reselling,Reselling advice,The title offers thirty years of eBay reselling advice summarized in 28 minutes.,high,youtube_video:1QhG1_PmK7g
84,Yga4XRXYGuo,reseller_what_sold,ebay reseller what sold,This is What Sells on EBAY and Brings In Money Every Single Day,https://www.youtube.com/watch?v=Yga4XRXYGuo,24193,5mo ago,21:23,video,Flipping Junk,https://www.youtube.com/@FlippingJunk,https://i.ytimg.com/vi/Yga4XRXYGuo/hq720.jpg?sqp=-oaymwEcCNAFEJQDSFXyq4qpAw4IARUAAIhCGAFwAcABBg==&rs=AOn4CLAtWSKd9mcX3si8QcPgaYhQ_HAc3Q,General marketplace,eBay reselling,Bolo items; Sales trends,The title claims to show items that sell on eBay and generate daily revenue.,medium,youtube_video:Yga4XRXYGuo
85,f60PDk0AlDM,reseller_what_sold,ebay reseller what sold,She Lets AI Price Her Entire eBay Store,https://www.youtube.com/watch?v=f60PDk0AlDM,20056,18h ago,29:07,video,Justin Resells,https://www.youtube.com/@justinresells,https://i.ytimg.com/vi/f60PDk0AlDM/hq720.jpg?sqp=-oaymwEcCNAFEJQDSFXyq4qpAw4IARUAAIhCGAFwAcABBg==&rs=AOn4CLDF2bWzC4H-dqsfpYYDRCZuxt2wLQ,General marketplace,eBay reselling,Pricing strategy; AI tools,The title describes a seller allowing AI to price her entire eBay store.,high,youtube_video:f60PDk0AlDM
86,U3SjG8MrX8w,reseller_what_sold,ebay reseller what sold,We Bought the ENTIRE Garage Sale Table!,https://www.youtube.com/watch?v=U3SjG8MrX8w,110927,23h ago,1:06:03,video,The Homeschooling Picker,https://www.youtube.com/@thehomeschoolingpicker,https://i.ytimg.com/vi/U3SjG8MrX8w/hq720.jpg?sqp=-oaymwEcCNAFEJQDSFXyq4qpAw4IARUAAIhCGAFwAcABBg==&rs=AOn4CLBK_1WXcRHyP8FLwSpjrtfj-1jhqQ,General marketplace,Garage sales,Sourcing; Haul,The title states that the creators purchased an entire table at a garage sale.,medium,youtube_video:U3SjG8MrX8w
87,UCI92dbCz0U,reseller_what_sold,ebay reseller what sold,Why Her eBay Store Only Made $635/Month (And How We Fixed It) | Reseller Rescue,https://www.youtube.com/watch?v=UCI92dbCz0U,85906,1mo ago,40:40,video,Justin Resells,https://www.youtube.com/@justinresells,https://i.ytimg.com/vi/UCI92dbCz0U/hq720.jpg?sqp=-oaymwEcCNAFEJQDSFXyq4qpAw4IARUAAIhCGAFwAcABBg==&rs=AOn4CLC4EWQ-r234blYJBWQ3J70YQtd95g,General marketplace,eBay reselling,Store optimization; Sales improvement,The title discusses fixing an eBay store that previously earned $635 per month.,high,youtube_video:UCI92dbCz0U
88,jNg0WQ6PKac,reseller_what_sold,ebay reseller what sold,This THRIFT STORE Was FULL of HIDDEN TREASURES!,https://www.youtube.com/watch?v=jNg0WQ6PKac,99255,1d ago,35:19,video,Part Time Pickers,https://www.youtube.com/@PartTimePickers,https://i.ytimg.com/vi/jNg0WQ6PKac/hq720.jpg?sqp=-oaymwEcCNAFEJQDSFXyq4qpAw4IARUAAIhCGAFwAcABBg==&rs=AOn4CLAJJOThHOggvXuAdi386semnKCBaQ,General marketplace,Thrift shopping,Sourcing,The title claims a thrift store was full of hidden treasures.,medium,youtube_video:jNg0WQ6PKac
89,K-UprHycfd4,reseller_what_sold,ebay reseller what sold,67 Things That Will Sell on EBAY and Make You Money Daily,https://www.youtube.com/watch?v=K-UprHycfd4,26815,12d ago,19:19,video,Flipping Junk,https://www.youtube.com/@FlippingJunk,https://i.ytimg.com/vi/K-UprHycfd4/hq720_custom_1.jpg?sqp=CPim2tUG-oaymwEcCNAFEJQDSFXyq4qpAw4IARUAAIhCGAFwAcABBg==&rs=AOn4CLCBLbZHA58vlIWoNDaetuD8gfOfmw,General marketplace,eBay reselling,Bolo items; Sales advice,The title lists 67 items purported to sell on eBay and generate daily revenue.,medium,youtube_video:K-UprHycfd4
90,1cxAsTcdprc,reseller_what_sold,ebay reseller what sold,What Sells on EBAY to Make Money Daily (Real Results),https://www.youtube.com/watch?v=1cxAsTcdprc,21989,4mo ago,19:24,video,Flipping Junk,https://www.youtube.com/@FlippingJunk,https://i.ytimg.com/vi/1cxAsTcdprc/hq720.jpg?sqp=-oaymwEcCNAFEJQDSFXyq4qpAw4IARUAAIhCGAFwAcABBg==&rs=AOn4CLC9HYYmJxiketez89U4pb6Jcz3oZA,General marketplace,eBay reselling,Bolo items; Sales results,The title claims to share real results on items that sell on eBay daily.,medium,youtube_video:1cxAsTcdprc
91,cbk41TqNJek,reseller_what_sold,ebay reseller what sold,"Super Fast Sales in My Reselling Business - What Sold on Ebay, Poshmark, and Depop Last Week",https://www.youtube.com/watch?v=cbk41TqNJek,11904,7d ago,40:38,video,Cayley Elaine,https://www.youtube.com/@cayleyelaine,https://i.ytimg.com/vi/cbk41TqNJek/hq720.jpg?sqp=-oaymwEcCNAFEJQDSFXyq4qpAw4IARUAAIhCGAFwAcABBg==&rs=AOn4CLBm80_lfxF4lfzwruCQ1PaS8gQSnA,General marketplace,Multi-platform sales,Sales recap; Reselling business,"The title claims fast reselling business sales occurred last week across eBay, Poshmark, and Depop.",high,youtube_video:cbk41TqNJek
92,NMFJJFM6_4Y,reseller_what_sold,ebay reseller what sold,Put My eBay Store on Sale and Sold All This Stuff,https://www.youtube.com/watch?v=NMFJJFM6_4Y,2814,16h ago,47:23,video,Big Yumbo,https://www.youtube.com/@bigyumbo,https://i.ytimg.com/vi/NMFJJFM6_4Y/hq720.jpg?sqp=-oaymwEcCNAFEJQDSFXyq4qpAw4IARUAAIhCGAFwAcABBg==&rs=AOn4CLBEZaFgAz1UVYPIEHzhOhxnldGAyg,General marketplace,eBay store,Store sale; Sales recap,The title states the creator put their eBay store on sale and sold various items.,high,youtube_video:NMFJJFM6_4Y
93,JccTV_0L81Q,reseller_what_sold,ebay reseller what sold,"This Shirt Sold for $800! What Sold This Week on eBay, Poshmark, Depop & Etsy",https://www.youtube.com/watch?v=JccTV_0L81Q,8095,10d ago,41:35,video,FalkonFinds,https://www.youtube.com/@FalkonFinds,https://i.ytimg.com/vi/JccTV_0L81Q/hq720.jpg?sqp=-oaymwEcCNAFEJQDSFXyq4qpAw4IARUAAIhCGAFwAcABBg==&rs=AOn4CLA1Nk4Xtsb6OPNkRm8hFrWasEPVSA,Other / emerging,Clothing,Sales recap; High-value sale,"The title claims a shirt sold for $800 and reviews weekly sales across eBay, Poshmark, Depop, and Etsy.",high,youtube_video:JccTV_0L81Q
94,DutZn3jQE98,reseller_what_sold,ebay reseller what sold,"Super Fast Sales in My Reselling Business - What Sold on Ebay, Poshmark, and Depop Last Week",https://www.youtube.com/watch?v=DutZn3jQE98,16128,3w ago,44:49,video,Cayley Elaine,https://www.youtube.com/@cayleyelaine,https://i.ytimg.com/vi/DutZn3jQE98/hq720.jpg?sqp=-oaymwEcCNAFEJQDSFXyq4qpAw4IARUAAIhCGAFwAcABBg==&rs=AOn4CLBCw_YuCI2-hSnYRijW2kzoZl2RvA,General marketplace,Multi-platform sales,Sales recap; Reselling business,"The title highlights fast reselling business sales on eBay, Poshmark, and Depop from the previous week.",high,youtube_video:DutZn3jQE98
95,B1iMQpItCYs,reseller_what_sold,ebay reseller what sold,"Super Fast Sales in My Reselling Business - What Sold on Ebay, Poshmark, and Depop Last Week",https://www.youtube.com/watch?v=B1iMQpItCYs,15096,2w ago,40:21,video,Cayley Elaine,https://www.youtube.com/@cayleyelaine,https://i.ytimg.com/vi/B1iMQpItCYs/hq720.jpg?sqp=-oaymwEcCNAFEJQDSFXyq4qpAw4IARUAAIhCGAFwAcABBg==&rs=AOn4CLDciYzi7-rrAdKSSY7iGhZvD2wrrg,General marketplace,Multi-platform sales,Sales recap; Reselling business,"The title reports fast weekly reselling business sales across eBay, Poshmark, and Depop.",high,youtube_video:B1iMQpItCYs
96,Lm4JWX-cUZ8,reseller_what_sold,ebay reseller what sold,eBay is DONE If They Don't Fix This. Here's Where I'm Selling Instead,https://www.youtube.com/watch?v=Lm4JWX-cUZ8,66931,3w ago,22:18,video,Flipping High Grammy,https://www.youtube.com/@flippinghighgrammy,https://i.ytimg.com/vi/Lm4JWX-cUZ8/hq720.jpg?sqp=-oaymwEcCNAFEJQDSFXyq4qpAw4IARUAAIhCGAFwAcABBg==&rs=AOn4CLBKWhvxLCkHQIdJLXgGEf1UqLJEWQ,General marketplace,Online marketplaces,Platform critique; Alternative platforms,The title criticizes eBay's current issues and mentions alternative platforms where the creator plans to sell.,high,youtube_video:Lm4JWX-cUZ8
97,4t-c82Xd9vQ,reseller_what_sold,ebay reseller what sold,The 11 BEST Items To Sell On EBay In 2026,https://www.youtube.com/watch?v=4t-c82Xd9vQ,24407,2mo ago,22:59,video,Jride Flips,https://www.youtube.com/@JrideFlips,https://i.ytimg.com/vi/4t-c82Xd9vQ/hq720.jpg?sqp=-oaymwEcCNAFEJQDSFXyq4qpAw4IARUAAIhCGAFwAcABBg==&rs=AOn4CLCl52q0SyrbBKaqsOHQ42wIhDFrXw,General marketplace,Reselling inventory,Product recommendations; Sourcing advice,The title presents a list of eleven recommended items to sell on eBay in 2026.,high,youtube_video:4t-c82Xd9vQ
98,s2IZhMESqhI,reseller_what_sold,ebay reseller what sold,69 Things That Will Sell on EBAY and Make You Money Daily,https://www.youtube.com/watch?v=s2IZhMESqhI,25571,1mo ago,21:54,video,Flipping Junk,https://www.youtube.com/@FlippingJunk,https://i.ytimg.com/vi/s2IZhMESqhI/hq720.jpg?sqp=-oaymwEcCNAFEJQDSFXyq4qpAw4IARUAAIhCGAFwAcABBg==&rs=AOn4CLCTlkaNyHMEBBWPMrv6dhWTYTo0Vw,General marketplace,Reselling inventory,Product recommendations; Income generation,The title lists 69 items claimed to sell on eBay and generate daily money.,high,youtube_video:s2IZhMESqhI
99,YvjJZefJywU,reseller_what_sold,ebay reseller what sold,How I Sell Over $10k/Month on eBay With Less Than 100 Listings & Work Less Than 15hrs/Week,https://www.youtube.com/watch?v=YvjJZefJywU,21776,8d ago,1:03:15,video,Thrift Boss,https://www.youtube.com/@ThriftBoss,https://i.ytimg.com/vi/YvjJZefJywU/hq720.jpg?sqp=-oaymwEcCNAFEJQDSFXyq4qpAw4IARUAAIhCGAFwAcABBg==&rs=AOn4CLBYxLGocEwtpj-EmVJJVwwEN-zhwg,General marketplace,eBay business,Sales strategy; Low listing volume,The title claims the creator sells over $10k per month on eBay with under 100 listings and minimal hours.,high,youtube_video:YvjJZefJywU
100,YbavyQqGimg,reseller_what_sold,ebay reseller what sold,Let's Talk About It. ~ Why Are Ebay Sales SO SLOW Right Now?!,https://www.youtube.com/watch?v=YbavyQqGimg,22784,1mo ago,13:56,video,The Grateful Queen,https://www.youtube.com/@TheGratefulQueen,https://i.ytimg.com/vi/YbavyQqGimg/hq720.jpg?sqp=-oaymwEcCNAFEJQDSFXyq4qpAw4IARUAAIhCGAFwAcABBg==&rs=AOn4CLDQW-mCfh_tspGjgpl1pR5HTIQoMg,General marketplace,eBay sales,Slow sales; Market analysis,The title asks why eBay sales are currently slow and initiates a discussion on the topic.,high,youtube_video:YbavyQqGimg
101,eWPBjxpgL3I,reseller_sourcing,ebay sourcing thrift haul reseller,"All day thrift haul to resell on ebay, poshmark, mercari and depop.",https://www.youtube.com/watch?v=eWPBjxpgL3I,20,2mo ago,23:00,video,AllNewAgain,https://www.youtube.com/@allnewagain,https://i.ytimg.com/vi/eWPBjxpgL3I/hq720.jpg?sqp=-oaymwEgCNAFEJQDSFXyq4qpAxIIARUAAIhCGAFwAcABBrgC8xg=&rs=AOn4CLBriQYotswoHhKyOMQyqztovOQ8Lg,General marketplace,Thrift items,Reselling; Sourcing,"The title describes an all-day thrift haul intended for reselling across eBay, Poshmark, Mercari, and Depop.",high,youtube_video:eWPBjxpgL3I
102,5WTcfBdwIwI,reseller_sourcing,ebay sourcing thrift haul reseller,What To BUY At Thrift Stores and What to Pass On | Reselling On eBay ,https://www.youtube.com/watch?v=5WTcfBdwIwI,13246,11mo ago,14:32,video,Jride Flips,https://www.youtube.com/@JrideFlips,https://i.ytimg.com/vi/5WTcfBdwIwI/hq720.jpg?sqp=-oaymwEgCNAFEJQDSFXyq4qpAxIIARUAAIhCGAFwAcABBrgC8xg=&rs=AOn4CLCJBdgzJyqB5T55PUZ1lXCuntbDEg,General marketplace,Thrift items,Sourcing guide; Reselling,The title offers advice on what items to buy or pass on at thrift stores to resell on eBay.,high,youtube_video:5WTcfBdwIwI
103,1BdWf9CfyOk,reseller_sourcing,ebay sourcing thrift haul reseller,Sourcing 2 Stores For My eBay Reselling Business | Thrift Haul,https://www.youtube.com/watch?v=1BdWf9CfyOk,2255,2mo ago,10:27,video,The Flip Factory,https://www.youtube.com/@TheFlipFactoryResell,https://i.ytimg.com/vi/1BdWf9CfyOk/hq720.jpg?sqp=-oaymwEgCNAFEJQDSFXyq4qpAxIIARUAAIhCGAFwAcABBrgC8xg=&rs=AOn4CLD1chgCH9vWz3MTMUBPzCctTdW3hQ,General marketplace,Thrift items,Sourcing; Reselling,The title describes a thrift haul from sourcing two stores for an eBay reselling business.,high,youtube_video:1BdWf9CfyOk
104,gg92OdwrqwI,reseller_sourcing,ebay sourcing thrift haul reseller,"Let's turn $122 into $2,000 sourcing from the Goodwill Bins and Thrift to resell on Poshmark & Ebay!",https://www.youtube.com/watch?v=gg92OdwrqwI,6318,3d ago,56:06,video,JMSquared Vintage,https://www.youtube.com/@JMSquaredVintage,https://i.ytimg.com/vi/gg92OdwrqwI/hq720.jpg?sqp=-oaymwEgCNAFEJQDSFXyq4qpAxIIARUAAIhCGAFwAcABBrgC8xg=&rs=AOn4CLAUuaLpRGGwc39X9yUfdb9aZ-wLuw,General marketplace,Thrift items,Sourcing; Reselling,"The title claims an attempt to turn $122 into $2,000 sourcing Goodwill Bins and thrifts for Poshmark and eBay.",high,youtube_video:gg92OdwrqwI
105,0BZATnr880w,reseller_sourcing,ebay sourcing thrift haul reseller,"Full Day of Goodwill Sourcing | $2,000 Inventory for eBay & Poshmark",https://www.youtube.com/watch?v=0BZATnr880w,2000,8mo ago,8:38,video,FalkonFinds,https://www.youtube.com/@FalkonFinds,https://i.ytimg.com/vi/0BZATnr880w/hq720.jpg?sqp=-oaymwEgCNAFEJQDSFXyq4qpAxIIARUAAIhCGAFwAcABBrgC8xg=&rs=AOn4CLBcsJgwwOz3DF4AFEYOEhXBOKTRAQ,General marketplace,Thrift items,Sourcing; Reselling,"The title describes a full day of Goodwill sourcing aimed at securing $2,000 in inventory for eBay and Poshmark.",high,youtube_video:0BZATnr880w
106,CKzGX6HCYck,reseller_sourcing,ebay sourcing thrift haul reseller,Sourcing at the Goodwill Outlet for eBay & Whatnot! (Huge Haul),https://www.youtube.com/watch?v=CKzGX6HCYck,1093,4w ago,8:50,video,ResellerMetaVlog,https://www.youtube.com/@resellervlog,https://i.ytimg.com/vi/CKzGX6HCYck/hq720.jpg?sqp=-oaymwEgCNAFEJQDSFXyq4qpAxIIARUAAIhCGAFwAcABBrgC8xg=&rs=AOn4CLCo3LHpP3YDP7Uq6lBjrYaI3q7d3w,General marketplace,Thrift items,Sourcing; Reselling,The title features a large haul from sourcing at the Goodwill Outlet to resell on eBay and Whatnot.,high,youtube_video:CKzGX6HCYck
107,3A4IYLdtI0E,reseller_sourcing,ebay sourcing thrift haul reseller,Quick Sellers Found at the Goodwill Outlet! Reseller Haul ✨,https://www.youtube.com/watch?v=3A4IYLdtI0E,4165,5d ago,23:26,video,Finders Keepers Thrift,https://www.youtube.com/@finderskeepersthrift,https://i.ytimg.com/vi/3A4IYLdtI0E/hq720.jpg?sqp=-oaymwEgCNAFEJQDSFXyq4qpAxIIARUAAIhCGAFwAcABBrgC8xg=&rs=AOn4CLB998AtM17TsFYtzGAnEhmnBlrwBA,General marketplace,Thrift items,Reselling; Sourcing,The title highlights quick-selling items found at the Goodwill Outlet as part of a reseller haul.,high,youtube_video:3A4IYLdtI0E
108,mrh5hdhQj9k,reseller_sourcing,ebay sourcing thrift haul reseller,What I Found Thrifting in Florida to Resell on Poshmark & eBay,https://www.youtube.com/watch?v=mrh5hdhQj9k,78,1d ago,16:01,video,Thrifting Florida,https://www.youtube.com/@ThriftingFlorida,https://i.ytimg.com/vi/mrh5hdhQj9k/hq720.jpg?sqp=-oaymwEgCNAFEJQDSFXyq4qpAxIIARUAAIhCGAFwAcABBrgC8xg=&rs=AOn4CLDeqjf769vXhUDNwBISV09m_v17lA,General marketplace,Thrift items,Sourcing; Reselling,The title describes items found while thrifting in Florida to resell on Poshmark and eBay.,high,youtube_video:mrh5hdhQj9k
109,0Gh_juqrNow,reseller_sourcing,ebay sourcing thrift haul reseller,Sourcing The Goodwill Thrift Store Finding Profit FAST! How I Make Money Reselling on Whatnot & eBay,https://www.youtube.com/watch?v=0Gh_juqrNow,973,7mo ago,20:12,video,ResellMaven,https://www.youtube.com/@resellmaven,https://i.ytimg.com/vi/0Gh_juqrNow/hq720.jpg?sqp=-oaymwEgCNAFEJQDSFXyq4qpAxIIARUAAIhCGAFwAcABBrgC8xg=&rs=AOn4CLDlp8sGwXr0YgLk7HxFrxCAxn2jjg,General marketplace,Thrift items,Sourcing; Reselling,The title claims to find quick profit sourcing at Goodwill and making money reselling on Whatnot and eBay.,high,youtube_video:0Gh_juqrNow
110,X7OF4T23H0Q,reseller_sourcing,ebay sourcing thrift haul reseller,Thrift With Me in 2026 | Sourcing for my Online Reselling Business,https://www.youtube.com/watch?v=X7OF4T23H0Q,16063,7mo ago,13:37,video,The Flip Factory,https://www.youtube.com/@TheFlipFactoryResell,https://i.ytimg.com/vi/X7OF4T23H0Q/hq720.jpg?sqp=-oaymwEgCNAFEJQDSFXyq4qpAxIIARUAAIhCGAFwAcABBrgC8xg=&rs=AOn4CLBlRz8A4V-__gaqXMPBvFDq4GJsvg,General marketplace,Thrift items,Sourcing; Reselling,The title portrays thrifting and sourcing items for an online reselling business in 2026.,high,youtube_video:X7OF4T23H0Q
111,2AVFe3dlgws,reseller_sourcing,ebay sourcing thrift haul reseller,I Source 900 Items Every Month to Resell Online - Top 5 Methods!,https://www.youtube.com/watch?v=2AVFe3dlgws,81565,9mo ago,40:41,video,The Flip Factory,https://www.youtube.com/@TheFlipFactoryResell,https://i.ytimg.com/vi/2AVFe3dlgws/hq720.jpg?sqp=-oaymwEgCNAFEJQDSFXyq4qpAxIIARUAAIhCGAFwAcABBrgC8xg=&rs=AOn4CLAtMirRR55DupZ9_CWUkvH2Jz1UOQ,General marketplace,Online Reselling,Sourcing Methods,The video title claims the creator sources 900 items monthly using five methods to resell online.,high,youtube_video:2AVFe3dlgws
112,LStL9-MU38o,reseller_sourcing,ebay sourcing thrift haul reseller,Goodwill outlets the best place to source for resellers,https://www.youtube.com/watch?v=LStL9-MU38o,1060,1mo ago,9:51,video,ResellerMetaVlog,https://www.youtube.com/@resellervlog,https://i.ytimg.com/vi/LStL9-MU38o/hq720.jpg?sqp=-oaymwEgCNAFEJQDSFXyq4qpAxIIARUAAIhCGAFwAcABBrgC8xg=&rs=AOn4CLA0v_3suxUOP5cRD0RBJdt0Se5Vag,General marketplace,Thrift Stores,Sourcing,The video title asserts that Goodwill outlets are the best sourcing location for resellers.,high,youtube_video:LStL9-MU38o
113,dCRQqzVie4k,reseller_sourcing,ebay sourcing thrift haul reseller,From Goodwill to eBay: Real Thrift Finds You Can Flip for Profit,https://www.youtube.com/watch?v=dCRQqzVie4k,38576,8mo ago,9:45,video,Ready Set Resell,https://www.youtube.com/@ReadySetResell,https://i.ytimg.com/vi/dCRQqzVie4k/hq720.jpg?sqp=-oaymwEgCNAFEJQDSFXyq4qpAxIIARUAAIhCGAFwAcABBrgC8xg=&rs=AOn4CLD_N8SinPwipFfytdP1E6ksk4kqyQ,General marketplace,Thrift Finds,Flipping,The video title features thrift items sourced from Goodwill to flip for profit on eBay.,high,youtube_video:dCRQqzVie4k
114,kG4bWGCW098,reseller_sourcing,ebay sourcing thrift haul reseller,"Finding $2,000 Profit at the Goodwill Bins & Thrift! Sourcing 40 Items to resell on Poshmark & Ebay!",https://www.youtube.com/watch?v=kG4bWGCW098,5904,2mo ago,51:08,video,JMSquared Vintage,https://www.youtube.com/@JMSquaredVintage,https://i.ytimg.com/vi/kG4bWGCW098/hq720.jpg?sqp=-oaymwEgCNAFEJQDSFXyq4qpAxIIARUAAIhCGAFwAcABBrgC8xg=&rs=AOn4CLAOQSH3U51o9vmbipQ1cUeyjuijDw,General marketplace,Thrift Finds,Sourcing,"The video title claims finding $2,000 profit across 40 items sourced from Goodwill for eBay and Poshmark.",high,youtube_video:kG4bWGCW098
115,MfrhvnrGyvA,reseller_sourcing,ebay sourcing thrift haul reseller,How I Quickly Make $250 In ANY Thrift Store,https://www.youtube.com/watch?v=MfrhvnrGyvA,67801,1mo ago,25:44,video,The Empowered Reseller | Reselling Made Simple,https://www.youtube.com/@listingtofreedom,https://i.ytimg.com/vi/MfrhvnrGyvA/hq720.jpg?sqp=-oaymwEgCNAFEJQDSFXyq4qpAxIIARUAAIhCGAFwAcABBrgC8xg=&rs=AOn4CLBov_xP9CUTt-LnPxIKPpsDXtcApA,General marketplace,Thrift Stores,Flipping,The video title claims a method to quickly make $250 in any thrift store.,high,youtube_video:MfrhvnrGyvA
116,xTigixXmBMQ,reseller_sourcing,ebay sourcing thrift haul reseller,This Is How People Quietly Get Rich Reselling Clothes,https://www.youtube.com/watch?v=xTigixXmBMQ,1466102,8mo ago,28:03,video,UpFlip,https://www.youtube.com/@UpFlip,https://i.ytimg.com/vi/xTigixXmBMQ/hq720.jpg?sqp=-oaymwEgCNAFEJQDSFXyq4qpAxIIARUAAIhCGAFwAcABBrgC8xg=&rs=AOn4CLCEpa3yhmxeL5k1_BA_aO8I19q_LA,Other / emerging,Apparel,Reselling,The video title discusses how individuals allegedly get rich quietly by reselling clothes.,high,youtube_video:xTigixXmBMQ
117,pvm0SEGbrwI,reseller_sourcing,ebay sourcing thrift haul reseller,How Weekly Goodwill Thrifting Paid Off Our Mortgage,https://www.youtube.com/watch?v=pvm0SEGbrwI,246009,11mo ago,21:19,video,Hustle at Home Mom,https://www.youtube.com/@HustleatHomeMom,https://i.ytimg.com/vi/pvm0SEGbrwI/hq720.jpg?sqp=-oaymwEgCNAFEJQDSFXyq4qpAxIIARUAAIhCGAFwAcABBrgC8xg=&rs=AOn4CLCBSVnBjJDoz_XXqbBU3v_kEUSuxw,General marketplace,Thrifting,Reselling Income,The video title claims that weekly thrifting at Goodwill paid off the creators' mortgage.,high,youtube_video:pvm0SEGbrwI
118,68QL21uKbEo,reseller_sourcing,ebay sourcing thrift haul reseller,"I went to the Goodwill Bins - Thrift Haul to Sell on Ebay, Poshmark, and Depop",https://www.youtube.com/watch?v=68QL21uKbEo,11309,4d ago,29:23,video,Cayley Elaine,https://www.youtube.com/@cayleyelaine,https://i.ytimg.com/vi/68QL21uKbEo/hq720.jpg?sqp=-oaymwEgCNAFEJQDSFXyq4qpAxIIARUAAIhCGAFwAcABBrgC8xg=&rs=AOn4CLBkm959UeVxCIxM06zt6HPKJMX8MQ,General marketplace,Thrift Finds,Reseller Haul,"The video title presents a Goodwill Bins thrift haul intended for resale on eBay, Poshmark, and Depop.",high,youtube_video:68QL21uKbEo
119,rvg64rJgL7M,reseller_sourcing,ebay sourcing thrift haul reseller,"Reseller Haul! Shoes, Bags & Clothing to Flip on eBay!",https://www.youtube.com/watch?v=rvg64rJgL7M,1551,6mo ago,25:04,video,ShopNTales,https://www.youtube.com/@ShopNTales,https://i.ytimg.com/vi/rvg64rJgL7M/hq720.jpg?sqp=-oaymwEgCNAFEJQDSFXyq4qpAxIIARUAAIhCGAFwAcABBrgC8xg=&rs=AOn4CLBHinvKoxtfAjmCUhKw-G_5qW9wvw,Other / emerging,Apparel & Accessories,Reseller Haul,"The video title displays a reseller haul of shoes, bags, and clothing to flip on eBay.",high,youtube_video:rvg64rJgL7M
120,aQLY0VRkW28,reseller_sourcing,ebay sourcing thrift haul reseller,"Thrift with Me as a Reseller! Sourcing Items to Resell on Poshmark, eBay & Whatnot!",https://www.youtube.com/watch?v=aQLY0VRkW28,265,3w ago,8:48,video,The Fashion Ash,https://www.youtube.com/@thefashionashh,https://i.ytimg.com/vi/aQLY0VRkW28/hq720.jpg?sqp=-oaymwEgCNAFEJQDSFXyq4qpAxIIARUAAIhCGAFwAcABBrgC8xg=&rs=AOn4CLD5-MasOJ-tSyD5HiAMV8nceuKebA,General marketplace,Thrifting,Sourcing,"The video title depicts sourcing thrift items to resell across Poshmark, eBay, and Whatnot.",high,youtube_video:aQLY0VRkW28
121,tphMl8f6M-4,cameras_electronics,vintage digital camera ebay haul,What's In the Box? Flipping a Mixed Lot of Cameras on eBay Ep. 1 (TRPLED MY MONEY WITH 1 CAMERA!),https://www.youtube.com/watch?v=tphMl8f6M-4,43,3mo ago,29:59,video,Gulf Coast Flips,https://www.youtube.com/@gulfcoastflips,https://i.ytimg.com/vi/tphMl8f6M-4/hq720.jpg?sqp=-oaymwEcCNAFEJQDSFXyq4qpAw4IARUAAIhCGAFwAcABBg==&rs=AOn4CLDaIdL4TSkZNDCQczwQ0gNHvajeGg,Electronics,Cameras,Reselling; Profit,The title claims flipping a mixed lot of cameras on eBay tripled the creator's money with one camera.,high,youtube_video:tphMl8f6M-4
122,qZoCrrBtwNc,cameras_electronics,vintage digital camera ebay haul,Vintage Halloween & More! Digging Through My Huge eBay Store Buyout,https://www.youtube.com/watch?v=qZoCrrBtwNc,267,3mo ago,10:30,video,Mom Rebooted,https://www.youtube.com/@MomRebooted,https://i.ytimg.com/vi/qZoCrrBtwNc/hq720.jpg?sqp=-oaymwEcCNAFEJQDSFXyq4qpAw4IARUAAIhCGAFwAcABBg==&rs=AOn4CLA7ymgV0Zgehj10WvkPO3VHBTlKag,Toys/Collectibles,Vintage Collectibles; Holiday Decor,Inventory Sourcing; Store Buyout,The title describes digging through a large eBay store buyout featuring vintage Halloween items and more.,medium,youtube_video:qZoCrrBtwNc
123,HL_bZMjFYRA,cameras_electronics,vintage digital camera ebay haul,"Weekend Thrift Haul - $80 Spent on Cameras, Collectibles & More",https://www.youtube.com/watch?v=HL_bZMjFYRA,65,4mo ago,3:37,video,DnB Flips ,https://www.youtube.com/@dnbflipstx,https://i.ytimg.com/vi/HL_bZMjFYRA/hq720.jpg?sqp=-oaymwEcCNAFEJQDSFXyq4qpAw4IARUAAIhCGAFwAcABBg==&rs=AOn4CLAhNhCUSnQgf6gazvjQmakd4nKWLg,Electronics; Toys/Collectibles,Cameras; Collectibles,Thrift Haul; Sourcing,"The title describes an $80 weekend thrift haul covering cameras, collectibles, and additional items.",high,youtube_video:HL_bZMjFYRA
124,_LCwGlNFiHE,cameras_electronics,vintage digital camera ebay haul,I DESTROYED This STERLING SILVER! ,https://www.youtube.com/watch?v=_LCwGlNFiHE,3203,4mo ago,18:10,video,The Swap Shop,https://www.youtube.com/@theswapshopky,https://i.ytimg.com/vi/_LCwGlNFiHE/hq720.jpg?sqp=-oaymwEcCNAFEJQDSFXyq4qpAw4IARUAAIhCGAFwAcABBg==&rs=AOn4CLAFAilUVXTRnH9wUll04mhBS_iEJg,Other / emerging,Precious Metals,Item Destruction,The title states that the creator destroyed sterling silver.,high,youtube_video:_LCwGlNFiHE
125,J_b2dWV2GBA,cameras_electronics,vintage digital camera ebay haul,"What is Going on EBay? 1 Sale Wednesday, and Over $560 in Sales Thursday! Make up your mind!",https://www.youtube.com/watch?v=J_b2dWV2GBA,71,3mo ago,6:08,video,TheCapGuy & J.T.,https://www.youtube.com/@TheCapGuy,https://i.ytimg.com/vi/J_b2dWV2GBA/hq720.jpg?sqp=-oaymwE2CNAFEJQDSFXyq4qpAygIARUAAIhCGAFwAcABBvABAfgB_gmAAtAFigIMCAAQARhlIFIoRzAP&rs=AOn4CLDOP_W8zsUWOlAt8TbG7boJIUT9xQ,General marketplace,eBay Selling,Sales Volatility,The title questions eBay sales consistency after reporting one sale on Wednesday and over $560 on Thursday.,high,youtube_video:J_b2dWV2GBA
126,3oQpTZeQ7q8,cameras_electronics,vintage digital camera ebay haul,"Massive Vintage Summer Haul ☄️ Vintage, Depop, Poshmark, eBay",https://www.youtube.com/watch?v=3oQpTZeQ7q8,130,3mo ago,22:18,video,Dani Oghissa,https://www.youtube.com/@danisworldd,https://i.ytimg.com/vi/3oQpTZeQ7q8/hq720.jpg?sqp=-oaymwEcCNAFEJQDSFXyq4qpAw4IARUAAIhCGAFwAcABBg==&rs=AOn4CLBg0cnxyvvqmzC9E8X_YfEqACAQ1g,Other / emerging,Vintage Clothing,Reselling Haul,"The title describes a massive vintage summer haul across Depop, Poshmark, and eBay.",medium,youtube_video:3oQpTZeQ7q8
127,Ye3pAKC0yfc,cameras_electronics,vintage digital camera ebay haul,"Our Most Epic Weekend Haul Ever! $638 → $7,133",https://www.youtube.com/watch?v=Ye3pAKC0yfc,1933,3w ago,15:01,video,The Dumont Boys,https://www.youtube.com/@TheDumontBoys,https://i.ytimg.com/vi/Ye3pAKC0yfc/hq720.jpg?sqp=-oaymwEcCNAFEJQDSFXyq4qpAw4IARUAAIhCGAFwAcABBg==&rs=AOn4CLDy70U_39Hmy9yX9M4QsZm-tSA1Bg,General marketplace,Reselling,Reselling Haul; Sales Value,"The title highlights an epic weekend haul contrasting a $638 spend against a $7,133 figure.",medium,youtube_video:Ye3pAKC0yfc
128,M45b0et6kjw,cameras_electronics,vintage digital camera ebay haul,What Kind of Sales did We have on EBay Thursday? Let’s find out!,https://www.youtube.com/watch?v=M45b0et6kjw,123,2mo ago,4:19,video,TheCapGuy & J.T.,https://www.youtube.com/@TheCapGuy,https://i.ytimg.com/vi/M45b0et6kjw/hq720.jpg?sqp=-oaymwE2CNAFEJQDSFXyq4qpAygIARUAAIhCGAFwAcABBvABAfgB_gmAAtAFigIMCAAQARhlIFIoQzAP&rs=AOn4CLAxlkLFIaWibAwGepnTUNbC1TYp0A,General marketplace,eBay Selling,Sales Update,The title asks what kind of sales occurred on eBay this Thursday.,high,youtube_video:M45b0et6kjw
129,49cW6eLR35w,cameras_electronics,vintage digital camera ebay haul,"Thrift Store Cameras, Wii & Vintage Laptops = BIG Profit",https://www.youtube.com/watch?v=49cW6eLR35w,134,4mo ago,7:36,video,Chris Finds Cool Stuff,https://www.youtube.com/@chrisfindscoolstuff,https://i.ytimg.com/vi/49cW6eLR35w/hq720.jpg?sqp=-oaymwEcCNAFEJQDSFXyq4qpAw4IARUAAIhCGAFwAcABBg==&rs=AOn4CLAUjrEi-iUwiR0ByQZdqdWG3Lk4bA,Electronics,Cameras; Gaming Consoles,Thrift Reselling; Profit,"The title claims thrift store cameras, a Wii, and vintage laptops lead to big profit.",high,youtube_video:49cW6eLR35w
130,8_7rSIZxMAs,cameras_electronics,vintage digital camera ebay haul,They Had No Idea What This Was Worth! Sourcing For My eBay Store,https://www.youtube.com/watch?v=8_7rSIZxMAs,77,3mo ago,4:46,video,Nick Ritch,https://www.youtube.com/@nickritch90,https://i.ytimg.com/vi/8_7rSIZxMAs/hq720.jpg?sqp=-oaymwEcCNAFEJQDSFXyq4qpAw4IARUAAIhCGAFwAcABBg==&rs=AOn4CLDSyv-bcSQ2CjxACqE7JAZsnlBLXg,General marketplace,eBay Selling,Inventory Sourcing,The title describes sourcing for an eBay store where others did not know an item's worth.,medium,youtube_video:8_7rSIZxMAs
131,dBFlKA08zhY,cameras_electronics,vintage digital camera ebay haul,Retro GAMING Finds to £200 Digital Cameras! This CAR BOOT SALE Had It All! | LOW spend BIG profit!,https://www.youtube.com/watch?v=dBFlKA08zhY,1657,2d ago,19:34,video,LocatingRetro,https://www.youtube.com/@LocatingRetro,https://i.ytimg.com/vi/dBFlKA08zhY/hq720.jpg?sqp=-oaymwEcCNAFEJQDSFXyq4qpAw4IARUAAIhCGAFwAcABBg==&rs=AOn4CLDQ_6flxZlBAOMkKolRIX4QzGoloA,Electronics,digital cameras; retro gaming,car boot sale; reselling,The title claims car boot sale sourcing of retro gaming items and digital cameras produced big profit from low spend.,high,youtube_video:dBFlKA08zhY
132,N_qFSchIBI8,cameras_electronics,vintage digital camera ebay haul,Epic Camera Flip! 📸 + Random eBay Sales You Won’t Believe!,https://www.youtube.com/watch?v=N_qFSchIBI8,1402,10mo ago,23:35,video,Desert Sellers,https://www.youtube.com/@desertsellers,https://i.ytimg.com/vi/N_qFSchIBI8/hqdefault.jpg?sqp=-oaymwEcCOADEI4CSFXyq4qpAw4IARUAAIhCGAFwAcABBg==&rs=AOn4CLD-rbWwNiKBU8fUdPrivenvW1MPzQ,Electronics,cameras,item flip; eBay sales,The title highlights a camera flip alongside other eBay sales.,medium,youtube_video:N_qFSchIBI8
133,1WKINTpYi4A,cameras_electronics,vintage digital camera ebay haul,Thrift Store MYSTERY Camera Worth It!!! Curiosity Shop Bargain,https://www.youtube.com/watch?v=1WKINTpYi4A,49,9mo ago,8:53,video,Saul's Place TV,https://www.youtube.com/@saulsplacetv,https://i.ytimg.com/vi/1WKINTpYi4A/hq720.jpg?sqp=-oaymwEcCNAFEJQDSFXyq4qpAw4IARUAAIhCGAFwAcABBg==&rs=AOn4CLD3onjscl9YKJ3fFlo1eLqIF05W4w,Electronics,cameras,thrift store finds; valuation,The title questions whether a mystery thrift shop camera was worth it as a bargain.,medium,youtube_video:1WKINTpYi4A
134,Kec4N-HxN0w,cameras_electronics,vintage digital camera ebay haul,I Will Have Some Of That-Let's Do The Deal!,https://www.youtube.com/watch?v=Kec4N-HxN0w,287,4mo ago,13:39,video,Justin's Retro Revival,https://www.youtube.com/@RetroRevivals-b8o,https://i.ytimg.com/vi/Kec4N-HxN0w/hqdefault.jpg?sqp=-oaymwEcCOADEI4CSFXyq4qpAw4IARUAAIhCGAFwAcABBg==&rs=AOn4CLBz69J7dPMMdd_0yfo0b73tD4mlzg,Unclear,,negotiation,The title mentions doing a deal without specifying any items or context.,low,youtube_video:Kec4N-HxN0w
135,myqUjpN_gV4,cameras_electronics,vintage digital camera ebay haul,I Got a Lead on a SECRET Storage Unit! (Vintage Cameras & Garage Sale Negotiations),https://www.youtube.com/watch?v=myqUjpN_gV4,98,6mo ago,34:56,video,Chan Dolo,https://www.youtube.com/@Chan_Dolo,https://i.ytimg.com/vi/myqUjpN_gV4/hq720.jpg?sqp=-oaymwEcCNAFEJQDSFXyq4qpAw4IARUAAIhCGAFwAcABBg==&rs=AOn4CLCDKAMzsbnBRn56KfsKyrQY-r76BQ,Electronics,vintage cameras,storage units; garage sale negotiation,The title mentions a secret storage unit lead involving vintage cameras and garage sale negotiations.,high,youtube_video:myqUjpN_gV4
136,PIBmPvAh2Js,cameras_electronics,vintage digital camera ebay haul,"I did not time that Skit right! I’m such a Goober! Oh, and Monday & Tuesday’s Sales on EBay!",https://www.youtube.com/watch?v=PIBmPvAh2Js,122,3w ago,7:49,video,TheCapGuy & J.T.,https://www.youtube.com/@TheCapGuy,https://i.ytimg.com/vi/PIBmPvAh2Js/hq720.jpg?sqp=-oaymwE2CNAFEJQDSFXyq4qpAygIARUAAIhCGAFwAcABBvABAfgB_gmAAtAFigIMCAAQARhlIFAoRTAP&rs=AOn4CLD4OtRgvCvL5evBzJEh0txwAewSoA,General marketplace,,eBay sales; reselling,The title mentions a timing mistake in a skit and Monday and Tuesday's sales on eBay.,medium,youtube_video:PIBmPvAh2Js
137,z3VbwBAfpyY,cameras_electronics,vintage digital camera ebay haul,We Paid Almost Nothing for These Vintage Finds!,https://www.youtube.com/watch?v=z3VbwBAfpyY,654,2w ago,7:21,video,CollectyBullz,https://www.youtube.com/@CollectyBullz,https://i.ytimg.com/vi/z3VbwBAfpyY/hq720.jpg?sqp=-oaymwEcCNAFEJQDSFXyq4qpAw4IARUAAIhCGAFwAcABBg==&rs=AOn4CLC3e074D2IM1wNF7vyX1w8etFb_fg,Other / emerging,vintage items,sourcing; cost,The title states that almost nothing was paid for vintage finds.,low,youtube_video:z3VbwBAfpyY
138,AhvFvHVnYWc,cameras_electronics,vintage digital camera ebay haul,I’m Down 200 Listings... Can This eBay Haul Save Me?,https://www.youtube.com/watch?v=AhvFvHVnYWc,831,4mo ago,1:18:34,video,Hot Lunch Reselling,https://www.youtube.com/@Hot-Lunch,https://i.ytimg.com/vi/AhvFvHVnYWc/hq720.jpg?sqp=-oaymwEcCNAFEJQDSFXyq4qpAw4IARUAAIhCGAFwAcABBg==&rs=AOn4CLAwbgiyfPzNH-wYgtdKgyPdx07BcQ,General marketplace,,eBay listings; haul sourcing,The title asks if an eBay haul can compensate for being down 200 listings.,medium,youtube_video:AhvFvHVnYWc
139,HDfXQOD--f8,cameras_electronics,vintage digital camera ebay haul,Will This Really Sell For That Much?,https://www.youtube.com/watch?v=HDfXQOD--f8,73,3mo ago,19:51,video,Beastking81,https://www.youtube.com/@Beastking81,https://i.ytimg.com/vi/HDfXQOD--f8/hq720.jpg?sqp=-oaymwE2CNAFEJQDSFXyq4qpAygIARUAAIhCGAFwAcABBvABAfgB_gmAAtAFigIMCAAQARhlIGUoZTAP&rs=AOn4CLDF-LgI03q7WuC4R424WJNjIIsDbQ,General marketplace,,valuation; reselling,The title questions whether an unspecified item will really sell for that much.,low,youtube_video:HDfXQOD--f8
140,OuJ6ojdWbtw,cameras_electronics,vintage digital camera ebay haul,I Spent $200 at a Thrift Store to Resell on eBay | Was Any of it Actually Worth It?,https://www.youtube.com/watch?v=OuJ6ojdWbtw,35,3w ago,4:45,video,ThriftRevival,https://www.youtube.com/@TheThriftRevival,https://i.ytimg.com/vi/OuJ6ojdWbtw/hq720.jpg?sqp=-oaymwEcCNAFEJQDSFXyq4qpAw4IARUAAIhCGAFwAcABBg==&rs=AOn4CLAUsk9cdch3nPTRKMSNC2firVqnmg,General marketplace,,thrift store sourcing; eBay reselling,The title asks whether spending $200 at a thrift store to resell on eBay was worth it.,medium,youtube_video:OuJ6ojdWbtw
141,o96ExaP3-98,retro_gaming_collectibles,retro gaming ebay haul collectibles,My BEST Flea Market VHS Haul Yet?!,https://www.youtube.com/watch?v=o96ExaP3-98,496,1mo ago,9:06,video,ThisGuyCollectz,https://www.youtube.com/@ThisGuyCollectz,https://i.ytimg.com/vi/o96ExaP3-98/hq720.jpg?sqp=-oaymwEcCNAFEJQDSFXyq4qpAw4IARUAAIhCGAFwAcABBg==&rs=AOn4CLBVjeOZGvOAWsAHCeBmHKq-QLtzAA,Other / emerging,VHS tapes,Haul; Flea market,The title asks if this flea market purchase is the creator's best VHS haul yet.,high,youtube_video:o96ExaP3-98
142,j1FrK4COG7E,retro_gaming_collectibles,retro gaming ebay haul collectibles,Did You Know THIS Existed? Retro Gaming Haul!,https://www.youtube.com/watch?v=j1FrK4COG7E,244,2w ago,19:48,video,"Tom'sToys95 - BUY, SELL, COLLECT",https://www.youtube.com/@TomsToys95,https://i.ytimg.com/vi/j1FrK4COG7E/hq720.jpg?sqp=-oaymwEcCNAFEJQDSFXyq4qpAw4IARUAAIhCGAFwAcABBg==&rs=AOn4CLCU8qYrZj0iUxA5rxBDFtBYkwTw9Q,Electronics; Toys/Collectibles,Retro gaming,Haul,The title showcases a retro gaming haul and asks viewers if they knew an item existed.,high,youtube_video:j1FrK4COG7E
143,O0YvK1UfXl8,retro_gaming_collectibles,retro gaming ebay haul collectibles,Flipping an Auction House haul of vintage toys and games to eBay for a profit,https://www.youtube.com/watch?v=O0YvK1UfXl8,173,4w ago,41:39,video,TheHangerClub,https://www.youtube.com/@TheHangerClub,https://i.ytimg.com/vi/O0YvK1UfXl8/hq720.jpg?sqp=-oaymwEcCNAFEJQDSFXyq4qpAw4IARUAAIhCGAFwAcABBg==&rs=AOn4CLBkx8TRWYI2MnhzSZtg6sifeRk6ww,Toys/Collectibles,Vintage toys; Vintage games,Flipping; eBay,The title describes flipping an auction house haul of vintage toys and games on eBay for profit.,high,youtube_video:O0YvK1UfXl8
144,gW6v361RwhQ,retro_gaming_collectibles,retro gaming ebay haul collectibles,Rare PS2 eBay Unboxing! 🎮 WWE SmackDown & Onimusha Haul + Future Shop Nostalgia?,https://www.youtube.com/watch?v=gW6v361RwhQ,9,5mo ago,10:25,video,Sal @ Retro Game Loft,https://www.youtube.com/@RetroGameLoft,https://i.ytimg.com/vi/gW6v361RwhQ/hq720.jpg?sqp=-oaymwEcCNAFEJQDSFXyq4qpAw4IARUAAIhCGAFwAcABBg==&rs=AOn4CLB6bYqfD-UsDYhzGIsct8LqloiE4A,Electronics; Toys/Collectibles,PS2 games,Unboxing; Haul,The title announces an eBay unboxing haul of rare PS2 games including WWE SmackDown and Onimusha.,high,youtube_video:gW6v361RwhQ
145,hPeJHZxde78,retro_gaming_collectibles,retro gaming ebay haul collectibles,Building a Retro Game Collection With $0 | Ep. 1,https://www.youtube.com/watch?v=hPeJHZxde78,368072,11mo ago,23:50,video,Memory Card,https://www.youtube.com/@MemoryCard-r5i,https://i.ytimg.com/vi/hPeJHZxde78/hq720.jpg?sqp=-oaymwEcCNAFEJQDSFXyq4qpAw4IARUAAIhCGAFwAcABBg==&rs=AOn4CLBi9Ygj-jAyCuT058TSncRDJak9Lw,Electronics; Toys/Collectibles,Retro games,Collection building; Budget challenge,The title describes starting a series on building a retro game collection with zero dollars.,high,youtube_video:hPeJHZxde78
146,XSR7MIHJqdc,retro_gaming_collectibles,retro gaming ebay haul collectibles,Is Facebook Marketplace Worth the Risk for Retro Game Collectors? | Ep. 4,https://www.youtube.com/watch?v=XSR7MIHJqdc,266566,8mo ago,33:48,video,Memory Card,https://www.youtube.com/@MemoryCard-r5i,https://i.ytimg.com/vi/XSR7MIHJqdc/hq720.jpg?sqp=-oaymwEcCNAFEJQDSFXyq4qpAw4IARUAAIhCGAFwAcABBg==&rs=AOn4CLCFhWfhum_uYCr7T8bvs6Tqncvixg,Electronics; Toys/Collectibles; General marketplace,Retro games,Facebook Marketplace; Risk assessment,The title questions whether Facebook Marketplace is worth the risk for retro game collectors.,high,youtube_video:XSR7MIHJqdc
147,DWupfIQ7s5k,retro_gaming_collectibles,retro gaming ebay haul collectibles,I Got There EARLY... And It Paid Off BIG!,https://www.youtube.com/watch?v=DWupfIQ7s5k,8413,2w ago,24:30,video,Hodge Collects,https://www.youtube.com/@HodgeCollects,https://i.ytimg.com/vi/DWupfIQ7s5k/hq720.jpg?sqp=-oaymwEcCNAFEJQDSFXyq4qpAw4IARUAAIhCGAFwAcABBg==&rs=AOn4CLCjgGvOIMbGYVBIjOaocqTTQN_OyA,Unclear,,Sourcing,"The title claims arriving early paid off big, without mentioning specific items.",low,youtube_video:DWupfIQ7s5k
148,9SYmHJ9Ta8E,retro_gaming_collectibles,retro gaming ebay haul collectibles,"I Bought a $690 Abandoned Storage Unit… Vintage Video Games, Pokémon Cards & Autos",https://www.youtube.com/watch?v=9SYmHJ9Ta8E,12822,6mo ago,13:30,video,Finest Flips ,https://www.youtube.com/@FinestFlips,https://i.ytimg.com/vi/9SYmHJ9Ta8E/hqdefault.jpg?sqp=-oaymwEcCOADEI4CSFXyq4qpAw4IARUAAIhCGAFwAcABBg==&rs=AOn4CLC_a-iev8tDwShd6B_ZJsB6f5k52A,Electronics; TCG/Pokemon; Sports Cards,Vintage video games; Pokemon cards; Autographed cards,Storage unit; Unboxing,"The title claims finding vintage video games, Pokémon cards, and autographed items in a purchased storage unit.",high,youtube_video:9SYmHJ9Ta8E
149,_c-n43-fh6I,retro_gaming_collectibles,retro gaming ebay haul collectibles,Insanely Good Value Budget Vintage Haul!!,https://www.youtube.com/watch?v=_c-n43-fh6I,895,5mo ago,24:15,video,Orion Sires,https://www.youtube.com/@orionsires,https://i.ytimg.com/vi/_c-n43-fh6I/hq720.jpg?sqp=-oaymwEcCNAFEJQDSFXyq4qpAw4IARUAAIhCGAFwAcABBg==&rs=AOn4CLBdKG9uqhCw_C3ElX4U3QmrMg7-dg,Unclear,Vintage items,Haul; Budget finds,The title describes a budget vintage haul of claimed insanely good value.,low,youtube_video:_c-n43-fh6I
150,rwQTYy8ORdY,retro_gaming_collectibles,retro gaming ebay haul collectibles,These are selling fast!  Thrift Haul Profits! Collector Finds That Sell on eBay,https://www.youtube.com/watch?v=rwQTYy8ORdY,340,4mo ago,10:59,video,Groverhome,https://www.youtube.com/@Groverhome2026,https://i.ytimg.com/vi/rwQTYy8ORdY/hq720.jpg?sqp=-oaymwEcCNAFEJQDSFXyq4qpAw4IARUAAIhCGAFwAcABBg==&rs=AOn4CLAjyh0mJvYCVHn_UknKWf_Y_V81sg,General marketplace; Toys/Collectibles,Thrift finds,Reselling; eBay,The title claims certain collector finds from thrift hauls are selling fast for profit on eBay.,medium,youtube_video:rwQTYy8ORdY
151,nc_EF26PJGI,retro_gaming_collectibles,retro gaming ebay haul collectibles,I found this very rare SNES game!,https://www.youtube.com/watch?v=nc_EF26PJGI,1148,3d ago,9:05,video,Erix Collectables,https://www.youtube.com/@ErixCollectables,https://i.ytimg.com/vi/nc_EF26PJGI/hq720.jpg?sqp=-oaymwEcCNAFEJQDSFXyq4qpAw4IARUAAIhCGAFwAcABBg==&rs=AOn4CLAwnS4IYVcRmO5ryawZvZ9P2Ojz0g,Other / emerging,Video Games,Game Hunting; Rarity,The title claims the creator found a very rare Super Nintendo Entertainment System (SNES) game.,high,youtube_video:nc_EF26PJGI
152,lcHhicx92jQ,retro_gaming_collectibles,retro gaming ebay haul collectibles,This Garage Sale is FULL of Vintage Toys! | 80s and 90s Nostalgia ,https://www.youtube.com/watch?v=lcHhicx92jQ,756,1d ago,18:33,video,"Oh, I Had That!",https://www.youtube.com/@OhIHadThat,https://i.ytimg.com/vi/lcHhicx92jQ/hq720.jpg?sqp=-oaymwEcCNAFEJQDSFXyq4qpAw4IARUAAIhCGAFwAcABBg==&rs=AOn4CLBtJGPmOGh2i_Rcep7742IAQ3WhJw,Toys/Collectibles,Vintage Toys,Garage Sale; Nostalgia,The title describes a garage sale full of vintage toys from the 1980s and 1990s.,high,youtube_video:lcHhicx92jQ
153,cCSFTaJZ4oo,retro_gaming_collectibles,retro gaming ebay haul collectibles,Vintage Toys & Clothing grails = $$$,https://www.youtube.com/watch?v=cCSFTaJZ4oo,2050,5d ago,31:44,video,Rudy Works,https://www.youtube.com/@rudyworks,https://i.ytimg.com/vi/cCSFTaJZ4oo/hq720.jpg?sqp=-oaymwEcCNAFEJQDSFXyq4qpAw4IARUAAIhCGAFwAcABBg==&rs=AOn4CLCGhEsq5ku4Xu0vvaDJquL-cuALEg,Toys/Collectibles; Other / emerging,Vintage Toys; Vintage Clothing,Reselling; Value,The title highlights vintage toys and clothing grails associated with monetary value.,medium,youtube_video:cCSFTaJZ4oo
154,s1SSylbI18g,retro_gaming_collectibles,retro gaming ebay haul collectibles,Unboxing a Vintage GI Joe eBay Haul,https://www.youtube.com/watch?v=s1SSylbI18g,9222,1mo ago,11:15,video,80sJoes,https://www.youtube.com/@80sJoes,https://i.ytimg.com/vi/s1SSylbI18g/hq720.jpg?sqp=-oaymwEcCNAFEJQDSFXyq4qpAw4IARUAAIhCGAFwAcABBg==&rs=AOn4CLAdF4HQmD0G8LDReUVzU6q8W-b6zw,Toys/Collectibles,Action Figures,Unboxing; eBay Haul,The title announces an unboxing of a vintage G.I. Joe haul purchased on eBay.,high,youtube_video:s1SSylbI18g
155,s-qYg50I-y0,retro_gaming_collectibles,retro gaming ebay haul collectibles,We Drove to Pennsylvania For This Shop Uncle Bob's Vintage Toy's Retro Toy Hunting,https://www.youtube.com/watch?v=s-qYg50I-y0,1190,10mo ago,16:44,video,Sprooch Retro Hunting,https://www.youtube.com/@Sprooch,https://i.ytimg.com/vi/s-qYg50I-y0/hq720.jpg?sqp=-oaymwEcCNAFEJQDSFXyq4qpAw4IARUAAIhCGAFwAcABBg==&rs=AOn4CLD-08KjYdP2C58m9SzLzOY55sJNQQ,Toys/Collectibles,Vintage Toys,Toy Hunting; Store Visit,The title states the creators drove to a Pennsylvania shop named Uncle Bob's Vintage Toys for retro toy hunting.,high,youtube_video:s-qYg50I-y0
156,MDY71nwPg0Q,retro_gaming_collectibles,retro gaming ebay haul collectibles,I Can't Believe I Found This at Goodwill! September 2026 (Gaming Haul),https://www.youtube.com/watch?v=MDY71nwPg0Q,26,1d ago,3:34,video,veterano retro gamer,https://www.youtube.com/@veteranoretrogamer,https://i.ytimg.com/vi/MDY71nwPg0Q/hq720.jpg?sqp=-oaymwEcCNAFEJQDSFXyq4qpAw4IARUAAIhCGAFwAcABBg==&rs=AOn4CLA9raZo0Tad-Mv4Oey1BQ_9ILiG5A,Other / emerging,Video Games,Thrift Haul; Goodwill,The title describes finding a gaming haul at Goodwill dated September 2026.,medium,youtube_video:MDY71nwPg0Q
157,ATXci02Huz4,retro_gaming_collectibles,retro gaming ebay haul collectibles,Community Yard Sale! Retro Video Games for Cheap ,https://www.youtube.com/watch?v=ATXci02Huz4,24141,5mo ago,16:08,video,Martins Island,https://www.youtube.com/@martinsisland1148,https://i.ytimg.com/vi/ATXci02Huz4/hq720.jpg?sqp=-oaymwEcCNAFEJQDSFXyq4qpAw4IARUAAIhCGAFwAcABBg==&rs=AOn4CLDXHPS88cyVsJtKJgnwmYhtQgDIXw,Other / emerging,Retro Video Games,Yard Sale; Bargain Hunting,The title describes finding cheap retro video games at a community yard sale.,high,youtube_video:ATXci02Huz4
158,zzZ1ZFrrlT0,retro_gaming_collectibles,retro gaming ebay haul collectibles,"Paid $5, Worth Nearly $100? Huge Reseller Thrift Haul",https://www.youtube.com/watch?v=zzZ1ZFrrlT0,574,1mo ago,13:34,video,Groverhome,https://www.youtube.com/@Groverhome2026,https://i.ytimg.com/vi/zzZ1ZFrrlT0/hq720.jpg?sqp=-oaymwEcCNAFEJQDSFXyq4qpAw4IARUAAIhCGAFwAcABBg==&rs=AOn4CLA4sPa0BrzL1uqVQoko8siIUuR9qQ,General marketplace,Thrift Finds,Reselling; Thrift Haul,The title questions whether an item paid $5 for is worth nearly $100 in a thrift haul.,medium,youtube_video:zzZ1ZFrrlT0
159,tNAsiFlxn9o,retro_gaming_collectibles,retro gaming ebay haul collectibles,Small buys added up to be BIG! $$$,https://www.youtube.com/watch?v=tNAsiFlxn9o,4943,2w ago,32:03,video,Rudy Works,https://www.youtube.com/@rudyworks,https://i.ytimg.com/vi/tNAsiFlxn9o/hq720.jpg?sqp=-oaymwEcCNAFEJQDSFXyq4qpAw4IARUAAIhCGAFwAcABBg==&rs=AOn4CLDiTifgLAWK7YuZku-gtsTRtSqWhQ,General marketplace,Reselling,Profit; Haul,The title claims small purchases accumulated into a large monetary total.,low,youtube_video:tNAsiFlxn9o
160,kFTDbQcXQwU,buyer_experience,buying on ebay haul review,"I Bought ""New"" Tech on eBay...",https://www.youtube.com/watch?v=kFTDbQcXQwU,766258,10mo ago,26:59,video,Austin Evans,https://www.youtube.com/@austinevans,https://i.ytimg.com/vi/kFTDbQcXQwU/hq720.jpg?sqp=-oaymwEgCNAFEJQDSFXyq4qpAxIIARUAAIhCGAFwAcABBrgC9xg=&rs=AOn4CLArRStb_Ft6iu8ynyGM32q9eWP0PQ,Electronics,Consumer Tech,eBay Purchase; Product Condition,The title states the creator bought item(s) described as new tech on eBay.,high,youtube_video:kFTDbQcXQwU
161,Cv88jztlRkc,buyer_experience,buying on ebay haul review,13 Sales Dropped Overnight | Poshmark & eBay Haul,https://www.youtube.com/watch?v=Cv88jztlRkc,518,7mo ago,17:30,video,ShopNTales,https://www.youtube.com/@ShopNTales,https://i.ytimg.com/vi/Cv88jztlRkc/hqdefault.jpg?sqp=-oaymwEgCOADEI4CSFXyq4qpAxIIARUAAIhCGAFwAcABBrgC9xg=&rs=AOn4CLDT9H2ONiUI900M06RGi4e1xO6JsQ,General marketplace,reselling,sales haul; order volume,The title claims thirteen sales dropped overnight across Poshmark and eBay.,medium,youtube_video:Cv88jztlRkc
162,bUbtdIiLxTk,buyer_experience,buying on ebay haul review,I Bought EVERY Apple Mystery Box From EBay ,https://www.youtube.com/watch?v=bUbtdIiLxTk,826459,10mo ago,16:51,video,SarahGrace,https://www.youtube.com/@TheSarahGrace,https://i.ytimg.com/vi/bUbtdIiLxTk/hq720.jpg?sqp=-oaymwEgCNAFEJQDSFXyq4qpAxIIARUAAIhCGAFwAcABBrgC9xg=&rs=AOn4CLBzTgulLadZ-uoCRD_bWHDoUhXt-A,Electronics,Apple products,mystery box; unboxing,The title states the creator bought every Apple mystery box from eBay.,high,youtube_video:bUbtdIiLxTk
163,9qTW7-hh1oI,buyer_experience,buying on ebay haul review,I Paid $150 for 30 Knives on eBay... Victorinox HAUL! (Was it Worth it?),https://www.youtube.com/watch?v=9qTW7-hh1oI,12610,7mo ago,10:05,video,Backyard BeardMan,https://www.youtube.com/@BackyardBeardMan,https://i.ytimg.com/vi/9qTW7-hh1oI/hq720.jpg?sqp=-oaymwEgCNAFEJQDSFXyq4qpAxIIARUAAIhCGAFwAcABBrgC9xg=&rs=AOn4CLC0XlVEBpy0aiV3hZjHjOogOXV11A,Other / emerging,pocket knives,haul; item evaluation,The title claims the creator paid $150 for 30 Victorinox knives on eBay and questions if it was worth it.,high,youtube_video:9qTW7-hh1oI
164,TVupobtjTNk,buyer_experience,buying on ebay haul review,I Bid on EVERY Ebay Auction... Here's What I Won,https://www.youtube.com/watch?v=TVupobtjTNk,357067,4mo ago,15:46,video,SarahGrace,https://www.youtube.com/@TheSarahGrace,https://i.ytimg.com/vi/TVupobtjTNk/hq720.jpg?sqp=-oaymwEgCNAFEJQDSFXyq4qpAxIIARUAAIhCGAFwAcABBrgC9xg=&rs=AOn4CLDDo6EwKNyTObXW1-W1RSuxMdCRjQ,General marketplace,online auctions,bidding; haul,The title claims the creator bid on every eBay auction and showcases what was won.,medium,youtube_video:TVupobtjTNk
165,GosntDvbRuo,buyer_experience,buying on ebay haul review,I Paid $400 for 100+ Knives on eBay!.. Was it Worth it?,https://www.youtube.com/watch?v=GosntDvbRuo,89893,2mo ago,53:12,video,Backyard BeardMan,https://www.youtube.com/@BackyardBeardMan,https://i.ytimg.com/vi/GosntDvbRuo/hq720.jpg?sqp=-oaymwEgCNAFEJQDSFXyq4qpAxIIARUAAIhCGAFwAcABBrgC9xg=&rs=AOn4CLDDS0Cg8x11I_K5fRUC5cVCkARUSw,Other / emerging,knives,bulk purchase; item evaluation,The title reports paying $400 for over 100 knives on eBay and questions whether it was worth it.,high,youtube_video:GosntDvbRuo
166,oe7PutvMAEc,buyer_experience,buying on ebay haul review,"I Bought $2,365.06 Worth of FAKE Items...",https://www.youtube.com/watch?v=oe7PutvMAEc,209387,3mo ago,29:19,video,EJWAYY,https://www.youtube.com/@ejwayy,https://i.ytimg.com/vi/oe7PutvMAEc/hq720.jpg?sqp=-oaymwEgCNAFEJQDSFXyq4qpAxIIARUAAIhCGAFwAcABBrgC9xg=&rs=AOn4CLDLHVrRBOeI6hQX17zcuaRtbRYybQ,General marketplace,counterfeit goods,haul; unboxing,"The title claims the creator bought $2,365.06 worth of fake items.",low,youtube_video:oe7PutvMAEc
167,eM4egJe4MFc,buyer_experience,buying on ebay haul review,Is a $150 eBay TSA Knife Haul Worth It? 24 Pounds of Knives Unboxed & Reviewed,https://www.youtube.com/watch?v=eM4egJe4MFc,24,11mo ago,4:19,video,Ridge & Iron Outfitters,https://www.youtube.com/@bjejjeueie54,https://i.ytimg.com/vi/eM4egJe4MFc/hqdefault.jpg?sqp=-oaymwEgCOADEI4CSFXyq4qpAxIIARUAAIhCGAFwAcABBrgC9xg=&rs=AOn4CLCzPKg9TkT53wS5AaOoXpoD1e6hCA,Other / emerging,knives,unboxing; item evaluation,The title asks if a $150 eBay TSA haul of 24 pounds of knives is worth it.,high,youtube_video:eM4egJe4MFc
168,Bp3_mBEre5A,buyer_experience,buying on ebay haul review,I ORDERED A HAUNTED MYSTERY BOX OFF OF EBAY?! 📦🫣 *BAD IDEA* #unboxing #haunted #scary #doll #trend,https://www.youtube.com/watch?v=Bp3_mBEre5A,552329,10mo ago,19:36,video,PurpleStars02,https://www.youtube.com/@PurpleStars02,https://i.ytimg.com/vi/Bp3_mBEre5A/hq720.jpg?sqp=-oaymwEgCNAFEJQDSFXyq4qpAxIIARUAAIhCGAFwAcABBrgC9xg=&rs=AOn4CLBS2zou5eqGtXn41oBQIeP3KbS6NQ,Toys/Collectibles,haunted dolls,mystery box; unboxing,The title states the creator ordered a haunted mystery box containing a doll off eBay.,medium,youtube_video:Bp3_mBEre5A
169,fgPMLvt1rek,buyer_experience,buying on ebay haul review,"Unboxing A Huge Haul of Random DVD's From eBay! (Disney, Pixar + More Inside!) (Sealed UK Joblot!)",https://www.youtube.com/watch?v=fgPMLvt1rek,8833,4d ago,15:14,video,The Physical Media Stash ,https://www.youtube.com/@PhysicalMediaStash,https://i.ytimg.com/vi/fgPMLvt1rek/hq720.jpg?sqp=-oaymwEgCNAFEJQDSFXyq4qpAxIIARUAAIhCGAFwAcABBrgC9xg=&rs=AOn4CLDfDqBIh7WK_e31uaGcxsVGq2NWvA,Other / emerging,DVDs,unboxing; job lot haul,The title describes unboxing a sealed UK job lot haul of random Disney and Pixar DVDs from eBay.,high,youtube_video:fgPMLvt1rek
170,q3K0fHcYSA4,buyer_experience,buying on ebay haul review,I Bought EVERY eBay Mystery Box,https://www.youtube.com/watch?v=q3K0fHcYSA4,28239,2mo ago,31:27,video,Max Does Pokemon,https://www.youtube.com/@MaxDPokemon,https://i.ytimg.com/vi/q3K0fHcYSA4/hq720.jpg?sqp=-oaymwEgCNAFEJQDSFXyq4qpAxIIARUAAIhCGAFwAcABBrgC9xg=&rs=AOn4CLC_qGdF-M9EkeGrTliTX4yHCrXvag,General marketplace,mystery boxes,haul; unboxing,The title states the creator bought every eBay mystery box.,medium,youtube_video:q3K0fHcYSA4
171,zpDaZZ8LYjw,buyer_experience,buying on ebay haul review,eBay book haul buy 3 get 1 free #booksonabudget #bookhaul #booktok #ebaybooks ,https://www.youtube.com/watch?v=zpDaZZ8LYjw,159,8mo ago,4:54,video,The Bates House,https://www.youtube.com/@PBBatesHouse,https://i.ytimg.com/vi/zpDaZZ8LYjw/hq720.jpg?sqp=-oaymwE6CNAFEJQDSFXyq4qpAywIARUAAIhCGAFwAcABBvABAfgBzgWAAoAKigIMCAAQARhyIFAoQjAPuAL3GA==&rs=AOn4CLDkBddP5TlWKqPlkEtd8f5LO-k7CQ,Other / emerging,Books,Haul; Promotion,The title highlights a budget book haul from eBay utilizing a buy three get one free offer.,high,youtube_video:zpDaZZ8LYjw
172,LP6DFDejmDs,buyer_experience,buying on ebay haul review,I Spent $1000 on FAKE Clothes...,https://www.youtube.com/watch?v=LP6DFDejmDs,1762625,8mo ago,32:24,video,EJWAYY,https://www.youtube.com/@ejwayy,https://i.ytimg.com/vi/LP6DFDejmDs/hq720.jpg?sqp=-oaymwEgCNAFEJQDSFXyq4qpAxIIARUAAIhCGAFwAcABBrgC9xg=&rs=AOn4CLCc-pRO5lMPUlAUht18stpKc0c5Yg,Other / emerging,Apparel,Counterfeits; Spending,"The creator claims to have spent $1,000 on fake clothing.",medium,youtube_video:LP6DFDejmDs
173,-GsVkmQ4mJk,buyer_experience,buying on ebay haul review,Do NOT buy Tech Mystery Boxes from eBay... 💀,https://www.youtube.com/watch?v=-GsVkmQ4mJk,82665,11mo ago,9:15,video,Smokin' Silicon,https://www.youtube.com/@SmokinSilicon,https://i.ytimg.com/vi/-GsVkmQ4mJk/hq720.jpg?sqp=-oaymwEgCNAFEJQDSFXyq4qpAxIIARUAAIhCGAFwAcABBrgC9xg=&rs=AOn4CLD0k3a8bAaftsNHhiQrppLV822tMA,Electronics,Tech mystery boxes,Buyer warning,The title advises viewers against purchasing tech mystery boxes from eBay.,high,youtube_video:-GsVkmQ4mJk
174,VupDp-4Dwq4,buyer_experience,buying on ebay haul review,I Spent $2000 on FAKE Clothes... (again),https://www.youtube.com/watch?v=VupDp-4Dwq4,947179,3mo ago,43:32,video,EJWAYY,https://www.youtube.com/@ejwayy,https://i.ytimg.com/vi/VupDp-4Dwq4/hq720.jpg?sqp=-oaymwEgCNAFEJQDSFXyq4qpAxIIARUAAIhCGAFwAcABBrgC9xg=&rs=AOn4CLCmstwHyFA6KGQFGIBmDyEUp_IQ4w,Other / emerging,Apparel,Counterfeits; Spending,"The creator claims to have spent $2,000 on fake clothing for a second time.",medium,youtube_video:VupDp-4Dwq4
175,OA5fTQ9lPzU,buyer_experience,buying on ebay haul review,Buying EVERY Needoh I see for 24 Hours,https://www.youtube.com/watch?v=OA5fTQ9lPzU,324786,5mo ago,14:48,video,Erin Degan ,https://www.youtube.com/@rindot,https://i.ytimg.com/vi/OA5fTQ9lPzU/hq720.jpg?sqp=-oaymwEgCNAFEJQDSFXyq4qpAxIIARUAAIhCGAFwAcABBrgC9xg=&rs=AOn4CLBBrrqBIwxJLWnBxdA58TpP8BH5eQ,Toys/Collectibles,NeeDoh squish toys,Shopping challenge,The title describes buying every NeeDoh toy seen over a 24-hour period.,high,youtube_video:OA5fTQ9lPzU
176,Yln2RPthNdw,buyer_experience,buying on ebay haul review,I Bought MYSTERY BOXES from FaceBook Marketplace,https://www.youtube.com/watch?v=Yln2RPthNdw,4368582,4mo ago,34:20,video,HopeScope,https://www.youtube.com/@hopescope,https://i.ytimg.com/vi/Yln2RPthNdw/hq720.jpg?sqp=-oaymwEgCNAFEJQDSFXyq4qpAxIIARUAAIhCGAFwAcABBrgC9xg=&rs=AOn4CLAW9T0eps8Wv8K93GXnRv2xMP8zQw,General marketplace,Mystery boxes,Purchase,The creator claims to have bought mystery boxes from Facebook Marketplace.,high,youtube_video:Yln2RPthNdw
177,H3BVJnd0M0o,whatnot_vs_ebay_live,whatnot vs ebay live selling,eBay Live vs Whatnot: Most Sellers Are Picking The Wrong One,https://www.youtube.com/watch?v=H3BVJnd0M0o,891,5mo ago,5:08,video,SELLERTIVITY,https://www.youtube.com/@Sellertivity,https://i.ytimg.com/vi/H3BVJnd0M0o/hq720.jpg?sqp=-oaymwEcCNAFEJQDSFXyq4qpAw4IARUAAIhCGAFwAcABBg==&rs=AOn4CLBbsRP0RQoz-o66eoQE0NGRsOG9rg,General marketplace,Live shopping,Platform comparison; Seller strategy,"The title compares eBay Live to Whatnot, asserting that most sellers are choosing the wrong platform.",high,youtube_video:H3BVJnd0M0o
178,sAY8aGVQafI,whatnot_vs_ebay_live,whatnot vs ebay live selling,Is eBay Live Better Than Whatnot?? Our Honest Feedback,https://www.youtube.com/watch?v=sAY8aGVQafI,4412,5mo ago,6:58,video,2AussieThrifters,https://www.youtube.com/@2AussieThrifters,https://i.ytimg.com/vi/sAY8aGVQafI/hq720.jpg?sqp=-oaymwEcCNAFEJQDSFXyq4qpAw4IARUAAIhCGAFwAcABBg==&rs=AOn4CLDe8DC-mReeAdHB1vEZ_0o0UAdt8Q,General marketplace,Live shopping,Platform comparison; Review,The title asks whether eBay Live is better than Whatnot and offers feedback.,high,youtube_video:sAY8aGVQafI
179,wddgAdYO3Gw,whatnot_vs_ebay_live,whatnot vs ebay live selling,I Turned My Back On eBay for Whatnot. Did I Just MESS Up?,https://www.youtube.com/watch?v=wddgAdYO3Gw,231,5mo ago,6:21,video,Phoenix Ashes Level Up,https://www.youtube.com/@phoenixasheslevelup,https://i.ytimg.com/vi/wddgAdYO3Gw/hqdefault.jpg?sqp=-oaymwEcCOADEI4CSFXyq4qpAw4IARUAAIhCGAFwAcABBg==&rs=AOn4CLBFjgTsUo_xvoIWmf2YsR3tLYZjUw,General marketplace,Live shopping,Platform switching; Seller strategy,The creator questions whether switching from eBay to Whatnot was a mistake.,high,youtube_video:wddgAdYO3Gw
180,UEPtv6iw1EI,whatnot_vs_ebay_live,whatnot vs ebay live selling,eBay Live vs Whatnot — What We Know So Far,https://www.youtube.com/watch?v=UEPtv6iw1EI,222,5mo ago,21:16,video,Jack's Treasures,https://www.youtube.com/@jackstreasures,https://i.ytimg.com/vi/UEPtv6iw1EI/hq720.jpg?sqp=-oaymwEcCNAFEJQDSFXyq4qpAw4IARUAAIhCGAFwAcABBg==&rs=AOn4CLCx-fyg_GGSjJMlIJ2FGmUyboQkBQ,General marketplace,Live shopping,Platform comparison,The title outlines known information comparing eBay Live and Whatnot.,high,youtube_video:UEPtv6iw1EI
181,Usf5X937z-M,whatnot_vs_ebay_live,whatnot vs ebay live selling,Online Selling   Should I do it? Whatnot eBay live or tiktok shop,https://www.youtube.com/watch?v=Usf5X937z-M,820,4mo ago,17:30,video,Haven For Heroes,https://www.youtube.com/@HavenForHeroes,https://i.ytimg.com/vi/Usf5X937z-M/hq720.jpg?sqp=-oaymwEcCNAFEJQDSFXyq4qpAw4IARUAAIhCGAFwAcABBg==&rs=AOn4CLAIChrwDk6unyGodt049uYxOX-0yg,General marketplace,Online selling platforms,Platform comparison; Live selling,"The title questions whether to sell online using Whatnot, eBay Live, or TikTok Shop.",high,youtube_video:Usf5X937z-M
182,ognItQJGD-s,whatnot_vs_ebay_live,whatnot vs ebay live selling,What I've Learned From Live Selling on Whatnot and Reselling on eBay - Tips & Tricks to Make Money,https://www.youtube.com/watch?v=ognItQJGD-s,2035,4w ago,25:56,video,ResellMaven,https://www.youtube.com/@resellmaven,https://i.ytimg.com/vi/ognItQJGD-s/hq720.jpg?sqp=-oaymwEcCNAFEJQDSFXyq4qpAw4IARUAAIhCGAFwAcABBg==&rs=AOn4CLBsSfgMOpZJLmqXjF-nLnAUe9XeFg,General marketplace,Reselling,Tips and tricks; Live selling,"The title discusses lessons learned, tips, and tricks from live selling on Whatnot and reselling on eBay.",high,youtube_video:ognItQJGD-s
183,XQEAQrjzMTw,whatnot_vs_ebay_live,whatnot vs ebay live selling,Let's Talk Whatnot & eBay Live Selling with Special Guest Nick Wollan - Reseller Unscripted Podcast,https://www.youtube.com/watch?v=XQEAQrjzMTw,426,7mo ago,1:08:44,video,Reseller Unscripted,https://www.youtube.com/@ResellerUnscripted,https://i.ytimg.com/vi/XQEAQrjzMTw/hq720.jpg?sqp=-oaymwEcCNAFEJQDSFXyq4qpAw4IARUAAIhCGAFwAcABBg==&rs=AOn4CLCf0QjESZOD8AmKdVJuXOhJiAPalg,General marketplace,Live selling platforms,Live selling; Podcast discussion,The title presents a podcast discussion about Whatnot and eBay Live selling featuring guest Nick Wollan.,high,youtube_video:XQEAQrjzMTw
184,AXl5C4vmfSw,whatnot_vs_ebay_live,whatnot vs ebay live selling,WHERE YOU SHOULD SELL YOUR CARDS | EBAY VS WHATNOT FEES,https://www.youtube.com/watch?v=AXl5C4vmfSw,136,3mo ago,6:30,video,Bears Cards and Collectables,https://www.youtube.com/@BearsCardsandCollectables,https://i.ytimg.com/vi/AXl5C4vmfSw/hq720.jpg?sqp=-oaymwEcCNAFEJQDSFXyq4qpAw4IARUAAIhCGAFwAcABBg==&rs=AOn4CLD78q9iEBSuEKPznVLD8mwvsyg7sw,Other / emerging,Trading cards,Fee comparison; Platform comparison,The title considers where to sell cards by comparing eBay and Whatnot seller fees.,medium,youtube_video:AXl5C4vmfSw
185,41kXiak7KVo,whatnot_vs_ebay_live,whatnot vs ebay live selling,eBay seller's Whatnot truths and how it stacks up to eBay!,https://www.youtube.com/watch?v=41kXiak7KVo,3770,6mo ago,50:19,video,Tuitionaintcheap ,https://www.youtube.com/@tuitionaintcheap,https://i.ytimg.com/vi/41kXiak7KVo/hq720.jpg?sqp=-oaymwEcCNAFEJQDSFXyq4qpAw4IARUAAIhCGAFwAcABBg==&rs=AOn4CLAUqlMZUFUL8POKmF6pR0DBY7dutA,General marketplace,Online reselling,Platform comparison; Seller experience,The title promises an eBay seller's perspective on Whatnot and how it compares to eBay.,high,youtube_video:41kXiak7KVo
186,kbyJM48x-ZY,whatnot_vs_ebay_live,whatnot vs ebay live selling,WhatNot vs Ebay for Selling Pokemon Cards: Which is Better?,https://www.youtube.com/watch?v=kbyJM48x-ZY,944,2mo ago,10:32,video,Pallet Picks,https://www.youtube.com/@PalletPicks,https://i.ytimg.com/vi/kbyJM48x-ZY/hq720.jpg?sqp=-oaymwEcCNAFEJQDSFXyq4qpAw4IARUAAIhCGAFwAcABBg==&rs=AOn4CLAGU2c7WqO4jwnoXfXAiIOjmIUfGw,TCG/Pokemon,Pokemon cards,Platform comparison; Selling,The title questions whether Whatnot or eBay is better for selling Pokemon cards.,high,youtube_video:kbyJM48x-ZY
187,_xZvxWwvK5U,whatnot_vs_ebay_live,whatnot vs ebay live selling,I tried selling on WhatNot and here is my HONEST review... (not sponsored),https://www.youtube.com/watch?v=_xZvxWwvK5U,77626,2mo ago,22:50,video,Stephanie Canada,https://www.youtube.com/@StephanieCanada,https://i.ytimg.com/vi/_xZvxWwvK5U/hq720.jpg?sqp=-oaymwEcCNAFEJQDSFXyq4qpAw4IARUAAIhCGAFwAcABBg==&rs=AOn4CLCCMt1sScbncw4BbuQzSoHBzFm00A,General marketplace,Live selling platforms,Platform review; Seller experience,The title offers an unsponsored review detailing an experience selling on Whatnot.,high,youtube_video:_xZvxWwvK5U
188,gHrzSbyuulU,whatnot_vs_ebay_live,whatnot vs ebay live selling,🔥 eBay vs Whatnot… Which Platform Actually Wins for Selling Sports Cards?! 🔥,https://www.youtube.com/watch?v=gHrzSbyuulU,14671,5mo ago,12:00,video,T the Sports Card Stacker,https://www.youtube.com/@TtheSportsCardStacker,https://i.ytimg.com/vi/gHrzSbyuulU/hq720.jpg?sqp=-oaymwEcCNAFEJQDSFXyq4qpAw4IARUAAIhCGAFwAcABBg==&rs=AOn4CLATZ3VPejW77uizHS1bjOfPNRnh0w,Sports Cards,Sports trading cards,Platform comparison; Selling,The title evaluates whether eBay or Whatnot is the better platform for selling sports cards.,high,youtube_video:gHrzSbyuulU
189,c3utDVW6wcc,whatnot_vs_ebay_live,whatnot vs ebay live selling,"Making money selling on live streams | Whatnot, eBay Live, TikTok Live and more",https://www.youtube.com/watch?v=c3utDVW6wcc,87,2mo ago,9:10,video,NexiGo,https://www.youtube.com/@NexiGoOfficial,https://i.ytimg.com/vi/c3utDVW6wcc/hq720.jpg?sqp=-oaymwEcCNAFEJQDSFXyq4qpAw4IARUAAIhCGAFwAcABBg==&rs=AOn4CLDMQalsi1KW6gs87fZhJSapBKFolQ,General marketplace,Live stream selling,Making money; Live selling,"The title covers making money by selling on livestreams including Whatnot, eBay Live, and TikTok Live.",high,youtube_video:c3utDVW6wcc
190,B1BHnO9Rd6s,whatnot_vs_ebay_live,whatnot vs ebay live selling,Whatnot vs eBay: The REAL Difference When Selling Comic Books,https://www.youtube.com/watch?v=B1BHnO9Rd6s,1042,8mo ago,3:11,video,I Have Comic Issues,https://www.youtube.com/@ihavecomicissues,https://i.ytimg.com/vi/B1BHnO9Rd6s/hq720.jpg?sqp=-oaymwEcCNAFEJQDSFXyq4qpAw4IARUAAIhCGAFwAcABBg==&rs=AOn4CLDItWgUvXSVQpFaNLr1v2s76cetgA,Toys/Collectibles,Comic books,Platform comparison; Selling,The title examines the differences between selling comic books on Whatnot versus eBay.,high,youtube_video:B1BHnO9Rd6s
191,uzt0VgVlz7A,whatnot_vs_ebay_live,whatnot vs ebay live selling,Why eBay is a Better Selling Platform Than Whatnot - Reselling Strategies for Success and Stability,https://www.youtube.com/watch?v=uzt0VgVlz7A,1443,10mo ago,38:28,video,ResellMaven,https://www.youtube.com/@resellmaven,https://i.ytimg.com/vi/uzt0VgVlz7A/hq720.jpg?sqp=-oaymwEcCNAFEJQDSFXyq4qpAw4IARUAAIhCGAFwAcABBg==&rs=AOn4CLDvDOkl6cCmrjw-9ddA241F9UcTMw,General marketplace,online reselling platforms,platform comparison; seller strategy,The title asserts eBay is a better selling platform than Whatnot for reselling success and stability.,high,youtube_video:uzt0VgVlz7A
192,CYqWxQsgZvA,whatnot_vs_ebay_live,whatnot vs ebay live selling,Amazon vs eBay vs Whatnot: The 60‑Second Profit Playbook,https://www.youtube.com/watch?v=CYqWxQsgZvA,176,11mo ago,4:09,video,FavoliStyle,https://www.youtube.com/@favolistyle,https://i.ytimg.com/vi/CYqWxQsgZvA/hq720.jpg?sqp=-oaymwEcCNAFEJQDSFXyq4qpAw4IARUAAIhCGAFwAcABBg==&rs=AOn4CLAQcqcHe-dtQhi8sESWrixniq9EHA,General marketplace,online marketplaces,platform comparison; profit strategy,"The title offers a quick profit playbook comparing Amazon, eBay, and Whatnot.",high,youtube_video:CYqWxQsgZvA
193,1nw_aymAbTA,whatnot_vs_ebay_live,whatnot vs ebay live selling,Whatnot Seller Tips | Live Selling Online Without the Hype,https://www.youtube.com/watch?v=1nw_aymAbTA,184,4mo ago,3:34,video,Shop 801 Lane,https://www.youtube.com/@shop801lane,https://i.ytimg.com/vi/1nw_aymAbTA/hq720.jpg?sqp=-oaymwEcCNAFEJQDSFXyq4qpAw4IARUAAIhCGAFwAcABBg==&rs=AOn4CLDTUVhXFyOAvPD5lsKQ48xOW5FTiw,General marketplace,live selling,seller tips; livestream commerce,The title presents seller tips for live selling online on Whatnot without hype.,high,youtube_video:1nw_aymAbTA
194,1rpD90MDjs4,whatnot_vs_ebay_live,whatnot vs ebay live selling,eBay vs Whatnot vs Tilt - The LIVE SELLING War Begins! | Podcast S07E03,https://www.youtube.com/watch?v=1rpD90MDjs4,1131,Streamed 6mo ago,1:34:05,video,Car Boot Chris | Treasure Hunter,https://www.youtube.com/@CarBoot_Chris,https://i.ytimg.com/vi/1rpD90MDjs4/hq720.jpg?sqp=-oaymwEcCNAFEJQDSFXyq4qpAw4IARUAAIhCGAFwAcABBg==&rs=AOn4CLDcKLrzVQAHGmNK8bmW7a_ks6I3vg,General marketplace,live selling platforms,platform competition; livestream commerce,"The podcast episode title discusses competition among live selling platforms eBay, Whatnot, and Tilt.",high,youtube_video:1rpD90MDjs4
195,BWol33aALF0,whatnot_vs_ebay_live,whatnot vs ebay live selling,Ebay Live or Whatnot Which is Better?,https://www.youtube.com/watch?v=BWol33aALF0,249,Streamed 2w ago,1:24:56,video,Hat House,https://www.youtube.com/@HatHouse79,https://i.ytimg.com/vi/BWol33aALF0/hq720.jpg?sqp=-oaymwEcCNAFEJQDSFXyq4qpAw4IARUAAIhCGAFwAcABBg==&rs=AOn4CLD47e7c8UFJ7RhRH8PiLBma9dDqNA,General marketplace,live selling platforms,platform comparison,The title asks whether eBay Live or Whatnot is the better platform.,high,youtube_video:BWol33aALF0
196,IIL2IdMs-RI,whatnot_vs_ebay_live,whatnot vs ebay live selling,I sold on eBay Live and Whatnot - which platform made me the most money?,https://www.youtube.com/watch?v=IIL2IdMs-RI,282,2mo ago,9:23,video,Rakey Reselling,https://www.youtube.com/@Rakey_Reselling,https://i.ytimg.com/vi/IIL2IdMs-RI/hq720.jpg?sqp=-oaymwEcCNAFEJQDSFXyq4qpAw4IARUAAIhCGAFwAcABBg==&rs=AOn4CLBW1AKEyAxQakW2Rzsuz_dr3TYn-A,General marketplace,live selling platforms,seller earnings; platform comparison,The title asks which platform yielded more money after selling on eBay Live and Whatnot.,high,youtube_video:IIL2IdMs-RI
197,9NCTcxfEHH0,tiktok_shop_live,tiktok shop live selling vs ebay,Exposing the Best Way to Start Selling on TikTok Live Shop in 2026 (Tutorial),https://www.youtube.com/watch?v=9NCTcxfEHH0,4429,4mo ago,15:30,video,Eric Braz,https://www.youtube.com/@Eric-Braz,https://i.ytimg.com/vi/9NCTcxfEHH0/hq720.jpg?sqp=-oaymwEcCNAFEJQDSFXyq4qpAw4IARUAAIhCGAFwAcABBg==&rs=AOn4CLAIQaXOkklCwcmLxb3gdlfOSdJ-yQ,General marketplace,TikTok Shop; TikTok Live,seller tutorial; getting started,The title presents a tutorial claiming the best way to start selling on TikTok Live Shop in 2026.,high,youtube_video:9NCTcxfEHH0
198,EtOrAojxRqI,tiktok_shop_live,tiktok shop live selling vs ebay,I Tried Being a TikTok Shop Livestream Seller… It’s Harder Than It Looks,https://www.youtube.com/watch?v=EtOrAojxRqI,2877,2mo ago,13:22,video,Charmaine Yee,https://www.youtube.com/@yeecharmaine,https://i.ytimg.com/vi/EtOrAojxRqI/hq720.jpg?sqp=-oaymwE2CNAFEJQDSFXyq4qpAygIARUAAIhCGAFwAcABBvABAfgB_gmAAtAFigIMCAAQARhRIE8oZTAP&rs=AOn4CLAi7wz0sBLtxFvaj_dciygBpm8AAg,General marketplace,TikTok Shop; livestream commerce,seller experience,The title states that attempting to be a TikTok Shop livestream seller is harder than it appears.,high,youtube_video:EtOrAojxRqI
199,Eq1xymBqpnk,tiktok_shop_live,tiktok shop live selling vs ebay,Should You Sell on TikTok Live or Whatnot in 2026?,https://www.youtube.com/watch?v=Eq1xymBqpnk,2622,4mo ago,14:37,video,Levi Salas | Whatnot Selling & Liquidation,https://www.youtube.com/@youngceolevi,https://i.ytimg.com/vi/Eq1xymBqpnk/hq720.jpg?sqp=-oaymwEcCNAFEJQDSFXyq4qpAw4IARUAAIhCGAFwAcABBg==&rs=AOn4CLBc_Rozskjo3sYSvxFP9pY-tQaJ5A,General marketplace,live selling platforms,platform comparison,The title questions whether creators should sell on TikTok Live or Whatnot in 2026.,high,youtube_video:Eq1xymBqpnk
200,O-6NtETpfFQ,tiktok_shop_live,tiktok shop live selling vs ebay,Why TikTok LIVE Selling is the BEST Side Hustle Right Now,https://www.youtube.com/watch?v=O-6NtETpfFQ,3335,5mo ago,4:00,video,Liquidation Motivation,https://www.youtube.com/@LiquidationMotivation,https://i.ytimg.com/vi/O-6NtETpfFQ/hq720.jpg?sqp=-oaymwEcCNAFEJQDSFXyq4qpAw4IARUAAIhCGAFwAcABBg==&rs=AOn4CLDafE5wymK6JQ4cqwZXtudLULERLw,General marketplace,TikTok Live,side hustles; live selling,The title asserts that TikTok Live selling is currently the best side hustle.,high,youtube_video:O-6NtETpfFQ
201,mc2lFj4wOlw,tiktok_shop_live,tiktok shop live selling vs ebay,TikTok Live Selling: The Opportunity Nobody's Talking About,https://www.youtube.com/watch?v=mc2lFj4wOlw,13,1mo ago,2:40,video,Creator Commerce,https://www.youtube.com/@CreatorCommerceHQ,https://i.ytimg.com/vi/mc2lFj4wOlw/hq720.jpg?sqp=-oaymwEcCNAFEJQDSFXyq4qpAw4IARUAAIhCGAFwAcABBg==&rs=AOn4CLBq1E2gcJa3CJ4wn4U1Oiab7U9oWA,General marketplace,Live shopping,TikTok Live selling,The title describes TikTok Live selling as an overlooked opportunity.,high,youtube_video:mc2lFj4wOlw
202,4hmZpQWMHlc,tiktok_shop_live,tiktok shop live selling vs ebay,I Tried TikTok Live Selling… It Blew Up,https://www.youtube.com/watch?v=4hmZpQWMHlc,5305,5mo ago,56:13,video,Shannon Jean,https://www.youtube.com/@shannonjjean,https://i.ytimg.com/vi/4hmZpQWMHlc/hq720.jpg?sqp=-oaymwEcCNAFEJQDSFXyq4qpAw4IARUAAIhCGAFwAcABBg==&rs=AOn4CLB4D2pEvyzpfyozxJrsRWLMkny30Q,General marketplace,Live shopping,TikTok Live selling,The title claims the creator tried TikTok Live selling and it blew up.,high,youtube_video:4hmZpQWMHlc
203,_M9_HcoYIkY,tiktok_shop_live,tiktok shop live selling vs ebay,How to Succeed with TikTok Live Selling in 2026,https://www.youtube.com/watch?v=_M9_HcoYIkY,3312,1mo ago,48:54,video,Shannon Jean,https://www.youtube.com/@shannonjjean,https://i.ytimg.com/vi/_M9_HcoYIkY/hq720.jpg?sqp=-oaymwEcCNAFEJQDSFXyq4qpAw4IARUAAIhCGAFwAcABBg==&rs=AOn4CLCSUbZMBnYmEvrmTDcoDJ61zTq10w,General marketplace,Live shopping,Seller guide,The title offers a guide on how to succeed with TikTok Live selling in 2026.,high,youtube_video:_M9_HcoYIkY
204,RuhCfBfz8Fo,tiktok_shop_live,tiktok shop live selling vs ebay,TikTok Shop Live Selling Is About to Explode,https://www.youtube.com/watch?v=RuhCfBfz8Fo,760,2mo ago,27:42,video,JoinBrands for Brands,https://www.youtube.com/@JoinBrandsforBrands,https://i.ytimg.com/vi/RuhCfBfz8Fo/hq720.jpg?sqp=-oaymwEcCNAFEJQDSFXyq4qpAw4IARUAAIhCGAFwAcABBg==&rs=AOn4CLA1dZeI9n0FsOZvo5ri_a7TYHK1cg,General marketplace,Live shopping,TikTok Shop Live,The title claims TikTok Shop live selling is about to explode.,high,youtube_video:RuhCfBfz8Fo
205,n5iXXSfadsw,tiktok_shop_live,tiktok shop live selling vs ebay,Whatnot vs TikTok: Seller Fees!,https://www.youtube.com/watch?v=n5iXXSfadsw,206,10mo ago,3:32,video,LiveBuys,https://www.youtube.com/@LiveBuys,https://i.ytimg.com/vi/n5iXXSfadsw/hq720.jpg?sqp=-oaymwEcCNAFEJQDSFXyq4qpAw4IARUAAIhCGAFwAcABBg==&rs=AOn4CLApwtHz09QYYTwb-KApFCEio1utCQ,General marketplace,Platform comparison,Seller fees,The title compares seller fees between Whatnot and TikTok.,high,youtube_video:n5iXXSfadsw
206,7-ly3wu7Ng0,tiktok_shop_live,tiktok shop live selling vs ebay,Amazon vs TikTok Shop: Where Should You Sell in 2026?,https://www.youtube.com/watch?v=7-ly3wu7Ng0,59,6mo ago,5:58,video,Iani Doynov | EcommerceVille,https://www.youtube.com/@IaniEcomm,https://i.ytimg.com/vi/7-ly3wu7Ng0/hq720.jpg?sqp=-oaymwEcCNAFEJQDSFXyq4qpAw4IARUAAIhCGAFwAcABBg==&rs=AOn4CLAnZ4GtxuYYEolGQGP3olcwLj8WQQ,General marketplace,Platform comparison,Selling platforms,The title asks whether one should sell on Amazon or TikTok Shop in 2026.,high,youtube_video:7-ly3wu7Ng0
207,myCuDV9-2-M,tiktok_shop_live,tiktok shop live selling vs ebay,She Started With $40 and a Folding Table. Now She Sells $1.5M a Month,https://www.youtube.com/watch?v=myCuDV9-2-M,7616,2w ago,32:38,video,Shop House,https://www.youtube.com/@shophousemedia,https://i.ytimg.com/vi/myCuDV9-2-M/hq720_custom_1.jpg?sqp=CPim2tUG-oaymwEcCNAFEJQDSFXyq4qpAw4IARUAAIhCGAFwAcABBg==&rs=AOn4CLB6votcBtBSg7pReMHPymS_WX9ZXA,General marketplace,E-commerce,Seller success story,The title claims a seller started with $40 and a folding table and now sells $1.5M monthly.,medium,youtube_video:myCuDV9-2-M
208,OELKsCTyArY,tiktok_shop_live,tiktok shop live selling vs ebay,Tiktok Live is the Easiest Way to Sell Digital Products,https://www.youtube.com/watch?v=OELKsCTyArY,55,2w ago,6:16,video,Eric Howell,https://www.youtube.com/@trafficskool,https://i.ytimg.com/vi/OELKsCTyArY/hq720.jpg?sqp=-oaymwEcCNAFEJQDSFXyq4qpAw4IARUAAIhCGAFwAcABBg==&rs=AOn4CLAb3Sbf_RC0FvQBp4QpAwJNCqeGpw,Other / emerging,Digital products,TikTok Live selling,The title asserts that TikTok Live is the easiest way to sell digital products.,high,youtube_video:OELKsCTyArY
209,O39Eec76XZ8,tiktok_shop_live,tiktok shop live selling vs ebay,How To Sell On TikTok Shop In 10 Minutes,https://www.youtube.com/watch?v=O39Eec76XZ8,127195,7mo ago,10:16,video,Travis Marziani,https://www.youtube.com/@TravisMarziani,https://i.ytimg.com/vi/O39Eec76XZ8/hq720.jpg?sqp=-oaymwEcCNAFEJQDSFXyq4qpAw4IARUAAIhCGAFwAcABBg==&rs=AOn4CLAnloQJZIwXc546ExrJGPUmVQkkzA,General marketplace,TikTok Shop,Seller onboarding,The title presents a tutorial on how to sell on TikTok Shop in 10 minutes.,high,youtube_video:O39Eec76XZ8
210,kkoY7vs1XDU,tiktok_shop_live,tiktok shop live selling vs ebay,Is Selling on TikTok Shop LIVE Better Than GMV Max? (ft. Jess from LIVE Legion),https://www.youtube.com/watch?v=kkoY7vs1XDU,255,6mo ago,1:24:48,video,Jordan Kilgour Business,https://www.youtube.com/@LearnTikTokShop,https://i.ytimg.com/vi/kkoY7vs1XDU/hq720.jpg?sqp=-oaymwEcCNAFEJQDSFXyq4qpAw4IARUAAIhCGAFwAcABBg==&rs=AOn4CLAat3dlemrdjI_7OiPmZGguGshQow,General marketplace,TikTok Shop Live,Sales strategy comparison,The title asks whether selling on TikTok Shop LIVE is better than using GMV Max.,high,youtube_video:kkoY7vs1XDU
211,45pF2PzMglY,tiktok_shop_live,tiktok shop live selling vs ebay,How Live Selling Transformed My Business Overnight | TikTok Live & Whatnot,https://www.youtube.com/watch?v=45pF2PzMglY,1324,11mo ago,8:11,video,Will Dietsche,https://www.youtube.com/@Will.Dietsche,https://i.ytimg.com/vi/45pF2PzMglY/hq720.jpg?sqp=-oaymwEcCNAFEJQDSFXyq4qpAw4IARUAAIhCGAFwAcABBg==&rs=AOn4CLD9FLp6yf107Q_i_dGUL3hQjvnKUA,General marketplace,Live selling platforms,Live selling; Business growth,The title claims live selling on TikTok Live and Whatnot rapidly transformed the creator's business.,high,youtube_video:45pF2PzMglY
212,d3uHPsnoITc,tiktok_shop_live,tiktok shop live selling vs ebay,eBay for Sellers Webinar | Selling with eBay Live,https://www.youtube.com/watch?v=d3uHPsnoITc,893,13d ago,56:45,video,ebay,https://www.youtube.com/@eBay,https://i.ytimg.com/vi/d3uHPsnoITc/hq720.jpg?sqp=-oaymwEcCNAFEJQDSFXyq4qpAw4IARUAAIhCGAFwAcABBg==&rs=AOn4CLC4VKjXsaCJA2gTcWmY0i-t-MgnwQ,General marketplace,eBay Live,Seller webinar; Live selling,The title announces an eBay for Sellers webinar focusing on selling through eBay Live.,high,youtube_video:d3uHPsnoITc
213,AY_IdazReGg,tiktok_shop_live,tiktok shop live selling vs ebay,How to Start Selling on Whatnot and TikTok Live (Complete Setup Guide for Beginners),https://www.youtube.com/watch?v=AY_IdazReGg,561,1mo ago,15:37,video,Luke Rice,https://www.youtube.com/@lukefba,https://i.ytimg.com/vi/AY_IdazReGg/hq720.jpg?sqp=-oaymwEcCNAFEJQDSFXyq4qpAw4IARUAAIhCGAFwAcABBg==&rs=AOn4CLBeGSV4PTi0ugCpAJbpFWk8ukeoUQ,General marketplace,Live selling platforms,Seller onboarding; Tutorial,The title presents a beginner setup guide on how to begin selling on Whatnot and TikTok Live.,high,youtube_video:AY_IdazReGg
214,ixnYJWuIsbc,tiktok_shop_live,tiktok shop live selling vs ebay,6 Figure TikTok Shop Live Auction Seller At 19,https://www.youtube.com/watch?v=ixnYJWuIsbc,1869,4mo ago,7:22,video,Jeremy Salas,https://www.youtube.com/@EcombyJ,https://i.ytimg.com/vi/ixnYJWuIsbc/hq720.jpg?sqp=-oaymwEcCNAFEJQDSFXyq4qpAw4IARUAAIhCGAFwAcABBg==&rs=AOn4CLAxzz9x0U3IOKVmqcNiUGiZXnn-Iw,General marketplace,TikTok Shop,Live auctions; Seller profile,The title describes a 19-year-old seller operating a six-figure live auction business on TikTok Shop.,high,youtube_video:ixnYJWuIsbc
215,DjsWZaPwMQs,tiktok_shop_live,tiktok shop live selling vs ebay,eBay Live Seller Panel | Thriving in Real-Time Commerce,https://www.youtube.com/watch?v=DjsWZaPwMQs,1030,11mo ago,32:06,video,ebay,https://www.youtube.com/@eBay,https://i.ytimg.com/vi/DjsWZaPwMQs/hq720.jpg?sqp=-oaymwEcCNAFEJQDSFXyq4qpAw4IARUAAIhCGAFwAcABBg==&rs=AOn4CLA6ixKPAaqxd_Fsrid8Fi07XXfTWA,General marketplace,eBay Live,Seller panel; Live commerce,The title highlights an eBay Live seller panel focused on succeeding in real-time commerce.,high,youtube_video:DjsWZaPwMQs
216,RkiDLHj9kfg,pokemon_cards_auth,pokemon card ebay authentication,Did eBay authentication ruin my Charizard Pokemon card?! 🤬#pokemoncards #shorts   #viral #fyp,https://www.youtube.com/watch?v=RkiDLHj9kfg,35815,8mo ago,0:58,video,Phoenixx_tcg,https://www.youtube.com/@Phoenixx_TCG,https://i.ytimg.com/vi/RkiDLHj9kfg/hq720_2.jpg?sqp=-oaymwE2CNAFEJQDSFXyq4qpAygIARUAAIhCGABwAcABBvABAfgBzgWAAoAKigIMCAAQARhlIFooUDAP&rs=AOn4CLBPfiDFg04xuFClcMXZL9dw9qFz4Q,TCG/Pokemon,Pokemon cards,eBay Authenticity Guarantee; Card condition,The title questions whether eBay authentication ruined the creator's Charizard Pokemon card.,high,youtube_video:RkiDLHj9kfg
217,1wTUXComNhM,pokemon_cards_auth,pokemon card ebay authentication,What you get when you get a card Authenticated through eBay,https://www.youtube.com/watch?v=1wTUXComNhM,1109,11mo ago,3:16,video,FNT Collects and Four Ninja Toads,,https://i.ytimg.com/vi/1wTUXComNhM/hq720.jpg?sqp=-oaymwE2CNAFEJQDSFXyq4qpAygIARUAAIhCGAFwAcABBvABAfgBzgWAAoAKigIMCAAQARglIE8ofzAP&rs=AOn4CLC6vESDheOPlo2lUmgJdrSciZuCvw,Other / emerging,Trading cards,eBay Authenticity Guarantee; Packaging,The title claims to show what is received when having a card authenticated through eBay.,medium,youtube_video:1wTUXComNhM
218,Yge9oQXz29U,pokemon_cards_auth,pokemon card ebay authentication,How I Package a $200 Sports Card for eBay Authentication,https://www.youtube.com/watch?v=Yge9oQXz29U,1251,3mo ago,3:24,video,King Hobby & Collectibles,https://www.youtube.com/@KingHobbyCo,https://i.ytimg.com/vi/Yge9oQXz29U/hq720.jpg?sqp=-oaymwEcCNAFEJQDSFXyq4qpAw4IARUAAIhCGAFwAcABBg==&rs=AOn4CLBuhW5Nt0eM1E4f0ec3PlZoAfbsnA,Sports Cards,Sports cards,Shipping preparation; eBay Authenticity Guarantee,The title demonstrates how the creator packages a $200 sports card destined for eBay authentication.,high,youtube_video:Yge9oQXz29U
219,wz6ZI6DO_Ng,pokemon_cards_auth,pokemon card ebay authentication,Is eBay Authenticity Less of A Mess These Days?,https://www.youtube.com/watch?v=wz6ZI6DO_Ng,3336,1mo ago,14:48,video,Rattle Pokemon,https://www.youtube.com/@RattlePokemon,https://i.ytimg.com/vi/wz6ZI6DO_Ng/hq720.jpg?sqp=-oaymwEcCNAFEJQDSFXyq4qpAw4IARUAAIhCGAFwAcABBg==&rs=AOn4CLCWyT1YWzCPhM8cdtJx9Tz_QJAO7Q,General marketplace,eBay Authenticity Guarantee,Authentication service; Service quality,The title asks whether eBay's authenticity program has become less disorganized recently.,medium,youtube_video:wz6ZI6DO_Ng
220,FwppyOKktJk,pokemon_cards_auth,pokemon card ebay authentication,Don't be a VICTIM of SCAMS on eBay #pokemoncards #ebay #pokemontcg #streamer #pokemoncommunity #tcg,https://www.youtube.com/watch?v=FwppyOKktJk,1431,11mo ago,2:06,video,DK_TCG_CAVE,https://www.youtube.com/@DK_TCG_CAVE,https://i.ytimg.com/vi/FwppyOKktJk/hq720_2.jpg?sqp=-oaymwE2CNAFEJQDSFXyq4qpAygIARUAAIhCGABwAcABBvABAfgBtgiAAoAPigIMCAAQARhlIFcoUTAP&rs=AOn4CLB7jLjcEcM2mfmA8xdLHyVQZIDD0Q,TCG/Pokemon,Pokemon cards,Scam prevention; Online marketplace safety,The title advises viewers against falling victim to scams on eBay in the context of Pokemon cards.,high,youtube_video:FwppyOKktJk
221,PyBgrCpJ25I,pokemon_cards_auth,pokemon card ebay authentication,eBay Authentication Has Become a PROBLEM,https://www.youtube.com/watch?v=PyBgrCpJ25I,7288,4mo ago,9:29,video,Boston Card Hunter,https://www.youtube.com/@BostonCardHunter,https://i.ytimg.com/vi/PyBgrCpJ25I/hq720.jpg?sqp=-oaymwEcCNAFEJQDSFXyq4qpAw4IARUAAIhCGAFwAcABBg==&rs=AOn4CLAMdkNoGbSfkWnlUKgPjQErNsaRZQ,General marketplace,Authentication service,eBay Authentication; Service complaints,The title claims that eBay Authentication has become a problem.,high,youtube_video:PyBgrCpJ25I
222,2u3yiPfWH5E,pokemon_cards_auth,pokemon card ebay authentication,eBay Authentication Damaged a Mega Charizard SIR,https://www.youtube.com/watch?v=2u3yiPfWH5E,336,10mo ago,4:10,video,nothix,https://www.youtube.com/@nothix,https://i.ytimg.com/vi/2u3yiPfWH5E/hq720.jpg?sqp=-oaymwEcCNAFEJQDSFXyq4qpAw4IARUAAIhCGAFwAcABBg==&rs=AOn4CLDdJUPEvhgPHMGXvv1WTX6T1wjXbA,TCG/Pokemon,Pokemon cards,eBay Authentication; Item damage,The title claims eBay Authentication damaged a Mega Charizard SIR card.,high,youtube_video:2u3yiPfWH5E
223,UQGYab0_F1E,pokemon_cards_auth,pokemon card ebay authentication,"We had a fake PSA 10 Luigi Pikachu promo come through today, and it even used a real PSA cert.",https://www.youtube.com/watch?v=UQGYab0_F1E,121802,11mo ago,0:11,video,CardCrate,https://www.youtube.com/@CardCrateYT,https://i.ytimg.com/vi/UQGYab0_F1E/hq720_2.jpg?sqp=-oaymwE2CNAFEJQDSFXyq4qpAygIARUAAIhCGABwAcABBvABAfgBtgiAAoAPigIMCAAQARhlIGUoZTAP&rs=AOn4CLA3-iC5VKKQSJajuGxLR_dNehDgeA,TCG/Pokemon,Pokemon cards,Counterfeits; Graded slabs,The title reports encountering a fake PSA 10 Luigi Pikachu promo that used a real PSA certification number.,high,youtube_video:UQGYab0_F1E
224,v8MtSbhRjaI,pokemon_cards_auth,pokemon card ebay authentication,eBay authentication is turning into a scam 🤬#pokemoncards #shorts  #fyp #viral #trending,https://www.youtube.com/watch?v=v8MtSbhRjaI,2640,8mo ago,0:51,video,Phoenixx_tcg,https://www.youtube.com/@Phoenixx_TCG,https://i.ytimg.com/vi/v8MtSbhRjaI/hq720_2.jpg?sqp=-oaymwE2CNAFEJQDSFXyq4qpAygIARUAAIhCGABwAcABBvABAfgBvgSAAoAIigIMCAAQARhlIGUoZTAP&rs=AOn4CLCZiTz603WBizjuKF43Nq554SpC5w,TCG/Pokemon,Pokemon cards,eBay Authentication; Scam allegations,The title asserts that eBay authentication is turning into a scam in the context of Pokemon cards.,high,youtube_video:v8MtSbhRjaI
225,H50erDXe_WI,pokemon_cards_auth,pokemon card ebay authentication,eBay to PSA Direct Grading? What you need to know,https://www.youtube.com/watch?v=H50erDXe_WI,845,11mo ago,3:03,video,Vegas CardXChange,https://www.youtube.com/@VegasCardX,https://i.ytimg.com/vi/H50erDXe_WI/hq720.jpg?sqp=-oaymwEcCNAFEJQDSFXyq4qpAw4IARUAAIhCGAFwAcABBg==&rs=AOn4CLCuznsn7zi2ehkayPzI-kStjVfgKQ,General marketplace,Card grading,eBay to PSA; Grading services,The title asks about and discusses key details regarding direct grading from eBay to PSA.,medium,youtube_video:H50erDXe_WI
226,rRKgRphNS2c,pokemon_cards_auth,pokemon card ebay authentication / scams / authenticity guarantee,The Real Cost of Selling a $450 Pokémon Card on eBay,https://www.youtube.com/watch?v=rRKgRphNS2c,463,3w ago,15:45,video,ObyWanJacoby Collectibles,https://www.youtube.com/@ObyWanJacoby,https://i.ytimg.com/vi/rRKgRphNS2c/hq720.jpg?sqp=-oaymwEcCNAFEJQDSFXyq4qpAw4IARUAAIhCGAFwAcABBg==&rs=AOn4CLAQzryk4C8q1XhXb__iMECf_S5zaw,TCG/Pokemon,Pokemon cards,Seller fees; Selling costs,The title discusses the real cost of selling a $450 Pokemon card on eBay.,high,youtube_video:rRKgRphNS2c
227,X8bQlgTfwYE,pokemon_cards_auth,pokemon card ebay authentication / scams / authenticity guarantee,"How to Spot Fake Pokémon Cards (Sealed, Slabs & Singles) | 2026 Guide",https://www.youtube.com/watch?v=X8bQlgTfwYE,18027,7mo ago,10:23,video,TwicebakedJake,https://www.youtube.com/@TwicebakedJake,https://i.ytimg.com/vi/X8bQlgTfwYE/hq720.jpg?sqp=-oaymwEcCNAFEJQDSFXyq4qpAw4IARUAAIhCGAFwAcABBg==&rs=AOn4CLCwuUkm2HJzZcuiaJqavO7Kra_Pig,TCG/Pokemon,Pokemon cards,Authentication guide; Counterfeits,"The title presents a guide on how to spot fake Pokemon cards across sealed products, slabs, and singles.",high,youtube_video:X8bQlgTfwYE
228,y-NqOxTOXP0,pokemon_cards_auth,pokemon card ebay authentication / scams / authenticity guarantee,Build your Dream Team on eBay Live,https://www.youtube.com/watch?v=y-NqOxTOXP0,18,1mo ago,0:08,video,eBay Live UK,https://www.youtube.com/@eBayLiveUK,https://i.ytimg.com/vi/y-NqOxTOXP0/hq720.jpg?sqp=-oaymwE2CNAFEJQDSFXyq4qpAygIARUAAIhCGAFwAcABBvABAfgB_gmAAtAFigIMCAAQARhlIF8oTTAP&rs=AOn4CLD9hGA7CwKRfdD4zvxpiYNmDvXi7Q,General marketplace,Livestream shopping,eBay Live; Promotion,The title promotes building a dream team on eBay Live.,medium,youtube_video:y-NqOxTOXP0
229,BTxQZxP2MSw,pokemon_cards_auth,pokemon card ebay authentication / scams / authenticity guarantee,What's INSIDE My Pokémon Mystery Box?! 🎴 1 in 5 CHANCE for a HUGE Hit!,https://www.youtube.com/watch?v=BTxQZxP2MSw,6,4mo ago,0:31,video,Tcgcentral,https://www.youtube.com/@tcgcentral.co5672,https://i.ytimg.com/vi/BTxQZxP2MSw/hqdefault.jpg?sqp=-oaymwE2COADEI4CSFXyq4qpAygIARUAAIhCGAFwAcABBvABAfgB2ASAAs4CigIMCAAQARg6IFgocjAP&rs=AOn4CLCRLYaANLNtRrLnbJpDrqTOHKthwA,TCG/Pokemon,Pokemon cards,Mystery boxes; Unboxing,The title asks what is inside a Pokemon mystery box featuring a 1 in 5 chance for a hit.,high,youtube_video:BTxQZxP2MSw
230,Mul1iRCBKjk,pokemon_cards_auth,pokemon card ebay authentication / scams / authenticity guarantee,Magikarp & Wailord Tag Team… PSA 10 Candidate?! 🔥,https://www.youtube.com/watch?v=Mul1iRCBKjk,14,4mo ago,5:05,video,PokeGrail,https://www.youtube.com/@ThePok%C3%A9Grail,https://i.ytimg.com/vi/Mul1iRCBKjk/hq720.jpg?sqp=-oaymwE2CNAFEJQDSFXyq4qpAygIARUAAIhCGAFwAcABBvABAfgBzgWAAoAKigIMCAAQARhlIFooUjAP&rs=AOn4CLAQof1pxaPw1mTmfI7cLmtClUsNnw,TCG/Pokemon,Pokemon cards,Grading candidates; Card condition,The title questions whether a Magikarp & Wailord Tag Team card is a PSA 10 candidate.,high,youtube_video:Mul1iRCBKjk
231,AHvBOYfXb-E,pokemon_cards_auth,pokemon card ebay authentication / scams / authenticity guarantee,How to ship sports and trading cards on eBay for less than $1,https://www.youtube.com/watch?v=AHvBOYfXb-E,18911,7mo ago,5:33,video,Cardlines,https://www.youtube.com/@Cardlines,https://i.ytimg.com/vi/AHvBOYfXb-E/hq720.jpg?sqp=-oaymwEcCNAFEJQDSFXyq4qpAw4IARUAAIhCGAFwAcABBg==&rs=AOn4CLAtyqSbrUciShRXgG4KoKnhI_7R_g,Sports Cards; TCG/Pokemon,Sports cards; Trading cards,Shipping; eBay selling,The title explains how to ship sports and trading cards on eBay for under one dollar.,high,youtube_video:AHvBOYfXb-E
232,13mbY_Z4s9I,pokemon_cards_auth,pokemon card ebay authentication / scams / authenticity guarantee,I just got scammed on eBay for Pokémon cards,https://www.youtube.com/watch?v=13mbY_Z4s9I,2274,9mo ago,21:17,video,Vohalla,https://www.youtube.com/@vohalla2393,https://i.ytimg.com/vi/13mbY_Z4s9I/hq720.jpg?sqp=-oaymwEcCNAFEJQDSFXyq4qpAw4IARUAAIhCGAFwAcABBg==&rs=AOn4CLDi-2zJxFdMoXxNGh6lTI-CTzU1eg,TCG/Pokemon,Pokemon cards,Scams; eBay,The title claims the creator got scammed on eBay when buying Pokémon cards.,high,youtube_video:13mbY_Z4s9I
233,bC2vsVJOhPU,pokemon_cards_auth,pokemon card ebay authentication / scams / authenticity guarantee,Exposing eBay Pokemon Scams 🚨 | Don’t Get Ripped Off! #pokemon,https://www.youtube.com/watch?v=bC2vsVJOhPU,148782,11mo ago,1:02,video,Erik from Violet City,https://www.youtube.com/@erikfromvioletcity,https://i.ytimg.com/vi/bC2vsVJOhPU/hq720.jpg?sqp=-oaymwE2CNAFEJQDSFXyq4qpAygIARUAAIhCGABwAcABBvABAfgBtgiAAoAPigIMCAAQARh_IDQoFTAP&rs=AOn4CLDoO9UM0T1YoU170NdieBUnnc2YLA,TCG/Pokemon,Pokemon cards,Scams; eBay,The title claims to expose Pokémon card scams on eBay to prevent buyers from getting ripped off.,high,youtube_video:bC2vsVJOhPU
234,afclx6NcAAU,pokemon_cards_auth,pokemon card ebay authentication / scams / authenticity guarantee,I Exposed A Pokémon Card Scam,https://www.youtube.com/watch?v=afclx6NcAAU,115666,6mo ago,11:10,video,Sleeve No Card Behind,https://www.youtube.com/@sleevenocardbehind,https://i.ytimg.com/vi/afclx6NcAAU/hq720.jpg?sqp=-oaymwEcCNAFEJQDSFXyq4qpAw4IARUAAIhCGAFwAcABBg==&rs=AOn4CLCKZXFrJ4mEozaE95Kf5zByuZGICg,TCG/Pokemon,Pokemon cards,Scams,The title states that the creator exposed a Pokémon card scam.,high,youtube_video:afclx6NcAAU
235,Y4yalvgNRQ0,pokemon_cards_auth,pokemon card ebay authentication / scams / authenticity guarantee,BUYING FAKE ETB #pokemonchannel #pokemon #vendorpov #scammerrevealed #scammer #scam #pokemontcg,https://www.youtube.com/watch?v=Y4yalvgNRQ0,5079996,11mo ago,0:56,video,Nikki & Justin,https://www.youtube.com/@NikkiJustin.PokeTCG,https://i.ytimg.com/vi/Y4yalvgNRQ0/hq720.jpg?sqp=-oaymwE2CNAFEJQDSFXyq4qpAygIARUAAIhCGABwAcABBvABAfgBtgiAAoAPigIMCAAQARhyIFgoOjAP&rs=AOn4CLDo0hU2_pM1YbIZmKl7Q_mNhrz_tw,TCG/Pokemon,Pokemon TCG,Counterfeits; Scams,The title indicates buying a fake Pokémon Elite Trainer Box from a vendor perspective.,high,youtube_video:Y4yalvgNRQ0
236,YbeRlf0Ewog,pokemon_cards_auth,pokemon card ebay authentication / scams / authenticity guarantee,❌ This is why you DO NOT invest in slabs! | Pokemon card investing and collecting  #pokemon,https://www.youtube.com/watch?v=YbeRlf0Ewog,1574025,11mo ago,0:51,video,ChristyHolds,https://www.youtube.com/@ChristyHolds,https://i.ytimg.com/vi/YbeRlf0Ewog/hq720.jpg?sqp=-oaymwE2CNAFEJQDSFXyq4qpAygIARUAAIhCGABwAcABBvABAfgBtgiAAoAPigIMCAAQARhyIFgoOzAP&rs=AOn4CLAJfhCVE6BqWZT6T_s819SD7YVSjg,TCG/Pokemon,Pokemon cards,Graded cards; Investing,The title presents reasons why collectors should not invest in graded Pokémon card slabs.,high,youtube_video:YbeRlf0Ewog
237,xB1PHNFVhcI,pokemon_cards_auth,pokemon card ebay authentication / scams / authenticity guarantee,He Bought 500 Evolving Skies Pokemon Card Packs,https://www.youtube.com/watch?v=xB1PHNFVhcI,2354880,11mo ago,0:17,video,100 Charizards,https://www.youtube.com/@100charizards,https://i.ytimg.com/vi/xB1PHNFVhcI/hq720.jpg?sqp=-oaymwE2CNAFEJQDSFXyq4qpAygIARUAAIhCGABwAcABBvABAfgBtgiAAoAPigIMCAAQARhyIEsoJzAP&rs=AOn4CLCRKOojjTb6Z1eX70uily1cEfw4_Q,TCG/Pokemon,Pokemon cards,Card opening; Purchases,The title claims someone purchased 500 packs of Pokémon Evolving Skies cards.,high,youtube_video:xB1PHNFVhcI
238,onkGjo3A000,pokemon_cards_auth,pokemon card ebay authentication / scams / authenticity guarantee,"The ""Joys"" of Selling Pokemon Cards on eBay - Attempted Scam from eBay Buyer",https://www.youtube.com/watch?v=onkGjo3A000,1731,7mo ago,27:21,video,Old Skool Pokemon,https://www.youtube.com/@OldSkoolPokemon,https://i.ytimg.com/vi/onkGjo3A000/hq720.jpg?sqp=-oaymwEcCNAFEJQDSFXyq4qpAw4IARUAAIhCGAFwAcABBg==&rs=AOn4CLBME8WI4YZphPjSmH4hm4myMvHe0w,TCG/Pokemon,Pokemon cards,Buyer scams; eBay selling,The title describes an attempted scam by an eBay buyer against a Pokémon card seller.,high,youtube_video:onkGjo3A000
239,RmcGV_LhuaA,pokemon_cards_auth,pokemon card ebay authentication / scams / authenticity guarantee,Does It Benefit eBay When Pokemon Card SCAMS Sell On Their Platform?,https://www.youtube.com/watch?v=RmcGV_LhuaA,4028,2mo ago,19:50,video,Rattle Pokemon,https://www.youtube.com/@RattlePokemon,https://i.ytimg.com/vi/RmcGV_LhuaA/hq720.jpg?sqp=-oaymwEcCNAFEJQDSFXyq4qpAw4IARUAAIhCGAFwAcABBg==&rs=AOn4CLDi738PY9UGXoVtkvyP15ztoj9raA,TCG/Pokemon,Pokemon cards,Scams; Marketplace policy,The title asks whether eBay benefits when Pokémon card scams sell on its platform.,high,youtube_video:RmcGV_LhuaA
240,p-CNqgXbdqM,pokemon_cards_auth,pokemon card ebay authentication / scams / authenticity guarantee,How to Buy and Sell Pokémon Cards on eBay!!,https://www.youtube.com/watch?v=p-CNqgXbdqM,3531,7mo ago,22:37,video,PokeTamer,https://www.youtube.com/@PokeTamer,https://i.ytimg.com/vi/p-CNqgXbdqM/hq720.jpg?sqp=-oaymwEcCNAFEJQDSFXyq4qpAw4IARUAAIhCGAFwAcABBg==&rs=AOn4CLDL3Na5y6S6xkwmQEKFp-rLbJrgTw,TCG/Pokemon,Pokemon cards,Buying and selling; eBay guide,The title offers a guide on how to buy and sell Pokémon cards on eBay.,high,youtube_video:p-CNqgXbdqM
241,2KjFPhW909g,pokemon_cards_auth,pokemon card ebay authentication / scams / authenticity guarantee,Why I Buy Pokémon Cards on eBay at Full Market Value,https://www.youtube.com/watch?v=2KjFPhW909g,2520,3mo ago,17:09,video,Red & Blue Collectables,https://www.youtube.com/@redbluecollectibles,https://i.ytimg.com/vi/2KjFPhW909g/hq720.jpg?sqp=-oaymwEcCNAFEJQDSFXyq4qpAw4IARUAAIhCGAFwAcABBg==&rs=AOn4CLDGwBbLokkrLhNvS3qoWSXgGNnJNw,TCG/Pokemon,Pokemon cards,buying strategy; market value,The title discusses the creator's reasons for purchasing Pokémon cards on eBay at full market value.,high,youtube_video:2KjFPhW909g
242,1C2dd9eaJ3g,pokemon_cards_auth,pokemon card ebay authentication / scams / authenticity guarantee,I Bought EVERY Pokemon Mystery Pack on eBay,https://www.youtube.com/watch?v=1C2dd9eaJ3g,211627,1mo ago,44:01,video,Leonhart,https://www.youtube.com/@Leonhart,https://i.ytimg.com/vi/1C2dd9eaJ3g/hq720.jpg?sqp=-oaymwEcCNAFEJQDSFXyq4qpAw4IARUAAIhCGAFwAcABBg==&rs=AOn4CLDAaIN9bpAZWCl6mhMYB8zZ3m26Fg,TCG/Pokemon,Pokemon cards; mystery packs,bulk purchase; mystery packs,The title states that the creator bought every Pokémon mystery pack available on eBay.,high,youtube_video:1C2dd9eaJ3g
243,aA8soPXmsS4,pokemon_cards_auth,pokemon card ebay authentication / scams / authenticity guarantee,How I Find PSA 10 Gem Mint Pokémon Cards on eBay 💎🔥,https://www.youtube.com/watch?v=aA8soPXmsS4,3837,8mo ago,11:30,video,TierOneCollections,https://www.youtube.com/@Tieronecollections,https://i.ytimg.com/vi/aA8soPXmsS4/hq720.jpg?sqp=-oaymwEcCNAFEJQDSFXyq4qpAw4IARUAAIhCGAFwAcABBg==&rs=AOn4CLCFRq2uPdWEty9xL9yQxZIGiZyuyA,TCG/Pokemon,Pokemon cards; graded cards,sourcing; card grading,The title presents a guide on finding PSA 10 Gem Mint Pokémon cards on eBay.,high,youtube_video:aA8soPXmsS4
244,p7kcwpP--s0,pokemon_cards_auth,pokemon card ebay authentication / scams / authenticity guarantee,I bought a poorly listed vintage Pokemon lot on eBay and THIS happened!,https://www.youtube.com/watch?v=p7kcwpP--s0,1820,10mo ago,25:33,video,PeteDorr TCG,https://www.youtube.com/@PeteDorrTCG,https://i.ytimg.com/vi/p7kcwpP--s0/hq720.jpg?sqp=-oaymwEcCNAFEJQDSFXyq4qpAw4IARUAAIhCGAFwAcABBg==&rs=AOn4CLBt8I6NI7UnZ8NrjRv0JVeb750PAg,TCG/Pokemon,Pokemon cards; vintage cards,purchases; unboxing,The title claims the creator bought a poorly listed vintage Pokémon lot on eBay and highlights the outcome.,high,youtube_video:p7kcwpP--s0
245,8xpfroJnUmg,pokemon_cards_auth,pokemon card ebay authentication / scams / authenticity guarantee,How to Sell Pokémon Cards on eBay — 5 Tips to Fund Your Collection,https://www.youtube.com/watch?v=8xpfroJnUmg,11628,2mo ago,15:00,video,Pokemon Classics,https://www.youtube.com/@pokemon_classics,https://i.ytimg.com/vi/8xpfroJnUmg/hq720.jpg?sqp=-oaymwEcCNAFEJQDSFXyq4qpAw4IARUAAIhCGAFwAcABBg==&rs=AOn4CLCWBUFBpOGxfvab5Y0_3Mv5Hpboww,TCG/Pokemon,Pokemon cards,selling guide; collection funding,The title offers five tips for selling Pokémon cards on eBay to fund a collection.,high,youtube_video:8xpfroJnUmg
246,S21B814IH-A,pokemon_cards_auth,pokemon card ebay authentication / scams / authenticity guarantee,How to Price Pokémon Cards on eBay So They Actually Sell,https://www.youtube.com/watch?v=S21B814IH-A,516,1mo ago,15:03,video,ObyWanJacoby Collectibles,https://www.youtube.com/@ObyWanJacoby,https://i.ytimg.com/vi/S21B814IH-A/hq720.jpg?sqp=-oaymwEcCNAFEJQDSFXyq4qpAw4IARUAAIhCGAFwAcABBg==&rs=AOn4CLDdQJ4VxXQuze1yHK8WUBc_ks5uGQ,TCG/Pokemon,Pokemon cards,pricing strategy; selling tips,The title provides advice on pricing Pokémon cards on eBay so that they successfully sell.,high,youtube_video:S21B814IH-A
247,wvD9yqbSkbQ,pokemon_cards_auth,pokemon card ebay authentication / scams / authenticity guarantee,I Bought EVERY eBay Mystery Box,https://www.youtube.com/watch?v=wvD9yqbSkbQ,68812,10mo ago,29:40,video,Max Does Pokemon,https://www.youtube.com/@MaxDPokemon,https://i.ytimg.com/vi/wvD9yqbSkbQ/hq720.jpg?sqp=-oaymwEcCNAFEJQDSFXyq4qpAw4IARUAAIhCGAFwAcABBg==&rs=AOn4CLC3nnWKu_yEC77IMEukBxq828iKqw,General marketplace,mystery boxes,bulk purchase; mystery boxes,The title states that the creator bought every mystery box available on eBay.,high,youtube_video:wvD9yqbSkbQ
248,3MlB752Moqw,pokemon_cards_auth,pokemon card ebay authentication / scams / authenticity guarantee,How to Sell Pokémon Cards on eBay (Beginner’s Guide),https://www.youtube.com/watch?v=3MlB752Moqw,3930,6mo ago,15:00,video,ShinyTim,https://www.youtube.com/@Shinytim,https://i.ytimg.com/vi/3MlB752Moqw/hq720.jpg?sqp=-oaymwEcCNAFEJQDSFXyq4qpAw4IARUAAIhCGAFwAcABBg==&rs=AOn4CLBn1_GjahfL_3k0Q-iv4bTbYxzFKw,TCG/Pokemon,Pokemon cards,selling guide; beginner tips,The title provides a beginner's guide on how to sell Pokémon cards on eBay.,high,youtube_video:3MlB752Moqw
