evidence_id,file,unit,parent_id,section,read_chars,truncated,note
tiktok_video:local_a5bd3796b951ca85b533dc424c01a032ccf094761b57bacdeb8fe8086fb1b176,tt_comm,video,,SC/tiktok_videos,300,True,
tiktok_video:local_58a584502ee98cf636d1ff998792829266d83b9d7845bd951db70fc6fa12fa37,tt_comm,video,,SC/tiktok_videos,279,False,
tiktok_video:local_c15f753e89a46a6f19c38a3c1a817022a5faf7eafbb87d7b20e3717fa5190ca4,tt_comm,video,,SC/tiktok_videos,300,True,
tiktok_video:local_524d415bd515afee9df1abb2b5d01fe7fecbfae8d0a9c829eb3c93cbb148a212,tt_comm,video,,SC/tiktok_videos,300,True,
tiktok_video:local_0d9ddfbd7af985fbd919e5f13791ece3fcd306f3681687d54b0f0652b65c842c,tt_comm,video,,SC/tiktok_videos,300,True,
tiktok_video:local_345a885eec51cda70280fe41d9d8a44231583b22d69b07f11112dc53d65671e0,tt_comm,video,,SC/tiktok_videos,300,True,
tiktok_video:local_f10c0b5137c911bdf076aabee4a52df0b92814dba90cbfe73fc7704b62369cc9,tt_comm,video,,SC/tiktok_videos,300,True,
tiktok_video:local_b35d082cd0220d6db82751f43c4c5299827681fdecfa50b3938e3a93fff34e1a,tt_comm,video,,SC/tiktok_videos,300,True,
tiktok_video:local_0c7068bd66adbd9f6889de009cdb83a68a1fb7cd4e7db790be8ae018b72d17de,tt_direct,video,,SC/tiktok_videos,120,False,
tiktok_video:local_dc04dfe8214fbe79cd36a7e3c63ee590b35befaa6598a98b83c1dd90a8902e5f,tt_comm,video,,SC/tiktok_videos,300,True,
tiktok_video:local_11e708168d3483e72584294acec2649e93f11e37948321338ceb400e7d0fc057,tt_comm,video,,SC/tiktok_videos,300,True,
tiktok_video:local_475e17ccc95775985f118c87c4050bd1ad2f7cdf4cbfd6ff8c443accca94b11e,tt_comm,video,,SC/tiktok_videos,300,True,
tiktok_video:local_ec098d166c875fda54d0af92cbb9b162e4bdc17dad64c0ae0343502c908e57e8,tt_comm,video,,SC/tiktok_videos,300,True,
tiktok_video:local_a3cf4d5a4296ef4aebf0951c8a34df93c3b2075aefaa906d61326c5bb6a39f2b,tt_comm,video,,SC/tiktok_videos,179,False,
tiktok_video:local_75edc71fa09daa2950f6565fb97582843603c98da389c3a28a1d404914e4382e,tt_comm,video,,SC/tiktok_videos,255,False,
tiktok_video:local_d15330509e53c653d0d84112e31a0027be86c3ebfc90683f877af230b1cfd8e3,tt_comm,video,,SC/tiktok_videos,300,True,
tiktok_video:local_3794c97f72d938e0e361b438a9bf51241bdb53ef6fcfc99084c073de5ecd92d0,tt_comm,video,,SC/tiktok_videos,264,False,
tiktok_video:local_17878708e5ae46e01b425ffd89d45fb748f9b660054add62183df1763afc7c88,tt_comm,video,,SC/tiktok_videos,300,True,
tiktok_video:local_59cd16e7d304aed2738562096a9ee1b5ab80860c76612eed1c2212d36c6e73ee,tt_comm,video,,SC/tiktok_videos,300,True,
tiktok_video:local_0f3f1249ce15b9d745a17fe29d951047d6893d3b02276edb3b97d3c62b5e050b,tt_direct,video,,SC/tiktok_videos,300,True,
tiktok_video:local_1ed69271ba9c2c5b48edec6a4c5fe34516504f9456a1e7d1a9dc41440b7ec044,tt_comm,video,,SC/tiktok_videos,300,True,
tiktok_video:local_53ed1822163296d62b6bcd55e9617372605bf644fc74fc576d1312faf2c9e2bc,tt_comm,video,,SC/tiktok_videos,300,True,
tiktok_video:local_d45b55bfe523f620c41ba48ec5a9281e582098808ecdd3d5a571d98d43de3cc4,tt_direct,video,,SC/tiktok_videos,300,True,
tiktok_video:local_82e970ac42c020f2c45cfeb5cfd495a20c9b571a740d55d4e0151595dd314b0c,tt_comm,video,,SC/tiktok_videos,300,True,
tiktok_video:local_5863a1f4d007b5549234cd51d8a073168fcef2467ff73f3b88cbcc5280c2a671,tt_comm,video,,SC/tiktok_videos,300,True,
tiktok_video:local_9d9bbd4c3f9c76d74a67d7f751d1f746c7dc6a4f87004bee43ae2aaa9f5bd36d,tt_comm,video,,SC/tiktok_videos,300,True,
tiktok_video:local_ce193e2784df15981c52ca410af44255435aaf05cdc340fd776a07271ff2e001,tt_comm,video,,SC/tiktok_videos,300,True,
tiktok_video:local_269d32a294e7b4c1777110884c032ef3b7079e1b77832931372c36e08220cc71,tt_direct,video,,SC/tiktok_videos,300,True,
tiktok_video:local_ddb3b62a73219178d0b5da761e558331c5b8912c43e70b4ec3829ccd7230b183,tt_comm,video,,SC/tiktok_videos,300,True,
tiktok_video:local_a96b2b3c4044ff33acd94afbd613967935066278bc27043a3ad5d2923ee23601,tt_comm,video,,SC/tiktok_videos,241,False,
tiktok_video:local_d1e290b327f9625687b89f7bff6c36be3eda54f1b6f481a1d575e6c0e6b2b702,tt_comm,video,,SC/tiktok_videos,300,True,
tiktok_video:local_a12b978d560843a9107c1abf36f2dd51d32bec5afdbcff5faaf51df89f5d979c,tt_direct,video,,SC/tiktok_videos,165,False,
tiktok_video:local_a42343e416b932055ae2bc5e940f2a7b3a05db08a82a6f2140fa2e656b70c75f,tt_direct,video,,SC/tiktok_videos,300,True,
tiktok_video:local_b5c71201403aee7b49817ec1559cc7256bd95193085464774141940a9edada57,tt_direct,video,,SC/tiktok_videos,300,True,
tiktok_video:local_aa3176b8b97514cffa671925ad40cddc674eb87ccdcf6c1a27cd941472f09a5d,tt_comm,video,,SC/tiktok_videos,300,True,
tiktok_video:local_5ddcaae9b726169c601cdd074db9803aa1b45f229491a28676b83f663f6e4aa7,tt_comm,video,,SC/tiktok_videos,300,True,
tiktok_video:local_2a157e26344ae93d13675141dcdf43de204deba7e3a285db086145534d8fc9f8,tt_comm,video,,SC/tiktok_videos,300,True,
tiktok_video:local_9cc53f16b5a9d3f86ac5c5a4d135d659be319a3e3e6d0c515748b3c4541e05b3,tt_comm,video,,SC/tiktok_videos,298,False,
tiktok_video:local_83911cf04395447304aa127eea5e17ec001220eb3851cb510369a8d2af582425,tt_comm,video,,SC/tiktok_videos,300,True,
tiktok_video:local_7698e9c0a6e92db8ac1f4d682047f9d5a68ce4a4017d717ca54a7e414a353bb7,tt_comm,video,,SC/tiktok_videos,300,True,
tiktok_video:local_3c8a3459c13584e9b7711627b8b5f72da19ee028c94227fd2b491be5d27b40a0,tt_direct,video,,SC/tiktok_videos,298,False,
tiktok_video:local_4dd406fa49f338b9189ce31c8c3de32efe78161b87c2bc6bea975a63b632e852,tt_direct,video,,SC/tiktok_videos,300,False,
tiktok_video:local_edf5696ec12bbfb6b9f0a437b3d18de42fe31557babf2fba3bb5e95a50a18c0c,tt_direct,video,,SC/tiktok_videos,288,False,
tiktok_video:local_6c8abbd91607bed7c9388fcec19e04b92b95099cc6b2ea918296f6f6f1b286b7,tt_direct,video,,SC/tiktok_videos,300,False,
tiktok_video:local_0e4db252261e21416499001341a4c8a2e09d47b011d1b8484f105f84b72bfeb5,tt_direct,video,,SC/tiktok_videos,300,False,
tiktok_video:local_f19c0f7457124c9c1e54d68617a0888fc820ee33003bb8c9b37fa0d3f6bfd156,tt_direct,video,,SC/tiktok_videos,300,False,
tiktok_video:local_e1da8d491fb5170730d3003336b13ea7ce43ca831b82ade914838f945b14ebc1,tt_direct,video,,SC/tiktok_videos,300,False,
tiktok_video:local_8b66314bd9cbba5051e223b8e0befddc4c414b78b7c756d704b646cd0b83d2c5,tt_direct,video,,SC/tiktok_videos,300,False,
tiktok_video:local_496c6391555f2f4dd9958b3281c74342cabd8badd63444a0e3341b508d75dfa9,tt_direct,video,,SC/tiktok_videos,254,False,
tiktok_video:local_47c0f3fb2f30d4140f928e581fe8023fd179119ffe068a241e75485f6274622a,tt_direct,video,,SC/tiktok_videos,300,False,
tiktok_video:local_41e91d5641b31b2478e864d575ba0a6aea3c4b4f0bb2bf78ddbfd364e1dc1770,tt_direct,video,,SC/tiktok_videos,45,False,
tiktok_video:local_bef65052c81361e7914b344c7faea7590c4f63488e3315c85c6f37847db951d4,tt_direct,video,,SC/tiktok_videos,300,False,
tiktok_video:local_21c399b8f815cb8e5ed1db46577b9766cba389f9f72766343cb27f8e8d1e2f2d,tt_comm,video,,SC/tiktok_live_platform,300,True,
reddit:t3_1shx5ur,rd_broad,post,,SC/reddit_posts,266,False,
reddit:t3_1rrbwwo,rd_broad,post,,SC/reddit_posts,312,False,
reddit:t3_1uvql6e,rd_broad,post,,SC/reddit_posts,402,False,
reddit:t3_1r1a00m,rd_broad,post,,SC/reddit_posts,455,False,
reddit:t3_1u5s64o,rd_broad,post,,SC/reddit_posts,600,True,
reddit:t3_1thre78,rd_broad,post,,SC/reddit_posts,284,False,
reddit:t3_1om8vct,rd_broad,post,,SC/reddit_posts,580,False,
reddit:t3_1todhm0,rd_broad,post,,SC/reddit_posts,476,False,
reddit:t3_1rauaq6,rd_broad,post,,SC/reddit_posts,600,True,
reddit:t3_1qkscsr,rd_broad,post,,SC/reddit_posts,87,False,
reddit:t3_1so31lw,rd_broad,post,,SC/reddit_posts,600,True,
reddit:t3_1o6m3c3,rd_broad,post,,SC/reddit_posts,600,True,
reddit:t3_1usmrm9,rd_broad,post,,SC/reddit_posts,600,True,
reddit:t3_1w5tdtb,rd_broad,post,,SC/reddit_posts,600,True,
reddit:t3_1t4orru,rd_broad,post,,SC/reddit_posts,600,True,
reddit:t3_1qegt3m,rd_broad,post,,SC/reddit_posts,493,False,
reddit:t3_1vy37ns,rd_broad,post,,SC/reddit_posts,600,True,
reddit:t3_1uzll95,rd_broad,post,,SC/reddit_posts,600,True,
reddit:t3_1om25vd,rd_ebay,post,,SC/reddit_posts,600,True,
reddit:t3_1uobgsi,rd_ebay,post,,SC/reddit_posts,600,True,
reddit:t3_1nzhmi0,rd_ebay,post,,SC/reddit_posts,273,False,
reddit:t3_1pnm7ws,rd_ebay,post,,SC/reddit_posts,206,False,
reddit:t3_1q1sicu,rd_broad,post,,SC/reddit_posts,600,True,
reddit:t3_1ps8wd8,rd_ebay,post,,SC/reddit_posts,600,True,
reddit:t3_1ohqek1,rd_ebay,post,,SC/reddit_posts,600,True,
reddit:t1_oyc89wn,rd_broad,comment,t3_1uzll95,SC/reddit_comments,320,True,
reddit:t1_oydeeib,rd_broad,comment,t3_1uzll95,SC/reddit_comments,320,True,
reddit:t1_oydr557,rd_broad,comment,t3_1uzll95,SC/reddit_comments,135,False,
reddit:t1_oz5yrln,rd_broad,comment,t3_1uzll95,SC/reddit_comments,78,False,
reddit:t1_oydofaj,rd_broad,comment,t3_1uzll95,SC/reddit_comments,123,False,
reddit:t1_oyepbe1,rd_broad,comment,t3_1uzll95,SC/reddit_comments,320,True,
reddit:t1_oyeyh36,rd_broad,comment,t3_1uzll95,SC/reddit_comments,215,False,
reddit:t1_oyfrxmd,rd_broad,comment,t3_1uzll95,SC/reddit_comments,178,False,
reddit:t1_oyo6r47,rd_broad,comment,t3_1uzll95,SC/reddit_comments,125,False,
reddit:t1_oypp6vx,rd_broad,comment,t3_1uzll95,SC/reddit_comments,320,True,
reddit:t1_p1ynv3d,rd_broad,comment,t3_1uzll95,SC/reddit_comments,150,False,
reddit:t1_oyhs5p5,rd_broad,comment,t3_1uzll95,SC/reddit_comments,84,False,
reddit:t1_oz5wrps,rd_broad,comment,t3_1uzll95,SC/reddit_comments,35,False,
reddit:t1_oyi8gxc,rd_broad,comment,t1_oydeeib,SC/reddit_comments,139,False,
reddit:t1_oyiaxus,rd_broad,comment,t1_oyi8gxc,SC/reddit_comments,131,False,
reddit:t1_p7hxipn,rd_broad,comment,t3_1w5tdtb,SC/reddit_comments,194,False,
reddit:t1_p7nasw9,rd_broad,comment,t3_1w5tdtb,SC/reddit_comments,320,True,
reddit:t1_p7i71du,rd_broad,comment,t3_1w5tdtb,SC/reddit_comments,171,False,
reddit:t1_p7hz8rr,rd_broad,comment,t3_1w5tdtb,SC/reddit_comments,218,False,
reddit:t1_p7hqpxp,rd_broad,comment,t3_1w5tdtb,SC/reddit_comments,320,True,
reddit:t1_p7hxz4b,rd_broad,comment,t1_p7hxipn,SC/reddit_comments,136,False,
reddit:t1_p869amp,rd_broad,comment,t1_p7hxipn,SC/reddit_comments,71,False,
reddit:t1_ok3zial,rd_broad,comment,t3_1t4orru,SC/reddit_comments,320,True,
reddit:t1_okeca34,rd_broad,comment,t3_1t4orru,SC/reddit_comments,90,False,
reddit:t1_om9mb3j,rd_broad,comment,t3_1t4orru,SC/reddit_comments,21,False,
reddit:t1_oo0bp89,rd_broad,comment,t3_1todhm0,SC/reddit_comments,141,False,
reddit:t1_oo0d7ai,rd_broad,comment,t3_1todhm0,SC/reddit_comments,188,False,
reddit:t1_oo0exq6,rd_broad,comment,t3_1todhm0,SC/reddit_comments,43,False,
reddit:t1_oo0na2r,rd_broad,comment,t3_1todhm0,SC/reddit_comments,239,False,
reddit:t1_oo40oxx,rd_broad,comment,t3_1todhm0,SC/reddit_comments,108,False,
reddit:t1_oo0icc0,rd_broad,comment,t3_1todhm0,SC/reddit_comments,158,False,
reddit:t1_oo2jfiu,rd_broad,comment,t3_1todhm0,SC/reddit_comments,198,False,
reddit:t1_oo2rrei,rd_broad,comment,t3_1todhm0,SC/reddit_comments,224,False,
reddit:t1_oo0ejcf,rd_broad,comment,t3_1todhm0,SC/reddit_comments,136,False,
reddit:t1_oo1yvci,rd_broad,comment,t3_1todhm0,SC/reddit_comments,59,False,
reddit:t1_oo0ilyp,rd_broad,comment,t1_oo0d7ai,SC/reddit_comments,127,False,
reddit:t1_oo0m0aw,rd_broad,comment,t1_oo0bp89,SC/reddit_comments,104,False,
reddit:t1_oo0dwdn,rd_broad,comment,t1_oo0bp89,SC/reddit_comments,200,False,
reddit:t1_oo2mwov,rd_broad,comment,t1_oo0dwdn,SC/reddit_comments,50,False,
youtube_video:xeMKnCDtNhM,yt_titles,video,,SC+LIVE/yt_titles,61,False,
youtube_video:eRZFQWjK2yM,yt_titles,video,,SC+LIVE/yt_titles,48,False,
youtube_video:QyAXNatU8Mo,yt_titles,video,,SC+LIVE/yt_titles,60,False,
youtube_video:_rDm8b0LVNQ,yt_titles,video,,SC+LIVE/yt_titles,66,False,
youtube_video:Zjj_1OX-Gbs,yt_titles,video,,SC+LIVE/yt_titles,38,False,
youtube_video:iPU9AoWlaBw,yt_titles,video,,SC+LIVE/yt_titles,67,False,
youtube_video:S1NuE_wA2Bs,yt_titles,video,,SC+LIVE/yt_titles,24,False,
youtube_video:LPZ7wtjacn4,yt_titles,video,,SC+LIVE/yt_titles,70,False,
youtube_video:5XaYiryTyQQ,yt_titles,video,,SC+LIVE/yt_titles,45,False,
youtube_video:EfYNvpJtWmQ,yt_titles,video,,SC+LIVE/yt_titles,54,False,
youtube_video:FaILPcpLD1s,yt_titles,video,,SC+LIVE/yt_titles,62,False,
youtube_video:bElKFZcvfg0,yt_titles,video,,SC+LIVE/yt_titles,69,False,
youtube_video:zlDlWR6W7h0,yt_titles,video,,SC+LIVE/yt_titles,64,False,
youtube_video:sWYyT7Ex69o,yt_titles,video,,SC+LIVE/yt_titles,54,False,
youtube_video:SzVWf_A4BUo,yt_titles,video,,SC+LIVE/yt_titles,49,False,
youtube_video:MtNpAZWnn6I,yt_titles,video,,SC+LIVE/yt_titles,42,False,
youtube_video:Srwgb5wXrZw,yt_titles,video,,SC+LIVE/yt_titles,93,False,
youtube_video:bPXCFwpSq8c,yt_titles,video,,SC+LIVE/yt_titles,72,False,
youtube_video:m55lrKxMeJ4,yt_titles,video,,SC+LIVE/yt_titles,56,False,
youtube_video:tSw3RM7K1xM,yt_titles,video,,SC+LIVE/yt_titles,54,False,
youtube_video:H3BVJnd0M0o,yt_titles,video,,SC+LIVE/yt_titles,60,False,
youtube_video:sAY8aGVQafI,yt_titles,video,,SC+LIVE/yt_titles,54,False,
youtube_video:wddgAdYO3Gw,yt_titles,video,,SC+LIVE/yt_titles,57,False,
youtube_video:UEPtv6iw1EI,yt_titles,video,,SC+LIVE/yt_titles,42,False,
youtube_video:Usf5X937z-M,yt_titles,video,,SC+LIVE/yt_titles,65,False,
youtube_video:ognItQJGD-s,yt_titles,video,,SC+LIVE/yt_titles,98,False,
youtube_video:XQEAQrjzMTw,yt_titles,video,,SC+LIVE/yt_titles,99,False,
youtube_video:AXl5C4vmfSw,yt_titles,video,,SC+LIVE/yt_titles,55,False,
youtube_video:41kXiak7KVo,yt_titles,video,,SC+LIVE/yt_titles,58,False,
youtube_video:kbyJM48x-ZY,yt_titles,video,,SC+LIVE/yt_titles,59,False,
youtube_video:_xZvxWwvK5U,yt_titles,video,,SC+LIVE/yt_titles,74,False,
youtube_video:gHrzSbyuulU,yt_titles,video,,SC+LIVE/yt_titles,76,False,
youtube_video:c3utDVW6wcc,yt_titles,video,,SC+LIVE/yt_titles,79,False,
youtube_video:B1BHnO9Rd6s,yt_titles,video,,SC+LIVE/yt_titles,61,False,
youtube_video:uzt0VgVlz7A,yt_titles,video,,SC+LIVE/yt_titles,99,False,
youtube_video:CYqWxQsgZvA,yt_titles,video,,SC+LIVE/yt_titles,56,False,
youtube_video:1nw_aymAbTA,yt_titles,video,,SC+LIVE/yt_titles,58,False,
youtube_video:1rpD90MDjs4,yt_titles,video,,SC+LIVE/yt_titles,71,False,
youtube_video:BWol33aALF0,yt_titles,video,,SC+LIVE/yt_titles,37,False,
youtube_video:IIL2IdMs-RI,yt_titles,video,,SC+LIVE/yt_titles,72,False,
youtube_comment:Ugy0W2DVsiGQ631rSIZ4AaABAg,yt_comments,comment,youtube_video:QyAXNatU8Mo,SC+LIVE/yt_comments,109,False,
youtube_comment:Ugw0Qohg5FaJApSNcJd4AaABAg,yt_comments,comment,youtube_video:S1NuE_wA2Bs,SC+LIVE/yt_comments,45,False,
youtube_comment:UgwAgISsaaMMlKN56Wh4AaABAg,yt_comments,comment,youtube_video:m55lrKxMeJ4,SC+LIVE/yt_comments,145,False,
youtube_comment:Ugw9MNqd1DwnqNkyLuN4AaABAg,yt_comments,comment,youtube_video:MtNpAZWnn6I,SC+LIVE/yt_comments,158,False,
youtube_comment:Ugz3m3bdEHq_1HIBACd4AaABAg,yt_comments,comment,youtube_video:1nw_aymAbTA,SC+LIVE/yt_comments,17,False,
youtube_comment:Ugwc0mdKGOXKnNS0est4AaABAg,yt_comments,comment,youtube_video:m55lrKxMeJ4,SC+LIVE/yt_comments,320,True,
youtube_comment:Ugzk128FB5eA0w-eQEh4AaABAg,yt_comments,comment,youtube_video:eRZFQWjK2yM,SC+LIVE/yt_comments,33,False,
youtube_comment:UgyAOzvC8oTEfED9yyN4AaABAg,yt_comments,comment,youtube_video:xeMKnCDtNhM,SC+LIVE/yt_comments,222,False,
youtube_comment:UgwHoc2gvb0yo0I8xRJ4AaABAg,yt_comments,comment,youtube_video:SzVWf_A4BUo,SC+LIVE/yt_comments,179,False,
youtube_comment:UgzFEoxToWApDWN-nbJ4AaABAg,yt_comments,comment,youtube_video:ognItQJGD-s,SC+LIVE/yt_comments,246,False,
youtube_comment:Ugzh6hfS6h8Y8b809Zl4AaABAg,yt_comments,comment,youtube_video:gHrzSbyuulU,SC+LIVE/yt_comments,271,False,
youtube_comment:UgxBwYkbARlimhxUc114AaABAg,yt_comments,comment,youtube_video:m55lrKxMeJ4,SC+LIVE/yt_comments,86,False,
youtube_comment:UgypKS2gaJvUL-ZoU-h4AaABAg,yt_comments,comment,youtube_video:gHrzSbyuulU,SC+LIVE/yt_comments,91,False,
youtube_comment:UgzhtTIqJus5XdoI2bF4AaABAg,yt_comments,comment,youtube_video:gHrzSbyuulU,SC+LIVE/yt_comments,129,False,
youtube_comment:UgzBPcRS5BonRWnQhjd4AaABAg,yt_comments,comment,youtube_video:ognItQJGD-s,SC+LIVE/yt_comments,94,False,
youtube_comment:UgxJt3r82BOBOHGPYq94AaABAg,yt_comments,comment,youtube_video:5XaYiryTyQQ,SC+LIVE/yt_comments,221,False,
youtube_comment:UgyfxtqFeFw2NbiOcx94AaABAg,yt_comments,comment,youtube_video:1nw_aymAbTA,SC+LIVE/yt_comments,136,False,
youtube_comment:UgwlKaU_5fQIYRLyG_94AaABAg,yt_comments,comment,youtube_video:uzt0VgVlz7A,SC+LIVE/yt_comments,3,False,
youtube_comment:UgyuMs2LWCwnZ_a32jd4AaABAg,yt_comments,comment,youtube_video:gHrzSbyuulU,SC+LIVE/yt_comments,126,False,
youtube_comment:UgxdCKPKNX-udlyKf8Z4AaABAg,yt_comments,comment,youtube_video:41kXiak7KVo,SC+LIVE/yt_comments,57,False,
youtube_comment:UgwZIhTOqQ4Eyyosp414AaABAg,yt_comments,comment,youtube_video:XQEAQrjzMTw,SC+LIVE/yt_comments,13,False,
youtube_comment:Ugwmp7CXd-1WVIVRUYJ4AaABAg,yt_comments,comment,youtube_video:eRZFQWjK2yM,SC+LIVE/yt_comments,56,False,
youtube_comment:Ugz_5p1rszhfFKGagHd4AaABAg,yt_comments,comment,youtube_video:_xZvxWwvK5U,SC+LIVE/yt_comments,75,False,
youtube_comment:UgyxntXqxEFT_x4Yy0d4AaABAg,yt_comments,comment,youtube_video:kbyJM48x-ZY,SC+LIVE/yt_comments,34,False,
youtube_comment:UgylQA6FVWsbVadde3V4AaABAg,yt_comments,comment,youtube_video:IIL2IdMs-RI,SC+LIVE/yt_comments,83,False,
youtube_comment:UgwODW-izy2deYelgah4AaABAg,yt_comments,comment,youtube_video:Zjj_1OX-Gbs,SC+LIVE/yt_comments,79,False,
youtube_comment:Ugyo8Hz_UdWYvJPgKh94AaABAg,yt_comments,comment,youtube_video:Zjj_1OX-Gbs,SC+LIVE/yt_comments,64,False,
youtube_comment:UgwZ_6W9oeeF4Nmw15d4AaABAg,yt_comments,comment,youtube_video:XQEAQrjzMTw,SC+LIVE/yt_comments,12,False,
youtube_comment:UgyG1UtCE_JEE4gwZkt4AaABAg,yt_comments,comment,youtube_video:UEPtv6iw1EI,SC+LIVE/yt_comments,87,False,
youtube_comment:UgyeJE-9L_NbxOiIGRN4AaABAg,yt_comments,comment,youtube_video:eRZFQWjK2yM,SC+LIVE/yt_comments,83,False,
youtube_comment:UgxFd447Lv6fH4txQdt4AaABAg,yt_comments,comment,youtube_video:uzt0VgVlz7A,SC+LIVE/yt_comments,320,True,
youtube_comment:UgyOR_1vg9u4Df9XZPZ4AaABAg,yt_comments,comment,youtube_video:Usf5X937z-M,SC+LIVE/yt_comments,320,True,
youtube_comment:UgwJqnsTROLkMMZ0ntR4AaABAg,yt_comments,comment,youtube_video:MtNpAZWnn6I,SC+LIVE/yt_comments,108,False,
youtube_comment:UgzrDtVVH-e2hHYihvR4AaABAg,yt_comments,comment,youtube_video:UEPtv6iw1EI,SC+LIVE/yt_comments,320,True,
youtube_live:77jAv66lLio:980,yt_chat,chat_message,youtube_stream:77jAv66lLio,SC/chat_nonhost,20,False,
youtube_live:77jAv66lLio:981,yt_chat,chat_message,youtube_stream:77jAv66lLio,SC/chat_nonhost,15,False,
youtube_live:77jAv66lLio:984,yt_chat,chat_message,youtube_stream:77jAv66lLio,SC/chat_nonhost,8,False,
youtube_live:77jAv66lLio:986,yt_chat,chat_message,youtube_stream:77jAv66lLio,SC/chat_nonhost,52,False,
youtube_live:77jAv66lLio:987,yt_chat,chat_message,youtube_stream:77jAv66lLio,SC/chat_nonhost,10,False,
youtube_live:77jAv66lLio:988,yt_chat,chat_message,youtube_stream:77jAv66lLio,SC/chat_nonhost,8,False,
youtube_live:77jAv66lLio:991,yt_chat,chat_message,youtube_stream:77jAv66lLio,SC/chat_nonhost,38,False,
youtube_live:77jAv66lLio:995,yt_chat,chat_message,youtube_stream:77jAv66lLio,SC/chat_nonhost,49,False,
youtube_live:77jAv66lLio:998,yt_chat,chat_message,youtube_stream:77jAv66lLio,SC/chat_nonhost,20,False,
youtube_live:77jAv66lLio:999,yt_chat,chat_message,youtube_stream:77jAv66lLio,SC/chat_nonhost,85,False,
youtube_live:77jAv66lLio:1000,yt_chat,chat_message,youtube_stream:77jAv66lLio,SC/chat_nonhost,26,False,
youtube_live:77jAv66lLio:1001,yt_chat,chat_message,youtube_stream:77jAv66lLio,SC/chat_nonhost,3,False,
youtube_live:77jAv66lLio:1002,yt_chat,chat_message,youtube_stream:77jAv66lLio,SC/chat_nonhost,15,False,
youtube_live:77jAv66lLio:1003,yt_chat,chat_message,youtube_stream:77jAv66lLio,SC/chat_nonhost,14,False,
youtube_live:77jAv66lLio:1004,yt_chat,chat_message,youtube_stream:77jAv66lLio,SC/chat_nonhost,12,False,
youtube_live:77jAv66lLio:1005,yt_chat,chat_message,youtube_stream:77jAv66lLio,SC/chat_nonhost,10,False,
youtube_live:F13yNlNDTvY:436,yt_chat,chat_message,youtube_stream:F13yNlNDTvY,SC/chat_nonhost,66,False,
youtube_live:F13yNlNDTvY:437,yt_chat,chat_message,youtube_stream:F13yNlNDTvY,SC/chat_nonhost,1,False,
youtube_live:F13yNlNDTvY:438,yt_chat,chat_message,youtube_stream:F13yNlNDTvY,SC/chat_nonhost,1,False,
youtube_live:F13yNlNDTvY:439,yt_chat,chat_message,youtube_stream:F13yNlNDTvY,SC/chat_nonhost,1,False,
youtube_live:F13yNlNDTvY:440,yt_chat,chat_message,youtube_stream:F13yNlNDTvY,SC/chat_nonhost,7,False,
youtube_live:F13yNlNDTvY:441,yt_chat,chat_message,youtube_stream:F13yNlNDTvY,SC/chat_nonhost,5,False,
youtube_live:F13yNlNDTvY:442,yt_chat,chat_message,youtube_stream:F13yNlNDTvY,SC/chat_nonhost,6,False,
youtube_live:F13yNlNDTvY:443,yt_chat,chat_message,youtube_stream:F13yNlNDTvY,SC/chat_nonhost,9,False,
youtube_live:F13yNlNDTvY:444,yt_chat,chat_message,youtube_stream:F13yNlNDTvY,SC/chat_nonhost,11,False,
youtube_live:F13yNlNDTvY:445,yt_chat,chat_message,youtube_stream:F13yNlNDTvY,SC/chat_nonhost,9,False,
youtube_live:F13yNlNDTvY:446,yt_chat,chat_message,youtube_stream:F13yNlNDTvY,SC/chat_nonhost,17,False,
youtube_live:F13yNlNDTvY:447,yt_chat,chat_message,youtube_stream:F13yNlNDTvY,SC/chat_nonhost,14,False,
youtube_live:GKYH-awLpo0:185,yt_chat,chat_message,youtube_stream:GKYH-awLpo0,SC/chat_nonhost,52,False,
youtube_live:GKYH-awLpo0:186,yt_chat,chat_message,youtube_stream:GKYH-awLpo0,SC/chat_nonhost,19,False,
youtube_live:GKYH-awLpo0:187,yt_chat,chat_message,youtube_stream:GKYH-awLpo0,SC/chat_nonhost,40,False,
youtube_live:GKYH-awLpo0:188,yt_chat,chat_message,youtube_stream:GKYH-awLpo0,SC/chat_nonhost,160,True,
youtube_live:GKYH-awLpo0:189,yt_chat,chat_message,youtube_stream:GKYH-awLpo0,SC/chat_nonhost,18,False,
youtube_live:GKYH-awLpo0:190,yt_chat,chat_message,youtube_stream:GKYH-awLpo0,SC/chat_nonhost,15,False,
youtube_live:GKYH-awLpo0:191,yt_chat,chat_message,youtube_stream:GKYH-awLpo0,SC/chat_nonhost,46,False,
youtube_live:GKYH-awLpo0:192,yt_chat,chat_message,youtube_stream:GKYH-awLpo0,SC/chat_nonhost,94,False,
youtube_live:GKYH-awLpo0:193,yt_chat,chat_message,youtube_stream:GKYH-awLpo0,SC/chat_nonhost,40,False,
youtube_live:GKYH-awLpo0:194,yt_chat,chat_message,youtube_stream:GKYH-awLpo0,SC/chat_nonhost,27,False,
youtube_live:GKYH-awLpo0:195,yt_chat,chat_message,youtube_stream:GKYH-awLpo0,SC/chat_nonhost,5,False,
youtube_live:GKYH-awLpo0:196,yt_chat,chat_message,youtube_stream:GKYH-awLpo0,SC/chat_nonhost,4,False,
youtube_live:GKYH-awLpo0:197,yt_chat,chat_message,youtube_stream:GKYH-awLpo0,SC/chat_nonhost,19,False,
youtube_live:GKYH-awLpo0:198,yt_chat,chat_message,youtube_stream:GKYH-awLpo0,SC/chat_nonhost,27,False,
youtube_live:GKYH-awLpo0:199,yt_chat,chat_message,youtube_stream:GKYH-awLpo0,SC/chat_nonhost,13,False,
youtube_live:GKYH-awLpo0:200,yt_chat,chat_message,youtube_stream:GKYH-awLpo0,SC/chat_nonhost,10,False,
youtube_live:GKYH-awLpo0:201,yt_chat,chat_message,youtube_stream:GKYH-awLpo0,SC/chat_nonhost,3,False,
youtube_live:GKYH-awLpo0:202,yt_chat,chat_message,youtube_stream:GKYH-awLpo0,SC/chat_nonhost,11,False,
youtube_live:GKYH-awLpo0:203,yt_chat,chat_message,youtube_stream:GKYH-awLpo0,SC/chat_nonhost,4,False,
youtube_live:GKYH-awLpo0:204,yt_chat,chat_message,youtube_stream:GKYH-awLpo0,SC/chat_nonhost,29,False,
youtube_live:GKYH-awLpo0:205,yt_chat,chat_message,youtube_stream:GKYH-awLpo0,SC/chat_nonhost,26,False,
youtube_live:GKYH-awLpo0:206,yt_chat,chat_message,youtube_stream:GKYH-awLpo0,SC/chat_nonhost,38,False,
youtube_live:AW9J0zZl0yE:1009,yt_chat,chat_message,youtube_stream:AW9J0zZl0yE,SC/chat_nonhost,47,False,
youtube_live:AW9J0zZl0yE:1011,yt_chat,chat_message,youtube_stream:AW9J0zZl0yE,SC/chat_nonhost,12,False,
youtube_live:AW9J0zZl0yE:1016,yt_chat,chat_message,youtube_stream:AW9J0zZl0yE,SC/chat_nonhost,4,False,
youtube_live:AW9J0zZl0yE:1020,yt_chat,chat_message,youtube_stream:AW9J0zZl0yE,SC/chat_nonhost,35,False,
youtube_live:AW9J0zZl0yE:1021,yt_chat,chat_message,youtube_stream:AW9J0zZl0yE,SC/chat_nonhost,21,False,
youtube_live:ojbDMXmv-OY:488,yt_chat,chat_message,youtube_stream:ojbDMXmv-OY,SC/chat_nonhost,9,False,
youtube_live:ojbDMXmv-OY:489,yt_chat,chat_message,youtube_stream:ojbDMXmv-OY,SC/chat_nonhost,95,False,
youtube_live:ojbDMXmv-OY:490,yt_chat,chat_message,youtube_stream:ojbDMXmv-OY,SC/chat_nonhost,32,False,
youtube_live:ojbDMXmv-OY:491,yt_chat,chat_message,youtube_stream:ojbDMXmv-OY,SC/chat_nonhost,16,False,
youtube_live:ojbDMXmv-OY:492,yt_chat,chat_message,youtube_stream:ojbDMXmv-OY,SC/chat_nonhost,15,False,
youtube_live:ojbDMXmv-OY:493,yt_chat,chat_message,youtube_stream:ojbDMXmv-OY,SC/chat_nonhost,17,False,
youtube_live:ojbDMXmv-OY:494,yt_chat,chat_message,youtube_stream:ojbDMXmv-OY,SC/chat_nonhost,13,False,
youtube_live:ojbDMXmv-OY:495,yt_chat,chat_message,youtube_stream:ojbDMXmv-OY,SC/chat_nonhost,18,False,
youtube_live:ojbDMXmv-OY:496,yt_chat,chat_message,youtube_stream:ojbDMXmv-OY,SC/chat_nonhost,7,False,
youtube_live:ojbDMXmv-OY:497,yt_chat,chat_message,youtube_stream:ojbDMXmv-OY,SC/chat_nonhost,69,False,
youtube_live:77jAv66lLio:931,yt_chat,chat_message,youtube_stream:77jAv66lLio,SC/chat_host,129,False,
youtube_live:77jAv66lLio:879,yt_chat,chat_message,youtube_stream:77jAv66lLio,SC/chat_host,129,False,
youtube_live:77jAv66lLio:808,yt_chat,chat_message,youtube_stream:77jAv66lLio,SC/chat_host,196,False,
youtube_live:77jAv66lLio:864,yt_chat,chat_message,youtube_stream:77jAv66lLio,SC/chat_host,176,False,
youtube_live:77jAv66lLio:921,yt_chat,chat_message,youtube_stream:77jAv66lLio,SC/chat_host,30,False,
youtube_live:77jAv66lLio:938,yt_chat,chat_message,youtube_stream:77jAv66lLio,SC/chat_host,40,False,
youtube_live:77jAv66lLio:923,yt_chat,chat_message,youtube_stream:77jAv66lLio,SC/chat_host,30,False,
youtube_live:77jAv66lLio:996,yt_chat,chat_message,youtube_stream:77jAv66lLio,SC/chat_host,40,False,
tiktok_video:local_4ab4cd969479f868bc50897cf9d475f19f80b3c4f0fbfa7666b484487e6fb40c,tt_comm,video,,PK/tiktok_videos,260,False,
tiktok_video:local_24c31474ad9d2b46b7203cca881b7045c9dda97cf2d4570494f8f585aef71706,tt_comm,video,,PK/tiktok_videos,260,False,
tiktok_video:local_124646acfab82a36f6794e49e65963299bce7f64ae9c263b73710c55783a258c,tt_comm,video,,PK/tiktok_videos,260,True,
tiktok_video:local_0aa6ba203339b9d52ececdef7800b30bbc19e7064363bab64bb6f66fcff6b6d1,tt_comm,video,,PK/tiktok_videos,260,False,
tiktok_video:local_d780fa1b1c4c85170b7c05ad0e1743574791d31d4c9a2ff66f345266e6f53aa7,tt_direct,video,,PK/tiktok_videos,260,False,
tiktok_video:local_20feecb59b6b89a0515bfb7bdc32ee9ccad1cce3085c9cfbdc6a0641b392fd8a,tt_comm,video,,PK/tiktok_videos,260,False,
tiktok_video:local_2c10d7f6d3d07af614f54ed83d28505fe82c36a59f8692a47e0315e47b26a2b2,tt_direct,video,,PK/tiktok_videos,260,False,
tiktok_video:local_d2187c11c94072573335a38cd64fe1f23fa90d2d8df88a95a9adf23269dc9c41,tt_comm,video,,PK/tiktok_videos,260,False,
tiktok_video:local_212e5ebceb09042b86377cacb0a4a2e390a913afe54ef11edf57ad2b66eeb768,tt_direct,video,,PK/tiktok_videos,110,False,
tiktok_video:local_b57aab87b72cdbd75fdd4156b278181da1b11edf6813fe489cff712771b95815,tt_direct,video,,PK/tiktok_videos,260,False,
tiktok_video:local_c33bb4a631c996ebf4774623f3bbd65a7d4b28cd59a2c76776347d49e0b27b0b,tt_direct,video,,PK/tiktok_videos,68,False,
tiktok_video:local_e4f2f4309ba62ae5d0602aa5705238c9ccaf2a8a44423169320860373be47758,tt_comm,video,,PK/tiktok_videos,181,False,
tiktok_video:local_de2688c18ad4d5bf2f3387b9ae724cb47042387b9c92b3305f361f00fee18afa,tt_comm,video,,PK/tiktok_videos,260,False,
tiktok_video:local_fddc851592efc5ce58c538a7f5de9b84f63687e259d2c798e47b5227cb5de05e,tt_comm,video,,PK/tiktok_videos,260,True,
tiktok_video:local_ffe01c4ec3350952e0e3e4429e7f87e930bcfb6ec49f938540a30ad0b47113dc,tt_comm,video,,PK/tiktok_videos,260,False,
tiktok_video:local_88af59ae9a2fa322212e2c329b587b18d8ed944d676cd9e0e6716bcc388db04f,tt_direct,video,,PK/tiktok_videos,260,True,
tiktok_video:local_2a99087ef9862b8bf038d9f9d8b28b279658f739f138e4f1f9452d4f64b63780,tt_comm,video,,PK/tiktok_videos,260,True,
tiktok_video:local_0c70a26d899dd377c2c10d855ef4b94b688f348c931756343af74788bd05492f,tt_direct,video,,PK/tiktok_videos,260,False,
tiktok_video:local_53082fbbc8746c750ac14bfa62cecdb893e9de49acad1a19f148d82f41e4f4f7,tt_direct,video,,PK/tiktok_videos,260,False,
tiktok_video:local_36bd46b63f1015caa413f5e2e90ed885f5f1f7610fb6bf064cccb998da3888c9,tt_comm,video,,PK/tiktok_videos,260,False,
tiktok_video:local_4b8b0af81b73929295327284e2ad87673d1c8cb539b3bf4b824d4d9fae707704,tt_comm,video,,PK/tiktok_videos,260,False,
tiktok_video:local_aceacb54a5271d58dc6ccfa7e3ab27f3d9bae1c21753dead0408a5fa01b64d73,tt_comm,video,,PK/tiktok_videos,51,False,
tiktok_video:local_9e22ddbf6b13dcffb19b60ed37324f84f200b27b947ace82048ffb7e43b423c6,tt_comm,video,,PK/tiktok_videos,260,False,
tiktok_video:local_a6e591bd69170f63bf0cb4ccef520fb088ac7732bc44619f4311cfc47aa49f76,tt_comm,video,,PK/tiktok_videos,136,False,
tiktok_video:local_b7424b730f324b016e93d426212a5655f89cf8955d31c973569e40ecc244fa6a,tt_comm,video,,PK/tiktok_videos,260,False,
tiktok_video:local_9787280131dc4af455a043ce4ea4ec4d8987b3c562126893ecea8bdcc6fa9a1e,tt_comm,video,,PK/tiktok_videos,260,True,
tiktok_video:local_0b9c2076c4ed1f2f8a123b91626bfd693fd8b5d9ad6890944ab2d0195ccffac6,tt_comm,video,,PK/tiktok_videos,258,False,
tiktok_video:local_1459027233631e98693c123858c3bf0452a74d9523669429c2f7a5ea79dcca08,tt_comm,video,,PK/tiktok_videos,260,False,
tiktok_video:local_b25c47465c2ab96b80a8dcd6acced30c00e4db43ee456c945dec17630fef6db3,tt_comm,video,,PK/tiktok_videos,260,False,
tiktok_video:local_164c7e8be6820a9a0bc081c90920d8070435c15bff5ab5faac2e0353c6912988,tt_comm,video,,PK/tiktok_videos,260,True,
tiktok_video:local_ec3f15be16389c7f8caa85e20b7df4ac0dddfa3a5f1e7b08a246356fb3521402,tt_comm,video,,PK/tiktok_videos,260,False,
tiktok_video:local_4e77c895243ae8d1ded3c0c389df02b2c57ea76f737adaecbb673f46583ffb7b,tt_comm,video,,PK/tiktok_videos,260,True,
tiktok_video:local_0bfd1c9e119a18b2f385c1494b75b70bbcfbda1e509aed5c111540a47ea5af20,tt_direct,video,,PK/tiktok_videos,260,True,
tiktok_video:local_090d58c83d76ba18dd97117cd2caee19bccec3983241be34a65be09aaf42656c,tt_comm,video,,PK/tiktok_videos,260,False,
tiktok_video:local_19e96a86eafa09d3ed02f80e2da63287518e9f677d6ed1df72e5b658ef0ed58c,tt_comm,video,,PK/tiktok_videos,260,False,
tiktok_video:local_28622b3399b4dc8f0f0ea4045c2d4d6821fde76268d5f9b7407fd9a8ee058cd6,tt_direct,video,,PK/tiktok_videos,260,False,
tiktok_video:local_4e90086ba29711ca9484bb9f85d61efc17878f8361fa5c081162fbe06cccfde1,tt_direct,video,,PK/tiktok_videos,260,True,
tiktok_video:local_75eb6e8173e8ffe52b349ee3594577f8c5e68ecf377dab71e6eb942875590747,tt_direct,video,,PK/tiktok_videos,260,False,
tiktok_video:local_43e577ae961aba689fd753e96b64e6238c4c60a4f3f9452444a3f146d84a02f4,tt_direct,video,,PK/tiktok_videos,260,False,
tiktok_video:local_cbfaedb7e7662b23fe2d4b46f26821e197819a9457399b48fa74329d388dc7be,tt_direct,video,,PK/tiktok_videos,260,False,
tiktok_video:local_a973facdc9ddc57bc7d118a613bc4cf5c4d5af05a46804a698fd9c58d6e3edc4,tt_direct,video,,PK/tiktok_videos,211,False,
tiktok_video:local_ec271c620af281e16e517901fdd84c229a298bf3f8afb752f58fc7deb3cbe0da,tt_comm,video,,PK/tiktok_videos,260,True,
tiktok_video:local_dad0a7408cb3bae2a543a3284d3c8df544a7d962ce108c47175fb4f3fa4cdd51,tt_direct,video,,PK/tiktok_videos,260,False,
tiktok_video:local_f523ba8c57170702890c54952cb816653f4006831d0426ac6ac8a53ee1e20c8c,tt_direct,video,,PK/tiktok_videos,260,False,
tiktok_video:local_08c305fe10f02e9da6cd1106830e4d5afb2ecd6566b30a50c1909b0e6c6af89f,tt_direct,video,,LIVE/tiktok_ebaylive_captions,186,False,
tiktok_video:local_ae88b4846925f57aeaaaa8c0bc7f2496cb6f0e7e7fa2b38416af0c1c635e2191,tt_direct,video,,LIVE/tiktok_ebaylive_captions,420,False,
tiktok_video:local_627a60aa32564e1765c07b784adc7847a1e261d24042134c5aefff9396f73bd6,tt_direct,video,,LIVE/tiktok_ebaylive_captions,211,False,
tiktok_video:local_0a5a262f3aea878b77373b9e0995a0c00f0f768574288919baee14f293d0a9a3,tt_direct,video,,LIVE/tiktok_ebaylive_captions,356,False,
tiktok_video:local_e1a367bc55ce75a0f43f151080b6e16c5d159ed94d4119413eab444363f63672,tt_direct,video,,LIVE/tiktok_ebaylive_captions,420,False,
tiktok_video:local_e74400576be7640392b593b2c0fb91d4de32cebee15a55d68b09762416b6e628,tt_direct,video,,LIVE/tiktok_ebaylive_captions,218,False,
tiktok_video:local_63c645f28c308b02d9f1e46d2941920b624b0a856df26617477548b829ee6cae,tt_direct,video,,LIVE/tiktok_ebaylive_captions,420,False,
tiktok_video:local_57f2669b2b4fbea8985a3fb3d96af8a784a7d757ac84e5efed712cd847089831,tt_direct,video,,LIVE/tiktok_ebaylive_captions,257,False,
tiktok_video:local_30074f1583efcfb4aad49ff70664596a9f392c9126d6949e054fc772d2706b7f,tt_direct,video,,LIVE/tiktok_ebaylive_captions,141,False,
tiktok_video:local_f76262022d76f3c6cc8bc0539be77f7d7a20b5e0412c12f2f899731385872b17,tt_direct,video,,LIVE/tiktok_ebaylive_captions,420,True,
tiktok_video:local_dc6720288fd76eea647275bdfe8a3601229db1c22da4104ec7bb465f7c4ca1b2,tt_direct,video,,LIVE/tiktok_ebaylive_captions,146,False,
tiktok_video:local_8ab883e5b6de9a3d366deedffd5c45e1cd2e5691bb0011b800a4d100a73b040a,tt_direct,video,,LIVE/tiktok_ebaylive_captions,420,True,
tiktok_video:local_8c6ebc992b6110b1bd4e0cf74809ea7d1b866d105e4a57329f13b1efaf7506d4,tt_direct,video,,LIVE/tiktok_ebaylive_captions,361,False,
tiktok_video:local_da33bf27eaa5bf7d7831bc3cfed79ec4e31bd8ab04e1278c036ea74605ff020e,tt_direct,video,,LIVE/tiktok_ebaylive_captions,420,True,
tiktok_video:local_51ab5800ba9189e3523179e838ff72ba69ed0a16f7f64c69878b5f2e594de755,tt_direct,video,,LIVE/tiktok_ebaylive_captions,420,True,
tiktok_video:local_c782f692bc978712553acc428d84478c360c37b87d09db49380b52f9c7e7ffe6,tt_direct,video,,LIVE/tiktok_ebaylive_captions,420,False,
tiktok_video:local_447635e84544972027c69f6ac1e6192795bca96d68aa3ef867b94bfdfdde130b,tt_direct,video,,LIVE/tiktok_ebaylive_captions,420,False,
tiktok_video:local_e9c4f012cf86f5f7fa3865c61be45b12bfab9472fd72a5915d4b0a79c0e8b299,tt_direct,video,,LIVE/tiktok_ebaylive_captions,313,False,
tiktok_video:local_0f95bcedae470924ff9ae778f25d16d6ec80acf973be2784193b8a601006f3de,tt_direct,video,,LIVE/tiktok_ebaylive_captions,420,False,
tiktok_video:local_c67838ae2adfd72a953a41d8235469d9f84250b5d84fd3bd0730cba35da103ef,tt_direct,video,,LIVE/tiktok_ebaylive_captions,211,False,
tiktok_video:local_ef97316133dd506a0e663cf2c1d1c294c58cf077e8580508ea7015471420d73f,tt_direct,video,,LIVE/tiktok_ebaylive_captions,420,False,
reddit:t3_1qvaf6c,rd_broad,post,,PK/reddit_posts,450,True,
reddit:t3_1pbo9ic,rd_broad,post,,PK/reddit_posts,450,True,
reddit:t3_1qd1fa4,rd_broad,post,,PK/reddit_posts,450,True,
reddit:source_title_399111389a5e6e6254dc,rd_broad,post,,PK/reddit_posts,450,True,
reddit:t3_1u15aox,rd_broad,post,,PK/reddit_posts,450,True,
reddit:t3_1u2j162,rd_broad,post,,PK/reddit_posts,450,True,
reddit:t3_1pgsw0i,rd_broad,post,,PK/reddit_posts,450,True,
reddit:t3_1o7ekel,rd_broad,post,,PK/reddit_posts,215,False,
reddit:t3_1trdhqk,rd_broad,post,,PK/reddit_posts,450,True,
reddit:t3_1ot63kf,rd_broad,post,,PK/reddit_posts,450,True,
reddit:t3_1r8eukv,rd_broad,post,,PK/reddit_posts,450,True,
reddit:t3_1nedkcf,rd_broad,post,,PK/reddit_posts,450,True,
reddit:t3_1snt8ll,rd_broad,post,,PK/reddit_posts,388,False,
reddit:t3_1rhj3nn,rd_ebay,post,,PK/reddit_posts,116,False,
reddit:t3_1vv6e60,rd_ebay,post,,PK/reddit_posts,450,True,
reddit:t3_1rwn9r8,rd_ebay,post,,PK/reddit_posts,450,True,
reddit:t3_1wpim4j,rd_ebay,post,,PK/reddit_posts,450,True,
reddit:t3_1sulz36,rd_ebay,post,,PK/reddit_posts,450,True,
reddit:t3_1ti4fec,rd_ebay,post,,PK/reddit_posts,450,True,
reddit:t3_1w86i3b,rd_ebay,post,,PK/reddit_posts,358,False,
reddit:t3_1unk16p,rd_ebay,post,,PK/reddit_posts,450,True,
reddit:t3_1r3ngpa,rd_ebay,post,,PK/reddit_posts,450,True,
reddit:t3_1vmx43y,rd_ebay,post,,PK/reddit_posts,450,True,
reddit:t3_1nyt9vp,rd_ebay,post,,PK/reddit_posts,450,True,
reddit:t3_1wflj0d,rd_ebay,post,,PK/reddit_posts,450,True,
reddit:t3_1wpr463,rd_ebay,post,,PK/reddit_posts,450,True,
reddit:t3_1pcpv9c,rd_broad,post,,PK/reddit_posts,450,True,
reddit:t3_1uug0m0,rd_ebay,post,,PK/reddit_posts,409,False,
reddit:t1_o64htk9,rd_broad,comment,t3_1r8eukv,PK/reddit_comments,300,True,
reddit:t1_o64lslh,rd_broad,comment,t3_1r8eukv,PK/reddit_comments,129,False,
reddit:t1_o64gft6,rd_broad,comment,t3_1r8eukv,PK/reddit_comments,148,False,
reddit:t1_o64qkzj,rd_broad,comment,t3_1r8eukv,PK/reddit_comments,61,False,
reddit:t1_o64gz45,rd_broad,comment,t3_1r8eukv,PK/reddit_comments,134,False,
reddit:t1_o64n9zw,rd_broad,comment,t3_1r8eukv,PK/reddit_comments,117,False,
reddit:t1_o64ua2i,rd_broad,comment,t3_1r8eukv,PK/reddit_comments,300,True,
reddit:t1_o657hng,rd_broad,comment,t3_1r8eukv,PK/reddit_comments,173,False,
reddit:t1_o64r85b,rd_broad,comment,t3_1r8eukv,PK/reddit_comments,89,False,
reddit:t1_o65m5pj,rd_broad,comment,t3_1r8eukv,PK/reddit_comments,300,True,
reddit:t1_o65pp0y,rd_broad,comment,t1_o64ua2i,PK/reddit_comments,226,False,
reddit:t1_o64o8wg,rd_broad,comment,t1_o64htk9,PK/reddit_comments,300,True,
reddit:t1_o66h9y8,rd_broad,comment,t1_o65m5pj,PK/reddit_comments,197,False,
reddit:t1_njn16bw,rd_broad,comment,t3_1o7ekel,PK/reddit_comments,49,False,
reddit:t1_njn40iz,rd_broad,comment,t3_1o7ekel,PK/reddit_comments,134,False,
reddit:t1_njn5et7,rd_broad,comment,t3_1o7ekel,PK/reddit_comments,139,False,
reddit:t1_njnj3qo,rd_broad,comment,t3_1o7ekel,PK/reddit_comments,256,False,
reddit:t1_njn3ck9,rd_broad,comment,t3_1o7ekel,PK/reddit_comments,61,False,
reddit:t1_njnbx1n,rd_broad,comment,t3_1o7ekel,PK/reddit_comments,68,False,
reddit:t1_njn42rr,rd_broad,comment,t3_1o7ekel,PK/reddit_comments,300,True,
reddit:t1_njnk81i,rd_broad,comment,t1_njn42rr,PK/reddit_comments,63,False,
reddit:t1_njn4j7k,rd_broad,comment,t1_njn16bw,PK/reddit_comments,179,False,
reddit:t1_njnb7lz,rd_broad,comment,t1_njna49e,PK/reddit_comments,135,False,
reddit:t1_njnyfxe,rd_broad,comment,t1_njnb7lz,PK/reddit_comments,133,False,
reddit:t1_oqxuzfk,rd_broad,comment,t3_1u2j162,PK/reddit_comments,300,True,
reddit:t1_oqyqugn,rd_broad,comment,t3_1u2j162,PK/reddit_comments,300,True,
reddit:t1_oqzn2h9,rd_broad,comment,t3_1u2j162,PK/reddit_comments,88,False,
reddit:t1_oqyekyt,rd_broad,comment,t3_1u2j162,PK/reddit_comments,300,True,
reddit:t1_or23xml,rd_broad,comment,t3_1u2j162,PK/reddit_comments,100,False,
reddit:t1_oqyxrzz,rd_broad,comment,t3_1u2j162,PK/reddit_comments,108,False,
reddit:t1_oqyytk4,rd_broad,comment,t1_oqy61zd,PK/reddit_comments,135,False,
reddit:t1_oqxwr3t,rd_broad,comment,t1_oqxuzfk,PK/reddit_comments,87,False,
reddit:t1_oqxzv7p,rd_broad,comment,t1_oqxuzfk,PK/reddit_comments,300,True,
reddit:t1_oqytusu,rd_broad,comment,t1_oqxzv7p,PK/reddit_comments,138,False,
reddit:t1_oqyjfka,rd_broad,comment,t1_oqy1q14,PK/reddit_comments,39,False,
reddit:t1_or0o5ar,rd_broad,comment,t1_oqyjfka,PK/reddit_comments,164,False,
reddit:t1_o3g8s7e,rd_broad,comment,t3_1qvaf6c,PK/reddit_comments,300,True,
reddit:t1_o3g76yz,rd_broad,comment,t3_1qvaf6c,PK/reddit_comments,20,False,
reddit:t1_o3g8zwe,rd_broad,comment,t3_1qvaf6c,PK/reddit_comments,300,True,
reddit:t1_o3g93jt,rd_broad,comment,t3_1qvaf6c,PK/reddit_comments,146,False,
reddit:t1_o3gcie8,rd_broad,comment,t1_o3g8s7e,PK/reddit_comments,300,True,
reddit:t1_o3ga2qg,rd_broad,comment,t1_o3g8s7e,PK/reddit_comments,101,False,
reddit:t1_o3gcoam,rd_broad,comment,t1_o3g8zwe,PK/reddit_comments,254,False,
reddit:t1_o3gjnvj,rd_broad,comment,t1_o3g8s7e,PK/reddit_comments,126,False,
reddit:t1_o3g9xpn,rd_broad,comment,t1_o3g76yz,PK/reddit_comments,191,False,
reddit:t1_o3gazye,rd_broad,comment,t1_o3g9xpn,PK/reddit_comments,126,False,
reddit:t1_o3guf4e,rd_broad,comment,t1_o3gjnvj,PK/reddit_comments,300,True,
reddit:t1_o3gbmfz,rd_broad,comment,t1_o3gazye,PK/reddit_comments,283,False,
youtube_video:wz6ZI6DO_Ng,yt_titles,video,,PK/yt_titles,47,False,
youtube_video:1C2dd9eaJ3g,yt_titles,video,,PK/yt_titles,43,False,
youtube_video:13mbY_Z4s9I,yt_titles,video,,PK/yt_titles,44,False,
youtube_video:v8MtSbhRjaI,yt_titles,video,,PK/yt_titles,88,False,
youtube_video:RkiDLHj9kfg,yt_titles,video,,PK/yt_titles,93,False,
youtube_video:p-CNqgXbdqM,yt_titles,video,,PK/yt_titles,43,False,
youtube_video:Mul1iRCBKjk,yt_titles,video,,PK/yt_titles,49,False,
youtube_video:X8bQlgTfwYE,yt_titles,video,,PK/yt_titles,69,False,
youtube_video:BTxQZxP2MSw,yt_titles,video,,PK/yt_titles,70,False,
youtube_video:PyBgrCpJ25I,yt_titles,video,,PK/yt_titles,40,False,
youtube_video:H50erDXe_WI,yt_titles,video,,PK/yt_titles,49,False,
youtube_video:2KjFPhW909g,yt_titles,video,,PK/yt_titles,52,False,
youtube_video:UQGYab0_F1E,yt_titles,video,,PK/yt_titles,94,False,
youtube_video:aA8soPXmsS4,yt_titles,video,,PK/yt_titles,51,False,
youtube_comment:UgxnNS5LwO9QZzZaTO14AaABAg,yt_comments,comment,youtube_video:p-CNqgXbdqM,PK/yt_comments,14,False,
youtube_comment:Ugw8UgsmWXnd2JbMM4l4AaABAg,yt_comments,comment,youtube_video:3MlB752Moqw,PK/yt_comments,71,False,
youtube_comment:UgxNlch5meKwhYjsRnB4AaABAg,yt_comments,comment,youtube_video:p-CNqgXbdqM,PK/yt_comments,26,False,
youtube_comment:Ugwu0cli-xxcwwfGna54AaABAg,yt_comments,comment,youtube_video:1C2dd9eaJ3g,PK/yt_comments,162,False,
youtube_comment:UgwMZJkFRvRYo929_IR4AaABAg,yt_comments,comment,youtube_video:PyBgrCpJ25I,PK/yt_comments,300,True,
youtube_comment:UgxUAxsBByhft3opmtN4AaABAg,yt_comments,comment,youtube_video:wz6ZI6DO_Ng,PK/yt_comments,234,False,
youtube_comment:UgzL2auYrRCVbeF47jl4AaABAg,yt_comments,comment,youtube_video:1C2dd9eaJ3g,PK/yt_comments,92,False,
youtube_comment:Ugwmg_vdbSnOGOVA4Gx4AaABAg,yt_comments,comment,youtube_video:rRKgRphNS2c,PK/yt_comments,41,False,
youtube_comment:Ugzk_Po0lsvpbjtOsbl4AaABAg,yt_comments,comment,youtube_video:RkiDLHj9kfg,PK/yt_comments,43,False,
youtube_comment:UgxDckSRd4OEDxFW9el4AaABAg,yt_comments,comment,youtube_video:RkiDLHj9kfg,PK/yt_comments,187,False,
youtube_comment:UgzDF736v_Blv5_a0GN4AaABAg,yt_comments,comment,youtube_video:v8MtSbhRjaI,PK/yt_comments,108,False,
youtube_comment:UgySewAHNM55lwvsMtB4AaABAg,yt_comments,comment,youtube_video:onkGjo3A000,PK/yt_comments,60,False,
youtube_comment:UgzdsunTemD7cxoE3Ip4AaABAg,yt_comments,comment,youtube_video:S21B814IH-A,PK/yt_comments,118,False,
youtube_comment:UgyfaPQysUDtRyGOES94AaABAg,yt_comments,comment,youtube_video:afclx6NcAAU,PK/yt_comments,125,False,
youtube_comment:UgzEcSkS8CFlSkNNoVF4AaABAg,yt_comments,comment,youtube_video:RmcGV_LhuaA,PK/yt_comments,60,False,
youtube_comment:UgwcR73ob2HBRN59eu54AaABAg,yt_comments,comment,youtube_video:13mbY_Z4s9I,PK/yt_comments,300,True,
youtube_comment:Ugy34n1QqMwovZEhB394AaABAg,yt_comments,comment,youtube_video:2KjFPhW909g,PK/yt_comments,76,False,
youtube_comment:Ugz5nBxnGuEJJr0XJgx4AaABAg,yt_comments,comment,youtube_video:RmcGV_LhuaA,PK/yt_comments,82,False,
youtube_comment:Ugw37u2Dqytb6rCIdbx4AaABAg,yt_comments,comment,youtube_video:8xpfroJnUmg,PK/yt_comments,93,False,
youtube_comment:UgzGRbQ1yLfW-VQXp4h4AaABAg,yt_comments,comment,youtube_video:UQGYab0_F1E,PK/yt_comments,31,False,
youtube_comment:UgxeixAQxNDpWR8omLZ4AaABAg,yt_comments,comment,youtube_video:wz6ZI6DO_Ng,PK/yt_comments,36,False,
youtube_comment:Ugwlhlr2hoGtmNlZHJ94AaABAg,yt_comments,comment,youtube_video:RmcGV_LhuaA,PK/yt_comments,287,False,
youtube_comment:UgwsVsA80fi2Em-39tN4AaABAg,yt_comments,comment,youtube_video:aA8soPXmsS4,PK/yt_comments,147,False,
youtube_comment:Ugzakwy5sa-rW18rphB4AaABAg,yt_comments,comment,youtube_video:Y4yalvgNRQ0,PK/yt_comments,86,False,
youtube_live:19bmF518whA:1379,yt_chat,chat_message,youtube_stream:19bmF518whA,PK/chat_nonhost,54,False,
youtube_live:19bmF518whA:1381,yt_chat,chat_message,youtube_stream:19bmF518whA,PK/chat_nonhost,17,False,
youtube_live:19bmF518whA:1382,yt_chat,chat_message,youtube_stream:19bmF518whA,PK/chat_nonhost,62,False,
youtube_live:19bmF518whA:1383,yt_chat,chat_message,youtube_stream:19bmF518whA,PK/chat_nonhost,14,False,
youtube_live:19bmF518whA:1384,yt_chat,chat_message,youtube_stream:19bmF518whA,PK/chat_nonhost,13,False,
youtube_live:19bmF518whA:1385,yt_chat,chat_message,youtube_stream:19bmF518whA,PK/chat_nonhost,8,False,
youtube_live:19bmF518whA:1387,yt_chat,chat_message,youtube_stream:19bmF518whA,PK/chat_nonhost,4,False,
youtube_live:19bmF518whA:1388,yt_chat,chat_message,youtube_stream:19bmF518whA,PK/chat_nonhost,20,False,
youtube_live:19bmF518whA:1389,yt_chat,chat_message,youtube_stream:19bmF518whA,PK/chat_nonhost,4,False,
youtube_live:19bmF518whA:1391,yt_chat,chat_message,youtube_stream:19bmF518whA,PK/chat_nonhost,13,False,
youtube_live:19bmF518whA:1392,yt_chat,chat_message,youtube_stream:19bmF518whA,PK/chat_nonhost,31,False,
youtube_live:19bmF518whA:1393,yt_chat,chat_message,youtube_stream:19bmF518whA,PK/chat_nonhost,28,False,
youtube_live:19bmF518whA:1395,yt_chat,chat_message,youtube_stream:19bmF518whA,PK/chat_nonhost,33,False,
youtube_live:19bmF518whA:1396,yt_chat,chat_message,youtube_stream:19bmF518whA,PK/chat_nonhost,23,False,
youtube_live:19bmF518whA:1398,yt_chat,chat_message,youtube_stream:19bmF518whA,PK/chat_nonhost,79,False,
youtube_live:19bmF518whA:1399,yt_chat,chat_message,youtube_stream:19bmF518whA,PK/chat_nonhost,25,False,
youtube_live:19bmF518whA:1400,yt_chat,chat_message,youtube_stream:19bmF518whA,PK/chat_nonhost,33,False,
youtube_live:19bmF518whA:1402,yt_chat,chat_message,youtube_stream:19bmF518whA,PK/chat_nonhost,37,False,
youtube_live:19bmF518whA:1403,yt_chat,chat_message,youtube_stream:19bmF518whA,PK/chat_nonhost,33,False,
youtube_live:19bmF518whA:1404,yt_chat,chat_message,youtube_stream:19bmF518whA,PK/chat_nonhost,28,False,
youtube_live:19bmF518whA:1405,yt_chat,chat_message,youtube_stream:19bmF518whA,PK/chat_nonhost,57,False,
youtube_live:19bmF518whA:1406,yt_chat,chat_message,youtube_stream:19bmF518whA,PK/chat_nonhost,21,False,
youtube_live:RHonjdvsRRY:1125,yt_chat,chat_message,youtube_stream:RHonjdvsRRY,PK/chat_nonhost,29,False,
youtube_live:RHonjdvsRRY:1127,yt_chat,chat_message,youtube_stream:RHonjdvsRRY,PK/chat_nonhost,29,False,
youtube_live:RHonjdvsRRY:1130,yt_chat,chat_message,youtube_stream:RHonjdvsRRY,PK/chat_nonhost,69,False,
youtube_live:RHonjdvsRRY:1131,yt_chat,chat_message,youtube_stream:RHonjdvsRRY,PK/chat_nonhost,17,False,
youtube_live:RHonjdvsRRY:1133,yt_chat,chat_message,youtube_stream:RHonjdvsRRY,PK/chat_nonhost,29,False,
youtube_live:RHonjdvsRRY:1135,yt_chat,chat_message,youtube_stream:RHonjdvsRRY,PK/chat_nonhost,6,False,
youtube_live:RHonjdvsRRY:1137,yt_chat,chat_message,youtube_stream:RHonjdvsRRY,PK/chat_nonhost,16,False,
youtube_live:RHonjdvsRRY:1138,yt_chat,chat_message,youtube_stream:RHonjdvsRRY,PK/chat_nonhost,31,False,
youtube_live:RHonjdvsRRY:1139,yt_chat,chat_message,youtube_stream:RHonjdvsRRY,PK/chat_nonhost,6,False,
youtube_live:RHonjdvsRRY:1141,yt_chat,chat_message,youtube_stream:RHonjdvsRRY,PK/chat_nonhost,24,False,
youtube_live:RHonjdvsRRY:1142,yt_chat,chat_message,youtube_stream:RHonjdvsRRY,PK/chat_nonhost,12,False,
youtube_live:RHonjdvsRRY:1144,yt_chat,chat_message,youtube_stream:RHonjdvsRRY,PK/chat_nonhost,25,False,
youtube_live:RHonjdvsRRY:1147,yt_chat,chat_message,youtube_stream:RHonjdvsRRY,PK/chat_nonhost,70,False,
youtube_live:RHonjdvsRRY:1148,yt_chat,chat_message,youtube_stream:RHonjdvsRRY,PK/chat_nonhost,11,False,
youtube_live:RHonjdvsRRY:1149,yt_chat,chat_message,youtube_stream:RHonjdvsRRY,PK/chat_nonhost,7,False,
youtube_live:RHonjdvsRRY:1152,yt_chat,chat_message,youtube_stream:RHonjdvsRRY,PK/chat_nonhost,3,False,
youtube_live:RHonjdvsRRY:1154,yt_chat,chat_message,youtube_stream:RHonjdvsRRY,PK/chat_nonhost,20,False,
youtube_live:RHonjdvsRRY:1156,yt_chat,chat_message,youtube_stream:RHonjdvsRRY,PK/chat_nonhost,8,False,
youtube_live:RHonjdvsRRY:1157,yt_chat,chat_message,youtube_stream:RHonjdvsRRY,PK/chat_nonhost,39,False,
youtube_live:RHonjdvsRRY:1158,yt_chat,chat_message,youtube_stream:RHonjdvsRRY,PK/chat_nonhost,54,False,
youtube_live:RHonjdvsRRY:1159,yt_chat,chat_message,youtube_stream:RHonjdvsRRY,PK/chat_nonhost,31,False,
youtube_live:RHonjdvsRRY:1161,yt_chat,chat_message,youtube_stream:RHonjdvsRRY,PK/chat_nonhost,12,False,
tiktok_video:local_5c65cf36e4243a57be21ea491f2136e84b9df4d56f1f04900c5b20afd8b0cb18,tt_direct,video,,PK+SC/tt_comment_groups,220,True,
tiktok_comment:7461912888165434130,tt_comments,comment,https://www.tiktok.com/@patripzpacks/video/7461729758238362911,PK+SC/tt_comment_groups,45,False,
tiktok_comment:7462047844238951201,tt_comments,comment,https://www.tiktok.com/@patripzpacks/video/7461729758238362911,PK+SC/tt_comment_groups,18,False,
tiktok_comment:7462181781351154474,tt_comments,comment,https://www.tiktok.com/@patripzpacks/video/7461729758238362911,PK+SC/tt_comment_groups,67,False,
tiktok_comment:7462099206784615214,tt_comments,comment,https://www.tiktok.com/@patripzpacks/video/7461729758238362911,PK+SC/tt_comment_groups,13,False,
tiktok_comment:7461907037232956178,tt_comments,comment,https://www.tiktok.com/@patripzpacks/video/7461729758238362911,PK+SC/tt_comment_groups,12,False,
tiktok_comment:7461785491803816750,tt_comments,comment,https://www.tiktok.com/@patripzpacks/video/7461729758238362911,PK+SC/tt_comment_groups,49,False,
tiktok_comment:7461752843077092142,tt_comments,comment,https://www.tiktok.com/@patripzpacks/video/7461729758238362911,PK+SC/tt_comment_groups,38,False,
tiktok_comment:7461934759208895239,tt_comments,comment,https://www.tiktok.com/@patripzpacks/video/7461729758238362911,PK+SC/tt_comment_groups,53,False,
tiktok_comment:7461792626086593326,tt_comments,comment,https://www.tiktok.com/@patripzpacks/video/7461729758238362911,PK+SC/tt_comment_groups,71,False,
tiktok_comment:7462650892442780446,tt_comments,comment,https://www.tiktok.com/@patripzpacks/video/7461729758238362911,PK+SC/tt_comment_groups,41,False,
tiktok_video:local_246f92b1f514e553e53afcf42dca159e2ea0460c8c8da499b9a4c2dd015c6140,tt_comm,video,,PK+SC/tt_comment_groups,220,False,
tiktok_comment:7686267440066134814,tt_comments,comment,https://www.tiktok.com/@pokeripper1/video/7686249312988204318,PK+SC/tt_comment_groups,24,False,
tiktok_comment:7686373874715656980,tt_comments,comment,https://www.tiktok.com/@pokeripper1/video/7686249312988204318,PK+SC/tt_comment_groups,27,False,
tiktok_comment:7686596104876213022,tt_comments,comment,https://www.tiktok.com/@pokeripper1/video/7686249312988204318,PK+SC/tt_comment_groups,32,False,
tiktok_comment:7689319702431269646,tt_comments,comment,https://www.tiktok.com/@pokeripper1/video/7686249312988204318,PK+SC/tt_comment_groups,41,False,
tiktok_comment:7686288875938038558,tt_comments,comment,https://www.tiktok.com/@pokeripper1/video/7686249312988204318,PK+SC/tt_comment_groups,27,False,
tiktok_comment:7686262176232145694,tt_comments,comment,https://www.tiktok.com/@pokeripper1/video/7686249312988204318,PK+SC/tt_comment_groups,74,False,
tiktok_comment:7686265561454199582,tt_comments,comment,https://www.tiktok.com/@pokeripper1/video/7686249312988204318,PK+SC/tt_comment_groups,126,False,
tiktok_comment:7686284440713200415,tt_comments,comment,https://www.tiktok.com/@pokeripper1/video/7686249312988204318,PK+SC/tt_comment_groups,36,False,
tiktok_comment:7686372540461302559,tt_comments,comment,https://www.tiktok.com/@pokeripper1/video/7686249312988204318,PK+SC/tt_comment_groups,9,False,
tiktok_comment:7686279334882460446,tt_comments,comment,https://www.tiktok.com/@pokeripper1/video/7686249312988204318,PK+SC/tt_comment_groups,145,False,
tiktok_video:local_5729c2ec34d9660b42c167c0227e1bdabe24f3cf265d45509e6e9c911294b66e,tt_comm,video,,PK+SC/tt_comment_groups,220,False,
tiktok_comment:7665537151836504863,tt_comments,comment,https://www.tiktok.com/@legendshobby/video/7665481276731788575,PK+SC/tt_comment_groups,39,False,
tiktok_comment:7665537593883345695,tt_comments,comment,https://www.tiktok.com/@legendshobby/video/7665481276731788575,PK+SC/tt_comment_groups,48,False,
tiktok_comment:7665689711046722317,tt_comments,comment,https://www.tiktok.com/@legendshobby/video/7665481276731788575,PK+SC/tt_comment_groups,97,False,
tiktok_comment:7665527087060419359,tt_comments,comment,https://www.tiktok.com/@legendshobby/video/7665481276731788575,PK+SC/tt_comment_groups,43,False,
tiktok_comment:7665529302071821086,tt_comments,comment,https://www.tiktok.com/@legendshobby/video/7665481276731788575,PK+SC/tt_comment_groups,22,False,
tiktok_comment:7665704790958261005,tt_comments,comment,https://www.tiktok.com/@legendshobby/video/7665481276731788575,PK+SC/tt_comment_groups,168,False,
tiktok_comment:7665700410912604941,tt_comments,comment,https://www.tiktok.com/@legendshobby/video/7665481276731788575,PK+SC/tt_comment_groups,26,False,
tiktok_comment:7666271553806598943,tt_comments,comment,https://www.tiktok.com/@legendshobby/video/7665481276731788575,PK+SC/tt_comment_groups,34,False,
tiktok_comment:7665716102823150350,tt_comments,comment,https://www.tiktok.com/@legendshobby/video/7665481276731788575,PK+SC/tt_comment_groups,59,False,
tiktok_comment:7665716118293037837,tt_comments,comment,https://www.tiktok.com/@legendshobby/video/7665481276731788575,PK+SC/tt_comment_groups,67,False,
tiktok_video:local_13d7da97af48c02c84bedfee7fc47a0a04e2c1697109b8e388215f6314abfb9e,tt_direct,video,,SN/tt_direct,350,False,
tiktok_video:local_70ef767324524aafee7634366ecc3c16d0db5d65280d479fffe2e95657ef4c46,tt_direct,video,,SN/tt_direct,350,False,
tiktok_video:local_3d8601e4c6b0d4e450117f654d39723bf1cb519930af381593c2094dda6bb396,tt_direct,video,,SN/tt_direct,148,False,
tiktok_video:local_0ea6d0c21fbcdd7629899c00adea660f4d8b3e0a9364164a9e4cf90d4f326432,tt_direct,video,,SN/tt_direct,350,True,
tiktok_video:local_53a90dd568b6fc681bbbc189c61c75a312a07a22a07d5c03965ed61b0c915a2b,tt_direct,video,,SN/tt_direct,350,False,
tiktok_video:local_ca0eda31f24bd5c881c36bc822f125219412fc2410e50c70f1c005e8f2763100,tt_direct,video,,SN/tt_direct,350,False,
tiktok_video:local_4dbe1364717c0963fe546fbffc61747a15b88b589ede638c0945058e9746ae95,tt_direct,video,,SN/tt_direct,350,False,
tiktok_video:local_f4505ee545fc8fffc51326e80a56050b29626ab799ff22ee1c88741d5fb985eb,tt_direct,video,,SN/tt_direct,350,False,
tiktok_video:local_39bd7ce14f69545359d9593775c3c87817a1979231709044bba25548684744a1,tt_direct,video,,SN/tt_direct,321,False,
tiktok_video:local_bf98b74df4e3e5bcb83c006ac379d8da8368147147fd27f47810bdf2fed053d9,tt_direct,video,,SN/tt_direct,350,False,
tiktok_video:local_f8e2eb2cdcc16721b4a180e35efce9d6bb1937b25513d45c8e16cef6c0716425,tt_direct,video,,SN/tt_direct,268,False,
tiktok_video:local_8a71a398d8c28fc1b47ae1aff76691891021ddd4b4e00e31e1288a5faa074d2d,tt_direct,video,,SN/tt_direct,350,False,
tiktok_video:local_e957da949f7d1fdfc8c71e4aa9ce448836b6dea45122666253b1b5ee3bbc92ed,tt_direct,video,,SN/tt_direct,284,False,
tiktok_video:local_66c78c62f398066b277f19eb36a0c23568e7b24da88cfb9a8dcce5019cabbefe,tt_direct,video,,SN/tt_direct,350,False,
tiktok_video:local_7c8c1fef12c4ccff84122c6eb5b8f44de7c87d2577a3fb785bc33861994f3041,tt_direct,video,,SN/tt_market_stated,350,False,market term in caption
tiktok_video:local_e1b518bb12ea89e7544409cb64029950f5745507369bd200d16240f7053dc2ec,tt_direct,video,,SN/tt_market_stated,350,False,market term in caption
tiktok_video:local_7551ae4b38154198cb22fca8dd31c51ac0f9b6f2792c1c619e7c264e023e77c2,tt_direct,video,,SN/tt_market_stated,350,False,market term in caption
tiktok_video:local_eec0e22940e1f09085c235ee08466d44bf0bb7d503a5ec6b02f7eee29d5d3e67,tt_direct,video,,SN/tt_market_stated,350,False,market term in caption
tiktok_video:local_3a88a92b305c98311d7c76d3c0b3082536e00460583236390e0955d5a04c2c82,tt_direct,video,,SN/tt_market_stated,350,True,market term in caption
tiktok_video:local_8d5b6a61492d19fa1b9d79200e7441241188f32689f4b6b85f4ae9ecdd445460,tt_comm,video,,SN/tt_market_stated,350,False,market term in caption
tiktok_video:local_45f905f24b6074d0fee490eadfe5c3b71ce4c9cb8b0835cf2f0962411212c81f,tt_comm,video,,SN/tt_comm,350,False,
tiktok_video:local_c7313eb2d8643566b601c107434a8e64d34fa5a969a022867363dfdba778e16c,tt_comm,video,,SN/tt_comm,350,False,
tiktok_video:local_9bb29b53571407b6326e2cd3ba3f7d19fc30833d1ec9e99d417614df6c840d43,tt_comm,video,,SN/tt_comm,350,False,
tiktok_video:local_e305b498141c93af4ebbca9e125c9f685c0a422121301d4d59821277deca8729,tt_comm,video,,SN/tt_comm,350,False,
tiktok_video:local_9834883a31b26545d1be859a03a72cdb489521b328417a43e7a8249b6d0b8fe1,tt_comm,video,,SN/tt_comm,204,False,
tiktok_video:local_59bd8dfd625f1c676a7210f790fe8f4084a15e40f4b92c758ff5f6f7cb7925c8,tt_comm,video,,SN/tt_comm,350,False,
tiktok_video:local_4224b478b0041ed6712f06af2403b86ef4c70bd97497ecb3f170ac067d5683fa,tt_comm,video,,SN/tt_comm,350,False,
tiktok_video:local_5d2aaded860394e0410c4cdaed22b640170994d66af366f289db4cb351326162,tt_comm,video,,SN/tt_comm,350,False,
tiktok_video:local_ecf5eb7253dba504b31774e6a1d1867d309ed7b8d526a784bb0fd731796cfbfa,tt_comm,video,,SN/tt_comm,350,False,
tiktok_video:local_70b7ebe20ee81271bc5e3b2b08960a6ac11222c00542eecaab7b9a4b19891bf4,tt_comm,video,,SN/tt_comm,350,False,
tiktok_video:local_73a1a4353534f446f353570c6428aedf8a0d797d6659a486545edc2c45b36c6a,tt_comm,video,,SN/tt_comm,350,False,
tiktok_video:local_bef3b26319435e8eb4fd1cd6112edb5015c4b163b2f766e3741e9bfc28a93a76,tt_comm,video,,SN/tt_comm,350,False,
tiktok_video:local_b7cc355be2b1a3bd99cebd48643e8b28bc639f7560eed04829a7135c729df4a8,tt_comm,video,,SN/tt_comment_group,350,False,parent+comments
tiktok_comment:7681652171608589089,tt_comments,comment,https://www.tiktok.com/@luh.sneakerheads/video/7681421897799617806,SN/tt_comment_group,15,False,parent+comments
tiktok_comment:7681681008614032158,tt_comments,comment,https://www.tiktok.com/@luh.sneakerheads/video/7681421897799617806,SN/tt_comment_group,21,False,parent+comments
tiktok_comment:7689197563353940750,tt_comments,comment,https://www.tiktok.com/@luh.sneakerheads/video/7681421897799617806,SN/tt_comment_group,8,False,parent+comments
tiktok_comment:7688918543215166239,tt_comments,comment,https://www.tiktok.com/@luh.sneakerheads/video/7681421897799617806,SN/tt_comment_group,16,False,parent+comments
tiktok_comment:7688729716198916886,tt_comments,comment,https://www.tiktok.com/@luh.sneakerheads/video/7681421897799617806,SN/tt_comment_group,62,False,parent+comments
tiktok_comment:7681502693869470495,tt_comments,comment,https://www.tiktok.com/@luh.sneakerheads/video/7681421897799617806,SN/tt_comment_group,12,False,parent+comments
tiktok_comment:7688702353928061718,tt_comments,comment,https://www.tiktok.com/@luh.sneakerheads/video/7681421897799617806,SN/tt_comment_group,20,False,parent+comments
tiktok_comment:7688695870913168150,tt_comments,comment,https://www.tiktok.com/@luh.sneakerheads/video/7681421897799617806,SN/tt_comment_group,13,False,parent+comments
tiktok_comment:7681716875973804822,tt_comments,comment,https://www.tiktok.com/@luh.sneakerheads/video/7681421897799617806,SN/tt_comment_group,9,False,parent+comments
tiktok_comment:7681591134036673302,tt_comments,comment,https://www.tiktok.com/@luh.sneakerheads/video/7681421897799617806,SN/tt_comment_group,10,False,parent+comments
tiktok_video:local_889a9f6874d2ccd681f3c82d5138436a2aeb01b032b9079035311a628cd8d748,tt_comm,video,,SN/tt_comment_group,350,False,parent+comments
tiktok_comment:7670040746665231118,tt_comments,comment,https://www.tiktok.com/@murphyr3ps/video/7663598993603169558,SN/tt_comment_group,39,False,parent+comments
tiktok_comment:7663599040482853654,tt_comments,comment,https://www.tiktok.com/@murphyr3ps/video/7663598993603169558,SN/tt_comment_group,33,False,parent+comments
tiktok_comment:7664667260853846815,tt_comments,comment,https://www.tiktok.com/@murphyr3ps/video/7663598993603169558,SN/tt_comment_group,50,False,parent+comments
tiktok_comment:7689268058216645389,tt_comments,comment,https://www.tiktok.com/@murphyr3ps/video/7663598993603169558,SN/tt_comment_group,23,False,parent+comments
tiktok_comment:7689195050686186254,tt_comments,comment,https://www.tiktok.com/@murphyr3ps/video/7663598993603169558,SN/tt_comment_group,14,False,parent+comments
tiktok_comment:7688627238741590814,tt_comments,comment,https://www.tiktok.com/@murphyr3ps/video/7663598993603169558,SN/tt_comment_group,14,False,parent+comments
tiktok_comment:7664322685082764063,tt_comments,comment,https://www.tiktok.com/@murphyr3ps/video/7663598993603169558,SN/tt_comment_group,52,False,parent+comments
tiktok_comment:7665168670125507359,tt_comments,comment,https://www.tiktok.com/@murphyr3ps/video/7663598993603169558,SN/tt_comment_group,53,False,parent+comments
tiktok_comment:7664401252092740383,tt_comments,comment,https://www.tiktok.com/@murphyr3ps/video/7663598993603169558,SN/tt_comment_group,24,False,parent+comments
tiktok_comment:7663599650134737686,tt_comments,comment,https://www.tiktok.com/@murphyr3ps/video/7663598993603169558,SN/tt_comment_group,21,False,parent+comments
reddit:t3_1tbjxra,rd_ebay,post,,SN/reddit_thread,500,True,
reddit:t1_oljcv1q,rd_ebay,comment,t3_1tbjxra,SN/reddit_thread,48,False,
reddit:t1_oljk98r,rd_ebay,comment,t3_1tbjxra,SN/reddit_thread,48,False,
reddit:t1_ollfqsg,rd_ebay,comment,t1_oliyor3,SN/reddit_thread,60,False,
reddit:t1_oljwvku,rd_ebay,comment,t1_oliyor3,SN/reddit_thread,265,False,
reddit:t3_1nzw8nl,rd_broad,post,,SN/reddit_thread,194,False,
reddit:t1_niwc5vg,rd_broad,comment,t3_1nzw8nl,SN/reddit_thread,192,False,
reddit:t3_1s8y9k4,rd_broad,post,,SN/reddit_thread,500,True,
reddit:t1_odkd14k,rd_broad,comment,t3_1s8y9k4,SN/reddit_thread,275,False,
reddit:t1_odl4640,rd_broad,comment,t3_1s8y9k4,SN/reddit_thread,227,False,
reddit:t1_odkdg54,rd_broad,comment,t1_odkd14k,SN/reddit_thread,54,False,
reddit:t1_odl74kz,rd_broad,comment,t1_odklcwg,SN/reddit_thread,147,False,
reddit:t3_1s8y9k4,rd_broad,post,,SN/reddit_thread,500,True,
reddit:t3_1q53zhu,rd_ebay,post,,SN/reddit_thread,214,False,
reddit:t1_nxxbljs,rd_ebay,comment,t3_1q53zhu,SN/reddit_thread,115,False,
reddit:t1_nxxo1bg,rd_ebay,comment,t3_1q53zhu,SN/reddit_thread,239,False,
reddit:t1_nxxbs6v,rd_ebay,comment,t1_nxxbljs,SN/reddit_thread,32,False,
reddit:t1_nxxcn0q,rd_ebay,comment,t1_nxxbs6v,SN/reddit_thread,422,False,
reddit:t1_nxxcw4p,rd_ebay,comment,t1_nxxcn0q,SN/reddit_thread,14,False,
reddit:t3_1q53zhu,rd_ebay,post,,SN/reddit_thread,214,False,
youtube_video:lxy9gm94vs4,yt_titles,video,,SN/yt_titles,77,False,
youtube_video:fieN4tUTxjo,yt_titles,video,,SN/yt_titles,63,False,
youtube_video:_Ze24dhLxYg,yt_titles,video,,SN/yt_titles,79,False,
youtube_video:itGgVgjfkVA,yt_titles,video,,SN/yt_titles,47,False,
youtube_video:sZ9EaX_1RnU,yt_titles,video,,SN/yt_titles,50,False,
youtube_video:cj5uRSDSeN8,yt_titles,video,,SN/yt_titles,84,False,
youtube_video:zrkcQaQCURo,yt_titles,video,,SN/yt_titles,47,False,
youtube_video:d_ML1jUq6gI,yt_titles,video,,SN/yt_titles,95,False,
youtube_comment:UgySykQKezGuTp4Pfg94AaABAg,yt_comments,comment,youtube_video:HYypv4QjUcs,SN/yt_comments,128,False,
youtube_comment:Ugyaj5zHKjC0V-GUorN4AaABAg,yt_comments,comment,youtube_video:fieN4tUTxjo,SN/yt_comments,117,False,
youtube_comment:UgxcPh9hrtPDEu0baEZ4AaABAg,yt_comments,comment,youtube_video:44ncraSQm2s,SN/yt_comments,83,False,
youtube_comment:Ugxj09IgSGw3a0pSHwt4AaABAg,yt_comments,comment,youtube_video:bMhErNF_kWA,SN/yt_comments,109,False,
youtube_comment:UgzfeqLiSfkMz-3Q__l4AaABAg,yt_comments,comment,youtube_video:_Ze24dhLxYg,SN/yt_comments,40,False,
youtube_comment:UgzvHK9D1NT1pA6eZhB4AaABAg,yt_comments,comment,youtube_video:K1ZepmG0awg,SN/yt_comments,61,False,
youtube_comment:UgxYOQeWDhWhVfqUrqt4AaABAg,yt_comments,comment,youtube_video:bMhErNF_kWA,SN/yt_comments,100,False,
youtube_comment:UgylQPRj1GhmCLIoZeV4AaABAg,yt_comments,comment,youtube_video:HYypv4QjUcs,SN/yt_comments,165,False,
youtube_comment:UgykkaUqsDTsIa4qtw54AaABAg,yt_comments,comment,youtube_video:itGgVgjfkVA,SN/yt_comments,41,False,
youtube_comment:UgwZlzH293e3O1xx1TJ4AaABAg,yt_comments,comment,youtube_video:cj5uRSDSeN8,SN/yt_comments,54,False,
youtube_comment:Ugz9wuc9_Q0t27xqMEl4AaABAg,yt_comments,comment,youtube_video:bMhErNF_kWA,SN/yt_comments,190,False,
youtube_comment:UgxbPBFfSv3Tyf-ofop4AaABAg,yt_comments,comment,youtube_video:sZ9EaX_1RnU,SN/yt_comments,299,False,
tiktok_video:local_e355b2cca0668449f435497d0fa11615ca35a5528a3be768c863ef76c5b6ae3d,tt_direct,video,,LX/handbags/tt_direct,246,False,
tiktok_video:local_cdcaeca83e9c10478867330a5338e43a1b9b05fc43987c8ba100ba36fc95ab09,tt_direct,video,,LX/handbags/tt_direct,302,False,
tiktok_video:local_9dc5e610f8268a4a785e87abd597b77ace9bb9ef9aa907c7925f3386cd748689,tt_direct,video,,LX/handbags/tt_direct,350,False,
tiktok_video:local_95b84bbff3f47ee181093ceecbeff03013c612730c7ef0ac47de29bbf55c7806,tt_direct,video,,LX/handbags/tt_direct,350,False,
tiktok_video:local_0bd4eacddc0258a05c80bada442bde34fdf384a4a1fbd9d14460b7b3b7f412b1,tt_direct,video,,LX/handbags/tt_direct,350,False,
tiktok_video:local_fda0696d295106a1b8302a3c96035560a4e8c22434f1013b0c6de3240b342696,tt_direct,video,,LX/handbags/tt_direct,350,False,
tiktok_video:local_f59398a7a4601f508dc9b45bf6288d2846667db04188f5db991635bb86bd2778,tt_direct,video,,LX/handbags/tt_direct,350,True,
tiktok_video:local_d0324d979a188f4e8e2c7164ff6103d224c57713a362d43e6a9b06dd4460883e,tt_direct,video,,LX/handbags/tt_direct,119,False,
tiktok_video:local_d6e870d2c623ba4eeb158e7c5b550e4be05537271113b9d9d6118101f4307e3c,tt_direct,video,,LX/handbags/tt_direct,350,False,
tiktok_video:local_71ce9e5c54daf89257545d03a2cc77974cd7b32b3f2241e76a7728912d7fc6a2,tt_direct,video,,LX/handbags/tt_direct,350,True,
tiktok_video:local_98427a1b2bb24a40b544835265092927cbad661b2ed1d017080f3f2dc6e40e4c,tt_comm,video,,LX/handbags/tt_comm,350,False,
tiktok_video:local_cec361e65637851079915daae0a0dc7c3fc3fcb628354621fe87857f5bd7465e,tt_comm,video,,LX/handbags/tt_comm,350,False,
tiktok_video:local_5249c77345fb530159278db198016bad0b2c14bf2d8b07d52bc03ea147ecd857,tt_comm,video,,LX/handbags/tt_comm,350,False,
tiktok_video:local_0ada9f218a43775e20e0a39e87901a6e07bdc5d396cfa1244fc1cd11da08cc90,tt_comm,video,,LX/handbags/tt_comm,350,False,
tiktok_video:local_a9a18d5ef9b018cac0a4612af319d7d2e20efe4954802947a8eaf1ea357cef44,tt_comm,video,,LX/handbags/tt_comm,350,False,
tiktok_video:local_42972f8dc3d09ec3b276447f0b1ddbb69684f9195dd46238d0af1b8fcd80f61f,tt_comm,video,,LX/handbags/tt_comm,350,False,
tiktok_video:local_39433b3d326869c11aa4b8cb1a590416bee1ee89a597a2185faf6d878ce23d9e,tt_comm,video,,LX/handbags/tt_comm,350,False,
tiktok_video:local_d251039d2514baa291bbf207cc670f73b68062b7e646551fc7b8827935adaf89,tt_comm,video,,LX/handbags/tt_comm,350,False,
reddit:t3_1sbzdvx,rd_broad,post,,LX/handbags/reddit_thread,450,True,
reddit:t3_1shwwz7,rd_broad,post,,LX/handbags/reddit_thread,450,True,
reddit:t1_ofgfyui,rd_broad,comment,t3_1shwwz7,LX/handbags/reddit_thread,450,True,
reddit:t1_offwk3x,rd_broad,comment,t3_1shwwz7,LX/handbags/reddit_thread,450,True,
reddit:t1_offwthp,rd_broad,comment,t3_1shwwz7,LX/handbags/reddit_thread,46,False,
reddit:t1_ofhtw75,rd_broad,comment,t1_ofgfyui,LX/handbags/reddit_thread,273,False,
reddit:t1_offy6fq,rd_broad,comment,t1_offwthp,LX/handbags/reddit_thread,11,False,
reddit:t3_1oe3rv0,rd_broad,post,,LX/handbags/reddit_thread,450,True,
reddit:t3_1oe3rv0,rd_ebay,post,,LX/handbags/reddit_thread,450,True,
reddit:t1_nkykxsw,rd_broad,comment,t3_1oe3rv0,LX/handbags/reddit_thread,173,False,
reddit:t1_nkyjsxm,rd_broad,comment,t3_1oe3rv0,LX/handbags/reddit_thread,450,True,
reddit:t1_nkynsy1,rd_broad,comment,t3_1oe3rv0,LX/handbags/reddit_thread,320,False,
reddit:t1_nl0qs52,rd_broad,comment,t3_1oe3rv0,LX/handbags/reddit_thread,151,False,
reddit:t1_nkywf4t,rd_broad,comment,t3_1oe3rv0,LX/handbags/reddit_thread,249,False,
reddit:t1_nlai4ln,rd_broad,comment,t3_1oe3rv0,LX/handbags/reddit_thread,219,False,
reddit:t1_nl03hi0,rd_broad,comment,t1_nkywf4t,LX/handbags/reddit_thread,146,False,
reddit:t3_1oe3rv0,rd_broad,post,,LX/handbags/reddit_thread,450,True,
reddit:t3_1tvx3x9,rd_ebay,post,,LX/handbags/reddit_thread,450,True,
reddit:t1_opkfisj,rd_ebay,comment,t3_1tvx3x9,LX/handbags/reddit_thread,163,False,
reddit:t1_opkgshc,rd_ebay,comment,t3_1tvx3x9,LX/handbags/reddit_thread,71,False,
reddit:t1_opkk0a3,rd_ebay,comment,t3_1tvx3x9,LX/handbags/reddit_thread,75,False,
reddit:t1_opkjhnm,rd_ebay,comment,t3_1tvx3x9,LX/handbags/reddit_thread,242,False,
reddit:t1_opknxnu,rd_ebay,comment,t3_1tvx3x9,LX/handbags/reddit_thread,33,False,
reddit:t3_1uuzsyt,rd_broad,post,,LX/handbags/reddit_thread,450,True,
reddit:t3_1w7wp8u,rd_ebay,post,,LX/handbags/reddit_thread,450,True,
reddit:t1_p7yhhfc,rd_ebay,comment,t3_1w7wp8u,LX/handbags/reddit_thread,311,False,
reddit:t1_p7yakdd,rd_ebay,comment,t3_1w7wp8u,LX/handbags/reddit_thread,116,False,
reddit:t1_p7yaxpk,rd_ebay,comment,t1_p7yakdd,LX/handbags/reddit_thread,206,False,
reddit:t1_p7zb9cj,rd_ebay,comment,t1_p7yaxpk,LX/handbags/reddit_thread,244,False,
reddit:t3_1w7wp8u,rd_ebay,post,,LX/handbags/reddit_thread,450,True,
tiktok_video:local_d251039d2514baa291bbf207cc670f73b68062b7e646551fc7b8827935adaf89,tt_comm,video,,LX/handbags/tt_comment_group,350,False,
tiktok_comment:7647503014844285718,tt_comments,comment,https://www.tiktok.com/@isobellorna_/video/7647481702427708694,LX/handbags/tt_comment_group,31,False,
tiktok_comment:7648515268562535181,tt_comments,comment,https://www.tiktok.com/@isobellorna_/video/7647481702427708694,LX/handbags/tt_comment_group,85,False,
tiktok_comment:7648088488961098516,tt_comments,comment,https://www.tiktok.com/@isobellorna_/video/7647481702427708694,LX/handbags/tt_comment_group,39,False,
tiktok_comment:7647586813138453270,tt_comments,comment,https://www.tiktok.com/@isobellorna_/video/7647481702427708694,LX/handbags/tt_comment_group,93,False,
tiktok_comment:7647838619542586135,tt_comments,comment,https://www.tiktok.com/@isobellorna_/video/7647481702427708694,LX/handbags/tt_comment_group,45,False,
tiktok_comment:7651695365770478358,tt_comments,comment,https://www.tiktok.com/@isobellorna_/video/7647481702427708694,LX/handbags/tt_comment_group,37,False,
tiktok_comment:7648454633484075796,tt_comments,comment,https://www.tiktok.com/@isobellorna_/video/7647481702427708694,LX/handbags/tt_comment_group,40,False,
tiktok_comment:7651593164458296086,tt_comments,comment,https://www.tiktok.com/@isobellorna_/video/7647481702427708694,LX/handbags/tt_comment_group,28,False,
tiktok_comment:7648612442767737613,tt_comments,comment,https://www.tiktok.com/@isobellorna_/video/7647481702427708694,LX/handbags/tt_comment_group,34,False,
tiktok_comment:7666552770808021782,tt_comments,comment,https://www.tiktok.com/@isobellorna_/video/7647481702427708694,LX/handbags/tt_comment_group,23,False,
youtube_video:kdEiebL1veQ,yt_titles,video,,LX/handbags/yt_titles,40,False,
youtube_video:-TgKIoItPPM,yt_titles,video,,LX/handbags/yt_titles,31,False,
youtube_video:GzyqL_QtWHY,yt_titles,video,,LX/handbags/yt_titles,73,False,
youtube_video:F_2JDmcJ1LI,yt_titles,video,,LX/handbags/yt_titles,72,False,
youtube_video:8ATRm1Bp1sU,yt_titles,video,,LX/handbags/yt_titles,100,False,
youtube_comment:UgyAleQuRmwRIuTR0J54AaABAg,yt_comments,comment,youtube_video:9x6VKkSJrzA,LX/handbags/yt_comments,16,False,
youtube_comment:Ugw9BnsI1bOLiu333Op4AaABAg,yt_comments,comment,youtube_video:K9uj6vdrqX0,LX/handbags/yt_comments,44,False,
youtube_comment:UgzFQhfo2KQgKqHAmrp4AaABAg,yt_comments,comment,youtube_video:xopbAb9MRRg,LX/handbags/yt_comments,118,False,
youtube_comment:UgyCv7jiwL0xRZbhEih4AaABAg,yt_comments,comment,youtube_video:StPDmnHiqmk,LX/handbags/yt_comments,350,True,
youtube_comment:UgzKv_-anoT5bCAbFVd4AaABAg,yt_comments,comment,youtube_video:xopbAb9MRRg,LX/handbags/yt_comments,124,False,
youtube_comment:UgwkqSuXpDDUZggtjwZ4AaABAg,yt_comments,comment,youtube_video:drQGwUVWuUI,LX/handbags/yt_comments,99,False,
youtube_comment:Ugxzt-Sc6ySbbEjueeB4AaABAg,yt_comments,comment,youtube_video:StPDmnHiqmk,LX/handbags/yt_comments,350,True,
tiktok_video:local_d6de47e7782ee160a8f010fbd3deb82660a23ae6375e5af912f12825690adefc,tt_direct,video,,LX/watches/tt,350,True,
tiktok_video:local_2b31c1acdabaada671419f349c87b579f5b26c596624a8df167d0924dd9663a2,tt_direct,video,,LX/watches/tt,135,False,
tiktok_video:local_3c4797938acde0929aaa3ac621b0fb69eeee81c34cb1aa5c905578845ddcbb0a,tt_comm,video,,LX/watches/tt,350,False,
tiktok_video:local_ac2e94cb73e26ece12c3779f78bd128648d8c86c4cd5d5008976d88c2608809f,tt_direct,video,,LX/watches/tt,350,False,
tiktok_video:local_d21a49d827bd1ff3d5b5004547870111d9efcccf4c3776a5dc29c18fc750a6a4,tt_direct,video,,LX/watches/tt,350,False,
tiktok_video:local_564fe39bc5a1264a3a10fdf2433b06f123a4ac8e76dec87527e8a8d92f24c4d1,tt_comm,video,,LX/watches/tt,260,False,
tiktok_video:local_5aa63c544b89cc150af1b49e2b535a65324a561662dc9039e2e66477f34810c1,tt_comm,video,,LX/watches/tt,350,True,
tiktok_video:local_dcf0dab9d7f74d4621e7a488c09761c5fcd83a57eae5e607158d37c02fe521a8,tt_comm,video,,LX/watches/tt,350,True,
reddit:t3_1vweez9,rd_broad,post,,LX/watches/reddit_thread,450,True,
reddit:t1_p5gahje,rd_broad,comment,t3_1vweez9,LX/watches/reddit_thread,374,False,
reddit:t1_p5gv3fj,rd_broad,comment,t3_1vweez9,LX/watches/reddit_thread,67,False,
reddit:t1_p5gb6s4,rd_broad,comment,t3_1vweez9,LX/watches/reddit_thread,53,False,
reddit:t1_p5ij8ks,rd_broad,comment,t3_1vweez9,LX/watches/reddit_thread,450,True,
reddit:t1_p5gquz5,rd_broad,comment,t3_1vweez9,LX/watches/reddit_thread,398,False,
reddit:t1_p5h24t3,rd_broad,comment,t1_p5gb6s4,LX/watches/reddit_thread,235,False,
reddit:t1_p5gbcao,rd_broad,comment,t1_p5gahje,LX/watches/reddit_thread,105,False,
reddit:t1_p5h4le2,rd_broad,comment,t1_p5gbcao,LX/watches/reddit_thread,450,True,
reddit:t3_1vweez9,rd_broad,post,,LX/watches/reddit_thread,450,True,
reddit:t3_1p7d9qr,rd_broad,post,,LX/watches/reddit_thread,450,True,
reddit:t1_nqwsyif,rd_broad,comment,t3_1p7d9qr,LX/watches/reddit_thread,118,False,
reddit:t1_nqww52q,rd_broad,comment,t3_1p7d9qr,LX/watches/reddit_thread,243,False,
reddit:t1_nqybkth,rd_broad,comment,t3_1p7d9qr,LX/watches/reddit_thread,207,False,
reddit:t1_nqxbf8q,rd_broad,comment,t3_1p7d9qr,LX/watches/reddit_thread,56,False,
reddit:t1_nqxvp3m,rd_broad,comment,t3_1p7d9qr,LX/watches/reddit_thread,118,False,
reddit:t1_nqxwd9z,rd_broad,comment,t1_nqxvp3m,LX/watches/reddit_thread,122,False,
reddit:t1_nqxts4a,rd_broad,comment,t1_nqww52q,LX/watches/reddit_thread,383,False,
reddit:t1_nqxby3i,rd_broad,comment,t1_nqxbf8q,LX/watches/reddit_thread,144,False,
reddit:t1_nqy71e0,rd_broad,comment,t1_nqxts4a,LX/watches/reddit_thread,16,False,
reddit:t3_1p7d9qr,rd_broad,post,,LX/watches/reddit_thread,450,True,
reddit:t3_1tz0dbm,rd_broad,post,,LX/watches/reddit_thread,450,True,
reddit:t1_oq7a7gc,rd_broad,comment,t3_1tz0dbm,LX/watches/reddit_thread,33,False,
reddit:t1_oq7f8nv,rd_broad,comment,t3_1tz0dbm,LX/watches/reddit_thread,151,False,
reddit:t1_oq7fajb,rd_broad,comment,t3_1tz0dbm,LX/watches/reddit_thread,450,True,
reddit:t1_oq7b1j9,rd_broad,comment,t1_oq7a7gc,LX/watches/reddit_thread,16,False,
reddit:t3_1tz0dbm,rd_broad,post,,LX/watches/reddit_thread,450,True,
reddit:t3_1oqfzzy,rd_broad,post,,LX/watches/reddit_thread,450,True,
reddit:t1_nnj2u4k,rd_broad,comment,t3_1oqfzzy,LX/watches/reddit_thread,103,False,
reddit:t1_nniqs9r,rd_broad,comment,t3_1oqfzzy,LX/watches/reddit_thread,116,False,
reddit:t1_nnj4szf,rd_broad,comment,t1_nnj2u4k,LX/watches/reddit_thread,83,False,
reddit:t3_1oqfzzy,rd_broad,post,,LX/watches/reddit_thread,450,True,
youtube_video:hWJ0uGyO1Pk,yt_titles,video,,LX/watches/yt_titles,84,False,
youtube_video:Rh5eb-gR-Ig,yt_titles,video,,LX/watches/yt_titles,41,False,
youtube_video:7fh0JxWL-po,yt_titles,video,,LX/watches/yt_titles,100,False,
youtube_video:fGvY5-bjdDI,yt_titles,video,,LX/watches/yt_titles,59,False,
youtube_comment:Ugx4zB8YtuJMb1FxyUB4AaABAg,yt_comments,comment,youtube_video:wg0RJ92Djuw,LX/watches/yt_comments,111,False,
youtube_comment:UgxQFVKEwXpuEFtPP_x4AaABAg,yt_comments,comment,youtube_video:NQK7EFq70Iw,LX/watches/yt_comments,350,True,
youtube_comment:Ugw9sPoCMBY6yzXWcid4AaABAg,yt_comments,comment,youtube_video:NQK7EFq70Iw,LX/watches/yt_comments,350,True,
youtube_comment:UgzvhQ0NkoRhDyf4N1l4AaABAg,yt_comments,comment,youtube_video:NQK7EFq70Iw,LX/watches/yt_comments,193,False,
youtube_comment:Ugx8Liu2GmJ2_jYw-AB4AaABAg,yt_comments,comment,youtube_video:NQK7EFq70Iw,LX/watches/yt_comments,65,False,
youtube_comment:Ugy-C5lIV9_9HXC7y-J4AaABAg,yt_comments,comment,youtube_video:vwsgZmF1Rfg,LX/watches/yt_comments,117,False,
youtube_comment:UgyIgg2NW9Ef9LVvw2B4AaABAg,yt_comments,comment,youtube_video:urGSyXd0wCo,LX/watches/yt_comments,350,True,
reddit:t3_1s5ae92,rd_broad,post,,LX/fragrance,400,True,
reddit:t1_nxdf19b,rd_broad,comment,t1_nxamiii,LX/fragrance,400,True,
youtube_video:urGSyXd0wCo,yt_titles,video,,LX/fragrance,63,False,
reddit:t1_nlqh341,rd_ebay,comment,t3_1ohqek1,LX/fragrance,400,True,
tiktok_video:local_714e362b6b93a783bb048370192c054431ce9c2f374d775653839d3c72ccfa62,tt_direct,video,,LX/fragrance,400,False,
tiktok_video:local_43dc3f742c4fca48a55be512fbc647cb122edf2d481045c7d4164d36fbd245e2,tt_direct,video,,LX/fragrance,400,False,
tiktok_video:local_bee66a447e6824c1af526c136dc5d943035cf7cb968dd685a0f47dcd3fac4d4f,tt_direct,video,,LX/vintage_designer/tt,350,True,
tiktok_video:local_061e0f6f9b783fca632ad1cc60868277921695a253562cd97a8f735514b85af8,tt_direct,video,,LX/vintage_designer/tt,248,False,
tiktok_video:local_9ce6f4d15ed9eec637bbc4c5c63cb7bb4d75fc794ec6a90f1286307474ae5646,tt_direct,video,,LX/vintage_designer/tt,350,True,
tiktok_video:local_43581f51c83927d2be62c2bf6038cca40e6ba00e48c3d5c209e519df071e3c63,tt_direct,video,,LX/vintage_designer/tt,350,False,
tiktok_video:local_5b6e0e133775886a073da0193c0a5298c0977f01aa1d1b71fcea5ceb23af14ba,tt_direct,video,,LX/vintage_designer/tt,41,False,
tiktok_video:local_d886ed8f744638875812a74795906be056da863f84761aec80f66b8728729033,tt_comm,video,,LX/vintage_designer/tt,350,False,
tiktok_video:local_607e6c7f481b3e27275d3fd69408ea05031106b375d90f3eb2ef52569f1d2e94,tt_direct,video,,EL/cameras/tt_direct,350,False,
tiktok_video:local_02be6004afaf8c366f1b2dc9ff4038dec57877111c9a3b7ebf2597dc5fa495a7,tt_direct,video,,EL/cameras/tt_direct,294,False,
tiktok_video:local_be7ae1970267ca810c5ceaff413b1332e0f6c1b4264e03e7d142c2bf98ddef06,tt_direct,video,,EL/cameras/tt_direct,350,False,
tiktok_video:local_c31e30959548adcde9b9081a868319f77d47317e4d16759af2e143aad793a0de,tt_direct,video,,EL/cameras/tt_direct,350,False,
tiktok_video:local_ced297394efad9a77f06400da71cd123c622b33df4e1d7f2d2456e4163c2ed8a,tt_direct,video,,EL/cameras/tt_direct,350,False,
tiktok_video:local_71c0aed93a91f43015cd7d4da3074e2108d8c22e4b45737a10d60fb9ad802cc0,tt_direct,video,,EL/cameras/tt_direct,140,False,
tiktok_video:local_03bf92808684d4ed2a7ffeb76d334106289c4f6d07feb48f1ee3e9071460a7c9,tt_direct,video,,EL/cameras/tt_direct,350,True,
tiktok_video:local_b905f0ac85d9216c8f32df4f1e0131448f8e1bec843fc7e65a966d9743920c7f,tt_direct,video,,EL/cameras/tt_direct,350,False,
tiktok_video:local_ceaddcd97a0ab4eb8f03a75470f346fad887d235e9edc2759d277c10bdb4c84f,tt_comm,video,,EL/retro/tt_comm,350,False,
tiktok_video:local_29b339571af11027302d0a89aa4b6258f5b94b97c0f0d1ec29a356db9114ba83,tt_comm,video,,EL/retro/tt_comm,350,False,
tiktok_video:local_b396eedd475275a5b597a16a8c762fe4908ca58835864a64d8bc1aafb6476b20,tt_comm,video,,EL/retro/tt_comm,253,False,
tiktok_video:local_dcee2c75839a5155605fd0d564d921bf88bd52164d061c9989cb63956ff6bbd3,tt_comm,video,,EL/retro/tt_comm,350,True,
tiktok_video:local_27a9e453accd09c6c23abfded25afc2db55d0d1d539a269bd778d41ce18dba2d,tt_comm,video,,EL/retro/tt_comm,219,False,
tiktok_video:local_af01bbb0745cf633ad07f33595c83e920db9c30291fb98739e02db9c93644661,tt_comm,video,,EL/retro/tt_comm,350,False,
tiktok_video:local_ffb785432e3e2fd93c80aa382d8015d349cbd43b7e9f30f8b3b0f3a7e9f9f47c,tt_comm,video,,EL/retro/tt_comm,350,False,
tiktok_video:local_58c394ee4f577092a40022d8db608a0f70f88ecef87b49c4b8809d6d2e7d3f0f,tt_comm,video,,EL/retro/tt_comm,350,False,
tiktok_video:local_aa3431d8027822d875237c296c929c8dcd0aef38a9321b2fd4cfd948c602b418,tt_direct,video,,EL/mainstream_parts/tt_direct,350,False,
tiktok_video:local_c926eeb0222cf0c501ccc7365ba570834b6b2d3944ae1702a3a0c5612ecc76fc,tt_direct,video,,EL/mainstream_parts/tt_direct,15,False,
tiktok_video:local_7455e7d41b4151cdfc71575d1c568acb9511c2fdbfb079da040f3f75a16ec0bf,tt_direct,video,,EL/mainstream_parts/tt_direct,32,False,
tiktok_video:local_847b030bfc5a2948fa154e2f41e7ac9cb0c5dceb154a9a8e0f5c2cd131e87362,tt_direct,video,,EL/mainstream_parts/tt_direct,350,True,
tiktok_video:local_6cd0d0a41885c0a58daf80145ea2100f2c580e7ca3caf8f433d09ed247311398,tt_direct,video,,EL/mainstream_parts/tt_direct,350,True,
tiktok_video:local_e5ffc0503956485053fd47be86c61ed52a5cc2ff5e2bccbe6ef2518649fc5b70,tt_direct,video,,EL/mainstream_parts/tt_direct,308,False,
tiktok_video:local_d1016b2aee1111928e29c17a34d80f530eaa0f0e1a9b771d10b7d861eafc0bf9,tt_direct,video,,EL/mainstream_parts/tt_direct,350,False,
tiktok_video:local_6ef354d11a5fe232218e48d6419048e1ba19dac971095ded4820dc9d7d9915bd,tt_direct,video,,EL/mainstream_parts/tt_direct,350,False,
tiktok_video:local_1d0693b8f06146e2bf0e0b2ebee36d2f928bf73b15822ef2478bdd86a33893ec,tt_comm,video,,EL/tt_comment_group,350,False,
tiktok_comment:7443540006913868599,tt_comments,comment,https://www.tiktok.com/@retrobox24/video/7442748922990218551,EL/tt_comment_group,25,False,
tiktok_comment:7444359454416765751,tt_comments,comment,https://www.tiktok.com/@retrobox24/video/7442748922990218551,EL/tt_comment_group,124,False,
tiktok_comment:7443424981269119799,tt_comments,comment,https://www.tiktok.com/@retrobox24/video/7442748922990218551,EL/tt_comment_group,73,False,
tiktok_comment:7442826050378384183,tt_comments,comment,https://www.tiktok.com/@retrobox24/video/7442748922990218551,EL/tt_comment_group,44,False,
tiktok_comment:7452449432223630111,tt_comments,comment,https://www.tiktok.com/@retrobox24/video/7442748922990218551,EL/tt_comment_group,104,False,
tiktok_comment:7443494906025493304,tt_comments,comment,https://www.tiktok.com/@retrobox24/video/7442748922990218551,EL/tt_comment_group,129,False,
tiktok_comment:7444750439596704568,tt_comments,comment,https://www.tiktok.com/@retrobox24/video/7442748922990218551,EL/tt_comment_group,40,False,
tiktok_comment:7443510332218098488,tt_comments,comment,https://www.tiktok.com/@retrobox24/video/7442748922990218551,EL/tt_comment_group,54,False,
tiktok_comment:7444654390272885559,tt_comments,comment,https://www.tiktok.com/@retrobox24/video/7442748922990218551,EL/tt_comment_group,74,False,
tiktok_comment:7443615821425820472,tt_comments,comment,https://www.tiktok.com/@retrobox24/video/7442748922990218551,EL/tt_comment_group,68,False,
reddit:t3_1r91qdw,rd_ebay,post,,EL/reddit_thread,160,False,
reddit:t1_o6b1kn1,rd_ebay,comment,t3_1r91qdw,EL/reddit_thread,68,False,
reddit:t1_o6b1az2,rd_ebay,comment,t3_1r91qdw,EL/reddit_thread,68,False,
reddit:t1_o6cscn3,rd_ebay,comment,t3_1r91qdw,EL/reddit_thread,111,False,
reddit:t1_o6b5zp3,rd_ebay,comment,t1_o6b1kn1,EL/reddit_thread,119,False,
reddit:t1_o6b6jce,rd_ebay,comment,t1_o6b5zp3,EL/reddit_thread,36,False,
reddit:t3_1rp5h81,rd_ebay,post,,EL/reddit_thread,450,True,
reddit:t1_o9ikaqo,rd_ebay,comment,t3_1rp5h81,EL/reddit_thread,30,False,
reddit:t1_o9ik5zr,rd_ebay,comment,t3_1rp5h81,EL/reddit_thread,82,False,
reddit:t1_o9ir2u1,rd_ebay,comment,t3_1rp5h81,EL/reddit_thread,65,False,
reddit:t1_o9irz79,rd_ebay,comment,t3_1rp5h81,EL/reddit_thread,176,False,
reddit:t3_1rp5h81,rd_ebay,post,,EL/reddit_thread,450,True,
reddit:t3_1r6l7fu,rd_broad,post,,EL/reddit_thread,450,True,
reddit:t1_o5r3r30,rd_broad,comment,t3_1r6l7fu,EL/reddit_thread,168,False,
reddit:t1_o5r6avt,rd_broad,comment,t3_1r6l7fu,EL/reddit_thread,65,False,
reddit:t1_o5s5czh,rd_broad,comment,t3_1r6l7fu,EL/reddit_thread,198,False,
reddit:t1_o5seezx,rd_broad,comment,t1_o5s5czh,EL/reddit_thread,266,False,
reddit:t1_o5r4nt4,rd_broad,comment,t1_o5r42e0,EL/reddit_thread,189,False,
reddit:t1_o5r5kw9,rd_broad,comment,t1_o5r4nt4,EL/reddit_thread,184,False,
reddit:t3_1r6l7fu,rd_broad,post,,EL/reddit_thread,450,True,
reddit:t3_1ojc3n1,rd_broad,post,,EL/reddit_thread,85,False,
reddit:t1_nm1wlej,rd_broad,comment,t3_1ojc3n1,EL/reddit_thread,140,False,
reddit:t1_nm1v9yb,rd_broad,comment,t3_1ojc3n1,EL/reddit_thread,68,False,
reddit:t1_nm1xw5h,rd_broad,comment,t1_nm1v9yb,EL/reddit_thread,90,False,
reddit:t1_nm1xywj,rd_broad,comment,t1_nm1v9yb,EL/reddit_thread,94,False,
reddit:t1_nm1ytgc,rd_broad,comment,t1_nm1xywj,EL/reddit_thread,311,False,
reddit:t3_1ojc3n1,rd_broad,post,,EL/reddit_thread,85,False,
youtube_video:HDfXQOD--f8,yt_titles,video,,EL/yt_titles,36,False,
youtube_video:49cW6eLR35w,yt_titles,video,,EL/yt_titles,56,False,
youtube_video:qZoCrrBtwNc,yt_titles,video,,EL/yt_titles,67,False,
youtube_video:dBFlKA08zhY,yt_titles,video,,EL/yt_titles,98,False,
youtube_comment:Ugxmdja4xDSjLm40esZ4AaABAg,yt_comments,comment,youtube_video:dBFlKA08zhY,EL/yt_comments,191,False,
youtube_comment:UgxB-Ftn6H1_PriZBtV4AaABAg,yt_comments,comment,youtube_video:Ye3pAKC0yfc,EL/yt_comments,134,False,
youtube_comment:UgzmqAtkGsVo1DeqkS94AaABAg,yt_comments,comment,youtube_video:qZoCrrBtwNc,EL/yt_comments,110,False,
youtube_comment:Ugw4yNZMYXZq3iAEOXh4AaABAg,yt_comments,comment,youtube_video:N_qFSchIBI8,EL/yt_comments,79,False,
youtube_comment:UgziISAJOi1do0JxUn14AaABAg,yt_comments,comment,youtube_video:M45b0et6kjw,EL/yt_comments,22,False,
youtube_comment:UgzdrSZim0LoXZCixex4AaABAg,yt_comments,comment,youtube_video:AhvFvHVnYWc,EL/yt_comments,350,True,
youtube_comment:UgwMrBhUgVldobeNwBB4AaABAg,yt_comments,comment,youtube_video:M45b0et6kjw,EL/yt_comments,33,False,
youtube_comment:UgwCm38x3RA7ekoc-L14AaABAg,yt_comments,comment,youtube_video:_LCwGlNFiHE,EL/yt_comments,89,False,
tiktok_video:local_6621c0c054bf24ee63366b951dbded196cb14398ea69bad3e03937b31ab569aa,tt_comm,video,,TY/blindbox/tt,350,False,
tiktok_video:local_bf4de5e601a75a64b5d24a9e51671538941f4e4c97d5f4daefab36823c0bd03e,tt_comm,video,,TY/blindbox/tt,350,False,
tiktok_video:local_9883749109545da90904afb84cd534f9dfb68747bc92f53f291408d8fbb0fce1,tt_comm,video,,TY/blindbox/tt,297,False,
tiktok_video:local_a379d2916057f327ccd77622fa131c4a6068268a70c7fc6886987e715890590e,tt_comm,video,,TY/blindbox/tt,350,False,
tiktok_video:local_d18974a6d89427cdf38d9f43ce12f094884ee774baa0c7172838fccf7af3fa8d,tt_comm,video,,TY/blindbox/tt,298,False,
tiktok_video:local_0e1abd6b9be087b8243cec21e63f33dbacd357eb359cb36bfd2caa74cc17d16e,tt_comm,video,,TY/blindbox/tt,350,False,
tiktok_video:local_631e6ad9caedbe5ed0602d9223359e1490afbf8b118d142f055c8cfb4000562b,tt_comm,video,,TY/blindbox/tt,350,False,
tiktok_video:local_3ca5b7c3bad19a465db8699f62a9b255f8ec4863c0777d93f1abc8d293f7afd9,tt_comm,video,,TY/blindbox/tt,350,False,
tiktok_video:local_16e7309a12013a8aea1bc09ec7fdb3297b27c958ed88d52b673ec2846c5ecfa7,tt_comm,video,,TY/blindbox/tt,350,False,
tiktok_video:local_9aa09393c4e511f1b9711e378d2c72a569fdaf876b6858066bbbcfffb248f875,tt_direct,video,,TY/action_figures/tt,350,False,
tiktok_video:local_ec589456f8542fe689f92b00eb3f3b01a21703852245ce269448ea8cc94414f4,tt_direct,video,,TY/action_figures/tt,350,False,
tiktok_video:local_40668d837fa850df4a247bb139af3cc3d65e6e3176dcdddda037503d59fb94d7,tt_direct,video,,TY/action_figures/tt,350,False,
tiktok_video:local_cfb33c9b1b580c0ddf5d85d2c053bc2f35ddb299978f82a81e62cdb9c889c98e,tt_direct,video,,TY/action_figures/tt,350,False,
tiktok_video:local_3d703dea10b9f822d14d7f8249e8e8ba467afa481a220cf6c796b0f067c9c0d6,tt_comm,video,,TY/action_figures/tt,350,False,
tiktok_video:local_e46e35faa1add5a6e765a1cffd18e55b9223d41ba447580b1155d732886c877e,tt_comm,video,,TY/action_figures/tt,350,False,
tiktok_video:local_a84c21b56407688c95a977ec5004c41e5bbadb9e423d11da6ab23ef760615ceb,tt_comm,video,,TY/action_figures/tt,350,True,
tiktok_video:local_e3650793a27711c0b8beebc170244673f262e68c216611a4dda227ffff49fe23,tt_comm,video,,TY/trains/tt,350,True,
tiktok_video:local_bebaa11d45291e2b801416be6e6f6b5dac1b48a0bc45b321e9af115a53a45662,tt_comm,video,,TY/trains/tt,350,False,
tiktok_video:local_51fa5c331e2d2562cd2939174bf8f07bcfebb9b2cbe64b26eac2fa7d49b0b1b3,tt_comm,video,,TY/trains/tt,238,False,
tiktok_video:local_72f5f63760d753052d58247ddb4bfecdc6f3f280eef08a89e348d8cbeeab594b,tt_comm,video,,TY/trains/tt,306,False,
tiktok_video:local_bdd94f2f1a1b0067686934f53f369d9e615cade8778a24864d5bdf7953b4b1c1,tt_comm,video,,TY/trains/tt,350,False,
tiktok_video:local_45817e9aa1a1ae683f282e3d2b5acf290a88f9b479faec5abe5f1b2d79b3b992,tt_comm,video,,TY/trains/tt,350,False,
tiktok_video:local_5b9f302ef29cfc254e593f3929978f36105341d239397789278a7716d8ff9ed6,tt_comm,video,,TY/trains/tt,211,False,
tiktok_video:local_4defa3ab36606c90aaa4e18935301126242dbfe0423cea2c8e11aa0a2777f0d9,tt_comm,video,,TY/trains/tt,350,False,
tiktok_video:local_352f0ba98a361347b2fd78a2ba7547d65cc4f52f091c7ae6fca37204b252d66a,tt_comm,video,,TY/trains/tt,342,False,
tiktok_video:local_667ec305f0a6ffc24213c189d63809ff03b0baeb0d06ad27d8b224ef993d57f2,tt_direct,video,,TY/vintage_lines/tt,350,False,
tiktok_video:local_17dd25520748e0c98e498efbcd040975a57cff0833bf4f8ff1c66d74bc501b40,tt_direct,video,,TY/vintage_lines/tt,58,False,
tiktok_video:local_1244835c61b6d87d69beb86d5f2dd21417c366acae25a54b6dba59335f235595,tt_direct,video,,TY/vintage_lines/tt,350,False,
tiktok_video:local_e73d344da73be388e4f128c513d3e53a2fb26bc9e3dbdcecc95306428161d1ab,tt_comm,video,,TY/vintage_lines/tt,350,False,
tiktok_video:local_b7298d5b60815054a505d3e172594dc27a5ca8c7a9aedd471522e4038c7aabaf,tt_comm,video,,TY/vintage_lines/tt,350,False,
tiktok_video:local_1af7f3b9b2f226d2dfc118b7c2a482f970c087887b59c198e3fa21a131695c14,tt_direct,video,,TY/vintage_lines/tt,350,True,
tiktok_video:local_910563b0d32da88c5b99e05f950685156512ac05012d0fc2b2c078850dc380c6,tt_comm,video,,TY/vintage_lines/tt,350,False,
tiktok_video:local_7d25e976f18e82140000bbdc3695d32d8e3e5491b2d373be2858d881a0702a12,tt_direct,video,,TY/vintage_lines/tt,350,False,
tiktok_video:local_a01818469419c7d18ef3a75aa4e16c7633ffcaaaef11bcfad3cf377f2c24f7b3,tt_comm,video,,TY/plush/tt,350,False,
tiktok_video:local_ce2c6095420011524c812b0ae5409b93ed887669b4f5117e966de79c327b4276,tt_comm,video,,TY/plush/tt,350,False,
tiktok_video:local_3135e0e8ffd4ecd274fa377ca352d09c345a4447be1c4f730fb8a696d0cc0b54,tt_direct,video,,TY/plush/tt,41,False,
tiktok_video:local_24b4ad5ae83bdff6de0bac99c3eddbc8d8ca31abff5d3f97e08b707f1766b62c,tt_direct,video,,TY/plush/tt,350,False,
tiktok_video:local_7f7b4dda73c9c16a9bc3f8d09c5b6f4228f4f9c25ca2c64bd8d55eaf69098beb,tt_comm,video,,TY/tt_comment_group,350,False,
tiktok_comment:7503354358359458606,tt_comments,comment,https://www.tiktok.com/@whatnot/video/7499564422554209582,TY/tt_comment_group,45,False,
tiktok_comment:7500620196484285226,tt_comments,comment,https://www.tiktok.com/@whatnot/video/7499564422554209582,TY/tt_comment_group,61,False,
tiktok_comment:7506663872768394030,tt_comments,comment,https://www.tiktok.com/@whatnot/video/7499564422554209582,TY/tt_comment_group,16,False,
tiktok_comment:7509999826307744530,tt_comments,comment,https://www.tiktok.com/@whatnot/video/7499564422554209582,TY/tt_comment_group,28,False,
tiktok_comment:7501708915789906730,tt_comments,comment,https://www.tiktok.com/@whatnot/video/7499564422554209582,TY/tt_comment_group,150,False,
tiktok_comment:7520332670212735775,tt_comments,comment,https://www.tiktok.com/@whatnot/video/7499564422554209582,TY/tt_comment_group,50,False,
tiktok_comment:7500031768726569758,tt_comments,comment,https://www.tiktok.com/@whatnot/video/7499564422554209582,TY/tt_comment_group,67,False,
tiktok_comment:7500158036738392878,tt_comments,comment,https://www.tiktok.com/@whatnot/video/7499564422554209582,TY/tt_comment_group,26,False,
tiktok_comment:7500568576386941726,tt_comments,comment,https://www.tiktok.com/@whatnot/video/7499564422554209582,TY/tt_comment_group,89,False,
tiktok_comment:7504838131923256094,tt_comments,comment,https://www.tiktok.com/@whatnot/video/7499564422554209582,TY/tt_comment_group,54,False,
tiktok_video:local_6db83504746b2179c840f96de558d4ea154cdc62a532455040761a4d05dc8628,tt_comm,video,,TY/tt_comment_group,350,False,
tiktok_comment:7641740403208946462,tt_comments,comment,https://www.tiktok.com/@mlpkingdom/video/7641729046392392991,TY/tt_comment_group,65,False,
tiktok_comment:7641741848856445727,tt_comments,comment,https://www.tiktok.com/@mlpkingdom/video/7641729046392392991,TY/tt_comment_group,39,False,
tiktok_comment:7662431613942694669,tt_comments,comment,https://www.tiktok.com/@mlpkingdom/video/7641729046392392991,TY/tt_comment_group,37,False,
tiktok_comment:7641921404618851094,tt_comments,comment,https://www.tiktok.com/@mlpkingdom/video/7641729046392392991,TY/tt_comment_group,12,False,
tiktok_comment:7641935793443734302,tt_comments,comment,https://www.tiktok.com/@mlpkingdom/video/7641729046392392991,TY/tt_comment_group,37,False,
tiktok_comment:7641735951799403295,tt_comments,comment,https://www.tiktok.com/@mlpkingdom/video/7641729046392392991,TY/tt_comment_group,102,False,
tiktok_comment:7685832621189202702,tt_comments,comment,https://www.tiktok.com/@mlpkingdom/video/7641729046392392991,TY/tt_comment_group,63,False,
tiktok_comment:7641846129885381396,tt_comments,comment,https://www.tiktok.com/@mlpkingdom/video/7641729046392392991,TY/tt_comment_group,48,False,
tiktok_comment:7641731808408814367,tt_comments,comment,https://www.tiktok.com/@mlpkingdom/video/7641729046392392991,TY/tt_comment_group,13,False,
tiktok_comment:7642014175711740693,tt_comments,comment,https://www.tiktok.com/@mlpkingdom/video/7641729046392392991,TY/tt_comment_group,205,False,
reddit:t3_1skd4mg,rd_ebay,post,,TY/reddit_thread,450,True,
reddit:t1_ofyda5k,rd_ebay,comment,t3_1skd4mg,TY/reddit_thread,160,False,
reddit:t1_ofykvtp,rd_ebay,comment,t3_1skd4mg,TY/reddit_thread,304,False,
reddit:t1_ofyd0h4,rd_ebay,comment,t3_1skd4mg,TY/reddit_thread,163,False,
reddit:t1_ofydnm7,rd_ebay,comment,t3_1skd4mg,TY/reddit_thread,100,False,
reddit:t3_1skd4mg,rd_ebay,post,,TY/reddit_thread,450,True,
reddit:t3_1txny14,rd_ebay,post,,TY/reddit_thread,450,True,
reddit:t1_opxeqbn,rd_ebay,comment,t3_1txny14,TY/reddit_thread,220,False,
reddit:t1_opxbici,rd_ebay,comment,t3_1txny14,TY/reddit_thread,80,False,
reddit:t1_opxho5y,rd_ebay,comment,t3_1txny14,TY/reddit_thread,127,False,
reddit:t1_opzx1zy,rd_ebay,comment,t1_opxeqbn,TY/reddit_thread,353,False,
reddit:t3_1txny14,rd_ebay,post,,TY/reddit_thread,450,True,
reddit:t3_1sap033,rd_ebay,post,,TY/reddit_thread,450,True,
reddit:t1_odxeqlg,rd_ebay,comment,t3_1sap033,TY/reddit_thread,150,False,
reddit:t1_odxg17j,rd_ebay,comment,t3_1sap033,TY/reddit_thread,32,False,
reddit:t1_odxel8c,rd_ebay,comment,t3_1sap033,TY/reddit_thread,23,False,
reddit:t3_1sap033,rd_ebay,post,,TY/reddit_thread,450,True,
reddit:t3_1vexsds,rd_ebay,post,,TY/reddit_thread,450,True,
reddit:t1_p1kpn97,rd_ebay,comment,t3_1vexsds,TY/reddit_thread,265,False,
reddit:t1_p1kr73q,rd_ebay,comment,t3_1vexsds,TY/reddit_thread,439,False,
reddit:t1_p1krwnx,rd_ebay,comment,t3_1vexsds,TY/reddit_thread,133,False,
reddit:t3_1vexsds,rd_ebay,post,,TY/reddit_thread,450,True,
tiktok_video:local_6bcfb3ca36f1de6ab1a9e560fc29e6f65251e6e533eeff7850d8e7196c2de920,tt_comm,video,,CN/tt_yt,300,False,
reddit:t3_1llzc73,rd_broad,post,,CN/reddit_thread,500,True,
reddit:t1_n03k5tl,rd_broad,comment,t3_1llzc73,CN/reddit_thread,90,False,
reddit:t1_n03jniq,rd_broad,comment,t3_1llzc73,CN/reddit_thread,203,False,
reddit:t1_n03k9pl,rd_broad,comment,t3_1llzc73,CN/reddit_thread,72,False,
reddit:t1_n03q3iy,rd_broad,comment,t3_1llzc73,CN/reddit_thread,421,False,
reddit:t1_n03yvpk,rd_broad,comment,t3_1llzc73,CN/reddit_thread,500,True,
reddit:t1_n03qhom,rd_broad,comment,t3_1llzc73,CN/reddit_thread,495,False,
reddit:t1_n04imlb,rd_broad,comment,t1_n03k5tl,CN/reddit_thread,373,False,
reddit:t1_n03uxvt,rd_broad,comment,t1_n03k5tl,CN/reddit_thread,440,False,
reddit:t3_1llzc73,rd_broad,post,,CN/reddit_thread,500,True,
reddit:t3_1qcvle6,rd_ebay,post,,CN/reddit_thread,78,False,
reddit:t1_nzl7upn,rd_ebay,comment,t3_1qcvle6,CN/reddit_thread,101,False,
reddit:t1_nzlcd56,rd_ebay,comment,t3_1qcvle6,CN/reddit_thread,71,False,
reddit:t1_nzl8dwi,rd_ebay,comment,t3_1qcvle6,CN/reddit_thread,135,False,
reddit:t1_nzlcag5,rd_ebay,comment,t3_1qcvle6,CN/reddit_thread,500,True,
reddit:t1_nzlcxkc,rd_ebay,comment,t1_nzlcd56,CN/reddit_thread,185,False,
reddit:t3_1vub4yy,rd_broad,post,,CN/reddit_thread,500,True,
reddit:t1_p4zsiqf,rd_broad,comment,t3_1vub4yy,CN/reddit_thread,221,False,
reddit:t1_p50jtgt,rd_broad,comment,t3_1vub4yy,CN/reddit_thread,308,False,
reddit:t1_p55noml,rd_broad,comment,t3_1vub4yy,CN/reddit_thread,75,False,
reddit:t1_p56jodo,rd_broad,comment,t3_1vub4yy,CN/reddit_thread,118,False,
reddit:t1_p5d7uyg,rd_broad,comment,t3_1vub4yy,CN/reddit_thread,92,False,
reddit:t3_1vub4yy,rd_broad,post,,CN/reddit_thread,500,True,
reddit:t3_1ufxb7r,rd_ebay,post,,CN/reddit_thread,500,True,
reddit:t1_otvg5ia,rd_ebay,comment,t3_1ufxb7r,CN/reddit_thread,41,False,
reddit:t1_otwe253,rd_ebay,comment,t3_1ufxb7r,CN/reddit_thread,153,False,
reddit:t1_otwj817,rd_ebay,comment,t3_1ufxb7r,CN/reddit_thread,500,True,
reddit:t1_otx82bu,rd_ebay,comment,t3_1ufxb7r,CN/reddit_thread,86,False,
reddit:t1_otytyj2,rd_ebay,comment,t3_1ufxb7r,CN/reddit_thread,303,False,
reddit:t1_n03kk8b,rd_broad,comment,t1_n03jniq,CN/coin_labelled_comments,118,False,
reddit:t1_n03y0q8,rd_broad,comment,t1_n03uxvt,CN/coin_labelled_comments,50,False,
reddit:t1_n03no9z,rd_broad,comment,t3_1llzc73,CN/coin_labelled_comments,356,False,
reddit:t1_n03l086,rd_broad,comment,t1_n03jniq,CN/coin_labelled_comments,400,True,
reddit:t1_n05i8pk,rd_broad,comment,t3_1llzc73,CN/coin_labelled_comments,400,True,
reddit:t1_n03t69j,rd_broad,comment,t1_n03kk8b,CN/coin_labelled_comments,112,False,
tiktok_video:local_cabc61bdcf2f7581719a931ad3d8ef0568000307d6bf2bc603ed9531a9a318c2,tt_direct,video,,AB/thrift/tt,229,False,
tiktok_video:local_9c4a18de8056465ce2ce1d0e095a8d872918ec1261a4efcbe0d836718f81a828,tt_direct,video,,AB/thrift/tt,350,False,
tiktok_video:local_8ca63de779612dd048b7a2f11e5dda59bf9bf26ba6d8bada5cedcdfeb8419c22,tt_direct,video,,AB/thrift/tt,350,False,
tiktok_video:local_e61abae748d408bc3344c5ba4318f5cabdb25dc392183a3e12d8308c9c005a5d,tt_comm,video,,AB/thrift/tt,350,False,
tiktok_video:local_bcddb583dd2616e718fd0bac16794dcacf93dc7a8aef026b994b2c47c00afd41,tt_direct,video,,AB/thrift/tt,350,False,
tiktok_video:local_0474b1922c45991bcc8a7c67d8289186886c37f2ba93bec25672ff78c62fbc34,tt_direct,video,,AB/thrift/tt,350,False,
tiktok_video:local_b00887ff629ac21b3c06636a3980bfc2a1f8dbc26541a85a8a03164c1a35793f,tt_direct,video,,AB/thrift/tt,350,False,
tiktok_video:local_8ecc6ac81ece1ee81ac8f6b1370c22d6d54150b50bb0a4a555379190e2fccbc8,tt_direct,video,,AB/thrift/tt,350,False,
tiktok_video:local_cff44bceaac66b8ad165b9518d4c2660432055a5b346144497e50d9f33659d3b,tt_direct,video,,AB/thrift/tt,350,False,
tiktok_video:local_db4809acd5d0539e2ea4bccf0c3bb0b0244e5ad6fbc35283e9f5c9caefa79f72,tt_direct,video,,AB/thrift/tt,26,False,
tiktok_video:local_13745f76e8b76f1e41808b01681db53dd3e29e10c2ec8e6b1d1091111bfaffc2,tt_direct,video,,AB/thrift/tt,350,False,
tiktok_video:local_1699a8972895d30dbc48b9cb05429113862d5deb2ba0a4146c89c99620522037,tt_comm,video,,AB/thrift/tt,350,False,
tiktok_video:local_c5f1342441d7f21cf5f3d31ebc14f7d67b338b6b90de0bbefa0e26e67ebdb380,tt_comm,video,,AB/patches/tt,350,False,
tiktok_video:local_0089e5d66d193282b94abaaca0c8d154ee5b248f4ac7c820e6abffae917f572e,tt_comm,video,,AB/patches/tt,350,False,
tiktok_video:local_5cdeaba681d63e879143662d336f59f4251ba637e747f46ffa02d3031bd21280,tt_comm,video,,AB/patches/tt,350,False,
tiktok_video:local_5cc71701df7c8785be053042df8e46c3a2d57f90c64879e7b65d6926bc807af7,tt_comm,video,,AB/patches/tt,315,False,
tiktok_video:local_4b66863ff240cb26976a245786883387ac6f3aec56b3348c4f528ef96cb7e071,tt_comm,video,,AB/patches/tt,350,False,
tiktok_video:local_1538259b061719179c4267b2853afb24289d9846eef12580798b9ae6e59d683b,tt_comm,video,,AB/patches/tt,350,False,
tiktok_video:local_39b62d1727b9d59a033e3eb672f8cc3e2987241118fbbf2159ac0b449357d02f,tt_comm,video,,AB/patches/tt,350,True,
tiktok_video:local_dbb48dcc855d90f67532b728324753a8a812ea4087108ad8a461ffbf3c255214,tt_comm,video,,AB/patches/tt,350,True,
tiktok_video:local_a203c31dbb4f693ef44ac8f4e296790aef4b98a1d64f0c0e83a80668c28eff77,tt_comm,video,,AB/patches/tt,350,False,
tiktok_video:local_e88b58ccb1a28c2b268d50be5d5447d9cd3e22bd7ac6ed55a87a5670ed19ea0b,tt_comm,video,,AB/physmedia/tt,240,False,
tiktok_video:local_e4e363d373910e9e65c47159e6f7958f630cb4c5456e12e4960926724191b947,tt_comm,video,,AB/physmedia/tt,350,False,
tiktok_video:local_ebf6a3da7715f3270b43313a2d52ac1c04fbc8e45b90d7afa9950a8c595242eb,tt_comm,video,,AB/physmedia/tt,350,False,
tiktok_video:local_8459de44190ad122e439d6a0707c479c0304fce60bdc5e22d9d485d7008f1748,tt_direct,video,,AB/physmedia/tt,350,True,
tiktok_video:local_bacd65cd2240454f3107a5a498089db626798e240106bd5ca29d77c2d851b3c5,tt_comm,video,,AB/physmedia/tt,279,False,
tiktok_video:local_7591f2c7c66e53d138e05e816b1cf9f9cde602d1d8eccddd5378e41f89f41ec1,tt_comm,video,,AB/physmedia/tt,350,False,
tiktok_video:local_4492b026b178e25d65dee6905c45ae5817dd746db0e29c89d46274c01f332fcb,tt_comm,video,,AB/physmedia/tt,350,True,
tiktok_video:local_4a91348fca3a55dbc810d99f2ad82e321b56b0cffd54470d54c2b4b7e3a4d028,tt_comm,video,,AB/physmedia/tt,350,False,
tiktok_video:local_e4b6e7361e2a648dcd9d1a0be33d972c2578dd8f32d4f73d27e4dc7deecbc770,tt_comm,video,,AB/physmedia/tt,350,True,
tiktok_video:local_1dd1a5d8575044db0f91979fd604a3a08348a7c841c96c5ba1a478e2a9decd46,tt_direct,video,,AB/pna/tt,79,False,
tiktok_video:local_e7e567b98096519e8fc28162f2be1bd51986a62a389a7b758357867202bd8bdc,tt_direct,video,,AB/pna/tt,350,False,
tiktok_video:local_2d4ba779edebe703cb8b9e134633dd2705615b46153eb7184b510622d758f694,tt_direct,video,,AB/pna/tt,350,False,
tiktok_video:local_a4d892642962b0a7d32571bfc1c14d321fd8736103723ac30541948ec7ba5728,tt_direct,video,,AB/pna/tt,350,False,
tiktok_video:local_fe0afbcf4604177204c3d11455bef9b3a9b19a5ce6acad18bf89fe1262fbf60a,tt_direct,video,,AB/pna/tt,232,False,
tiktok_video:local_daced285e1fbec1ec9488db43f80123543157c2d25a55eff7784a0c02313e5a7,tt_direct,video,,AB/pna/tt,350,True,
tiktok_video:local_21b424cbe81a956038ec7ce483cc6a462fb8d0d27d4e8ae1abd8f5ad14275bf4,tt_direct,video,,AB/pna/tt,80,False,
tiktok_video:local_a72c7e8c99fcde6837849b177435d284bcbd7f3fca56c3a313d472514289eb0c,tt_direct,video,,AB/pna/tt,350,False,
tiktok_video:local_a89c1f5da60fc264fa423c20bfab48aa3e60f05a764641323fe314d3675d31ce,tt_direct,video,,AB/pna/tt,275,False,
tiktok_video:local_b80372eecb87237235a1301f8a15be9de0f2a12aaf73f479a489d223694b1fab,tt_direct,video,,AB/pna/tt,350,False,
tiktok_video:local_5fe1e035fd492f0be484028f6c1c5c21962b8379b3447cd2e0c57506a99ec622,tt_comm,video,,AB/pna/tt,350,True,
tiktok_video:local_97b9ca83e668d2dc00a03f5f4f5c361370e9500a5dd6d9db1727780c8cb0ba7c,tt_direct,video,,AB/pna/tt,350,False,
reddit:t1_o0zedv8,rd_broad,comment,t3_1qjabr7,AB/pna/reddit_yt,355,False,
reddit:t1_o10cz45,rd_broad,comment,t3_1qjabr7,AB/pna/reddit_yt,400,True,
reddit:t1_o0yzrxf,rd_broad,comment,t1_o0xpzor,AB/pna/reddit_yt,66,False,
reddit:t1_o0xja74,rd_broad,comment,t3_1qjabr7,AB/pna/reddit_yt,225,False,
reddit:t1_olpp167,rd_ebay,comment,t3_1tcnh42,AB/pna/reddit_yt,252,False,
reddit:t1_o0yfnxe,rd_broad,comment,t3_1qjabr7,AB/pna/reddit_yt,111,False,
reddit:t1_o0xpzor,rd_broad,comment,t3_1qjabr7,AB/pna/reddit_yt,191,False,
reddit:t3_1qjabr7,rd_broad,post,,AB/pna/reddit_yt,400,True,
youtube_live:wbUy3gK7kFE:685,yt_chat,chat_message,youtube_stream:wbUy3gK7kFE,AB/sellerlive/chat_nonhost,71,False,
youtube_live:wbUy3gK7kFE:686,yt_chat,chat_message,youtube_stream:wbUy3gK7kFE,AB/sellerlive/chat_nonhost,26,False,
youtube_live:wbUy3gK7kFE:689,yt_chat,chat_message,youtube_stream:wbUy3gK7kFE,AB/sellerlive/chat_nonhost,147,False,
youtube_live:wbUy3gK7kFE:690,yt_chat,chat_message,youtube_stream:wbUy3gK7kFE,AB/sellerlive/chat_nonhost,172,False,
youtube_live:wbUy3gK7kFE:691,yt_chat,chat_message,youtube_stream:wbUy3gK7kFE,AB/sellerlive/chat_nonhost,22,False,
youtube_live:wbUy3gK7kFE:693,yt_chat,chat_message,youtube_stream:wbUy3gK7kFE,AB/sellerlive/chat_nonhost,137,False,
youtube_live:wbUy3gK7kFE:698,yt_chat,chat_message,youtube_stream:wbUy3gK7kFE,AB/sellerlive/chat_nonhost,21,False,
youtube_live:wbUy3gK7kFE:703,yt_chat,chat_message,youtube_stream:wbUy3gK7kFE,AB/sellerlive/chat_nonhost,4,False,
youtube_live:wbUy3gK7kFE:705,yt_chat,chat_message,youtube_stream:wbUy3gK7kFE,AB/sellerlive/chat_nonhost,51,False,
youtube_live:wbUy3gK7kFE:706,yt_chat,chat_message,youtube_stream:wbUy3gK7kFE,AB/sellerlive/chat_nonhost,97,False,
youtube_live:wbUy3gK7kFE:708,yt_chat,chat_message,youtube_stream:wbUy3gK7kFE,AB/sellerlive/chat_nonhost,44,False,
youtube_live:wbUy3gK7kFE:709,yt_chat,chat_message,youtube_stream:wbUy3gK7kFE,AB/sellerlive/chat_nonhost,141,False,
youtube_live:wbUy3gK7kFE:712,yt_chat,chat_message,youtube_stream:wbUy3gK7kFE,AB/sellerlive/chat_nonhost,15,False,
youtube_live:wbUy3gK7kFE:713,yt_chat,chat_message,youtube_stream:wbUy3gK7kFE,AB/sellerlive/chat_nonhost,33,False,
youtube_live:wbUy3gK7kFE:687,yt_chat,chat_message,youtube_stream:wbUy3gK7kFE,AB/sellerlive/chat_host,39,False,host/mod
youtube_live:wbUy3gK7kFE:679,yt_chat,chat_message,youtube_stream:wbUy3gK7kFE,AB/sellerlive/chat_host,177,False,host/mod
youtube_live:wbUy3gK7kFE:563,yt_chat,chat_message,youtube_stream:wbUy3gK7kFE,AB/sellerlive/chat_host,14,False,host/mod
reddit:t1_pa2yhrf,rd_broad,comment,t3_1wfp5sj,AB/sellerlive/reddit_ebaylive,290,False,
reddit:t1_p55fodr,rd_broad,comment,t3_1vub4yy,AB/sellerlive/reddit_ebaylive,82,False,
reddit:t1_omuylg3,rd_broad,comment,t3_1tikgey,AB/sellerlive/reddit_ebaylive,450,True,
reddit:t1_ocus8sv,rd_broad,comment,t3_1s5ae92,AB/sellerlive/reddit_ebaylive,450,True,
reddit:t3_1wfp5sj,rd_broad,post,,AB/sellerlive/reddit_ebaylive,86,False,
reddit:t1_p7xb529,rd_ebay,comment,t3_1w7rdjw,AB/sellerlive/reddit_ebaylive,35,False,
reddit:t3_1pttt05,rd_broad,post,,AB/sellerlive/reddit_ebaylive,450,True,
reddit:t3_1wfp5sj,rd_broad,post,,AB/sellerlive/reddit_thread,86,False,
reddit:t1_p9nysfz,rd_broad,comment,t3_1wfp5sj,AB/sellerlive/reddit_thread,18,False,
reddit:t1_p9nyzrb,rd_broad,comment,t3_1wfp5sj,AB/sellerlive/reddit_thread,27,False,
reddit:t1_p9o48gb,rd_broad,comment,t3_1wfp5sj,AB/sellerlive/reddit_thread,450,True,
reddit:t1_p9ojy91,rd_broad,comment,t3_1wfp5sj,AB/sellerlive/reddit_thread,142,False,
reddit:t1_p9p8wdy,rd_broad,comment,t3_1wfp5sj,AB/sellerlive/reddit_thread,50,False,
reddit:t3_1wfp5sj,rd_broad,post,,AB/sellerlive/reddit_thread,86,False,
reddit:t3_1pttt05,rd_broad,post,,AB/sellerlive/reddit_thread,450,True,
reddit:t1_nvjiaqt,rd_broad,comment,t3_1pttt05,AB/sellerlive/reddit_thread,258,False,
reddit:t1_nvjsgh0,rd_broad,comment,t3_1pttt05,AB/sellerlive/reddit_thread,98,False,
reddit:t1_nvjpmsu,rd_broad,comment,t3_1pttt05,AB/sellerlive/reddit_thread,248,False,
reddit:t1_nw15x3t,rd_broad,comment,t1_nvjpmsu,AB/sellerlive/reddit_thread,30,False,
reddit:t3_1ph5dqy,rd_broad,post,,AB/sellerlive/reddit_thread,450,True,
reddit:t1_nsx0p9h,rd_broad,comment,t3_1ph5dqy,AB/sellerlive/reddit_thread,254,False,
reddit:t1_nswaqk9,rd_broad,comment,t3_1ph5dqy,AB/sellerlive/reddit_thread,450,True,
reddit:t1_ntfq59k,rd_broad,comment,t3_1ph5dqy,AB/sellerlive/reddit_thread,450,True,
reddit:t1_oeowhla,rd_broad,comment,t1_ntfq59k,AB/sellerlive/reddit_thread,439,False,
reddit:t1_oeowva6,rd_broad,comment,t1_oeowhla,AB/sellerlive/reddit_thread,418,False,
reddit:t1_oeq42pn,rd_broad,comment,t1_oeowva6,AB/sellerlive/reddit_thread,208,False,
reddit:t3_1ph5dqy,rd_broad,post,,AB/sellerlive/reddit_thread,450,True,
youtube_video:AY_IdazReGg,yt_titles,video,,AB/sellerlive/yt_titles,84,False,
youtube_video:Eq1xymBqpnk,yt_titles,video,,AB/sellerlive/yt_titles,50,False,
youtube_video:EtOrAojxRqI,yt_titles,video,,AB/sellerlive/yt_titles,72,False,
youtube_video:myCuDV9-2-M,yt_titles,video,,AB/sellerlive/yt_titles,69,False,
youtube_video:9NCTcxfEHH0,yt_titles,video,,AB/sellerlive/yt_titles,77,False,
youtube_comment:UgzwwoLoDI4sB4yhSWB4AaABAg,yt_comments,comment,youtube_video:O39Eec76XZ8,AB/sellerlive/yt_comments,73,False,
youtube_comment:Ugzl1GdUFR_T410WqUh4AaABAg,yt_comments,comment,youtube_video:45pF2PzMglY,AB/sellerlive/yt_comments,134,False,
youtube_comment:UgzfGt8L5RoXYTzy7Ul4AaABAg,yt_comments,comment,youtube_video:d3uHPsnoITc,AB/sellerlive/yt_comments,271,False,
youtube_comment:UgyGNlx0lcQeAnQCj8N4AaABAg,yt_comments,comment,youtube_video:Usf5X937z-M,AB/sellerlive/yt_comments,130,False,
youtube_comment:Ugw1nYTSgj853TM5Tsx4AaABAg,yt_comments,comment,youtube_video:sAY8aGVQafI,AB/sellerlive/yt_comments,63,False,
youtube_comment:UgwqeepHgydPbQnLa6R4AaABAg,yt_comments,comment,youtube_video:sAY8aGVQafI,AB/sellerlive/yt_comments,316,False,
tiktok_video:local_9348b5b3731bd5eaed6b0cb712977061f8b92b9f3204a9fbd4ac009665b1847d,tt_direct,video,,CONTROL/tt_direct,220,True,control
tiktok_video:local_1e38c14e484975d235329ddc72994c2a11be5b84fe5aa7ac9edbe50a3a276b50,tt_direct,video,,CONTROL/tt_direct,220,False,control
tiktok_video:local_17c7be036369e6b454e1b80a270d63c2c6ea44faf65f8a9c1597922e26965ab9,tt_direct,video,,CONTROL/tt_direct,43,False,control
tiktok_video:local_9040e6857853f40a817ef7118cc9a2c814962fa26023ff210b649a4f54191708,tt_direct,video,,CONTROL/tt_direct,220,True,control
tiktok_video:local_fe0afbcf4604177204c3d11455bef9b3a9b19a5ce6acad18bf89fe1262fbf60a,tt_direct,video,,CONTROL/tt_direct,220,False,control
tiktok_video:local_9520b23f6c4cda1161c67fdc86b8d503f961445e20d7fe6b093131c9720f33cb,tt_direct,video,,CONTROL/tt_direct,220,False,control
tiktok_video:local_90b38bbbc907bd120044232c28009ac042f06d978ef9518275f497f2209e4117,tt_direct,video,,CONTROL/tt_direct,18,False,control
tiktok_video:local_6a5ff5f688a5e777aa4d471e6df8a205f5946db6809b4f2622eedb4294240dab,tt_direct,video,,CONTROL/tt_direct,108,False,control
tiktok_video:local_1e646e56c8e822d699ae090cee9dae03577fb022bdecd016ee3274887b6eedff,tt_direct,video,,CONTROL/tt_direct,220,False,control
tiktok_video:local_ff3495607d6a577ceffe6e757316de79fc8ffec66126925b3a3f88f47e50cb3e,tt_direct,video,,CONTROL/tt_direct,220,False,control
tiktok_video:local_cb4bcb28e33f43bb29e319d02a13da3e05ddb95f9f5b9e0bfb75824f1d719736,tt_direct,video,,CONTROL/tt_direct,220,False,control
tiktok_video:local_f90d8289f79a7229c457b695ec1c1dbebde36d0ef6c0a1a6e2ecd01de65b1305,tt_direct,video,,CONTROL/tt_direct,220,False,control
tiktok_video:local_d04f918b5a3ac7c58b9244fc0ffca1dee4cd2bdbd7cec3958eb72bb1bad54a0c,tt_direct,video,,CONTROL/tt_direct,32,False,control
tiktok_video:local_0ed3bb9a1c535cbfd30bf47cc12384136a82f5c64201586ad091459606b6c166,tt_direct,video,,CONTROL/tt_direct,220,True,control
tiktok_video:local_1e0184bc8d4960c56fcf0a8850afbd26d214c3fff259dc1b77808f6857279cf8,tt_direct,video,,CONTROL/tt_direct,220,True,control
tiktok_video:local_39555e39b0e2746e5ae059353028e830d8d64dfedba5c7058bc79742472bda8f,tt_comm,video,,CONTROL/tt_comm,188,False,control
tiktok_video:local_d0710bc93aa2e59fa422739145b846930aca632b7ac1ad8e82c19aff86ebdbf1,tt_comm,video,,CONTROL/tt_comm,220,True,control
tiktok_video:local_c4620d31dc539b067878b168492072178149dcbe1e4bed5b7ef9ca5c0cf1cff3,tt_comm,video,,CONTROL/tt_comm,220,False,control
tiktok_video:local_d13ecc1311a7d8b9215cd8d38b1449d8c9dadf7fcc4a144236fc130b41753d10,tt_comm,video,,CONTROL/tt_comm,220,False,control
tiktok_video:local_2fd356c0c5a828485b7b94bb9a02d74a69b4d06f77271b9f3993071776fb4081,tt_comm,video,,CONTROL/tt_comm,220,False,control
tiktok_video:local_c1ebe50647bea2f184047baffc1bb3906d56f202b47a6af7374cbf54385262c7,tt_comm,video,,CONTROL/tt_comm,220,True,control
tiktok_video:local_6d932d6f172b19e4eead33450a28af7de50cd146a2cbcb6c60d436adedced921,tt_comm,video,,CONTROL/tt_comm,220,True,control
tiktok_video:local_6767d5817bfb86b124df44207c3a223b0891be4a3ccd8704a4031148e373c292,tt_comm,video,,CONTROL/tt_comm,220,False,control
tiktok_video:local_83b3e2eb73b816e4b03f81b0dc3ac598109f2b19f10d1f9a07b3602b8066e844,tt_comm,video,,CONTROL/tt_comm,220,False,control
tiktok_video:local_941af937a48016eb62d1a560ba99adef621cd6dda7ed00009f4bbe615a834df3,tt_comm,video,,CONTROL/tt_comm,220,True,control
tiktok_video:local_884e7086d72250e622224200617690bd912e998044f76e0786b2c06296654af5,tt_comm,video,,CONTROL/tt_comm,220,True,control
tiktok_video:local_aada0e428572e0df85c0ca1cb816b4e362f4d3ad4fd4bab8b62a477e7c172fcc,tt_comm,video,,CONTROL/tt_comm,220,False,control
tiktok_video:local_d3cc183c33efec9dd95a4bfe58fa698fdec3af19c4590314e303e512982eda35,tt_comm,video,,CONTROL/tt_comm,220,True,control
tiktok_video:local_e4d3f6f924f80f1c1dcb227593570a88948937219c279700da564749f0b5dc5c,tt_comm,video,,CONTROL/tt_comm,220,False,control
tiktok_video:local_37fd2065113f30b40d24ba2ad85ace6ecdbc02572a6559e5eced10f36cc2606b,tt_comm,video,,CONTROL/tt_comm,216,False,control
tiktok_comment:7359520816591143688,tt_comments,comment,https://www.tiktok.com/@mybloodygalentine/video/7359335744634244395,CONTROL/tt_comments,31,False,control
tiktok_comment:7657822706872402710,tt_comments,comment,https://www.tiktok.com/@crt_craig/video/7657608824462806285,CONTROL/tt_comments,23,False,control
tiktok_comment:7688928972122850061,tt_comments,comment,https://www.tiktok.com/@ryanvanskiver/video/7688771729476357390,CONTROL/tt_comments,83,False,control
tiktok_comment:7689021113884164894,tt_comments,comment,https://www.tiktok.com/@ryanvanskiver/video/7688771729476357390,CONTROL/tt_comments,33,False,control
tiktok_comment:7679559883712480017,tt_comments,comment,https://www.tiktok.com/@ryrotech/video/7679489816156835086,CONTROL/tt_comments,45,False,control
tiktok_comment:7602284316995633951,tt_comments,comment,https://www.tiktok.com/@viiotela/video/7600910298492488974,CONTROL/tt_comments,124,False,control
tiktok_comment:7601109368860541729,tt_comments,comment,https://www.tiktok.com/@viiotela/video/7600910298492488974,CONTROL/tt_comments,42,False,control
tiktok_comment:7601103717929632544,tt_comments,comment,https://www.tiktok.com/@viiotela/video/7600910298492488974,CONTROL/tt_comments,33,False,control
tiktok_comment:7268030322888983339,tt_comments,comment,https://www.tiktok.com/@msdollhouse/video/7264643440233975086,CONTROL/tt_comments,93,False,control
tiktok_comment:7459424958164501294,tt_comments,comment,https://www.tiktok.com/@justanotherrach/video/7459170197954415914,CONTROL/tt_comments,186,False,control
reddit:t1_nlix0br,rd_broad,comment,t1_nliuos5,CONTROL/rd_broad,53,False,control
reddit:t1_o28y181,rd_broad,comment,t1_o28e30q,CONTROL/rd_broad,84,False,control
reddit:t1_ojlux8f,rd_broad,comment,t1_ojlun8o,CONTROL/rd_broad,76,False,control
reddit:t1_ojm1v89,rd_broad,comment,t3_1t27qqd,CONTROL/rd_broad,23,False,control
reddit:t1_p565sst,rd_broad,comment,t3_1vv3zic,CONTROL/rd_broad,17,False,control
reddit:t1_nn5owqo,rd_broad,comment,t1_nn4ikiz,CONTROL/rd_broad,91,False,control
reddit:t1_ojrs53h,rd_broad,comment,t3_1t30nvb,CONTROL/rd_broad,28,False,control
reddit:t1_p8unjvo,rd_broad,comment,t3_1wbxa7t,CONTROL/rd_broad,79,False,control
reddit:t1_olcdqub,rd_broad,comment,t3_1tax3db,CONTROL/rd_broad,77,False,control
reddit:t1_olcg7uy,rd_broad,comment,t1_olce6ca,CONTROL/rd_broad,121,False,control
reddit:t1_oiwbiqm,rd_broad,comment,t3_1syri50,CONTROL/rd_broad,19,False,control
reddit:t1_oxdjn0q,rd_broad,comment,t1_oxdfqgi,CONTROL/rd_broad,47,False,control
reddit:t1_omrbfs6,rd_broad,comment,t1_ompau4r,CONTROL/rd_broad,49,False,control
reddit:t1_ompawxs,rd_broad,comment,t1_ompau4r,CONTROL/rd_broad,29,False,control
reddit:t1_o1a299g,rd_broad,comment,t3_1qkscsr,CONTROL/rd_broad,104,False,control
reddit:t1_o0yzrxf,rd_broad,comment,t1_o0xpzor,CONTROL/rd_broad,66,False,control
reddit:t1_nj25jb9,rd_broad,comment,t1_niygv5p,CONTROL/rd_broad,64,False,control
reddit:t1_nqedyn8,rd_broad,comment,t1_npwrf9s,CONTROL/rd_broad,37,False,control
reddit:t1_o72pygn,rd_broad,comment,t3_1rc9q7m,CONTROL/rd_broad,79,False,control
reddit:t1_o70jto1,rd_broad,comment,t1_o70i3uy,CONTROL/rd_broad,220,True,control
reddit:t1_nuj0emr,rd_ebay,comment,t3_1potn2c,CONTROL/rd_ebay,48,False,control
reddit:t1_p8p1wc4,rd_ebay,comment,t3_1wb6qei,CONTROL/rd_ebay,108,False,control
reddit:t1_p7xk18v,rd_ebay,comment,t1_p7xjcnp,CONTROL/rd_ebay,16,False,control
reddit:t1_nv3nern,rd_ebay,comment,t3_1prnhy5,CONTROL/rd_ebay,220,True,control
reddit:t3_1v31kwz,rd_ebay,post,,CONTROL/rd_ebay,220,True,control
reddit:t1_ocmg0aj,rd_ebay,comment,t3_1s4efdb,CONTROL/rd_ebay,80,False,control
reddit:t1_ocmuwjt,rd_ebay,comment,t1_ocmqm5e,CONTROL/rd_ebay,220,True,control
reddit:t1_ocetjyi,rd_ebay,comment,t3_1s3e08r,CONTROL/rd_ebay,129,False,control
reddit:t1_otuh0tx,rd_ebay,comment,t3_1ufsqqo,CONTROL/rd_ebay,45,False,control
reddit:t1_niuungm,rd_ebay,comment,t1_niulkt3,CONTROL/rd_ebay,37,False,control
youtube_video:e7MRIWot-J0,yt_titles,video,,CONTROL/yt_titles,67,False,control
youtube_video:NMFJJFM6_4Y,yt_titles,video,,CONTROL/yt_titles,49,False,control
youtube_video:JccTV_0L81Q,yt_titles,video,,CONTROL/yt_titles,77,False,control
youtube_video:xTigixXmBMQ,yt_titles,video,,CONTROL/yt_titles,53,False,control
youtube_video:3oQpTZeQ7q8,yt_titles,video,,CONTROL/yt_titles,61,False,control
youtube_video:M45b0et6kjw,yt_titles,video,,CONTROL/yt_titles,64,False,control
youtube_video:zzZ1ZFrrlT0,yt_titles,video,,CONTROL/yt_titles,53,False,control
youtube_video:Cv88jztlRkc,yt_titles,video,,CONTROL/yt_titles,49,False,control
youtube_comment:UgzczTNDc8R_uIp0V4l4AaABAg,yt_comments,comment,youtube_video:j5tjK4FgJ9I,CONTROL/yt_comments,137,False,control
youtube_comment:UgyCussFcjGzu1InWNt4AaABAg,yt_comments,comment,youtube_video:bMhErNF_kWA,CONTROL/yt_comments,85,False,control
youtube_comment:UgxiwC5aeaTxTHXfZ7V4AaABAg,yt_comments,comment,youtube_video:K-UprHycfd4,CONTROL/yt_comments,220,True,control
youtube_comment:UgyyMC3GMfeo6jmeNlV4AaABAg,yt_comments,comment,youtube_video:cbk41TqNJek,CONTROL/yt_comments,170,False,control
youtube_comment:Ugx2mU2O7uUDFCLcMTV4AaABAg,yt_comments,comment,youtube_video:NMFJJFM6_4Y,CONTROL/yt_comments,45,False,control
youtube_comment:UgzjcawafWH6d2_BW4B4AaABAg,yt_comments,comment,youtube_video:DutZn3jQE98,CONTROL/yt_comments,220,True,control
youtube_comment:UgzEtlNo5-VDwqDCg_N4AaABAg,yt_comments,comment,youtube_video:2AVFe3dlgws,CONTROL/yt_comments,45,False,control
youtube_comment:UgyWxmIYqTZmJGT5LpJ4AaABAg,yt_comments,comment,youtube_video:68QL21uKbEo,CONTROL/yt_comments,50,False,control
youtube_comment:UgzmqAtkGsVo1DeqkS94AaABAg,yt_comments,comment,youtube_video:qZoCrrBtwNc,CONTROL/yt_comments,110,False,control
youtube_comment:Ugxf7Zn0zoxaULAGwCZ4AaABAg,yt_comments,comment,youtube_video:3oQpTZeQ7q8,CONTROL/yt_comments,35,False,control
youtube_comment:UgxUOfkniHIUsrqxZOV4AaABAg,yt_comments,comment,youtube_video:DjsWZaPwMQs,CONTROL/yt_comments,47,False,control
youtube_comment:UgwqxuoTBda6VGG1cV94AaABAg,yt_comments,comment,youtube_video:ixnYJWuIsbc,CONTROL/yt_comments,77,False,control
youtube_live:GKYH-awLpo0:167,yt_chat,chat_message,youtube_stream:GKYH-awLpo0,CONTROL/yt_chat,74,False,control
youtube_live:F13yNlNDTvY:344,yt_chat,chat_message,youtube_stream:F13yNlNDTvY,CONTROL/yt_chat,5,False,control
youtube_live:wbUy3gK7kFE:550,yt_chat,chat_message,youtube_stream:wbUy3gK7kFE,CONTROL/yt_chat,14,False,control
youtube_live:wbUy3gK7kFE:568,yt_chat,chat_message,youtube_stream:wbUy3gK7kFE,CONTROL/yt_chat,76,False,control
youtube_live:wbUy3gK7kFE:713,yt_chat,chat_message,youtube_stream:wbUy3gK7kFE,CONTROL/yt_chat,33,False,control
youtube_live:wbUy3gK7kFE:716,yt_chat,chat_message,youtube_stream:wbUy3gK7kFE,CONTROL/yt_chat,81,False,control
youtube_live:77jAv66lLio:963,yt_chat,chat_message,youtube_stream:77jAv66lLio,CONTROL/yt_chat,14,False,control
youtube_live:RHonjdvsRRY:1124,yt_chat,chat_message,youtube_stream:RHonjdvsRRY,CONTROL/yt_chat,4,False,control
youtube_live:RHonjdvsRRY:1135,yt_chat,chat_message,youtube_stream:RHonjdvsRRY,CONTROL/yt_chat,6,False,control
youtube_live:RHonjdvsRRY:1139,yt_chat,chat_message,youtube_stream:RHonjdvsRRY,CONTROL/yt_chat,6,False,control
